1.7861856e-14,0.0
2.888381e-14,0.0
9.397894e-16,0.0
8.323518e-08,0.0
0.011110544,0.0
1.6335761e-07,0.0
2.5608333e-07,0.0
1.480112e-07,0.0
0.0004969239,0.0
6.415342e-11,0.0
6.994385e-07,0.0
1.308012e-16,0.0
2.5050566e-09,0.0
6.272685e-15,0.0
3.8655962e-05,0.0
2.1375256e-12,0.0
9.366624e-10,0.0
2.6966935e-13,0.0
0.000649631,0.0
9.621455e-05,0.0
2.1426732e-08,0.0
2.1807246e-06,0.0
0.06464437,0.0
1.4702023e-09,0.0
2.270049e-11,0.0
0.00012877584,0.0
1.6382212e-10,0.0
7.246716e-16,0.0
1.5404487e-11,0.0
3.6943948e-10,0.0
1.9204082e-16,0.0
3.6840228e-10,0.0
2.6390692e-08,0.0
5.622898e-14,0.0
1.1363694e-05,0.0
9.907687e-06,0.0
1.357513e-19,0.0
1.5787371e-07,0.0
4.133624e-05,0.0
6.855488e-10,0.0
1.3421376e-08,0.0
8.3723654e-20,0.0
9.176466e-08,0.0
8.8136466e-07,0.0
1.0908395e-09,0.0
3.3050117e-08,0.0
4.7509933e-05,0.0
1.1332151e-08,0.0
1.8992656e-09,0.0
0.00020182133,0.0
1.6065204e-13,0.0
1.807009e-11,0.0
4.954287e-09,0.0
1.1100336e-09,0.0
1.7118119e-14,0.0
1.3556363e-09,0.0
4.8814876e-21,0.0
8.05081e-09,0.0
0.005058676,0.0
1.2465742e-09,0.0
2.8065881e-14,0.0
1.4579815e-10,0.0
0.99232066,1.0
0.9107868,1.0
0.98033595,1.0
0.47730127,1.0
0.83886075,1.0
0.9170891,1.0
0.7857245,1.0
0.9270927,1.0
0.927572,1.0
0.5134847,1.0
0.9841447,1.0
2.3911775e-06,0.0
1.41233e-07,0.0
1.0210123e-10,0.0
2.9547783e-15,0.0
8.8629383e-07,0.0
3.2174107e-08,0.0
2.4863931e-08,0.0
2.6023279e-06,0.0
1.3829318e-05,0.0
1.9218503e-14,0.0
2.099857e-05,0.0
0.0030459762,0.0
1.1624833e-15,0.0
6.3631197e-12,0.0
1.5298061e-10,0.0
2.341761e-10,0.0
4.844931e-10,0.0
1.0107382e-06,0.0
1.6746054e-07,0.0
6.1746664e-07,0.0
8.812688e-07,0.0
2.8046156e-07,0.0
2.1275118e-06,0.0
1.9277036e-07,0.0
9.406546e-05,0.0
3.7294705e-09,0.0
1.3484741e-10,0.0
9.449875e-07,0.0
1.8309664e-06,0.0
4.9755395e-12,0.0
1.3320226e-09,0.0
5.1573823e-10,0.0
3.706319e-08,0.0
1.0436835e-09,0.0
2.9032501e-10,0.0
4.952731e-08,0.0
1.2230422e-08,0.0
1.11763185e-07,0.0
3.0118574e-06,0.0
1.3348992e-07,0.0
6.3810294e-06,0.0
2.139442e-05,0.0
2.1880876e-05,0.0
7.533326e-15,0.0
1.09062015e-07,0.0
0.0036932826,0.0
0.00018447638,0.0
2.5998335e-07,0.0
6.465809e-10,0.0
1.8091285e-07,0.0
4.4115893e-09,0.0
5.1038525e-05,0.0
7.78374e-10,0.0
9.212259e-06,0.0
3.3357256e-07,0.0
3.7282064e-08,0.0
4.575554e-10,0.0
1.2712304e-06,0.0
1.643998e-08,0.0
5.944079e-07,0.0
4.5119714e-07,0.0
5.189626e-06,0.0
7.6955076e-10,0.0
1.7627058e-07,0.0
1.6612074e-09,0.0
1.323706e-06,0.0
1.7457612e-06,0.0
3.776247e-13,0.0
1.9007795e-10,0.0
7.0130124e-11,0.0
8.486822e-13,0.0
1.77079e-05,0.0
2.590843e-06,0.0
6.532785e-05,0.0
1.7713579e-12,0.0
2.6900207e-09,0.0
2.3034699e-09,0.0
5.7517296e-05,0.0
4.223387e-06,0.0
0.0021475852,0.0
4.4420386e-08,0.0
0.000731796,0.0
9.790465e-10,0.0
4.820061e-07,0.0
0.9959959,1.0
0.8971323,1.0
0.9963591,1.0
0.983656,1.0
0.99624056,1.0
0.5921706,1.0
0.9470459,1.0
0.99545205,1.0
0.93145084,1.0
0.99193835,1.0
0.9967181,1.0
0.9806529,1.0
0.00016331673,0.0
4.915458e-10,0.0
8.6731756e-14,0.0
2.9398652e-05,0.0
0.0020477474,0.0
1.0923585e-07,0.0
5.15712e-07,0.0
0.44152784,0.0
0.028126985,0.0
1.9300523e-11,0.0
1.9567011e-13,0.0
2.311133e-06,0.0
0.0018666387,0.0
0.01672548,0.0
0.004665762,0.0
4.9610866e-05,0.0
6.249329e-05,0.0
2.7675636e-11,0.0
0.00022289157,0.0
1.0718175e-06,0.0
0.00053068995,0.0
8.181063e-11,0.0
1.6104007e-10,0.0
0.00021380186,0.0
1.8805045e-08,0.0
1.5175495e-08,0.0
0.00024032593,0.0
0.00024452806,0.0
1.8050923e-05,0.0
0.0014275908,0.0
7.3967676e-08,0.0
2.1180191e-10,0.0
0.0007663369,0.0
3.8377964e-11,0.0
5.3937816e-07,0.0
7.283563e-08,0.0
0.016533256,0.0
3.0056353e-05,0.0
1.03174407e-10,0.0
6.0914204e-05,0.0
0.014565319,0.0
0.00012287394,0.0
5.183717e-07,0.0
1.7493335e-07,0.0
0.0016193688,0.0
1.1264335e-08,0.0
5.499818e-07,0.0
1.1094749e-05,0.0
6.8174165e-07,0.0
2.7663032e-14,0.0
5.483541e-05,0.0
1.9039845e-07,0.0
0.0020890236,0.0
1.1001686e-10,0.0
0.00060138106,0.0
0.0012488365,0.0
0.00044184923,0.0
1.3149776e-10,0.0
4.4795827e-13,0.0
2.4589812e-07,0.0
0.007878721,0.0
5.6276868e-09,0.0
2.741173e-07,0.0
6.450693e-05,0.0
0.000326097,0.0
0.00013712049,0.0
7.631672e-05,0.0
8.5869435e-13,0.0
4.546223e-07,0.0
6.3521575e-12,0.0
8.8408386e-05,0.0
0.00029814243,0.0
4.031269e-11,0.0
0.9945695,1.0
0.9843204,1.0
0.9897611,1.0
0.977389,1.0
0.9966228,1.0
0.99218774,1.0
0.96971774,1.0
0.9995927,1.0
0.9884726,1.0
0.99985623,1.0
0.9510204,1.0
0.9733324,1.0
0.99729216,1.0
0.65396065,1.0
1.7834245e-05,0.0
1.3301185e-07,0.0
2.396397e-11,0.0
5.023972e-07,0.0
1.872547e-09,0.0
8.7035224e-13,0.0
0.0007378757,0.0
0.0006047189,0.0
1.206572e-13,0.0
0.0006529987,0.0
6.836241e-10,0.0
1.19134045e-08,0.0
4.729134e-10,0.0
5.8932694e-12,0.0
0.009182394,0.0
1.3238037e-09,0.0
6.071706e-07,0.0
8.920125e-05,0.0
1.3280333e-11,0.0
2.7357055e-08,0.0
2.2064687e-11,0.0
2.4214089e-08,0.0
5.325771e-12,0.0
8.138293e-15,0.0
9.736367e-10,0.0
0.00036677718,0.0
4.7197696e-07,0.0
4.4050544e-06,0.0
1.2380708e-15,0.0
6.083867e-07,0.0
1.1958167e-22,0.0
5.1693233e-12,0.0
1.1819556e-06,0.0
9.438446e-05,0.0
2.9830317e-06,0.0
6.9763295e-17,0.0
2.3454736e-06,0.0
6.1516016e-13,0.0
1.7327934e-10,0.0
8.042527e-06,0.0
3.2253802e-06,0.0
5.334434e-06,0.0
1.6185373e-07,0.0
1.6194821e-09,0.0
0.00011124538,0.0
6.5169166e-07,0.0
2.0809292e-08,0.0
2.798285e-06,0.0
9.6410215e-12,0.0
1.6454817e-12,0.0
2.8814075e-06,0.0
1.5999668e-06,0.0
1.3454506e-17,0.0
8.748527e-09,0.0
8.709889e-06,0.0
0.0125876665,0.0
1.1488286e-18,0.0
1.6723147e-17,0.0
6.676368e-07,0.0
2.503175e-07,0.0
8.4956655e-09,0.0
1.6251848e-13,0.0
6.056237e-05,0.0
0.99088955,1.0
0.5561707,1.0
0.9984664,1.0
0.9925883,1.0
0.99783146,1.0
0.9926308,1.0
0.99365747,1.0
0.85173607,1.0
0.9981909,1.0
0.99865365,1.0
0.991084,1.0
0.99782914,1.0
2.3726534e-13,0.0
2.2270451e-07,0.0
9.348351e-13,0.0
8.827564e-08,0.0
2.1450735e-08,0.0
1.3828942e-06,0.0
2.4973058e-19,0.0
4.1261484e-07,0.0
3.3067597e-11,0.0
3.3531e-10,0.0
5.129685e-11,0.0
1.8349426e-16,0.0
4.5600137e-07,0.0
1.1837272e-05,0.0
1.1578052e-06,0.0
4.980817e-05,0.0
1.04249956e-13,0.0
0.00019872189,0.0
4.0146974e-06,0.0
1.7052343e-12,0.0
2.739069e-11,0.0
4.07411e-10,0.0
1.2122123e-05,0.0
5.063728e-07,0.0
1.2483617e-08,0.0
4.2219923e-16,0.0
3.0364086e-12,0.0
6.811379e-07,0.0
1.3452836e-10,0.0
8.3283034e-05,0.0
5.371477e-11,0.0
5.549068e-07,0.0
5.7436894e-12,0.0
0.00042036176,0.0
7.175087e-16,0.0
1.3382297e-11,0.0
1.2023726e-09,0.0
1.4423354e-09,0.0
8.132069e-08,0.0
1.5658447e-11,0.0
0.9322722,1.0
0.9371692,1.0
0.9367253,1.0
0.8906857,1.0
0.98527646,1.0
0.978758,1.0
0.97200644,1.0
0.9891768,1.0
0.9865923,1.0
0.9966371,1.0
0.9994445,1.0
0.97821164,1.0
1.9744964e-07,0.0
9.195954e-07,0.0
2.1605803e-10,0.0
1.5679283e-14,0.0
2.4411711e-17,0.0
3.5849744e-06,0.0
7.752056e-08,0.0
6.578591e-13,0.0
6.6314186e-08,0.0
7.440083e-07,0.0
1.589421e-14,0.0
5.0872362e-17,0.0
3.5256005e-13,0.0
3.311252e-08,0.0
5.5471686e-05,0.0
0.0022990108,0.0
4.80754e-06,0.0
5.621307e-06,0.0
6.135926e-08,0.0
4.1708912e-14,0.0
6.5815188e-12,0.0
4.7754014e-12,0.0
8.8051445e-07,0.0
3.4328874e-16,0.0
7.6843914e-17,0.0
1.3052297e-10,0.0
2.2003812e-09,0.0
1.0096782e-12,0.0
2.063751e-08,0.0
0.0014178157,0.0
2.7805203e-08,0.0
0.12872547,0.0
0.00015416741,0.0
0.00815323,0.0
0.006653279,0.0
0.56573826,0.0
0.004946083,0.0
0.0011784732,0.0
6.0580394e-05,0.0
0.07230845,0.0
0.0009292662,0.0
0.0053498745,0.0
0.00010876885,0.0
3.6904145e-05,0.0
0.00089240074,0.0
0.00025632977,0.0
0.00013950467,0.0
0.0003157258,0.0
7.315339e-05,0.0
0.004244864,0.0
4.7038625e-07,0.0
0.0014737546,0.0
0.0005172789,0.0
0.0576092,0.0
4.1265125e-06,0.0
1.5792475e-09,0.0
2.5399127e-06,0.0
1.4717902e-09,0.0
4.3824377e-07,0.0
0.08565539,0.0
0.0046054423,0.0
2.927065e-06,0.0
0.0022786856,0.0
1.8705222e-06,0.0
3.8211056e-06,0.0
0.00022688508,0.0
0.00031512976,0.0
0.00061279535,0.0
4.676437e-06,0.0
2.392387e-15,0.0
4.3588642e-08,0.0
3.6718117e-07,0.0
4.9783004e-05,0.0
0.0009837747,0.0
0.0003579259,0.0
0.11152443,0.0
0.17521247,0.0
0.01910919,0.0
0.031949878,0.0
0.019239247,0.0
2.422014e-08,0.0
2.3622209e-07,0.0
0.00013193488,0.0
6.636502e-07,0.0
1.1647484e-09,0.0
0.004293114,0.0
0.00085118413,0.0
5.1503735e-10,0.0
0.0020693839,0.0
9.058941e-08,0.0
4.2462776e-08,0.0
3.8542692e-07,0.0
4.1066923e-07,0.0
3.7242855e-05,0.0
1.9543868e-11,0.0
4.323719e-06,0.0
3.9256846e-18,0.0
0.00013387203,0.0
3.114292e-07,0.0
4.6253626e-12,0.0
0.0012288988,0.0
0.00011314152,0.0
6.4635635e-05,0.0
7.6636024e-05,0.0
4.5211584e-11,0.0
8.58645e-06,0.0
4.4159865e-06,0.0
1.9238766e-12,0.0
9.2048955e-05,0.0
0.94079995,1.0
0.9970744,1.0
0.99905396,1.0
0.99947023,1.0
0.9966461,1.0
0.9971974,1.0
0.9922372,1.0
0.99792576,1.0
0.99650717,1.0
0.99901986,1.0
0.98635095,1.0
0.5068786,1.0
0.9948966,1.0
7.9690636e-08,0.0
5.1110643e-17,0.0
3.9922917e-05,0.0
0.025578886,0.0
2.821992e-19,0.0
1.2614464e-07,0.0
6.717811e-11,0.0
6.887568e-15,0.0
1.1493633e-18,0.0
2.9350329e-05,0.0
3.3693215e-09,0.0
6.8491136e-07,0.0
3.1781228e-10,0.0
1.5928776e-05,0.0
2.578945e-05,0.0
6.68727e-11,0.0
1.3244654e-07,0.0
1.414121e-11,0.0
1.3264746e-10,0.0
3.551692e-14,0.0
5.9955687e-07,0.0
2.4690655e-10,0.0
1.6827595e-08,0.0
0.0009328723,0.0
2.1405755e-10,0.0
1.9947162e-12,0.0
1.1910417e-06,0.0
1.3224417e-06,0.0
0.0022671819,0.0
1.7076927e-07,0.0
7.9800677e-10,0.0
6.1515586e-08,0.0
2.8241239e-08,0.0
0.00041937828,0.0
8.096524e-05,0.0
5.3399146e-10,0.0
9.371701e-06,0.0
1.37358605e-11,0.0
1.7214335e-08,0.0
3.8727925e-14,0.0
2.928335e-08,0.0
9.038889e-11,0.0
2.4052915e-06,0.0
4.491974e-12,0.0
2.2326838e-06,0.0
9.737975e-08,0.0
2.0718848e-05,0.0
3.3304303e-05,0.0
3.2803538e-09,0.0
3.0123243e-05,0.0
2.0136721e-07,0.0
2.3958784e-09,0.0
2.6496143e-09,0.0
4.2292745e-14,0.0
3.337608e-06,0.0
0.00051784515,0.0
5.569259e-08,0.0
2.3976533e-08,0.0
8.657285e-12,0.0
4.5336412e-07,0.0
1.5675324e-08,0.0
3.769361e-07,0.0
0.0035743713,0.0
5.91292e-11,0.0
4.2486243e-13,0.0
1.3182242e-05,0.0
7.786955e-06,0.0
5.888643e-11,0.0
9.155801e-08,0.0
0.008692443,0.0
2.0661338e-08,0.0
2.116506e-07,0.0
8.501842e-07,0.0
0.0003196895,0.0
3.5909642e-07,0.0
1.3154931e-08,0.0
1.7113859e-12,0.0
8.916795e-06,0.0
2.1463042e-09,0.0
0.00026014447,0.0
1.197729e-06,0.0
1.0368353e-07,0.0
2.5682854e-07,0.0
1.5784737e-07,0.0
8.228378e-09,0.0
4.3138705e-08,0.0
5.109967e-08,0.0
2.7978116e-05,0.0
3.3306902e-09,0.0
2.9390996e-09,0.0
1.0430963e-13,0.0
8.300039e-12,0.0
2.53159e-07,0.0
0.0001821518,0.0
1.8680673e-08,0.0
1.0812534e-08,0.0
7.987404e-11,0.0
3.636728e-11,0.0
4.1423625e-08,0.0
7.414053e-07,0.0
4.34894e-12,0.0
2.4074166e-06,0.0
3.2129265e-07,0.0
1.7398738e-14,0.0
7.105533e-09,0.0
4.4843556e-08,0.0
3.4493634e-15,0.0
1.1378633e-19,0.0
2.0431115e-11,0.0
1.9442823e-06,0.0
2.3860746e-08,0.0
6.516923e-05,0.0
8.235998e-06,0.0
5.546605e-08,0.0
4.0988473e-07,0.0
1.5944632e-12,0.0
1.7070843e-10,0.0
7.626673e-09,0.0
3.7093335e-11,0.0
5.566044e-07,0.0
0.9837288,1.0
0.865428,1.0
0.99624616,1.0
0.96330047,1.0
0.9985304,1.0
0.997469,1.0
0.9976462,1.0
0.9932779,1.0
0.94562113,1.0
0.66670185,1.0
0.23154944,1.0
0.8223299,1.0
0.9912281,1.0
0.94200385,1.0
1.3518965e-14,0.0
2.0478299e-17,0.0
4.8442133e-05,0.0
8.308283e-10,0.0
2.1894566e-11,0.0
3.8602397e-05,0.0
4.325644e-12,0.0
3.0284282e-11,0.0
1.4391561e-05,0.0
7.6199225e-10,0.0
2.0449994e-10,0.0
5.5460167e-14,0.0
9.907998e-08,0.0
6.4688693e-06,0.0
4.0924537e-05,0.0
0.0001706481,0.0
0.00018697977,0.0
1.485237e-06,0.0
7.335987e-06,0.0
0.0016273558,0.0
0.0008224845,0.0
4.1565025e-17,0.0
2.1688538e-05,0.0
0.035470396,0.0
0.00027275085,0.0
2.5578142e-05,0.0
5.7259927e-06,0.0
1.4688148e-09,0.0
1.885215e-09,0.0
0.0008777976,0.0
4.02022e-07,0.0
0.00018951297,0.0
0.0014615655,0.0
6.780704e-05,0.0
1.9067944e-12,0.0
3.576946e-15,0.0
5.928383e-10,0.0
1.8703997e-11,0.0
2.2518996e-06,0.0
2.3619461e-05,0.0
4.4589993e-19,0.0
2.0021693e-07,0.0
2.0581585e-05,0.0
7.5911416e-10,0.0
7.5810525e-11,0.0
1.0122121e-08,0.0
0.00056523085,0.0
1.1352624e-05,0.0
2.514939e-08,0.0
1.0743822e-17,0.0
4.8936948e-23,0.0
1.995527e-06,0.0
6.2014725e-12,0.0
4.0833386e-09,0.0
3.903799e-07,0.0
1.3621566e-14,0.0
9.1819e-14,0.0
7.0007174e-11,0.0
8.5357585e-15,0.0
0.000109085064,0.0
0.000503391,0.0
5.2313976e-11,0.0
5.7680547e-05,0.0
1.4618113e-16,0.0
0.8435399,1.0
0.99915266,1.0
0.9899722,1.0
0.98944813,1.0
0.9885124,1.0
0.9978019,1.0
0.9657581,1.0
0.95947605,1.0
0.98627245,1.0
0.9812314,1.0
0.9658358,1.0
0.9823637,1.0
0.047659338,0.0
0.00034862757,0.0
4.360033e-06,0.0
0.00011723416,0.0
0.002382934,0.0
0.001657635,0.0
0.00020951033,0.0
0.011446685,0.0
0.010394126,0.0
0.023102999,0.0
0.05407685,0.0
0.02281782,0.0
0.00014132261,0.0
0.018556923,0.0
0.00016915798,0.0
0.00010584034,0.0
1.038073e-09,0.0
2.163597e-08,0.0
0.0001244247,0.0
0.0060687065,0.0
6.680571e-09,0.0
4.374322e-08,0.0
7.277957e-07,0.0
7.5582743e-06,0.0
8.667107e-10,0.0
2.8426133e-05,0.0
0.0004377365,0.0
0.005411625,0.0
1.3994514e-08,0.0
2.428451e-06,0.0
0.05087039,0.0
3.5797418e-09,0.0
0.073676586,0.0
2.4262159e-05,0.0
1.619158e-05,0.0
1.0457186e-06,0.0
9.2312375e-06,0.0
0.9484887,1.0
0.9863746,1.0
0.96947306,1.0
0.96897316,1.0
0.98496604,1.0
0.9797393,1.0
0.98536277,1.0
0.99472994,1.0
0.9554318,1.0
0.9904296,1.0
0.9664323,1.0
0.9900449,1.0
9.806674e-09,0.0
2.4805242e-08,0.0
0.001470685,0.0
0.0017279983,0.0
1.233695e-05,0.0
9.2471936e-10,0.0
1.2226779e-05,0.0
2.467513e-09,0.0
2.1622593e-09,0.0
1.3696398e-07,0.0
3.9941653e-05,0.0
5.8440797e-10,0.0
1.4444091e-08,0.0
0.00053942204,0.0
6.0499037e-09,0.0
1.3798392e-06,0.0
2.2916978e-10,0.0
3.179032e-10,0.0
3.5315623e-10,0.0
1.2685794e-06,0.0
3.701768e-05,0.0
9.980657e-07,0.0
9.454922e-13,0.0
3.187193e-13,0.0
4.877001e-10,0.0
2.0487058e-05,0.0
3.7445023e-13,0.0
0.0001283288,0.0
1.5572652e-13,0.0
9.977016e-10,0.0
0.00012773275,0.0
0.00033572316,0.0
5.882778e-07,0.0
4.6969908e-05,0.0
6.8965153e-07,0.0
1.2582216e-09,0.0
0.0005340278,0.0
0.026576966,0.0
0.01401487,0.0
3.6247064e-11,0.0
1.30454855e-05,0.0
0.0021517277,0.0
5.54426e-05,0.0
0.0058362186,0.0
8.967175e-12,0.0
0.003185004,0.0
5.1384723e-06,0.0
6.707464e-06,0.0
3.5468678e-05,0.0
1.3527725e-08,0.0
1.451796e-10,0.0
4.54915e-11,0.0
3.407537e-05,0.0
5.9210324e-06,0.0
8.607344e-07,0.0
7.536023e-07,0.0
2.8533581e-05,0.0
4.1020087e-10,0.0
3.7839226e-07,0.0
0.00069740415,0.0
2.161644e-06,0.0
4.824492e-08,0.0
8.421608e-14,0.0
3.8306242e-10,0.0
2.3297577e-11,0.0
6.830569e-07,0.0
3.5854082e-08,0.0
0.0018550158,0.0
5.134284e-06,0.0
7.161768e-09,0.0
1.0651711e-05,0.0
1.0069614e-05,0.0
1.476174e-08,0.0
2.9623175e-11,0.0
9.5867855e-11,0.0
4.2241522e-06,0.0
0.00041276217,0.0
3.4172e-06,0.0
1.8133483e-07,0.0
3.840321e-08,0.0
0.0010319352,0.0
1.4415091e-05,0.0
5.3864e-07,0.0
7.987961e-05,0.0
0.0034246147,0.0
2.2514657e-06,0.0
1.1252551e-07,0.0
3.0093603e-13,0.0
2.2411002e-11,0.0
6.670154e-17,0.0
8.0161267e-11,0.0
0.00015950203,0.0
2.279172e-08,0.0
2.8796862e-07,0.0
7.424832e-10,0.0
3.122571e-11,0.0
6.411094e-12,0.0
8.3452153e-16,0.0
8.9314195e-11,0.0
1.6895068e-08,0.0
5.720438e-11,0.0
2.4653022e-09,0.0
4.3626694e-10,0.0
6.523036e-05,0.0
5.931327e-05,0.0
2.2741293e-09,0.0
5.2806385e-08,0.0
2.167486e-06,0.0
0.00024867058,0.0
1.1534864e-09,0.0
3.904053e-14,0.0
2.4281913e-10,0.0
6.824336e-13,0.0
6.307681e-06,0.0
7.882905e-09,0.0
1.7666311e-08,0.0
8.614752e-05,0.0
0.0026786327,0.0
8.683616e-11,0.0
5.2869263e-12,0.0
0.006513834,0.0
0.0004607439,0.0
0.0033060014,0.0
0.02123031,0.0
7.306401e-05,0.0
0.0023373961,0.0
0.056440502,0.0
2.7808346e-07,0.0
8.113297e-05,0.0
0.9784347,1.0
0.98472184,1.0
0.975554,1.0
0.99591374,1.0
0.98567677,1.0
0.9902551,1.0
0.977147,1.0
0.98863125,1.0
0.9830548,1.0
0.9825427,1.0
0.9900011,1.0
0.95216453,1.0
1.5437152e-07,0.0
1.9506091e-05,0.0
0.010062277,0.0
0.0072829723,0.0
2.1689414e-10,0.0
1.6171194e-07,0.0
0.00016352534,0.0
2.816444e-05,0.0
5.142671e-07,0.0
0.005226344,0.0
5.806479e-07,0.0
1.3078422e-05,0.0
0.009285361,0.0
2.5050886e-10,0.0
1.3789442e-14,0.0
1.485198e-07,0.0
0.010735333,0.0
1.51384265e-05,0.0
8.88177e-06,0.0
0.00043848157,0.0
1.310812e-08,0.0
0.0031897426,0.0
8.643827e-05,0.0
3.6800043e-07,0.0
4.2811064e-07,0.0
0.00039315224,0.0
6.7477933e-12,0.0
0.0019019842,0.0
1.2116401e-05,0.0
6.419431e-05,0.0
3.402909e-05,0.0
2.7747336e-07,0.0
9.70434e-08,0.0
8.0995925e-08,0.0
0.001606524,0.0
4.974103e-06,0.0
0.0006033778,0.0
0.0012916625,0.0
1.4676143e-06,0.0
3.6864378e-06,0.0
2.6612583e-09,0.0
5.250959e-08,0.0
1.1884485e-07,0.0
5.2354483e-08,0.0
6.6222274e-05,0.0
1.4570378e-08,0.0
2.0395825e-16,0.0
1.8729328e-07,0.0
0.00068840384,0.0
2.3166526e-09,0.0
0.0069526434,0.0
5.762919e-07,0.0
1.3764679e-06,0.0
4.4498527e-10,0.0
1.3771559e-08,0.0
1.707771e-05,0.0
1.079734e-09,0.0
8.32163e-06,0.0
2.9342768e-09,0.0
3.5687067e-06,0.0
8.284883e-09,0.0
0.0036417544,0.0
5.5458855e-08,0.0
6.916245e-06,0.0
1.2975206e-13,0.0
6.868527e-09,0.0
1.07518716e-07,0.0
0.00010954784,0.0
1.1076788e-05,0.0
4.756482e-13,0.0
2.3942752e-07,0.0
3.8859604e-08,0.0
3.9390116e-11,0.0
9.888886e-13,0.0
0.005547464,0.0
7.666639e-08,0.0
9.763654e-09,0.0
6.212406e-10,0.0
0.0010057092,0.0
0.0013416708,0.0
0.00019043684,0.0
3.6510428e-05,0.0
0.00036081672,0.0
0.00046235323,0.0
1.3889999e-07,0.0
5.439741e-11,0.0
9.809067e-13,0.0
7.7674895e-07,0.0
1.3432375e-10,0.0
0.0048029125,0.0
1.1079528e-08,0.0
6.260967e-05,0.0
1.0909326e-10,0.0
0.00018882751,0.0
4.4215083e-11,0.0
0.021468163,0.0
9.134925e-11,0.0
0.006923318,0.0
1.09466946e-07,0.0
7.95172e-09,0.0
5.717122e-11,0.0
0.00022163987,0.0
2.0738003e-07,0.0
1.4242786e-13,0.0
7.3971734e-07,0.0
1.7712627e-09,0.0
8.3687474e-11,0.0
1.7725673e-05,0.0
1.6013522e-05,0.0
7.0995587e-09,0.0
2.3861066e-08,0.0
3.5801312e-07,0.0
3.8445833e-06,0.0
1.4520884e-06,0.0
5.827837e-11,0.0
2.3806482e-05,0.0
1.4878073e-06,0.0
1.5754335e-08,0.0
2.9354874e-08,0.0
3.1300358e-06,0.0
5.5083063e-05,0.0
2.904168e-11,0.0
4.971712e-10,0.0
3.8527407e-05,0.0
4.0958343e-09,0.0
0.0014112294,0.0
6.56452e-06,0.0
1.5893511e-07,0.0
3.1787653e-10,0.0
7.926754e-06,0.0
4.79019e-08,0.0
3.5461299e-13,0.0
2.7461365e-07,0.0
7.16303e-15,0.0
1.0432684e-15,0.0
3.171219e-05,0.0
1.5842427e-10,0.0
3.7634552e-13,0.0
7.763786e-09,0.0
1.824344e-05,0.0
1.7894281e-07,0.0
0.00040075183,0.0
1.2677104e-07,0.0
8.574337e-14,0.0
2.0218069e-10,0.0
1.7320408e-09,0.0
7.320716e-06,0.0
3.986274e-10,0.0
3.2295747e-14,0.0
2.9933735e-06,0.0
5.7910474e-06,0.0
1.1490847e-11,0.0
1.4052388e-09,0.0
6.4081187e-06,0.0
4.2817735e-10,0.0
1.2171944e-11,0.0
3.502162e-10,0.0
1.0569065e-06,0.0
1.2295909e-09,0.0
2.6136172e-06,0.0
1.6128224e-05,0.0
4.7635012e-07,0.0
3.353617e-05,0.0
0.00038710237,0.0
1.3535907e-06,0.0
0.0028544962,0.0
6.8871195e-08,0.0
7.771417e-05,0.0
2.0338716e-07,0.0
2.7199459e-08,0.0
6.003751e-07,0.0
2.7875776e-06,0.0
1.1554424e-08,0.0
1.5620938e-07,0.0
1.0577338e-09,0.0
2.4681486e-07,0.0
1.5068331e-06,0.0
3.70335e-07,0.0
2.1281685e-05,0.0
5.294852e-05,0.0
6.203625e-16,0.0
1.3253424e-07,0.0
2.286114e-10,0.0
3.856839e-11,0.0
1.219054e-06,0.0
1.9071074e-08,0.0
0.0009933412,0.0
5.1028765e-06,0.0
0.0031255186,0.0
7.4178155e-07,0.0
3.6611452e-06,0.0
1.1315953e-08,0.0
1.3309493e-15,0.0
6.1269684e-06,0.0
1.8403725e-08,0.0
3.4961867e-11,0.0
7.571527e-06,0.0
2.188532e-09,0.0
0.9986171,1.0
0.9799856,1.0
0.7726765,1.0
0.9509383,1.0
0.9925666,1.0
0.9675082,1.0
0.95765615,1.0
0.9985983,1.0
0.9373355,1.0
0.9932879,1.0
0.9215384,1.0
0.99191284,1.0
0.8328297,1.0
1.330735e-13,0.0
1.2618412e-05,0.0
3.8226744e-07,0.0
1.7128272e-07,0.0
6.918887e-05,0.0
2.8428829e-08,0.0
3.8664555e-05,0.0
1.8958348e-05,0.0
2.4597437e-05,0.0
3.2895676e-07,0.0
0.00012850761,0.0
7.835002e-06,0.0
2.2417655e-05,0.0
0.0054216683,0.0
4.3052196e-06,0.0
1.1735485e-08,0.0
4.5786496e-06,0.0
5.073896e-08,0.0
5.3179566e-15,0.0
1.1583248e-05,0.0
0.005240977,0.0
2.1680089e-08,0.0
1.2785679e-08,0.0
2.430455e-08,0.0
9.22524e-05,0.0
2.6977627e-06,0.0
1.2407453e-10,0.0
1.0696612e-09,0.0
7.310111e-10,0.0
3.1061798e-05,0.0
5.527842e-10,0.0
9.0943064e-07,0.0
2.4728693e-06,0.0
1.2950835e-08,0.0
1.6142201e-10,0.0
0.000117504365,0.0
1.6435851e-07,0.0
6.9398216e-09,0.0
3.354103e-05,0.0
4.112173e-08,0.0
9.612925e-07,0.0
1.2830605e-08,0.0
3.160523e-08,0.0
1.09972594e-10,0.0
7.0950745e-10,0.0
3.8139567e-07,0.0
1.2198988e-07,0.0
2.2622213e-11,0.0
7.4683504e-10,0.0
8.607927e-07,0.0
8.417438e-07,0.0
1.6067797e-05,0.0
1.1649528e-09,0.0
1.2195328e-10,0.0
5.075268e-09,0.0
6.191284e-16,0.0
9.5198506e-05,0.0
1.2511303e-10,0.0
2.1489188e-06,0.0
8.281021e-05,0.0
6.910099e-10,0.0
5.138804e-14,0.0
2.86276e-06,0.0
1.6637118e-06,0.0
3.466535e-13,0.0
5.4626056e-05,0.0
1.6573352e-11,0.0
9.897803e-07,0.0
3.3088676e-05,0.0
1.6444865e-07,0.0
1.3971532e-05,0.0
4.043913e-06,0.0
0.00024616718,0.0
0.008839846,0.0
2.6691532e-07,0.0
1.0889308e-06,0.0
2.0873304e-05,0.0
0.0142894685,0.0
2.166645e-06,0.0
4.8863984e-09,0.0
7.2914245e-06,0.0
3.4244274e-11,0.0
1.1352591e-07,0.0
0.03878793,0.0
0.0033653378,0.0
6.7497513e-06,0.0
3.7260293e-09,0.0
0.0053507686,0.0
8.278471e-05,0.0
4.02793e-09,0.0
9.0463545e-06,0.0
3.3082846e-12,0.0
2.1655011e-11,0.0
1.4409229e-06,0.0
0.00033083558,0.0
4.496046e-08,0.0
1.9886326e-10,0.0
5.098077e-13,0.0
2.6496724e-07,0.0
2.4832756e-11,0.0
5.5198953e-11,0.0
1.5279209e-08,0.0
7.322481e-12,0.0
4.7399686e-07,0.0
1.1321317e-06,0.0
4.009629e-11,0.0
0.00019744039,0.0
5.288536e-06,0.0
3.824027e-07,0.0
1.916752e-09,0.0
3.51655e-08,0.0
3.695327e-05,0.0
9.793005e-10,0.0
7.464866e-05,0.0
1.320835e-13,0.0
0.0008213222,0.0
0.00030386448,0.0
1.2071133e-05,0.0
0.00038310885,0.0
2.6870874e-09,0.0
7.815391e-06,0.0
6.4675145e-09,0.0
6.293233e-05,0.0
0.000220716,0.0
0.0004043877,0.0
0.0016251206,0.0
2.596464e-05,0.0
0.0024448633,0.0
0.05079463,0.0
1.0100777e-05,0.0
0.00015750527,0.0
0.00087207556,0.0
0.00067421794,0.0
5.156638e-05,0.0
3.9540157e-10,0.0
0.0018692911,0.0
6.587636e-08,0.0
0.01589334,0.0
0.008318245,0.0
5.169186e-08,0.0
0.0030348897,0.0
0.011651009,0.0
4.347956e-07,0.0
3.8268947e-05,0.0
1.033597e-11,0.0
4.600135e-06,0.0
2.2282115e-05,0.0
0.0002683401,0.0
1.5229602e-08,0.0
3.828643e-07,0.0
4.343975e-06,0.0
0.005670786,0.0
5.1257637e-05,0.0
8.126332e-08,0.0
7.199651e-09,0.0
0.00033670664,0.0
0.00028210878,0.0
0.0047408044,0.0
1.6870395e-07,0.0
3.095138e-07,0.0
1.1347807e-05,0.0
0.0015568435,0.0
0.0002963245,0.0
7.642246e-11,0.0
3.3385775e-05,0.0
0.0018566251,0.0
4.8384743e-05,0.0
0.0013790429,0.0
1.4753929e-10,0.0
4.690064e-06,0.0
1.7724888e-06,0.0
1.2903838e-12,0.0
3.617874e-08,0.0
0.0028970242,0.0
6.233596e-09,0.0
3.0881372e-06,0.0
2.438067e-10,0.0
1.2913603e-06,0.0
0.00010791479,0.0
1.2141252e-10,0.0
2.3168132e-06,0.0
0.003094077,0.0
0.0010943413,0.0
6.75429e-10,0.0
4.7063887e-07,0.0
1.3612843e-06,0.0
2.7813923e-14,0.0
0.020318866,0.0
1.23716e-05,0.0
1.307122e-08,0.0
4.5349596e-11,0.0
1.6020837e-09,0.0
1.3717843e-06,0.0
1.6455532e-09,0.0
6.890342e-05,0.0
1.04691686e-10,0.0
3.4419392e-10,0.0
3.835645e-11,0.0
5.253772e-05,0.0
2.5108267e-08,0.0
1.597925e-08,0.0
6.716489e-08,0.0
1.1490119e-08,0.0
4.8633538e-05,0.0
6.0607636e-06,0.0
8.323665e-11,0.0
0.00022250414,0.0
9.631166e-09,0.0
3.3397857e-06,0.0
2.2399638e-07,0.0
2.2984893e-12,0.0
6.4481675e-08,0.0
6.4946974e-13,0.0
3.6489867e-10,0.0
8.2873015e-07,0.0
0.0089477,0.0
2.0097988e-05,0.0
3.8244113e-10,0.0
1.5118384e-11,0.0
1.3143808e-10,0.0
0.00018545985,0.0
1.0911771e-12,0.0
4.997844e-08,0.0
1.3049007e-05,0.0
4.774289e-07,0.0
6.2901e-13,0.0
2.8652216e-13,0.0
0.00014182925,0.0
0.9949126,1.0
0.97596544,1.0
0.97979325,1.0
0.9976505,1.0
0.9960542,1.0
0.99356216,1.0
0.9795133,1.0
0.97222704,1.0
0.99783933,1.0
0.99673414,1.0
0.9969193,1.0
0.99317545,1.0
0.9886917,1.0
0.999598,1.0
0.9928467,1.0
2.5130103e-24,0.0
2.2650278e-26,0.0
1.009455e-23,0.0
1.0676663e-08,0.0
9.289069e-33,0.0
8.989282e-31,0.0
6.135225e-19,0.0
2.0601133e-34,0.0
3.9919017e-34,0.0
4.9408648e-14,0.0
7.747608e-19,0.0
8.114131e-26,0.0
1.4201378e-11,0.0
3.9998348e-08,0.0
3.217184e-06,0.0
8.961589e-37,0.0
1.4357444e-10,0.0
1.5594509e-08,0.0
9.2577365e-31,0.0
2.446803e-24,0.0
1.02160717e-16,0.0
1.6336857e-27,0.0
9.8535556e-26,0.0
2.4874585e-17,0.0
9.571661e-14,0.0
9.790251e-23,0.0
4.0794965e-26,0.0
1.1489304e-24,0.0
7.962118e-31,0.0
2.7871153e-19,0.0
6.8742048e-12,0.0
5.8335137e-28,0.0
3.9031874e-30,0.0
4.8150864e-16,0.0
4.412766e-21,0.0
3.6819281e-22,0.0
3.1611466e-25,0.0
5.634935e-21,0.0
1.593003e-17,0.0
7.452597e-14,0.0
1.2485201e-21,0.0
5.9136615e-12,0.0
1.5545404e-25,0.0
6.3979176e-37,0.0
5.195957e-22,0.0
4.992896e-13,0.0
2.8309355e-06,0.0
3.1056695e-13,0.0
5.8726313e-28,0.0
6.384731e-36,0.0
9.7085793e-23,0.0
0.00057581067,0.0
5.1710214e-15,0.0
6.6541823e-28,0.0
6.459264e-25,0.0
3.7269177e-24,0.0
1.2374803e-23,0.0
1.4783922e-26,0.0
1.3662329e-08,0.0
1.644755e-18,0.0
2.6303243e-20,0.0
4.326959e-07,0.0
2.2673786e-19,0.0
7.746262e-08,0.0
5.570008e-10,0.0
9.540111e-14,0.0
2.0386217e-20,0.0
1.2586061e-12,0.0
3.318476e-21,0.0
1.6432866e-19,0.0
1.4382662e-21,0.0
8.086278e-14,0.0
5.737256e-18,0.0
1.5525158e-11,0.0
1.4851272e-22,0.0
1.423932e-19,0.0
3.9632666e-13,0.0
2.302111e-14,0.0
2.4035706e-18,0.0
4.3770746e-07,0.0
2.956613e-32,0.0
2.0887995e-26,0.0
9.156598e-28,0.0
2.4561528e-18,0.0
1.9533175e-22,0.0
5.082339e-13,0.0
9.5575844e-05,0.0
1.1555343e-28,0.0
5.1484896e-13,0.0
3.700704e-34,0.0
4.543987e-16,0.0
5.820165e-17,0.0
8.909299e-30,0.0
2.067782e-19,0.0
2.459376e-27,0.0
3.6252374e-08,0.0
4.573075e-18,0.0
3.822309e-11,0.0
7.7002114e-16,0.0
1.8634708e-29,0.0
1.2995789e-09,0.0
4.1574272e-11,0.0
5.2674256e-21,0.0
1.8043525e-16,0.0
4.470471e-15,0.0
1.2590406e-16,0.0
6.306242e-10,0.0
5.206901e-14,0.0
5.1571674e-17,0.0
2.1140455e-12,0.0
5.270664e-09,0.0
2.0579828e-21,0.0
3.128557e-05,0.0
1.7413219e-17,0.0
1.4625264e-22,0.0
2.3600186e-22,0.0
0.0008133054,0.0
6.44643e-09,0.0
0.0008390844,0.0
0.0001937449,0.0
3.038483e-06,0.0
9.84498e-13,0.0
1.5197965e-09,0.0
2.3034434e-09,0.0
2.3963869e-08,0.0
2.1302323e-08,0.0
7.2702396e-06,0.0
1.8070648e-14,0.0
3.766694e-13,0.0
5.44835e-05,0.0
5.6378644e-06,0.0
1.3086155e-09,0.0
2.8770892e-09,0.0
2.4290787e-06,0.0
9.562298e-07,0.0
8.200158e-06,0.0
4.2527554e-11,0.0
0.00029069185,0.0
0.00065529346,0.0
2.0274468e-08,0.0
0.0003697276,0.0
1.7276263e-09,0.0
0.00057959557,0.0
0.00013431907,0.0
6.969043e-09,0.0
6.596469e-06,0.0
5.1095546e-09,0.0
1.02746686e-10,0.0
0.0017169416,0.0
1.9318664e-09,0.0
3.117183e-09,0.0
0.0006981194,0.0
1.059104e-10,0.0
3.4969638e-09,0.0
7.1130216e-08,0.0
0.004105866,0.0
0.00020128489,0.0
1.1947265e-06,0.0
1.9488322e-08,0.0
6.411116e-09,0.0
1.0885875e-11,0.0
7.5595717e-06,0.0
2.6027389e-18,0.0
1.7701019e-06,0.0
1.7769935e-07,0.0
1.3197322e-07,0.0
2.2910465e-10,0.0
2.0899904e-08,0.0
1.41764285e-05,0.0
3.1609087e-08,0.0
1.1429502e-09,0.0
8.480089e-06,0.0
3.120967e-07,0.0
3.457872e-05,0.0
4.6357214e-05,0.0
0.00014278293,0.0
1.2309478e-08,0.0
2.6196858e-08,0.0
7.136136e-12,0.0
2.018535e-14,0.0
1.41343e-12,0.0
1.194833e-07,0.0
6.783777e-18,0.0
1.2331708e-08,0.0
1.0754408e-12,0.0
8.3855815e-07,0.0
2.4678533e-08,0.0
2.4510264e-12,0.0
1.01431095e-08,0.0
7.714292e-09,0.0
1.2996667e-15,0.0
4.183292e-12,0.0
2.951109e-13,0.0
2.5000212e-05,0.0
7.85839e-09,0.0
1.1836491e-11,0.0
8.132505e-19,0.0
4.2075244e-15,0.0
3.892363e-15,0.0
1.1978055e-25,0.0
1.3147274e-09,0.0
1.5126224e-08,0.0
2.2194423e-16,0.0
3.457144e-14,0.0
1.8191317e-09,0.0
2.6952775e-22,0.0
1.7921554e-09,0.0
3.1376818e-11,0.0
1.6666437e-13,0.0
5.6706312e-18,0.0
8.348032e-20,0.0
6.183223e-20,0.0
4.378999e-26,0.0
6.251012e-10,0.0
2.9003099e-11,0.0
1.0511842e-11,0.0
1.0363869e-10,0.0
4.1809316e-23,0.0
1.3245243e-06,0.0
2.5369167e-07,0.0
4.1333863e-13,0.0
3.2480108e-05,0.0
1.7849747e-05,0.0
6.3513717e-06,0.0
7.620837e-14,0.0
3.9362803e-21,0.0
5.7194523e-16,0.0
7.3205833e-06,0.0
2.7730868e-10,0.0
9.855646e-29,0.0
6.4808887e-07,0.0
6.1583785e-12,0.0
8.531703e-08,0.0
1.3968983e-13,0.0
1.2583979e-11,0.0
7.659743e-11,0.0
2.2228268e-09,0.0
1.0904166e-14,0.0
1.0597138e-11,0.0
9.623862e-12,0.0
6.0851494e-07,0.0
1.5590063e-10,0.0
6.3369947e-12,0.0
7.8994273e-25,0.0
1.3402543e-07,0.0
0.0,0.0
3.9690535e-17,0.0
5.5296568e-21,0.0
2.1108347e-06,0.0
1.8213676e-09,0.0
1.0008386e-17,0.0
1.6543935e-20,0.0
3.8704543e-20,0.0
3.761518e-09,0.0
6.349477e-17,0.0
2.6659794e-23,0.0
1.8885188e-28,0.0
1.5924396e-15,0.0
6.5152155e-14,0.0
6.7879446e-18,0.0
1.0143011e-27,0.0
1.1800191e-16,0.0
7.106118e-16,0.0
1.489671e-16,0.0
9.722772e-31,0.0
3.7064803e-35,0.0
3.40564e-16,0.0
1.199016e-19,0.0
4.945468e-17,0.0
1.8909572e-26,0.0
2.8419406e-11,0.0
1.4504333e-19,0.0
9.1840705e-18,0.0
3.109882e-33,0.0
2.6094862e-09,0.0
1.835843e-19,0.0
7.470406e-09,0.0
6.1582575e-13,0.0
4.5965606e-08,0.0
2.8226228e-22,0.0
1.4496447e-23,0.0
2.6708895e-09,0.0
1.9998288e-23,0.0
1.5701152e-15,0.0
5.419666e-20,0.0
1.763756e-19,0.0
5.3210415e-15,0.0
2.1098069e-13,0.0
1.7445662e-06,0.0
4.254423e-24,0.0
2.9501036e-06,0.0
4.0796604e-22,0.0
7.803604e-09,0.0
3.0348602e-21,0.0
4.6268988e-06,0.0
1.8535466e-09,0.0
0.0073845983,0.0
0.00037547946,0.0
0.00030642748,0.0
0.052161425,0.0
4.6575215e-06,0.0
0.02380231,0.0
0.0022551715,0.0
0.010865837,0.0
7.4807174e-12,0.0
4.0152318e-05,0.0
1.7016078e-05,0.0
0.0004898906,0.0
0.006307304,0.0
1.12825965e-05,0.0
2.3196905e-07,0.0
4.3210377e-05,0.0
1.7032119e-07,0.0
5.5768305e-05,0.0
0.0001552701,0.0
0.00013008714,0.0
7.07768e-06,0.0
0.0011638403,0.0
1.9031477e-05,0.0
2.5875946e-07,0.0
0.00012271655,0.0
0.0028389394,0.0
7.325748e-07,0.0
1.6907633e-09,0.0
5.8183803e-05,0.0
0.00016134977,0.0
2.6737544e-05,0.0
3.67003e-05,0.0
0.00012785196,0.0
9.269736e-06,0.0
1.27167e-05,0.0
0.00049102306,0.0
3.1984143e-07,0.0
0.0010628104,0.0
1.1412875e-10,0.0
7.035461e-07,0.0
2.195614e-06,0.0
0.0074618757,0.0
3.9825773e-06,0.0
0.108899385,0.0
3.270778e-06,0.0
8.466161e-07,0.0
4.485038e-07,0.0
1.1263299e-07,0.0
0.002358526,0.0
6.725587e-09,0.0
7.261374e-05,0.0
0.0004917681,0.0
5.5811135e-05,0.0
3.87939e-05,0.0
7.7125605e-08,0.0
4.9952423e-08,0.0
3.4547354e-06,0.0
0.00051251054,0.0
8.9796787e-10,0.0
1.5523448e-10,0.0
8.430043e-07,0.0
6.823368e-05,0.0
2.699541e-08,0.0
1.3054496e-05,0.0
5.122258e-06,0.0
3.4514178e-05,0.0
0.0012680888,0.0
3.6948128e-05,0.0
8.377832e-06,0.0
1.2726339e-06,0.0
5.847531e-08,0.0
2.9184227e-07,0.0
2.021752e-07,0.0
5.1557086e-05,0.0
2.4435665e-05,0.0
3.8616093e-07,0.0
9.326848e-05,0.0
0.0005169213,0.0
1.0664513e-06,0.0
0.001116395,0.0
5.5622186e-05,0.0
0.0018277764,0.0
0.00059455633,0.0
9.8105476e-05,0.0
2.6144448e-06,0.0
4.3411072e-07,0.0
1.9023846e-08,0.0
1.0750697e-08,0.0
0.0008728206,0.0
0.0006094873,0.0
2.4340178e-08,0.0
1.7541015e-05,0.0
3.1738737e-06,0.0
9.0196494e-08,0.0
5.1115627e-09,0.0
0.00014466047,0.0
3.5859335e-07,0.0
0.000108036504,0.0
0.00019046664,0.0
0.0093511045,0.0
7.0080364e-06,0.0
9.586704e-09,0.0
5.362487e-08,0.0
4.2123334e-06,0.0
0.0016653538,0.0
0.9617988,1.0
0.9369011,1.0
0.99658954,1.0
0.9938231,1.0
0.86554223,1.0
0.9919508,1.0
0.9965656,1.0
0.9844604,1.0
0.77196145,1.0
0.99309456,1.0
5.9056514e-05,0.0
6.538464e-12,0.0
2.270341e-17,0.0
2.4232836e-09,0.0
6.6944475e-17,0.0
8.983954e-34,0.0
7.230333e-07,0.0
2.9736062e-05,0.0
3.4519953e-08,0.0
8.816302e-09,0.0
2.501191e-06,0.0
6.3615225e-05,0.0
7.198488e-08,0.0
3.1646774e-09,0.0
0.0024230182,0.0
4.920829e-08,0.0
0.0017568469,0.0
1.0754266e-08,0.0
1.0128939e-06,0.0
1.9194495e-06,0.0
7.996043e-08,0.0
8.352101e-07,0.0
7.2884645e-13,0.0
3.135956e-09,0.0
7.109676e-05,0.0
0.0024839938,0.0
1.5829771e-10,0.0
0.0005790293,0.0
7.0731253e-06,0.0
1.1404172e-06,0.0
9.366835e-07,0.0
7.0266274e-06,0.0
4.384848e-06,0.0
4.9332716e-06,0.0
2.5069352e-07,0.0
3.7088014e-08,0.0
6.4953833e-06,0.0
1.0539769e-11,0.0
2.0005308e-08,0.0
2.6771908e-11,0.0
6.085358e-07,0.0
2.8931096e-08,0.0
5.79798e-05,0.0
6.889901e-09,0.0
9.983214e-06,0.0
1.7015021e-11,0.0
2.2671935e-07,0.0
9.421955e-10,0.0
0.0023544133,0.0
0.00063174963,0.0
1.118271e-08,0.0
0.0012339354,0.0
4.069997e-12,0.0
4.0438337e-09,0.0
6.9399963e-12,0.0
5.98266e-07,0.0
0.0007290542,0.0
2.0813806e-09,0.0
4.0566422e-07,0.0
1.5023911e-09,0.0
0.05428508,0.0
0.000112077374,0.0
2.0552466e-06,0.0
1.0176919e-09,0.0
4.054959e-11,0.0
3.9940332e-08,0.0
0.0006939173,0.0
5.4589887e-06,0.0
2.5880783e-05,0.0
0.0015283227,0.0
9.825819e-05,0.0
7.70942e-10,0.0
6.5558003e-11,0.0
9.39528e-06,0.0
1.512533e-06,0.0
1.6970688e-14,0.0
5.1948075e-07,0.0
0.00096189976,0.0
1.0477354e-07,0.0
1.4681163e-05,0.0
0.0009431541,0.0
5.311788e-17,0.0
0.00026482344,0.0
1.2297879e-07,0.0
1.7511813e-07,0.0
5.4595537e-05,0.0
9.576859e-06,0.0
0.0012575388,0.0
2.1885674e-11,0.0
5.6635313e-10,0.0
4.365931e-05,0.0
1.0154124e-06,0.0
2.437287e-09,0.0
1.0297623e-10,0.0
1.2965924e-10,0.0
0.0005804002,0.0
6.206129e-10,0.0
9.9656445e-06,0.0
0.050106555,0.0
6.457838e-13,0.0
4.4882472e-05,0.0
0.013081491,0.0
1.1601924e-12,0.0
3.2173617e-08,0.0
7.655993e-10,0.0
0.030280083,0.0
2.7875763e-05,0.0
0.00051119924,0.0
0.00029087067,0.0
9.713483e-09,0.0
1.3101272e-06,0.0
0.00012168425,0.0
0.0011353791,0.0
1.6796587e-08,0.0
1.1088927e-06,0.0
0.001955539,0.0
0.0002515912,0.0
6.233683e-06,0.0
2.694207e-06,0.0
0.0019287467,0.0
0.00010077872,0.0
8.255086e-09,0.0
3.5275588e-07,0.0
1.1720251e-08,0.0
0.00031110644,0.0
7.7850984e-08,0.0
3.3804936e-05,0.0
1.1152033e-09,0.0
9.145952e-09,0.0
1.5372611e-11,0.0
5.080161e-12,0.0
2.9310981e-10,0.0
9.99348e-12,0.0
0.002233237,0.0
1.6311498e-10,0.0
1.7615535e-12,0.0
0.0008138418,0.0
7.813485e-11,0.0
1.6206254e-09,0.0
0.00010935494,0.0
5.7545058e-05,0.0
1.17129435e-08,0.0
5.077943e-08,0.0
3.0019034e-12,0.0
1.4550613e-05,0.0
6.056676e-05,0.0
3.2323965e-07,0.0
2.0869686e-14,0.0
8.450044e-09,0.0
2.417785e-07,0.0
0.0007184446,0.0
0.002103418,0.0
1.4341461e-10,0.0
1.0539388e-07,0.0
7.0237496e-07,0.0
9.535701e-08,0.0
8.108526e-12,0.0
0.00054076314,0.0
2.1222057e-07,0.0
3.7683996e-08,0.0
1.7662947e-11,0.0
2.586441e-08,0.0
4.0813262e-05,0.0
7.634944e-08,0.0
0.0003745556,0.0
4.446396e-06,0.0
2.5133135e-08,0.0
1.348138e-09,0.0
2.8508784e-10,0.0
6.34169e-11,0.0
8.3323415e-10,0.0
5.5195193e-10,0.0
9.398637e-05,0.0
0.0005556345,0.0
0.00036293268,0.0
4.1358255e-08,0.0
0.00017887354,0.0
1.423306e-06,0.0
5.519453e-11,0.0
0.000113644695,0.0
3.1831224e-17,0.0
4.0226112e-08,0.0
8.16865e-15,0.0
2.9057598e-10,0.0
3.7824108e-07,0.0
3.1013208e-08,0.0
2.1957099e-10,0.0
1.5693068e-15,0.0
2.0384583e-20,0.0
3.6858433e-10,0.0
5.7188015e-11,0.0
8.19619e-20,0.0
9.529626e-16,0.0
5.573174e-10,0.0
2.4119283e-11,0.0
2.7719115e-26,0.0
2.6779634e-10,0.0
1.710559e-21,0.0
3.048763e-05,0.0
5.2618652e-20,0.0
1.50654e-17,0.0
2.3069462e-14,0.0
2.4972242e-12,0.0
1.9840227e-09,0.0
2.606905e-16,0.0
3.9443386e-09,0.0
2.2495424e-10,0.0
5.7550204e-11,0.0
2.636352e-12,0.0
8.850801e-05,0.0
1.6376302e-05,0.0
1.1616695e-08,0.0
8.385629e-09,0.0
2.2898713e-10,0.0
2.0658891e-12,0.0
1.181209e-22,0.0
8.4297115e-13,0.0
8.687884e-07,0.0
2.1729258e-09,0.0
0.0045902133,0.0
1.9803486e-12,0.0
7.281105e-08,0.0
1.3151288e-07,0.0
1.8671321e-10,0.0
8.026098e-12,0.0
4.310131e-05,0.0
2.4131145e-08,0.0
1.0745762e-07,0.0
1.8925098e-10,0.0
1.8359223e-09,0.0
1.1700011e-05,0.0
2.8599624e-14,0.0
1.7330271e-11,0.0
1.13979155e-20,0.0
8.35523e-13,0.0
1.2116561e-11,0.0
5.1509883e-06,0.0
1.1019628e-20,0.0
1.5531473e-10,0.0
3.754123e-08,0.0
9.438567e-08,0.0
1.2847589e-06,0.0
4.4122366e-13,0.0
1.208855e-07,0.0
9.158111e-07,0.0
2.7583578e-18,0.0
3.6465428e-11,0.0
2.5890616e-12,0.0
2.2501623e-12,0.0
3.685519e-18,0.0
3.320934e-07,0.0
7.4069258e-06,0.0
2.139806e-12,0.0
1.0165405e-26,0.0
1.20587065e-05,0.0
5.6007084e-05,0.0
2.3396344e-15,0.0
8.1490777e-14,0.0
4.468466e-08,0.0
2.8180273e-12,0.0
2.8702272e-05,0.0
4.464118e-06,0.0
1.2019208e-13,0.0
1.1491243e-22,0.0
1.6418891e-08,0.0
3.2384828e-06,0.0
2.7804704e-17,0.0
5.70875e-16,0.0
4.3132125e-08,0.0
1.0767268e-21,0.0
5.743e-23,0.0
2.3691723e-16,0.0
3.4401182e-06,0.0
5.1758354e-23,0.0
1.9716812e-11,0.0
1.4964276e-10,0.0
7.775868e-12,0.0
3.1245297e-12,0.0
1.0753064e-14,0.0
9.376986e-15,0.0
1.7677793e-13,0.0
9.311188e-22,0.0
2.4372436e-14,0.0
2.1960838e-07,0.0
3.1541454e-08,0.0
3.5471367e-21,0.0
1.72165e-12,0.0
3.293906e-05,0.0
2.501613e-21,0.0
1.4346692e-13,0.0
2.9762586e-07,0.0
1.0340389e-33,0.0
0.00012087923,0.0
2.2981635e-17,0.0
3.830526e-06,0.0
8.615639e-07,0.0
6.390728e-05,0.0
2.9142033e-09,0.0
4.6415144e-06,0.0
9.198015e-09,0.0
3.1350696e-06,0.0
1.4770444e-06,0.0
1.4848214e-05,0.0
3.083942e-05,0.0
3.2626467e-08,0.0
0.0004323423,0.0
3.4121504e-11,0.0
0.013177365,0.0
3.6963406e-06,0.0
3.4204881e-09,0.0
1.5276324e-08,0.0
1.5453495e-06,0.0
2.19082e-06,0.0
3.2930627e-06,0.0
3.087099e-07,0.0
0.0030911565,0.0
1.8820463e-09,0.0
1.799489e-07,0.0
1.6037899e-07,0.0
8.827903e-15,0.0
1.1228769e-06,0.0
0.00018939376,0.0
7.124964e-06,0.0
0.0008518696,0.0
0.0022706687,0.0
1.348106e-05,0.0
5.812978e-07,0.0
1.8582876e-06,0.0
2.8380163e-09,0.0
0.0150741935,0.0
6.437942e-12,0.0
1.5127053e-09,0.0
0.0026690066,0.0
0.0003861785,0.0
9.438716e-05,0.0
0.005267054,0.0
8.023042e-05,0.0
3.2334847e-07,0.0
4.1034447e-08,0.0
0.00021281838,0.0
6.9280286e-06,0.0
4.7283655e-07,0.0
3.7297286e-06,0.0
5.986929e-09,0.0
0.00028285384,0.0
2.9437535e-07,0.0
3.4646403e-06,0.0
0.01579231,0.0
4.3407596e-05,0.0
6.82285e-10,0.0
2.71622e-05,0.0
0.005957812,0.0
3.50791e-05,0.0
0.06002146,0.0
1.18744246e-07,0.0
6.1562925e-05,0.0
6.4208606e-08,0.0
2.5240167e-08,0.0
5.4831826e-06,0.0
0.0008673668,0.0
1.2232726e-07,0.0
6.994789e-06,0.0
0.00069761276,0.0
0.00023072958,0.0
0.000624001,0.0
2.7811252e-06,0.0
4.915944e-05,0.0
3.497545e-05,0.0
0.08711606,0.0
1.1802322e-06,0.0
6.7509967e-07,0.0
1.6987112e-06,0.0
3.028241e-07,0.0
0.0001514256,0.0
1.3715522e-05,0.0
0.0039491355,0.0
0.24180263,0.0
3.2723636e-15,0.0
7.0361213e-12,0.0
0.008053511,0.0
1.0485966e-08,0.0
6.8303403e-09,0.0
4.7497803e-14,0.0
7.566878e-08,0.0
2.9939047e-06,0.0
3.67364e-05,0.0
7.854087e-06,0.0
8.5189106e-07,0.0
1.2577066e-06,0.0
7.9910116e-08,0.0
4.989586e-06,0.0
4.0545865e-06,0.0
1.128349e-05,0.0
0.18483803,0.0
1.9791898e-06,0.0
9.606742e-10,0.0
6.9885145e-06,0.0
0.00010457196,0.0
7.7295664e-07,0.0
4.104449e-05,0.0
2.129023e-05,0.0
9.210709e-16,0.0
4.057126e-05,0.0
8.940616e-07,0.0
2.4332971e-09,0.0
0.0056660473,0.0
9.093041e-05,0.0
3.142971e-07,0.0
4.6241153e-06,0.0
0.013094932,0.0
9.057318e-06,0.0
3.0971874e-05,0.0
4.0360455e-08,0.0
3.455606e-15,0.0
2.215429e-08,0.0
0.00014466047,0.0
1.4937685e-06,0.0
1.1099526e-10,0.0
1.9677769e-08,0.0
1.32154145e-08,0.0
1.8323654e-08,0.0
1.8976376e-15,0.0
1.3802037e-06,0.0
5.986443e-11,0.0
9.328515e-08,0.0
4.095343e-05,0.0
1.04578885e-05,0.0
3.4091292e-07,0.0
2.2869264e-07,0.0
2.0905825e-06,0.0
1.3399264e-10,0.0
2.0149727e-07,0.0
2.2160165e-08,0.0
5.1360733e-09,0.0
2.3379217e-11,0.0
2.7895986e-08,0.0
8.3804975e-05,0.0
1.0580844e-10,0.0
0.0013588369,0.0
4.6478124e-10,0.0
1.1462297e-12,0.0
0.00083991885,0.0
5.515715e-08,0.0
3.0584146e-12,0.0
0.00032293797,0.0
0.0003016889,0.0
0.0012908578,0.0
1.825246e-12,0.0
7.594984e-05,0.0
1.7859621e-07,0.0
9.0460126e-11,0.0
6.099442e-07,0.0
1.00785746e-17,0.0
1.0227753e-08,0.0
1.600175e-07,0.0
6.1981914e-10,0.0
1.0055636e-08,0.0
3.351149e-05,0.0
1.5807776e-10,0.0
9.122275e-09,0.0
3.9925518e-10,0.0
2.230731e-07,0.0
2.2570934e-14,0.0
1.5219273e-05,0.0
5.8023075e-10,0.0
1.2071137e-08,0.0
0.009037614,0.0
5.064853e-09,0.0
1.1840461e-08,0.0
1.0790447e-12,0.0
2.281524e-07,0.0
7.5251715e-05,0.0
0.00020620227,0.0
3.7586436e-12,0.0
1.5622292e-11,0.0
0.0012083948,0.0
1.8098298e-08,0.0
0.00032567978,0.0
5.252555e-05,0.0
1.1160861e-13,0.0
3.080513e-06,0.0
6.166895e-10,0.0
7.409889e-07,0.0
5.0701357e-07,0.0
6.2644426e-07,0.0
3.3800948e-10,0.0
1.1198504e-08,0.0
1.638578e-13,0.0
1.6660069e-07,0.0
6.5774e-09,0.0
1.407658e-06,0.0
1.4631222e-05,0.0
3.2724813e-08,0.0
1.0404656e-09,0.0
1.1673707e-07,0.0
4.327055e-12,0.0
2.6999074e-15,0.0
3.968287e-14,0.0
1.6893016e-05,0.0
0.00017625093,0.0
2.5876761e-05,0.0
0.00025743246,0.0
1.4964796e-09,0.0
3.518031e-05,0.0
1.3604528e-11,0.0
8.363818e-05,0.0
1.5798519e-18,0.0
1.4434333e-13,0.0
2.5577505e-09,0.0
1.8725719e-09,0.0
1.7181795e-06,0.0
3.260609e-10,0.0
3.0917674e-10,0.0
4.4917066e-09,0.0
9.237863e-11,0.0
1.8350437e-07,0.0
0.00062826276,0.0
6.0507045e-15,0.0
0.0006879866,0.0
9.633611e-05,0.0
4.652607e-06,0.0
8.551607e-09,0.0
0.0005001128,0.0
4.7642556e-05,0.0
6.3036487e-07,0.0
6.446476e-10,0.0
4.1878198e-19,0.0
8.7798496e-10,0.0
1.7437063e-06,0.0
5.9057688e-09,0.0
8.479361e-06,0.0
1.627354e-08,0.0
0.00029361248,0.0
0.0043415427,0.0
0.0004929304,0.0
7.728594e-07,0.0
0.009189934,0.0
0.0001257956,0.0
5.6597335e-05,0.0
0.014214933,0.0
0.00046780705,0.0
0.00010769272,0.0
0.0016960502,0.0
0.00028026104,0.0
2.184763e-06,0.0
0.044410735,0.0
0.0006714165,0.0
1.7470029e-05,0.0
0.00019282103,0.0
2.8958536e-06,0.0
0.00070893764,0.0
0.013439953,0.0
1.3547447e-07,0.0
3.6857295e-05,0.0
0.0019816458,0.0
3.9210223e-05,0.0
1.1587568e-05,0.0
0.05784762,0.0
0.00025606155,0.0
9.23088e-09,0.0
0.06863788,0.0
8.219917e-05,0.0
5.6200126e-05,0.0
1.2958198e-08,0.0
8.720119e-10,0.0
7.5062885e-06,0.0
5.4638946e-08,0.0
0.00013461709,0.0
0.0003863573,0.0
4.586667e-05,0.0
6.295349e-08,0.0
0.0025920868,0.0
0.00032901764,0.0
3.6709225e-05,0.0
0.02008611,0.0
0.22487187,0.0
7.406661e-05,0.0
0.0049328804,0.0
0.027184576,0.0
8.7152394e-08,0.0
0.003150642,0.0
2.2678628e-06,0.0
5.846405e-08,0.0
5.854325e-07,0.0
3.632784e-05,0.0
5.6787317e-09,0.0
3.6041577e-06,0.0
0.010399282,0.0
0.052829444,0.0
0.9866363,1.0
0.99696994,1.0
0.9872688,1.0
0.984883,1.0
0.99951637,1.0
0.97357607,1.0
0.98933005,1.0
0.9623272,1.0
0.9998786,1.0
0.9977716,1.0
0.96079415,1.0
0.93653834,1.0
0.9925544,1.0
4.503761e-16,0.0
0.0001989007,0.0
1.5254831e-05,0.0
3.3751844e-22,0.0
6.882527e-05,0.0
2.2241012e-07,0.0
0.00032496452,0.0
0.0013541579,0.0
2.2682856e-09,0.0
2.304295e-06,0.0
4.7632035e-08,0.0
1.0344644e-08,0.0
1.9943778e-08,0.0
1.9607974e-15,0.0
2.37699e-08,0.0
5.3076543e-10,0.0
3.198914e-11,0.0
1.0041186e-08,0.0
4.8922296e-08,0.0
1.28243665e-08,0.0
6.163691e-06,0.0
1.3653329e-21,0.0
4.798474e-12,0.0
9.0419555e-08,0.0
4.375902e-07,0.0
2.6368655e-08,0.0
2.5558771e-17,0.0
8.879269e-12,0.0
3.3529452e-07,0.0
0.016183287,0.0
5.847186e-06,0.0
9.064695e-16,0.0
7.676105e-12,0.0
2.0656431e-10,0.0
4.640496e-21,0.0
4.998097e-06,0.0
0.00031933188,0.0
4.3117465e-09,0.0
1.1534685e-06,0.0
2.7534724e-12,0.0
4.7372658e-11,0.0
4.8762613e-12,0.0
9.141212e-12,0.0
0.0005584061,0.0
1.4614508e-06,0.0
0.0046940744,0.0
1.1267767e-09,0.0
1.2096283e-06,0.0
6.819342e-05,0.0
0.018359244,0.0
0.005283594,0.0
5.1901083e-05,0.0
0.08158404,0.0
0.0001233692,0.0
0.00011891226,0.0
0.9857979,1.0
0.9677234,1.0
0.9693905,1.0
0.9808732,1.0
0.9689311,1.0
0.99160814,1.0
0.9712633,1.0
0.9904734,1.0
0.98672223,1.0
0.9540783,1.0
0.98066545,1.0
4.7728117e-06,0.0
8.56167e-05,0.0
1.6302347e-07,0.0
0.003916502,0.0
1.4499567e-07,0.0
0.00011614603,0.0
0.0003208816,0.0
0.020972908,0.0
4.3767074e-07,0.0
0.0068905056,0.0
0.0053226054,0.0
1.6990507e-05,0.0
0.00023570657,0.0
0.0051572025,0.0
0.0011633337,0.0
4.161138e-08,0.0
5.949555e-06,0.0
0.00031891465,0.0
5.736582e-09,0.0
0.00029230118,0.0
0.07327512,0.0
4.3891676e-05,0.0
9.4087613e-07,0.0
1.2449184e-12,0.0
0.0027541816,0.0
0.010588586,0.0
1.7438602e-05,0.0
2.1170512e-05,0.0
0.00089767575,0.0
0.00092965364,0.0
0.00025367737,0.0
1.672871e-08,0.0
1.1903285e-10,0.0
0.10217953,0.0
3.1346735e-05,0.0
3.569876e-05,0.0
1.1785491e-05,0.0
0.00022360682,0.0
1.2593418e-05,0.0
1.193256e-05,0.0
1.1674925e-10,0.0
0.00018182397,0.0
6.673099e-08,0.0
1.968784e-07,0.0
9.531633e-05,0.0
0.0014292598,0.0
4.184995e-05,0.0
0.083489805,0.0
0.0043124557,0.0
0.016402453,0.0
0.0004361868,0.0
3.3396635e-05,0.0
7.476258e-05,0.0
2.1333482e-05,0.0
0.007455677,0.0
0.0006378889,0.0
0.0008793473,0.0
7.0315277e-06,0.0
0.00041916966,0.0
0.003815651,0.0
0.0012437403,0.0
0.0002773404,0.0
1.3948739e-05,0.0
0.0021867454,0.0
9.646491e-05,0.0
0.00021514297,0.0
1.6809938e-06,0.0
1.1104323e-08,0.0
8.6708326e-07,0.0
0.064512044,0.0
0.00012400746,0.0
1.4243902e-09,0.0
8.2469506e-07,0.0
1.08261595e-07,0.0
1.091136e-11,0.0
4.688313e-05,0.0
4.2742525e-09,0.0
0.003500253,0.0
0.00042364,0.0
8.714039e-05,0.0
0.00027415156,0.0
0.0039604604,0.0
2.1854879e-08,0.0
0.08247474,0.0
0.00044628978,0.0
0.0050373673,0.0
1.6536623e-08,0.0
0.0048404336,0.0
0.05273187,0.0
0.000112082394,0.0
1.807635e-07,0.0
0.023198038,0.0
2.9112787e-05,0.0
2.4554627e-08,0.0
0.0006521344,0.0
0.0057838857,0.0
0.0049051642,0.0
0.011100292,0.0
0.00024142861,0.0
0.0005168915,0.0
3.3237965e-10,0.0
0.00040060282,0.0
3.305308e-23,0.0
8.513797e-10,0.0
5.0974546e-13,0.0
0.00059843063,0.0
9.236903e-13,0.0
2.1647641e-09,0.0
7.152773e-05,0.0
2.216625e-12,0.0
1.678979e-07,0.0
0.003012389,0.0
1.555902e-10,0.0
2.4203413e-07,0.0
3.36347e-14,0.0
5.543535e-07,0.0
6.436598e-10,0.0
0.022923678,0.0
9.851518e-07,0.0
2.7413341e-17,0.0
0.00051498413,0.0
5.290327e-06,0.0
0.0002361536,0.0
2.4642882e-06,0.0
5.4157755e-07,0.0
9.867593e-06,0.0
3.4058936e-12,0.0
0.0006285608,0.0
2.5606397e-13,0.0
7.0711714e-11,0.0
0.00014904141,0.0
1.10914105e-08,0.0
2.8801386e-15,0.0
1.9746037e-07,0.0
2.8718219e-08,0.0
0.00039964914,0.0
5.049824e-13,0.0
2.353422e-09,0.0
7.939406e-11,0.0
4.9334644e-06,0.0
1.12457274e-11,0.0
3.5102685e-13,0.0
1.2990856e-13,0.0
7.8167616e-08,0.0
1.43597545e-05,0.0
3.9113985e-12,0.0
2.75026e-12,0.0
3.5108235e-06,0.0
9.378762e-10,0.0
4.4692562e-13,0.0
2.6456776e-11,0.0
0.0001372397,0.0
1.06374826e-10,0.0
0.0002655685,0.0
4.3076335e-14,0.0
1.1618802e-06,0.0
4.5960897e-07,0.0
4.932779e-13,0.0
7.7644645e-06,0.0
3.3826906e-12,0.0
1.256292e-06,0.0
3.4932477e-22,0.0
9.92876e-25,0.0
8.057008e-11,0.0
7.238381e-21,0.0
1.8107541e-13,0.0
7.3893043e-09,0.0
2.1550017e-23,0.0
3.0533152e-19,0.0
2.5529655e-08,0.0
3.4977438e-13,0.0
6.82898e-33,0.0
1.9519585e-18,0.0
1.3301014e-08,0.0
3.5981246e-26,0.0
1.5404154e-16,0.0
3.738134e-07,0.0
1.3713118e-14,0.0
2.1778543e-21,0.0
3.8816997e-16,0.0
2.0887483e-05,0.0
1.5110255e-11,0.0
1.8246047e-24,0.0
4.834833e-17,0.0
3.998994e-24,0.0
6.0675096e-22,0.0
9.472164e-27,0.0
1.0241026e-12,0.0
2.0822863e-05,0.0
8.014173e-29,0.0
4.133571e-19,0.0
2.2314718e-16,0.0
7.3855144e-20,0.0
2.1179347e-17,0.0
3.1252282e-15,0.0
2.948086e-33,0.0
8.750122e-22,0.0
2.8311015e-07,0.0
1.9809085e-15,0.0
3.7492592e-07,0.0
1.9787846e-13,0.0
1.607185e-10,0.0
7.889126e-05,0.0
1.7687972e-25,0.0
8.728832e-19,0.0
1.2900073e-12,0.0
2.6886842e-11,0.0
2.4799458e-09,0.0
6.863623e-05,0.0
4.206991e-09,0.0
1.7738876e-15,0.0
4.6002478e-14,0.0
2.6981144e-16,0.0
4.163944e-14,0.0
2.835398e-05,0.0
3.3698052e-23,0.0
1.5900056e-15,0.0
1.0746145e-12,0.0
0.009723753,0.0
6.580111e-05,0.0
2.835668e-09,0.0
3.791447e-07,0.0
0.0970476,0.0
1.0592647e-06,0.0
9.032484e-06,0.0
0.001670152,0.0
9.981695e-07,0.0
0.00032627583,0.0
0.0014395714,0.0
0.00019168854,0.0
5.274404e-13,0.0
1.8969678e-06,0.0
0.00031235814,0.0
0.00031003356,0.0
3.4066073e-07,0.0
6.3748594e-05,0.0
2.7296076e-06,0.0
0.00462085,0.0
4.6206675e-10,0.0
7.11508e-13,0.0
0.0002284646,0.0
7.042375e-09,0.0
1.493158e-09,0.0
9.4271236e-08,0.0
1.7113928e-06,0.0
0.0009595156,0.0
7.408916e-14,0.0
0.00012508035,0.0
0.0016721189,0.0
9.78124e-11,0.0
0.00011670174,0.0
1.5951194e-13,0.0
6.352522e-08,0.0
0.02655983,0.0
2.0684061e-05,0.0
3.3289385e-12,0.0
2.5018762e-13,0.0
2.1037016e-05,0.0
4.9406458e-15,0.0
1.584175e-08,0.0
0.0038257837,0.0
0.0019229054,0.0
3.7957467e-08,0.0
2.4487885e-08,0.0
0.001336962,0.0
0.0014178157,0.0
7.8504164e-10,0.0
3.8672862e-10,0.0
0.0006388426,0.0
0.003953129,0.0
3.4243935e-06,0.0
4.6411446e-07,0.0
0.00013720989,0.0
2.1816079e-14,0.0
3.489736e-08,0.0
1.1925431e-08,0.0
3.883604e-06,0.0
3.861083e-05,0.0
1.2026777e-09,0.0
0.0031802952,0.0
5.1750654e-08,0.0
0.0028852224,0.0
0.0021307468,0.0
3.0521431e-07,0.0
4.187236e-08,0.0
0.00019946694,0.0
7.239534e-06,0.0
0.005496651,0.0
0.0006130636,0.0
1.4731534e-06,0.0
4.235461e-09,0.0
5.8789035e-05,0.0
4.412389e-07,0.0
0.00012362003,0.0
6.685358e-07,0.0
0.00010181188,0.0
8.567159e-05,0.0
0.0004582405,0.0
1.1559914e-06,0.0
6.4657084e-05,0.0
1.50580245e-05,0.0
4.1274787e-05,0.0
1.456035e-06,0.0
1.0080889e-08,0.0
0.00015291572,0.0
6.838227e-09,0.0
3.306493e-12,0.0
7.50955e-05,0.0
0.0012896955,0.0
0.0003440082,0.0
2.454703e-07,0.0
1.8829074e-06,0.0
3.4102544e-07,0.0
6.911455e-05,0.0
1.2170902e-05,0.0
0.0058219135,0.0
0.0073967874,0.0
1.1879159e-09,0.0
7.9572594e-05,0.0
7.166811e-07,0.0
1.2974212e-06,0.0
3.5316487e-05,0.0
5.844198e-06,0.0
1.3817728e-07,0.0
5.5572444e-09,0.0
2.5439135e-09,0.0
8.979979e-08,0.0
1.6362695e-10,0.0
3.6975675e-06,0.0
3.388941e-05,0.0
1.0804104e-06,0.0
2.2043633e-13,0.0
0.00022754073,0.0
0.0024905205,0.0
3.5153162e-06,0.0
0.0002655089,0.0
1.5939676e-08,0.0
0.00038954616,0.0
0.00299415,0.0
5.5902812e-05,0.0
0.010582089,0.0
0.0021119118,0.0
0.0051398873,0.0
0.033941954,0.0
0.02420327,0.0
0.00042143464,0.0
0.06332594,0.0
9.320014e-08,0.0
1.3879314e-05,0.0
0.0024731755,0.0
0.0015776157,0.0
1.10438776e-07,0.0
4.247238e-06,0.0
0.0023005605,0.0
0.11644703,0.0
0.004742831,0.0
0.001809299,0.0
1.7460403e-05,0.0
0.01649043,0.0
0.0010350645,0.0
7.34783e-05,0.0
3.32863e-05,0.0
4.0757095e-05,0.0
0.007984161,0.0
9.306034e-08,0.0
0.00086176395,0.0
5.6701767e-05,0.0
0.00048413873,0.0
1.8881346e-08,0.0
0.0015432835,0.0
3.7544225e-05,0.0
0.0003941357,0.0
3.0361269e-05,0.0
0.006881714,0.0
0.10025209,0.0
0.03844908,0.0
3.263067e-06,0.0
8.82851e-11,0.0
0.0029039383,0.0
0.006778151,0.0
0.0013796389,0.0
0.0014711022,0.0
3.6248055e-06,0.0
3.8909425e-07,0.0
0.00043326616,0.0
8.533576e-06,0.0
2.1114831e-06,0.0
1.44792605e-08,0.0
0.0035718977,0.0
0.032203197,0.0
0.004868418,0.0
4.481513e-06,0.0
0.00012728572,0.0
7.042527e-06,0.0
2.8657812e-06,0.0
7.94397e-10,0.0
1.1419554e-11,0.0
7.523775e-08,0.0
6.3063916e-16,0.0
3.0048297e-09,0.0
3.0241658e-09,0.0
1.3833325e-11,0.0
1.4364654e-13,0.0
1.198269e-05,0.0
0.00014489889,0.0
0.0005289316,0.0
4.671362e-11,0.0
7.91971e-12,0.0
1.8718994e-14,0.0
5.0726003e-19,0.0
2.400799e-14,0.0
0.0006489754,0.0
0.00011993374,0.0
1.3616186e-05,0.0
5.7569537e-07,0.0
5.71958e-06,0.0
1.5019785e-09,0.0
1.2762416e-11,0.0
7.287459e-05,0.0
6.983789e-16,0.0
3.057528e-12,0.0
2.6964085e-07,0.0
7.437057e-08,0.0
2.9261265e-14,0.0
1.6709005e-06,0.0
1.5436504e-07,0.0
6.1799074e-17,0.0
5.222333e-12,0.0
1.2910854e-12,0.0
1.9363912e-05,0.0
7.817415e-05,0.0
2.5722634e-11,0.0
0.00032410026,0.0
7.7388745e-07,0.0
2.4370838e-06,0.0
4.9694525e-15,0.0
8.4400895e-09,0.0
1.7068639e-09,0.0
0.0003527403,0.0
4.4456918e-08,0.0
2.0204865e-08,0.0
2.877715e-09,0.0
3.3012049e-07,0.0
0.00043913722,0.0
2.184434e-15,0.0
0.00034934282,0.0
8.201225e-09,0.0
1.8018175e-09,0.0
1.4424845e-12,0.0
2.3159977e-10,0.0
3.6604346e-09,0.0
2.2587832e-07,0.0
0.9945004,1.0
0.9979007,1.0
0.99149394,1.0
0.9916382,1.0
0.9387559,1.0
0.9803504,1.0
0.98579216,1.0
0.9707463,1.0
0.9409625,1.0
0.9637214,1.0
0.9716289,1.0
0.94506425,1.0
0.9885645,1.0
0.97966504,1.0
0.00087565184,0.0
0.0054455698,0.0
0.0019128621,0.0
3.5654564e-05,0.0
0.00016322732,0.0
0.0010419786,0.0
0.0014598668,0.0
5.4410466e-06,0.0
0.0006221533,0.0
5.7161253e-07,0.0
2.276244e-06,0.0
8.476458e-06,0.0
8.776824e-09,0.0
5.006861e-06,0.0
3.699689e-05,0.0
1.9098656e-09,0.0
0.007123798,0.0
0.0064544976,0.0
0.0001591146,0.0
2.0720192e-05,0.0
2.182292e-07,0.0
1.7850154e-07,0.0
1.384712e-07,0.0
6.129836e-05,0.0
0.0018609762,0.0
7.077353e-05,0.0
1.6191781e-05,0.0
9.2054135e-05,0.0
3.0712564e-09,0.0
0.0024775863,0.0
0.01226908,0.0
0.0013224185,0.0
0.0022386909,0.0
9.54131e-05,0.0
0.023360252,0.0
0.0015165508,0.0
2.802533e-05,0.0
0.012927949,0.0
0.0060122013,0.0
7.678401e-09,0.0
0.000114382216,0.0
0.047284603,0.0
4.5496756e-07,0.0
0.07156509,0.0
2.5250953e-08,0.0
5.857768e-06,0.0
1.0626062e-05,0.0
0.00086924434,0.0
0.0030151904,0.0
1.0399834e-09,0.0
1.2810132e-07,0.0
0.0027858317,0.0
1.3787433e-08,0.0
0.000605762,0.0
0.004398674,0.0
0.029576242,0.0
8.2608864e-08,0.0
0.0001270771,0.0
6.286791e-05,0.0
0.022197276,0.0
1.9332783e-05,0.0
6.725745e-06,0.0
0.008727282,0.0
0.98657,1.0
0.9938841,1.0
0.971606,1.0
0.73085463,1.0
0.9028568,1.0
0.9723141,1.0
0.9591574,1.0
0.957765,1.0
0.8741585,1.0
0.9049787,1.0
0.96741396,1.0
3.5441914e-08,0.0
4.7660346e-06,0.0
0.09346846,0.0
0.00020548701,0.0
6.868089e-05,0.0
0.006832361,0.0
1.6317987e-08,0.0
1.913389e-08,0.0
0.06759983,0.0
0.0010215342,0.0
0.00012922287,0.0
4.3581828e-08,0.0
1.4843344e-05,0.0
5.3887145e-08,0.0
3.871106e-06,0.0
0.00014609098,0.0
3.3852874e-07,0.0
0.002385974,0.0
0.005072534,0.0
0.00046285987,0.0
4.753143e-10,0.0
2.0002877e-05,0.0
0.008589417,0.0
1.0973097e-05,0.0
6.994739e-05,0.0
3.8503385e-05,0.0
1.9045547e-07,0.0
0.004359722,0.0
0.0007029772,0.0
0.004722297,0.0
3.0054662e-05,0.0
4.925738e-05,0.0
3.7469536e-07,0.0
8.099828e-11,0.0
6.915838e-13,0.0
4.409583e-22,0.0
3.2599794e-11,0.0
0.0006506145,0.0
1.2028891e-16,0.0
1.736991e-08,0.0
2.9130596e-12,0.0
1.8643701e-05,0.0
1.7968994e-09,0.0
5.2138755e-11,0.0
1.7097851e-07,0.0
5.0427335e-08,0.0
2.6429607e-06,0.0
5.87966e-07,0.0
5.8363856e-09,0.0
0.0011912286,0.0
0.0014985204,0.0
0.9906834,1.0
0.8770976,1.0
0.99378777,1.0
0.9846859,1.0
0.9955696,1.0
0.97533906,1.0
0.97221845,1.0
0.9833928,1.0
0.98815024,1.0
0.86861604,1.0
0.95597196,1.0
0.9788604,1.0
1.8324798e-09,0.0
5.3475204e-13,0.0
7.136559e-08,0.0
1.8648981e-07,0.0
2.7431696e-21,0.0
5.2159145e-11,0.0
5.325471e-10,0.0
2.9572811e-06,0.0
1.900794e-10,0.0
5.1688406e-08,0.0
1.732197e-08,0.0
1.4880944e-09,0.0
0.00017875433,0.0
1.164999e-06,0.0
4.2611157e-16,0.0
2.2365536e-10,0.0
5.3804854e-09,0.0
3.3875795e-15,0.0
0.0005994737,0.0
1.1450389e-08,0.0
4.253236e-10,0.0
0.0014802217,0.0
1.3892613e-10,0.0
8.2395497e-19,0.0
9.030029e-08,0.0
1.0794857e-15,0.0
2.3196762e-21,0.0
1.5501695e-07,0.0
0.00015047193,0.0
2.271574e-05,0.0
1.5717936e-07,0.0
2.313921e-15,0.0
5.2914015e-06,0.0
0.00083863735,0.0
1.1163498e-06,0.0
0.009363502,0.0
7.1848706e-05,0.0
4.950488e-06,0.0
0.00020390749,0.0
9.110209e-09,0.0
9.268092e-06,0.0
3.4802993e-05,0.0
2.7642283e-08,0.0
0.004536301,0.0
5.6227652e-08,0.0
3.045941e-07,0.0
0.00021523237,0.0
0.001434356,0.0
5.8394033e-07,0.0
0.0016113222,0.0
1.8168727e-07,0.0
0.0033873916,0.0
4.8154485e-05,0.0
4.1504592e-07,0.0
1.522452e-08,0.0
1.6790516e-10,0.0
8.5493576e-07,0.0
0.0024719238,0.0
0.00033900142,0.0
0.009676158,0.0
7.1040668e-06,0.0
2.5554466e-05,0.0
6.7679247e-07,0.0
2.0127506e-07,0.0
7.0905335e-05,0.0
1.1020816e-05,0.0
7.265443e-08,0.0
3.393949e-08,0.0
5.9939354e-12,0.0
0.0001373291,0.0
7.045879e-06,0.0
1.138668e-09,0.0
4.680774e-06,0.0
0.00033593178,0.0
1.8406814e-06,0.0
2.1255514e-13,0.0
0.00028973818,0.0
0.002273053,0.0
1.5590429e-05,0.0
1.2105099e-08,0.0
3.270861e-05,0.0
6.598561e-07,0.0
2.3281111e-06,0.0
2.6022397e-07,0.0
0.02073425,0.0
2.6519072e-07,0.0
1.0016867e-09,0.0
2.0092141e-09,0.0
8.830401e-10,0.0
4.4459757e-25,0.0
3.3978777e-06,0.0
5.6102153e-06,0.0
7.642043e-07,0.0
7.1601227e-07,0.0
7.2018907e-20,0.0
1.9962693e-23,0.0
1.45278e-13,0.0
1.5079538e-18,0.0
6.2876774e-24,0.0
9.545457e-15,0.0
1.0052968e-16,0.0
3.2054215e-13,0.0
1.9272966e-19,0.0
3.0346568e-14,0.0
1.4103055e-13,0.0
2.1743994e-15,0.0
3.0860636e-14,0.0
1.02869935e-08,0.0
1.8456958e-18,0.0
2.3082787e-15,0.0
2.230167e-26,0.0
7.475728e-15,0.0
7.334025e-35,0.0
5.3986263e-25,0.0
5.491273e-21,0.0
1.08884915e-11,0.0
6.2850834e-14,0.0
2.3866188e-21,0.0
5.444615e-20,0.0
9.183336e-14,0.0
1.0739175e-20,0.0
2.995347e-17,0.0
6.9940797e-16,0.0
7.3597226e-13,0.0
7.191027e-18,0.0
3.8063257e-26,0.0
6.741625e-25,0.0
1.2122653e-07,0.0
4.0155286e-19,0.0
2.4784702e-13,0.0
3.6767942e-09,0.0
1.5043318e-21,0.0
3.3116454e-22,0.0
1.3971313e-19,0.0
1.2618678e-31,0.0
2.2908989e-13,0.0
6.081642e-08,0.0
1.5762462e-14,0.0
3.0890676e-10,0.0
1.2719784e-12,0.0
5.941628e-21,0.0
1.1859678e-22,0.0
0.0,0.0
2.5273432e-06,0.0
5.2516716e-15,0.0
7.8337076e-14,0.0
1.1422742e-06,0.0
3.4578962e-10,0.0
0.000777632,0.0
2.9771427e-10,0.0
6.319328e-11,0.0
7.077518e-06,0.0
3.234561e-05,0.0
7.700315e-12,0.0
4.2772786e-05,0.0
5.869995e-11,0.0
1.763221e-08,0.0
9.203339e-15,0.0
3.9205137e-05,0.0
3.729147e-07,0.0
1.5892881e-06,0.0
0.00023984909,0.0
9.4381954e-14,0.0
1.2720562e-23,0.0
0.0011494458,0.0
7.978511e-11,0.0
3.270639e-07,0.0
6.3383823e-09,0.0
3.263075e-05,0.0
5.906117e-13,0.0
2.3476374e-10,0.0
3.864317e-09,0.0
1.5256234e-08,0.0
7.6534704e-13,0.0
1.0404297e-13,0.0
2.8852128e-08,0.0
1.5825652e-08,0.0
6.092152e-07,0.0
4.0717023e-06,0.0
2.9899196e-09,0.0
3.075807e-08,0.0
5.4170123e-08,0.0
1.0866625e-05,0.0
8.993495e-06,0.0
5.553642e-07,0.0
5.337529e-11,0.0
1.7813726e-09,0.0
1.0860087e-09,0.0
8.2883926e-05,0.0
0.0014423132,0.0
3.7055697e-12,0.0
1.12579876e-10,0.0
1.56692e-15,0.0
4.1111284e-20,0.0
1.502842e-08,0.0
2.1693493e-06,0.0
2.983484e-08,0.0
1.342429e-07,0.0
0.00028410554,0.0
1.8594382e-06,0.0
3.891833e-09,0.0
1.6388489e-05,0.0
2.0021906e-05,0.0
3.6697861e-10,0.0
8.3157026e-10,0.0
1.3037749e-07,0.0
6.5748485e-05,0.0
1.5740648e-18,0.0
1.3394006e-09,0.0
0.0032306015,0.0
1.2142763e-07,0.0
6.0783805e-07,0.0
0.00058445334,0.0
1.8661513e-08,0.0
0.00088605285,0.0
7.498347e-06,0.0
9.907754e-19,0.0
1.7053064e-15,0.0
5.378158e-12,0.0
1.7873897e-13,0.0
7.195138e-08,0.0
4.0506942e-10,0.0
3.979061e-12,0.0
6.854968e-09,0.0
0.00047820807,0.0
5.0920044e-05,0.0
2.3580848e-10,0.0
1.3046864e-11,0.0
6.0238444e-06,0.0
6.7370474e-18,0.0
6.6079576e-16,0.0
5.099724e-06,0.0
0.007239461,0.0
2.6084268e-16,0.0
3.391231e-08,0.0
0.00015637279,0.0
6.575894e-13,0.0
2.379201e-10,0.0
9.92163e-05,0.0
3.762735e-05,0.0
9.196592e-13,0.0
8.49149e-12,0.0
2.3807104e-08,0.0
0.00035467744,0.0
1.2799458e-09,0.0
6.2981946e-12,0.0
5.794652e-05,0.0
5.1325314e-06,0.0
2.5323976e-08,0.0
1.5144757e-08,0.0
9.1807857e-07,0.0
5.7342375e-14,0.0
6.558234e-07,0.0
9.635493e-11,0.0
7.859384e-06,0.0
3.5414448e-06,0.0
4.8169196e-10,0.0
8.95492e-12,0.0
4.5842236e-12,0.0
6.48963e-10,0.0
2.353322e-10,0.0
1.6615688e-07,0.0
6.2646925e-13,0.0
7.717284e-08,0.0
2.1877975e-07,0.0
1.2191011e-05,0.0
0.00035524368,0.0
2.605264e-09,0.0
5.843036e-05,0.0
1.1748845e-06,0.0
6.6380435e-06,0.0
2.8148417e-12,0.0
8.209191e-07,0.0
1.1844768e-13,0.0
4.4484484e-08,0.0
0.0005765259,0.0
4.670855e-18,0.0
1.469465e-09,0.0
2.6993629e-14,0.0
1.7648418e-24,0.0
2.9495685e-12,0.0
3.1788575e-13,0.0
2.6821806e-10,0.0
6.653774e-10,0.0
5.244099e-17,0.0
5.616312e-12,0.0
5.1995444e-15,0.0
6.5239374e-07,0.0
3.2976493e-07,0.0
1.7872006e-11,0.0
4.030725e-14,0.0
0.004994184,0.0
1.04798885e-19,0.0
9.0420335e-06,0.0
0.001041472,0.0
3.6289374e-16,0.0
9.523111e-05,0.0
3.693074e-08,0.0
0.0012450814,0.0
0.00646165,0.0
4.562008e-08,0.0
8.1060904e-14,0.0
0.0017499328,0.0
2.8514968e-11,0.0
3.6823196e-06,0.0
0.0033198893,0.0
4.0246223e-06,0.0
1.9443842e-08,0.0
7.544656e-08,0.0
7.4028994e-10,0.0
1.0343014e-14,0.0
9.911939e-10,0.0
2.263554e-12,0.0
2.9806387e-07,0.0
2.1691493e-09,0.0
6.076317e-07,0.0
6.894982e-11,0.0
1.7152553e-08,0.0
1.2495246e-11,0.0
2.3750034e-13,0.0
5.4456864e-12,0.0
2.0442255e-06,0.0
6.8536765e-12,0.0
9.4408845e-09,0.0
2.4844637e-08,0.0
7.336495e-14,0.0
5.220701e-19,0.0
1.6501832e-20,0.0
1.0542142e-05,0.0
1.2292305e-19,0.0
1.3956037e-06,0.0
5.1924247e-09,0.0
3.3665835e-06,0.0
5.0995054e-06,0.0
4.3903838e-06,0.0
2.1606337e-14,0.0
2.00459e-09,0.0
3.086291e-08,0.0
1.3678076e-12,0.0
1.2670537e-15,0.0
6.198434e-08,0.0
6.2515004e-10,0.0
6.9261955e-07,0.0
4.165211e-12,0.0
1.4272299e-12,0.0
4.5393413e-06,0.0
5.861192e-14,0.0
2.2152328e-06,0.0
1.9155561e-06,0.0
2.717423e-10,0.0
2.1263169e-10,0.0
0.00018140674,0.0
1.0836186e-17,0.0
6.5476813e-10,0.0
9.268768e-07,0.0
2.1129063e-18,0.0
1.594512e-08,0.0
9.0202e-06,0.0
2.9132748e-13,0.0
8.863009e-27,0.0
6.458667e-08,0.0
6.9713265e-25,0.0
1.4137034e-18,0.0
1.1017386e-15,0.0
1.3788712e-13,0.0
1.3477474e-05,0.0
7.659776e-10,0.0
4.9154143e-05,0.0
0.0003902018,0.0
5.6637845e-12,0.0
3.4357272e-14,0.0
3.674547e-11,0.0
1.1195254e-05,0.0
2.359666e-12,0.0
1.5402475e-09,0.0
1.4045296e-06,0.0
2.1834143e-05,0.0
8.970473e-09,0.0
4.6846637e-08,0.0
2.9456183e-07,0.0
3.1840246e-11,0.0
8.3394325e-10,0.0
9.1917457e-07,0.0
6.3583866e-07,0.0
4.4804467e-05,0.0
1.6543112e-09,0.0
0.00023776293,0.0
0.00016185641,0.0
3.3164984e-08,0.0
4.731785e-05,0.0
7.764461e-07,0.0
3.0584383e-06,0.0
4.2478414e-06,0.0
1.2645299e-07,0.0
7.971462e-09,0.0
4.1490295e-15,0.0
1.7390596e-06,0.0
8.488766e-07,0.0
3.660122e-08,0.0
6.300594e-17,0.0
4.0164803e-05,0.0
1.0290002e-05,0.0
2.1384932e-11,0.0
1.8538952e-18,0.0
1.8687277e-05,0.0
2.2649529e-16,0.0
2.5540552e-09,0.0
5.788968e-07,0.0
2.4031575e-11,0.0
0.0007056296,0.0
6.188147e-11,0.0
2.4283422e-06,0.0
7.837832e-18,0.0
7.6290985e-10,0.0
4.3427717e-05,0.0
6.361814e-18,0.0
6.047389e-07,0.0
0.001617223,0.0
3.8223078e-08,0.0
5.506694e-05,0.0
1.6072969e-08,0.0
8.367822e-11,0.0
3.0237725e-06,0.0
2.6942388e-11,0.0
5.6836412e-05,0.0
9.351125e-11,0.0
3.101856e-10,0.0
0.00032937527,0.0
8.790927e-06,0.0
4.2897066e-12,0.0
0.0023023784,0.0
4.025618e-09,0.0
3.7107966e-08,0.0
8.207807e-18,0.0
1.130163e-08,0.0
2.496629e-12,0.0
2.1478503e-07,0.0
5.875476e-06,0.0
2.1579578e-09,0.0
0.0018079877,0.0
2.74096e-06,0.0
3.0067347e-06,0.0
5.3991533e-13,0.0
3.0439336e-13,0.0
8.3208676e-08,0.0
4.5763504e-09,0.0
1.6038426e-08,0.0
4.0629533e-05,0.0
3.37129e-08,0.0
4.386927e-06,0.0
3.4314038e-11,0.0
6.8181114e-11,0.0
4.465902e-06,0.0
8.6824215e-08,0.0
6.8124805e-06,0.0
2.1801785e-09,0.0
9.302099e-07,0.0
7.60081e-05,0.0
2.838612e-07,0.0
0.01216507,0.0
1.7096529e-09,0.0
4.9483215e-06,0.0
1.876494e-09,0.0
0.0028212965,0.0
2.5974355e-12,0.0
5.112521e-06,0.0
1.0682367e-06,0.0
1.0397475e-05,0.0
8.413533e-10,0.0
4.149216e-09,0.0
1.3916631e-19,0.0
1.2548465e-10,0.0
4.6261575e-06,0.0
3.5869746e-08,0.0
9.965459e-05,0.0
1.9087951e-09,0.0
9.426027e-08,0.0
4.6520634e-07,0.0
0.0002539158,0.0
3.0258632e-12,0.0
2.4861393e-10,0.0
4.4244208e-10,0.0
2.6148728e-16,0.0
2.4407914e-08,0.0
0.014388055,0.0
3.8624103e-06,0.0
0.0005567968,0.0
2.4243607e-09,0.0
3.2425862e-10,0.0
1.5999074e-06,0.0
8.4470565e-05,0.0
0.00060305,0.0
2.2215223e-08,0.0
0.00035202503,0.0
1.5015616e-15,0.0
4.950967e-07,0.0
0.00017309189,0.0
0.0001757741,0.0
2.9741815e-07,0.0
8.3199975e-11,0.0
6.68075e-07,0.0
0.00022035837,0.0
4.488797e-08,0.0
3.7983012e-09,0.0
0.00010017457,0.0
3.601002e-05,0.0
3.0524052e-07,0.0
2.8573977e-06,0.0
0.0012914538,0.0
8.677968e-08,0.0
1.7053142e-06,0.0
1.3365143e-09,0.0
2.7850772e-06,0.0
6.3216035e-08,0.0
0.00035357475,0.0
6.443813e-05,0.0
8.148003e-05,0.0
1.6292992e-05,0.0
5.7715946e-12,0.0
5.6664513e-09,0.0
0.0065408647,0.0
3.138255e-08,0.0
9.586362e-06,0.0
5.7630896e-05,0.0
2.0477621e-07,0.0
0.0013982654,0.0
1.4609294e-10,0.0
2.8767681e-11,0.0
6.119637e-05,0.0
9.957059e-13,0.0
2.1602846e-09,0.0
3.6687613e-06,0.0
0.00032013655,0.0
9.822371e-05,0.0
9.137801e-07,0.0
6.3000924e-12,0.0
3.0719713e-07,0.0
7.113724e-07,0.0
8.550137e-06,0.0
1.0942561e-07,0.0
1.0090546e-08,0.0
0.0006609857,0.0
5.098139e-06,0.0
0.0005424917,0.0
7.1252703e-06,0.0
3.1323648e-08,0.0
6.743134e-05,0.0
7.800407e-12,0.0
2.1531394e-09,0.0
3.0322249e-06,0.0
0.00011521196,0.0
1.4093813e-08,0.0
7.57838e-05,0.0
1.3612232e-06,0.0
2.0135338e-09,0.0
0.00027868152,0.0
0.00021883845,0.0
4.3586465e-07,0.0
2.742938e-07,0.0
