4.0183608e-09,0.0
2.4089257e-15,0.0
9.308588e-16,0.0
5.225472e-08,0.0
1.7107604e-07,0.0
3.4243135e-07,0.0
1.4522789e-05,0.0
5.381474e-06,0.0
4.6306067e-08,0.0
1.5484747e-09,0.0
3.1525305e-10,0.0
1.449483e-10,0.0
4.7983076e-07,0.0
1.8386314e-05,0.0
9.306425e-06,0.0
1.5803127e-07,0.0
1.7748965e-07,0.0
1.2871678e-13,0.0
0.0019833744,0.0
4.523285e-09,0.0
7.4536473e-07,0.0
1.1156483e-12,0.0
5.6485205e-06,0.0
4.705852e-08,0.0
2.2987734e-09,0.0
3.0234864e-12,0.0
5.835398e-08,0.0
6.13609e-08,0.0
5.205229e-08,0.0
8.8959035e-11,0.0
1.1173244e-08,0.0
0.0012999177,0.0
3.5260767e-10,0.0
0.011962324,0.0
1.0432752e-17,0.0
1.8535898e-12,0.0
7.238458e-15,0.0
5.33486e-12,0.0
8.776995e-12,0.0
8.708895e-11,0.0
6.668226e-08,0.0
1.9865747e-13,0.0
1.2597136e-06,0.0
6.0234447e-07,0.0
4.0826862e-08,0.0
0.0004017949,0.0
0.0048259795,0.0
2.1142545e-09,0.0
0.0011577904,0.0
5.946402e-13,0.0
0.0047626197,0.0
0.00032272935,0.0
2.2272091e-14,0.0
5.340559e-09,0.0
1.1923184e-11,0.0
9.97044e-07,0.0
5.0227064e-13,0.0
0.002380401,0.0
3.9183266e-09,0.0
3.0454356e-07,0.0
1.605735e-05,0.0
1.3141471e-07,0.0
5.838668e-09,0.0
1.2056619e-06,0.0
1.729448e-07,0.0
4.036659e-09,0.0
4.4933004e-09,0.0
1.4258723e-08,0.0
7.5937346e-06,0.0
1.2341308e-08,0.0
0.004465848,0.0
2.2653656e-14,0.0
4.2376135e-15,0.0
2.7186517e-10,0.0
8.5622597e-14,0.0
0.00066545606,0.0
1.13217744e-13,0.0
1.3549183e-08,0.0
8.357031e-13,0.0
6.954818e-10,0.0
7.756279e-06,0.0
3.857899e-07,0.0
5.623687e-12,0.0
8.568299e-06,0.0
3.717833e-11,0.0
1.7276278e-11,0.0
3.2346087e-08,0.0
1.7127072e-06,0.0
6.80413e-08,0.0
9.5332245e-05,0.0
6.9672745e-13,0.0
8.155281e-14,0.0
2.2067516e-14,0.0
8.423964e-06,0.0
6.9430124e-09,0.0
2.1446427e-09,0.0
7.240759e-09,0.0
2.489918e-09,0.0
1.2105428e-07,0.0
4.4974163e-07,0.0
1.0593602e-05,0.0
3.4283522e-07,0.0
8.053532e-08,0.0
5.4534576e-06,0.0
1.9048127e-07,0.0
1.9635318e-09,0.0
3.1793368e-09,0.0
0.00082591176,0.0
1.8873038e-07,0.0
0.0015928745,0.0
4.58252e-19,0.0
7.745399e-06,0.0
1.2890157e-05,0.0
5.932752e-09,0.0
1.0328015e-06,0.0
4.2839898e-07,0.0
5.612757e-12,0.0
1.091843e-05,0.0
9.990559e-13,0.0
8.241069e-09,0.0
1.8866315e-10,0.0
1.6211409e-10,0.0
2.541662e-10,0.0
1.6748039e-14,0.0
4.679674e-05,0.0
0.0012608767,0.0
0.00018036366,0.0
1.2296177e-11,0.0
1.6559194e-15,0.0
0.0009468794,0.0
9.7697865e-12,0.0
2.058792e-13,0.0
1.477715e-06,0.0
1.2174765e-13,0.0
0.0003890097,0.0
5.78801e-08,0.0
3.01439e-11,0.0
3.2895064e-06,0.0
6.4063e-09,0.0
2.8412478e-14,0.0
1.543536e-12,0.0
3.0139213e-13,0.0
0.00014677644,0.0
3.755207e-05,0.0
8.7045695e-09,0.0
9.93116e-11,0.0
1.3175979e-11,0.0
5.242763e-06,0.0
0.000119089644,0.0
1.06877764e-10,0.0
3.6996288e-09,0.0
8.0718285e-09,0.0
7.0459455e-10,0.0
1.9488455e-06,0.0
1.212817e-07,0.0
7.111591e-06,0.0
2.8533593e-06,0.0
1.753549e-11,0.0
0.00083583593,0.0
3.0580927e-07,0.0
5.371001e-07,0.0
0.0022886693,0.0
1.5986718e-08,0.0
7.43755e-07,0.0
0.000248909,0.0
1.8940045e-14,0.0
5.6245555e-12,0.0
5.486014e-11,0.0
2.8807284e-10,0.0
4.230243e-10,0.0
5.350224e-13,0.0
3.2153007e-06,0.0
1.551354e-09,0.0
2.0843373e-08,0.0
0.000118097654,0.0
0.005443394,0.0
6.5144934e-07,0.0
1.7906424e-12,0.0
2.4277253e-16,0.0
0.00045791268,0.0
2.328165e-13,0.0
2.4012206e-10,0.0
4.7565578e-08,0.0
7.633014e-10,0.0
3.2493765e-11,0.0
2.3672156e-13,0.0
2.8478487e-08,0.0
0.00011085448,0.0
1.2893252e-13,0.0
1.6152628e-08,0.0
1.8472512e-08,0.0
7.096692e-08,0.0
0.019178689,0.0
5.244278e-10,0.0
5.1539853e-08,0.0
2.8079354e-08,0.0
2.081253e-06,0.0
1.0531361e-05,0.0
1.31577475e-11,0.0
1.205271e-19,0.0
1.275337e-10,0.0
4.4032983e-10,0.0
1.6962964e-09,0.0
9.227981e-06,0.0
6.5477934e-10,0.0
7.639824e-08,0.0
2.1426904e-11,0.0
1.2339538e-05,0.0
0.00015166402,0.0
2.8461595e-12,0.0
1.7881939e-06,0.0
4.2520782e-09,0.0
2.9175306e-08,0.0
2.0518248e-14,0.0
7.163216e-09,0.0
8.4517795e-14,0.0
3.2732054e-08,0.0
8.01599e-07,0.0
4.318369e-14,0.0
1.313974e-11,0.0
2.65981e-18,0.0
8.12242e-21,0.0
0.0012152493,0.0
1.5763503e-08,0.0
5.6195374e-12,0.0
1.6990569e-11,0.0
3.3900835e-06,0.0
3.3687083e-05,0.0
5.1832647e-08,0.0
0.0077126026,0.0
2.1875939e-12,0.0
2.5565879e-14,0.0
4.9117546e-07,0.0
2.5738326e-12,0.0
1.0759876e-14,0.0
4.372456e-07,0.0
7.7900375e-10,0.0
1.8190536e-11,0.0
8.60359e-08,0.0
1.1481924e-12,0.0
1.5480472e-08,0.0
1.6302754e-18,0.0
6.933724e-16,0.0
6.1242694e-08,0.0
1.8745156e-13,0.0
4.808993e-08,0.0
2.8882698e-11,0.0
6.259818e-17,0.0
4.6921682e-11,0.0
1.2976198e-09,0.0
4.299403e-13,0.0
3.621927e-06,0.0
8.022203e-10,0.0
1.0318981e-09,0.0
2.6051202e-20,0.0
1.6561273e-12,0.0
7.492965e-17,0.0
0.0012542009,0.0
3.461385e-11,0.0
2.7948217e-09,0.0
8.57525e-11,0.0
3.9244713e-07,0.0
0.0003400445,0.0
5.1951517e-08,0.0
4.456694e-12,0.0
3.742804e-05,0.0
2.9148347e-05,0.0
0.0021820068,0.0
1.6401583e-06,0.0
0.00035610795,0.0
8.203696e-09,0.0
2.402319e-07,0.0
7.9283566e-08,0.0
0.00056988,0.0
0.00011422307,0.0
2.1190765e-15,0.0
0.0046709776,0.0
3.4696974e-09,0.0
1.5180432e-06,0.0
0.008640647,0.0
1.2444177e-08,0.0
2.1235612e-06,0.0
1.9972413e-11,0.0
0.0014338493,0.0
1.2716648e-13,0.0
2.2778259e-07,0.0
2.9613756e-10,0.0
2.9867e-16,0.0
1.2491318e-18,0.0
0.000875324,0.0
8.879934e-11,0.0
3.4167667e-06,0.0
2.6621271e-16,0.0
2.4245524e-11,0.0
2.587413e-08,0.0
1.0704836e-13,0.0
4.970304e-08,0.0
9.754393e-11,0.0
7.606513e-06,0.0
7.570755e-06,0.0
5.9615723e-10,0.0
1.3740839e-11,0.0
9.643694e-07,0.0
3.713636e-08,0.0
4.8639542e-08,0.0
1.394339e-11,0.0
1.20404e-07,0.0
0.008500546,0.0
1.6730449e-10,0.0
1.7244944e-10,0.0
9.160547e-13,0.0
7.27446e-07,0.0
1.684165e-13,0.0
3.36602e-07,0.0
1.6743083e-11,0.0
1.4927137e-13,0.0
2.2468334e-09,0.0
1.6532895e-05,0.0
2.6653075e-16,0.0
4.6569815e-09,0.0
7.005784e-10,0.0
4.1041827e-07,0.0
3.016258e-08,0.0
8.451693e-08,0.0
2.7363553e-06,0.0
5.5919815e-09,0.0
1.2121722e-10,0.0
8.605365e-11,0.0
1.0845556e-09,0.0
6.4304586e-15,0.0
7.0971495e-05,0.0
1.9557109e-07,0.0
8.704836e-07,0.0
0.002608776,0.0
3.0251682e-10,0.0
6.855328e-07,0.0
3.4786762e-09,0.0
2.2614765e-06,0.0
2.0094102e-12,0.0
0.0012322962,0.0
0.00035873055,0.0
0.0010824203,0.0
9.946823e-10,0.0
9.996799e-08,0.0
2.9162413e-07,0.0
6.1375744e-05,0.0
5.496996e-13,0.0
5.6509526e-09,0.0
3.11003e-07,0.0
1.7962106e-09,0.0
1.2162739e-06,0.0
6.485458e-07,0.0
4.3930135e-10,0.0
2.5761867e-07,0.0
3.829007e-06,0.0
4.3368054e-08,0.0
0.0014992952,0.0
1.398188e-10,0.0
6.6433976e-11,0.0
9.389072e-10,0.0
1.6221422e-11,0.0
7.5249975e-15,0.0
1.3457941e-14,0.0
1.2614626e-10,0.0
1.1944415e-12,0.0
1.14047305e-11,0.0
3.6164332e-11,0.0
2.5798145e-06,0.0
6.074587e-10,0.0
2.7395303e-10,0.0
9.359004e-07,0.0
7.983406e-09,0.0
1.1918905e-06,0.0
3.8159705e-08,0.0
4.033035e-05,0.0
3.3595597e-06,0.0
2.6586353e-09,0.0
8.027981e-12,0.0
1.1868656e-08,0.0
1.10795915e-08,0.0
0.00035905838,0.0
1.6237566e-09,0.0
2.470593e-09,0.0
5.8311195e-10,0.0
5.257714e-08,0.0
2.0073793e-07,0.0
1.0118578e-10,0.0
0.00014674664,0.0
2.0730133e-05,0.0
6.472213e-10,0.0
1.1143897e-15,0.0
1.674152e-07,0.0
1.2516482e-10,0.0
2.526501e-05,0.0
3.1236053e-05,0.0
2.9751996e-11,0.0
0.00027430058,0.0
7.1271154e-07,0.0
3.3921776e-07,0.0
4.7579462e-08,0.0
2.954022e-12,0.0
3.0455194e-09,0.0
0.00014963746,0.0
1.126526e-06,0.0
7.947372e-08,0.0
9.614754e-06,0.0
5.2409653e-11,0.0
2.9733524e-06,0.0
3.519982e-10,0.0
1.055569e-17,0.0
1.7041992e-17,0.0
0.0007645488,0.0
1.1871334e-07,0.0
0.0003297627,0.0
3.4188558e-10,0.0
2.2164621e-14,0.0
7.4163654e-07,0.0
8.628666e-12,0.0
2.2103877e-06,0.0
3.966074e-12,0.0
7.760506e-11,0.0
2.3011038e-12,0.0
1.20658615e-05,0.0
9.565583e-14,0.0
2.2411891e-08,0.0
5.4455254e-14,0.0
2.748193e-07,0.0
1.8726363e-09,0.0
1.3881272e-07,0.0
4.207015e-09,0.0
1.4097604e-08,0.0
1.951316e-07,0.0
2.8731026e-07,0.0
5.7537345e-06,0.0
2.2360758e-10,0.0
3.3626287e-07,0.0
4.9014594e-11,0.0
1.9231678e-09,0.0
1.975504e-09,0.0
8.4721094e-08,0.0
3.5369268e-07,0.0
3.745531e-13,0.0
6.9991124e-08,0.0
6.3436266e-05,0.0
6.84936e-17,0.0
1.4145561e-10,0.0
2.5804005e-15,0.0
2.0000205e-07,0.0
5.973532e-11,0.0
3.0983316e-10,0.0
5.417964e-15,0.0
2.7748563e-12,0.0
1.8015771e-05,0.0
1.5657912e-05,0.0
1.2447431e-06,0.0
0.0010416508,0.0
1.995622e-12,0.0
7.7055684e-10,0.0
9.639684e-11,0.0
4.8783174e-12,0.0
4.279598e-06,0.0
0.00880757,0.0
9.973179e-07,0.0
1.0713627e-06,0.0
1.1877778e-05,0.0
7.363108e-07,0.0
1.3556816e-07,0.0
3.112371e-07,0.0
1.0912806e-13,0.0
0.0016427338,0.0
1.4647756e-12,0.0
1.922627e-07,0.0
4.8467196e-08,0.0
0.015842468,0.0
1.0679615e-08,0.0
1.2993608e-09,0.0
1.8062374e-07,0.0
2.9906914e-06,0.0
1.3426912e-11,0.0
0.0013282895,0.0
0.0012494028,0.0
1.9172742e-06,0.0
6.354863e-11,0.0
1.1951052e-11,0.0
2.3683028e-14,0.0
1.0926961e-07,0.0
2.5420195e-07,0.0
3.3586723e-06,0.0
6.935793e-07,0.0
2.923353e-07,0.0
2.6611822e-09,0.0
4.5043283e-12,0.0
8.541457e-06,0.0
8.6169865e-05,0.0
1.5283678e-07,0.0
1.409636e-09,0.0
2.0994793e-08,0.0
6.2672025e-13,0.0
1.5998562e-07,0.0
4.78539e-14,0.0
0.0004595518,0.0
1.838747e-05,0.0
6.593917e-13,0.0
7.025826e-11,0.0
5.7611556e-05,0.0
9.110585e-14,0.0
1.5770231e-09,0.0
4.3470585e-19,0.0
1.1098381e-14,0.0
8.811323e-06,0.0
2.3208963e-11,0.0
5.7602697e-11,0.0
0.00010365512,0.0
2.570625e-15,0.0
0.0013008714,0.0
0.00026589632,0.0
3.6288683e-16,0.0
8.5650397e-17,0.0
9.190323e-15,0.0
0.0022223592,0.0
3.737902e-13,0.0
2.1237691e-16,0.0
2.765404e-12,0.0
0.0031220615,0.0
4.65265e-16,0.0
7.524723e-08,0.0
1.1094747e-13,0.0
1.0716399e-13,0.0
2.0910678e-11,0.0
1.0410149e-10,0.0
9.402733e-09,0.0
5.3608155e-06,0.0
0.0006250739,0.0
2.7691451e-09,0.0
2.3897956e-12,0.0
1.0291512e-07,0.0
2.941281e-07,0.0
1.0466413e-10,0.0
0.0007157922,0.0
1.1970336e-10,0.0
1.4499005e-10,0.0
1.6828904e-09,0.0
3.5369136e-05,0.0
3.649277e-11,0.0
1.1072593e-09,0.0
5.7163396e-10,0.0
5.1145594e-08,0.0
8.969571e-06,0.0
5.3284356e-11,0.0
5.485413e-09,0.0
1.1633947e-06,0.0
1.3125214e-07,0.0
2.2382405e-07,0.0
7.9559586e-15,0.0
1.025519e-17,0.0
0.0001823008,0.0
1.7371849e-06,0.0
0.0006056726,0.0
0.003906369,0.0
9.700274e-07,0.0
6.178042e-05,0.0
1.6139377e-09,0.0
5.2593015e-07,0.0
8.857564e-09,0.0
3.3015327e-05,0.0
2.4755504e-13,0.0
1.785075e-05,0.0
0.00079008937,0.0
8.64765e-15,0.0
0.031067759,0.0
1.8268482e-08,0.0
0.002017945,0.0
4.2084493e-14,0.0
0.006346613,0.0
2.7108513e-06,0.0
9.034418e-09,0.0
6.224303e-06,0.0
3.032677e-11,0.0
9.737264e-07,0.0
3.4457264e-06,0.0
4.118189e-10,0.0
8.1599605e-15,0.0
6.1049108e-15,0.0
1.3250425e-15,0.0
1.4004244e-14,0.0
1.342503e-09,0.0
2.1538469e-08,0.0
5.8135683e-08,0.0
3.1735026e-09,0.0
3.0064307e-08,0.0
0.0043492317,0.0
1.5076708e-12,0.0
3.7869694e-07,0.0
6.2157635e-09,0.0
3.2556685e-10,0.0
5.647735e-15,0.0
1.641932e-09,0.0
1.8760826e-07,0.0
6.19464e-08,0.0
6.626013e-10,0.0
0.0002579689,0.0
1.3528633e-11,0.0
3.4834763e-13,0.0
1.3125747e-06,0.0
2.907157e-06,0.0
1.6410484e-10,0.0
7.086983e-11,0.0
0.0007030964,0.0
9.856873e-13,0.0
1.2520486e-11,0.0
2.4856007e-16,0.0
1.7547909e-18,0.0
9.773353e-05,0.0
2.7645447e-08,0.0
5.696458e-05,0.0
3.8128978e-13,0.0
1.3743882e-07,0.0
4.809898e-13,0.0
0.001706332,0.0
4.0630944e-08,0.0
1.02147e-10,0.0
3.860059e-09,0.0
1.5579315e-12,0.0
5.930819e-16,0.0
7.1418266e-16,0.0
1.3966348e-09,0.0
2.1487475e-11,0.0
0.0032687485,0.0
3.0232452e-15,0.0
1.6578744e-09,0.0
2.7627525e-08,0.0
0.008412987,0.0
2.59024e-06,0.0
3.1748406e-09,0.0
2.0449909e-07,0.0
4.544226e-14,0.0
3.7583717e-08,0.0
5.7883323e-11,0.0
3.503318e-06,0.0
6.086799e-14,0.0
1.531642e-05,0.0
1.4133634e-07,0.0
1.3691893e-07,0.0
7.034002e-08,0.0
2.0858367e-08,0.0
8.045161e-09,0.0
2.7315386e-05,0.0
2.3529304e-11,0.0
0.0008434355,0.0
4.234756e-10,0.0
6.532693e-12,0.0
0.0003606379,0.0
1.2496992e-10,0.0
1.1530846e-06,0.0
1.1162544e-09,0.0
1.6660998e-06,0.0
3.586001e-13,0.0
1.961376e-05,0.0
8.275458e-12,0.0
1.5733186e-09,0.0
4.4988923e-05,0.0
8.581643e-12,0.0
3.142557e-11,0.0
0.0003232956,0.0
2.8044655e-09,0.0
9.345929e-05,0.0
9.759539e-09,0.0
3.8741893e-10,0.0
2.912574e-06,0.0
5.114181e-11,0.0
7.6805875e-08,0.0
2.121339e-17,0.0
2.915833e-16,0.0
2.0163364e-08,0.0
1.5145275e-12,0.0
0.010304481,0.0
1.5317476e-14,0.0
4.6054546e-10,0.0
1.7551042e-12,0.0
7.66077e-10,0.0
0.001896292,0.0
6.800994e-07,0.0
7.093065e-12,0.0
8.069242e-09,0.0
3.4382386e-10,0.0
4.454486e-15,0.0
0.001856029,0.0
7.558235e-05,0.0
7.000221e-08,0.0
0.00018042326,0.0
5.188692e-13,0.0
1.6463081e-11,0.0
3.1353183e-15,0.0
9.298339e-05,0.0
1.0323159e-08,0.0
3.1741823e-08,0.0
7.649624e-15,0.0
6.167098e-09,0.0
3.7763987e-09,0.0
3.410807e-09,0.0
7.316421e-05,0.0
5.615182e-10,0.0
2.5642277e-07,0.0
1.7921624e-05,0.0
8.808155e-08,0.0
3.630084e-10,0.0
0.00016024709,0.0
1.2936783e-05,0.0
0.0002875924,0.0
4.7598904e-11,0.0
2.1938269e-13,0.0
1.8296075e-07,0.0
0.001072824,0.0
6.715864e-11,0.0
0.00032016635,0.0
6.6683117e-09,0.0
1.3308957e-08,0.0
2.0071848e-08,0.0
8.507177e-13,0.0
2.729058e-10,0.0
2.6484813e-06,0.0
4.790843e-10,0.0
1.7112907e-09,0.0
5.05579e-09,0.0
1.4394972e-06,0.0
6.3989973e-09,0.0
1.6773707e-05,0.0
5.8741284e-07,0.0
1.756192e-05,0.0
1.0900711e-07,0.0
4.396419e-09,0.0
0.00050240755,0.0
1.5607792e-14,0.0
7.475522e-13,0.0
7.0472297e-06,0.0
2.383822e-05,0.0
5.143855e-10,0.0
0.004068762,0.0
7.659379e-07,0.0
3.2118557e-08,0.0
1.900821e-12,0.0
2.524823e-10,0.0
9.754937e-10,0.0
8.158123e-06,0.0
3.8235274e-07,0.0
2.2410129e-07,0.0
4.144362e-08,0.0
3.1309336e-14,0.0
2.3506195e-06,0.0
0.01282379,0.0
2.9377918e-14,0.0
2.476821e-09,0.0
3.4076936e-12,0.0
2.436181e-07,0.0
2.7216038e-10,0.0
6.847687e-06,0.0
6.4019356e-10,0.0
3.7377883e-09,0.0
3.4596216e-08,0.0
2.9128347e-10,0.0
1.2587096e-08,0.0
3.608231e-09,0.0
4.043752e-11,0.0
3.0984886e-08,0.0
2.07977e-16,0.0
2.0662667e-09,0.0
1.5416083e-09,0.0
6.4667584e-14,0.0
6.3227473e-16,0.0
5.800717e-09,0.0
3.2945944e-05,0.0
0.020867944,0.0
9.037794e-13,0.0
3.244085e-09,0.0
3.0866988e-07,0.0
1.7105442e-08,0.0
2.4261634e-10,0.0
1.6268155e-10,0.0
2.2096212e-09,0.0
5.4560995e-10,0.0
0.0011963248,0.0
2.6674381e-05,0.0
1.7613716e-05,0.0
3.8377013e-11,0.0
2.0003266e-10,0.0
0.0083964765,0.0
0.0038366318,0.0
3.9976515e-09,0.0
6.3452385e-06,0.0
7.896178e-09,0.0
5.8357095e-08,0.0
9.331497e-06,0.0
1.1152188e-06,0.0
2.661928e-13,0.0
0.003876537,0.0
7.4444335e-07,0.0
1.267292e-09,0.0
2.2416975e-12,0.0
5.776182e-10,0.0
3.9642045e-09,0.0
3.5705852e-12,0.0
2.1566734e-06,0.0
3.0648276e-15,0.0
4.7743254e-07,0.0
3.0236675e-18,0.0
1.4287982e-09,0.0
3.7083256e-09,0.0
1.6241141e-15,0.0
2.91322e-05,0.0
1.1725148e-08,0.0
2.3601467e-09,0.0
5.869304e-06,0.0
3.0772273e-06,0.0
6.773799e-13,0.0
1.1705779e-11,0.0
2.3125708e-15,0.0
5.46538e-06,0.0
4.80986e-10,0.0
1.9459662e-14,0.0
1.1771687e-16,0.0
5.757977e-10,0.0
1.21496545e-11,0.0
0.00361076,0.0
0.00028547645,0.0
5.5399248e-11,0.0
3.4202825e-11,0.0
8.690728e-14,0.0
9.079665e-08,0.0
8.027339e-08,0.0
3.3144142e-14,0.0
1.8144445e-15,0.0
1.1396566e-09,0.0
1.8201458e-12,0.0
9.320959e-15,0.0
1.4879389e-12,0.0
1.7264296e-10,0.0
3.7645162e-10,0.0
2.0624928e-07,0.0
1.5033894e-08,0.0
1.6286095e-18,0.0
6.6360004e-15,0.0
2.1164455e-05,0.0
4.8744108e-12,0.0
4.5687327e-07,0.0
3.928341e-08,0.0
2.2344458e-15,0.0
1.0607492e-07,0.0
0.00013113022,0.0
1.5167247e-08,0.0
4.2918327e-09,0.0
0.0010265708,0.0
2.7015448e-08,0.0
1.2298421e-16,0.0
9.524212e-12,0.0
9.1498616e-20,0.0
8.135757e-09,0.0
4.5607704e-09,0.0
3.247586e-11,0.0
2.7911874e-06,0.0
1.3852047e-05,0.0
1.5979256e-11,0.0
4.0088146e-09,0.0
3.9218594e-11,0.0
1.3867536e-11,0.0
2.5410251e-15,0.0
3.4077286e-05,0.0
0.0034644902,0.0
7.2064893e-10,0.0
0.00017663836,0.0
0.00095653534,0.0
1.8172514e-06,0.0
1.1775769e-13,0.0
2.2731178e-10,0.0
4.0549833e-18,0.0
6.935055e-10,0.0
4.0633056e-22,0.0
5.19829e-13,0.0
3.3522302e-10,0.0
9.324472e-09,0.0
0.00032231212,0.0
1.1652195e-09,0.0
1.9825742e-05,0.0
1.1842334e-12,0.0
0.0006249249,0.0
1.8892186e-12,0.0
3.3179822e-06,0.0
2.50225e-06,0.0
1.01349014e-17,0.0
5.858243e-21,0.0
4.1857044e-15,0.0
1.6391065e-09,0.0
0.0002078712,0.0
1.1577875e-08,0.0
2.757275e-06,0.0
3.0339702e-09,0.0
6.756593e-11,0.0
2.2758552e-10,0.0
4.4299057e-08,0.0
3.8558428e-09,0.0
2.0847657e-09,0.0
0.00025466084,0.0
9.1957285e-14,0.0
5.316532e-13,0.0
4.5067146e-17,0.0
1.4162819e-09,0.0
2.3881598e-12,0.0
2.9782418e-08,0.0
1.850432e-08,0.0
1.1193537e-14,0.0
8.790254e-14,0.0
7.544148e-09,0.0
2.340716e-10,0.0
2.1993223e-18,0.0
2.5283089e-05,0.0
1.0576249e-09,0.0
5.71938e-07,0.0
1.1568347e-14,0.0
6.0122794e-08,0.0
5.6093595e-06,0.0
2.9876022e-11,0.0
2.5002459e-12,0.0
1.560336e-10,0.0
1.0933919e-08,0.0
4.954691e-10,0.0
1.9007957e-12,0.0
7.4167676e-09,0.0
2.1366282e-05,0.0
1.5618687e-11,0.0
4.3850905e-06,0.0
5.051722e-09,0.0
2.643703e-07,0.0
1.0403326e-09,0.0
0.00044825673,0.0
0.00026914477,0.0
2.9236132e-12,0.0
4.6060086e-06,0.0
3.2702187e-14,0.0
0.000543803,0.0
3.6530383e-07,0.0
3.5390304e-08,0.0
1.1520044e-13,0.0
5.7857164e-11,0.0
3.539567e-10,0.0
3.2600728e-11,0.0
8.382211e-08,0.0
1.924629e-12,0.0
2.327102e-11,0.0
2.3535376e-10,0.0
2.159053e-09,0.0
0.00030955672,0.0
7.379122e-05,0.0
1.5969308e-09,0.0
1.2435539e-12,0.0
4.1860101e-10,0.0
1.6940314e-11,0.0
5.1134492e-11,0.0
1.6949562e-05,0.0
0.0007343292,0.0
1.3375145e-12,0.0
1.5110996e-12,0.0
3.3462057e-14,0.0
7.6104914e-11,0.0
1.310205e-15,0.0
5.98616e-14,0.0
1.087048e-11,0.0
2.7316812e-11,0.0
2.3476956e-10,0.0
2.515222e-12,0.0
2.0714002e-13,0.0
0.00015211105,0.0
4.108056e-05,0.0
3.9196776e-10,0.0
8.541501e-09,0.0
1.0112902e-07,0.0
1.9411521e-09,0.0
0.00023335218,0.0
2.403143e-08,0.0
3.476998e-09,0.0
3.3043833e-07,0.0
5.5552944e-09,0.0
1.6681913e-07,0.0
3.9756665e-10,0.0
1.0516836e-11,0.0
0.00031673908,0.0
1.4176313e-08,0.0
5.8792568e-05,0.0
1.367837e-11,0.0
0.00027123094,0.0
1.4353771e-05,0.0
1.4631583e-09,0.0
1.0063925e-08,0.0
1.722913e-10,0.0
1.0466972e-10,0.0
0.00014126301,0.0
7.304738e-08,0.0
3.8187072e-16,0.0
7.3906295e-07,0.0
2.6194746e-09,0.0
2.4508142e-06,0.0
9.764171e-06,0.0
4.789817e-11,0.0
6.2171324e-11,0.0
0.0038882196,0.0
7.210481e-05,0.0
1.4673631e-07,0.0
4.898981e-06,0.0
0.0016838014,0.0
1.8272849e-05,0.0
6.416946e-07,0.0
4.870635e-13,0.0
3.0379954e-16,0.0
0.0005431175,0.0
0.0010595322,0.0
1.6790287e-07,0.0
5.200393e-13,0.0
2.668266e-10,0.0
5.825234e-08,0.0
1.18683845e-08,0.0
6.2290805e-05,0.0
1.4551619e-06,0.0
4.330048e-14,0.0
2.2136455e-09,0.0
5.888123e-16,0.0
6.0216662e-12,0.0
9.145011e-07,0.0
2.8324262e-06,0.0
2.4552085e-09,0.0
1.2635078e-05,0.0
1.5460643e-08,0.0
2.3277778e-10,0.0
3.389403e-07,0.0
3.722516e-11,0.0
1.2653049e-08,0.0
1.5911329e-09,0.0
3.681775e-10,0.0
1.197917e-07,0.0
2.988097e-08,0.0
3.6792477e-10,0.0
0.005443096,0.0
1.1373704e-12,0.0
5.3827894e-11,0.0
7.414027e-12,0.0
0.0007136762,0.0
0.003118962,0.0
1.1831847e-10,0.0
3.4356212e-11,0.0
2.4005384e-10,0.0
3.6702065e-06,0.0
8.2226476e-10,0.0
1.0978475e-11,0.0
0.00018078089,0.0
6.1879046e-17,0.0
8.1573404e-07,0.0
5.6773484e-08,0.0
1.1067823e-05,0.0
0.00056651235,0.0
1.64787e-14,0.0
8.539897e-07,0.0
1.7679613e-13,0.0
1.0267326e-13,0.0
2.6140928e-10,0.0
2.7285938e-05,0.0
4.1383547e-10,0.0
7.245457e-05,0.0
3.4706354e-10,0.0
5.3533302e-08,0.0
1.592598e-07,0.0
3.139955e-12,0.0
4.392532e-08,0.0
0.0020764172,0.0
1.1253157e-10,0.0
0.005378157,0.0
0.0001372397,0.0
0.0001386702,0.0
1.86889e-05,0.0
1.1626737e-08,0.0
2.6494465e-06,0.0
7.0256743e-12,0.0
1.1089365e-05,0.0
3.564154e-07,0.0
0.0056203604,0.0
3.5550224e-07,0.0
4.2840135e-13,0.0
2.1200977e-09,0.0
0.0004851818,0.0
5.385981e-08,0.0
1.9184792e-08,0.0
1.3661019e-09,0.0
0.0003851056,0.0
0.0005966425,0.0
0.00013813376,0.0
0.0023033023,0.0
2.9712686e-08,0.0
6.5683353e-13,0.0
9.266697e-19,0.0
1.8394403e-14,0.0
6.041733e-11,0.0
1.1184693e-08,0.0
4.720617e-14,0.0
2.209773e-09,0.0
4.0369655e-06,0.0
1.048376e-09,0.0
1.48105865e-08,0.0
6.982822e-07,0.0
7.057348e-07,0.0
1.1411927e-12,0.0
0.00077438354,0.0
6.330635e-06,0.0
6.852431e-13,0.0
5.2577347e-19,0.0
9.973001e-10,0.0
3.3880812e-07,0.0
1.0586461e-09,0.0
2.7193763e-11,0.0
1.4054628e-07,0.0
1.373289e-05,0.0
4.091004e-06,0.0
0.00066927075,0.0
1.0730411e-09,0.0
2.1468223e-07,0.0
6.214662e-05,0.0
2.6386363e-08,0.0
1.7402309e-08,0.0
2.1053133e-05,0.0
0.00045019388,0.0
5.971858e-07,0.0
3.402599e-06,0.0
4.415045e-07,0.0
3.1296477e-08,0.0
1.60184e-08,0.0
0.00015622377,0.0
3.9642246e-14,0.0
4.705801e-07,0.0
4.242013e-11,0.0
4.457279e-09,0.0
2.3836603e-11,0.0
2.3591104e-10,0.0
7.0584484e-08,0.0
3.34866e-05,0.0
8.4038096e-11,0.0
1.1814794e-07,0.0
7.536971e-09,0.0
9.2909674e-10,0.0
4.117999e-07,0.0
1.3291179e-11,0.0
3.7508613e-07,0.0
1.4198546e-13,0.0
5.8844075e-12,0.0
0.00032639503,0.0
0.00027385354,0.0
2.5489284e-05,0.0
5.822348e-11,0.0
1.5828187e-08,0.0
2.187977e-09,0.0
1.21891315e-08,0.0
1.7890563e-05,0.0
1.5527513e-09,0.0
1.3773529e-08,0.0
8.115864e-11,0.0
4.5181237e-11,0.0
0.00020438433,0.0
9.847063e-13,0.0
1.1859096e-06,0.0
4.4272438e-16,0.0
5.2085155e-12,0.0
0.0011481941,0.0
1.7625272e-13,0.0
8.158351e-09,0.0
3.678504e-10,0.0
1.3763849e-14,0.0
6.000488e-07,0.0
2.9889861e-06,0.0
1.2520495e-06,0.0
5.4662266e-09,0.0
1.9944779e-05,0.0
4.7549594e-07,0.0
5.0373348e-14,0.0
1.7485238e-06,0.0
2.7155295e-08,0.0
2.1301755e-08,0.0
1.5508311e-08,0.0
0.00014603138,0.0
9.929492e-15,0.0
1.0060546e-12,0.0
2.6194737e-06,0.0
1.13661254e-10,0.0
1.37713485e-08,0.0
4.1238785e-05,0.0
2.8948563e-10,0.0
3.0192584e-07,0.0
2.0765635e-12,0.0
5.305562e-09,0.0
5.7739156e-09,0.0
1.5228202e-05,0.0
1.7989862e-07,0.0
4.5085042e-09,0.0
1.200994e-07,0.0
2.5562684e-16,0.0
1.3398989e-09,0.0
7.7320245e-10,0.0
1.296924e-06,0.0
7.6013584e-17,0.0
8.4572235e-08,0.0
8.983905e-11,0.0
3.240509e-10,0.0
1.0726538e-10,0.0
1.1305658e-16,0.0
0.0022859871,0.0
3.1009965e-11,0.0
0.009476274,0.0
9.12939e-10,0.0
1.1643741e-11,0.0
5.243857e-14,0.0
4.4686983e-11,0.0
2.8787554e-07,0.0
1.2730931e-11,0.0
2.4729562e-08,0.0
1.9471091e-11,0.0
3.7000027e-09,0.0
2.1256742e-12,0.0
5.502832e-08,0.0
3.7274027e-08,0.0
1.1648773e-09,0.0
1.15630225e-08,0.0
2.551835e-07,0.0
0.00044873357,0.0
0.0033432841,0.0
3.8633569e-10,0.0
7.474912e-12,0.0
1.5351839e-07,0.0
4.5882917e-08,0.0
0.014059305,0.0
0.031315774,0.0
3.292089e-08,0.0
1.0717829e-17,0.0
1.0550378e-09,0.0
2.1753821e-19,0.0
7.508721e-12,0.0
1.732976e-09,0.0
6.2462004e-07,0.0
0.015472323,0.0
3.1862327e-13,0.0
9.243494e-13,0.0
5.681086e-06,0.0
0.0005327463,0.0
1.5969691e-07,0.0
3.2975862e-09,0.0
7.9835083e-10,0.0
4.978606e-08,0.0
2.7100126e-05,0.0
8.8733785e-08,0.0
6.723856e-07,0.0
6.0750044e-10,0.0
1.7452075e-11,0.0
1.1115476e-05,0.0
0.00017866492,0.0
0.00015860796,0.0
6.2463785e-09,0.0
1.4871921e-09,0.0
2.6589128e-10,0.0
6.805603e-10,0.0
0.00037690997,0.0
4.662513e-15,0.0
4.922624e-07,0.0
1.0297343e-11,0.0
0.004789531,0.0
9.465091e-05,0.0
7.122215e-15,0.0
4.0479292e-10,0.0
6.894732e-11,0.0
4.2165883e-14,0.0
2.3051423e-07,0.0
5.048445e-10,0.0
6.57097e-12,0.0
0.00017368793,0.0
8.683983e-05,0.0
1.4545638e-08,0.0
2.158458e-11,0.0
2.80179e-07,0.0
3.2482556e-05,0.0
8.1063496e-11,0.0
9.63163e-12,0.0
7.529913e-06,0.0
4.247598e-06,0.0
1.0398208e-09,0.0
4.735793e-11,0.0
0.0017240345,0.0
1.8534396e-10,0.0
1.2170504e-15,0.0
9.046678e-07,0.0
7.890825e-11,0.0
1.40769795e-14,0.0
1.5525898e-11,0.0
0.0051630735,0.0
1.0217858e-06,0.0
3.4601548e-05,0.0
3.0092548e-07,0.0
5.217517e-07,0.0
1.1547776e-07,0.0
2.887634e-07,0.0
3.1479307e-12,0.0
2.6388744e-07,0.0
4.000081e-07,0.0
5.047163e-18,0.0
1.8567845e-05,0.0
6.46618e-06,0.0
1.357162e-10,0.0
1.0454073e-12,0.0
2.1519315e-06,0.0
0.00071778893,0.0
2.146424e-08,0.0
0.00033539534,0.0
1.2292191e-11,0.0
3.0073855e-10,0.0
1.5025725e-08,0.0
3.5677612e-15,0.0
1.2167725e-14,0.0
2.7556383e-11,0.0
3.726742e-08,0.0
2.5757974e-08,0.0
8.756892e-09,0.0
1.5570205e-07,0.0
1.0013127e-12,0.0
0.0007582009,0.0
4.6150188e-15,0.0
5.5516237e-11,0.0
4.8239117e-12,0.0
1.08854195e-07,0.0
8.657748e-06,0.0
2.83639e-11,0.0
9.536042e-09,0.0
1.5946935e-13,0.0
6.438229e-07,0.0
0.000792861,0.0
5.340738e-05,0.0
0.00040087104,0.0
0.000118748394,0.0
1.1168136e-07,0.0
0.013014644,0.0
1.4697738e-12,0.0
4.141732e-11,0.0
1.8634032e-18,0.0
1.4852122e-07,0.0
1.6809577e-07,0.0
9.0101846e-17,0.0
5.7380833e-27,0.0
4.2689124e-05,0.0
1.1596406e-06,0.0
1.8640269e-05,0.0
0.001126796,0.0
2.0073517e-06,0.0
9.341842e-10,0.0
1.2209289e-07,0.0
0.00343436,0.0
1.6080266e-08,0.0
3.4037527e-07,0.0
2.397399e-14,0.0
0.00016742945,0.0
8.395739e-10,0.0
5.903113e-12,0.0
6.3916017e-10,0.0
1.5921444e-12,0.0
7.969625e-12,0.0
5.1371294e-06,0.0
4.3788942e-13,0.0
0.021053165,0.0
5.1211766e-16,0.0
2.2301094e-13,0.0
8.204768e-11,0.0
0.003516227,0.0
2.9429432e-12,0.0
3.2206037e-06,0.0
2.982495e-11,0.0
0.003445387,0.0
4.655367e-12,0.0
0.0016209483,0.0
5.546461e-14,0.0
3.7515084e-09,0.0
1.959277e-14,0.0
1.0593298e-07,0.0
1.340314e-15,0.0
4.359536e-09,0.0
4.1862658e-10,0.0
1.9260725e-08,0.0
2.6881256e-07,0.0
0.00012113716,0.0
2.9787732e-06,0.0
9.271383e-15,0.0
0.000670135,0.0
5.1103826e-13,0.0
1.9957963e-07,0.0
1.3133583e-10,0.0
1.3021722e-16,0.0
1.9371824e-10,0.0
6.8091094e-06,0.0
8.8714064e-10,0.0
2.8643128e-05,0.0
4.690588e-17,0.0
2.4532824e-07,0.0
2.7870353e-06,0.0
1.8821998e-10,0.0
4.730122e-08,0.0
5.5932524e-16,0.0
4.431348e-13,0.0
8.598814e-12,0.0
6.73979e-09,0.0
2.9254026e-09,0.0
3.4711405e-09,0.0
1.0776297e-08,0.0
1.2905703e-09,0.0
3.2046717e-08,0.0
1.4891842e-06,0.0
6.644697e-09,0.0
2.0079901e-07,0.0
1.3916854e-10,0.0
1.830596e-10,0.0
1.0830192e-06,0.0
1.232839e-12,0.0
8.6324844e-16,0.0
1.407786e-11,0.0
2.3012983e-07,0.0
3.3610672e-09,0.0
3.5334066e-11,0.0
3.233093e-07,0.0
3.5973137e-08,0.0
2.8330864e-11,0.0
1.4195675e-17,0.0
6.409032e-05,0.0
4.08721e-17,0.0
8.710276e-18,0.0
2.958391e-05,0.0
1.997423e-12,0.0
1.8053263e-09,0.0
6.959629e-08,0.0
1.3174535e-09,0.0
2.1127227e-09,0.0
0.0008429587,0.0
3.9948716e-08,0.0
1.06663935e-10,0.0
0.00044292212,0.0
3.8368213e-08,0.0
3.9996916e-11,0.0
0.0011279583,0.0
1.137932e-09,0.0
7.410316e-10,0.0
1.850982e-05,0.0
1.8392572e-11,0.0
9.057537e-09,0.0
1.3717052e-05,0.0
1.2564248e-10,0.0
3.661254e-15,0.0
1.923336e-06,0.0
2.9053652e-07,0.0
1.5805803e-08,0.0
8.115004e-17,0.0
1.1331994e-09,0.0
1.6168326e-05,0.0
1.3407061e-06,0.0
4.6939384e-08,0.0
8.697453e-12,0.0
3.502463e-06,0.0
3.7660495e-12,0.0
2.303437e-07,0.0
1.5234266e-06,0.0
9.883049e-15,0.0
0.00435248,0.0
5.5116533e-07,0.0
1.2556599e-11,0.0
3.8018213e-14,0.0
6.1056395e-09,0.0
8.255622e-09,0.0
8.607388e-10,0.0
4.692909e-08,0.0
1.5758415e-09,0.0
0.013312578,0.0
1.0237857e-13,0.0
0.013916045,0.0
3.205038e-12,0.0
9.315265e-05,0.0
3.6139114e-10,0.0
5.3512824e-14,0.0
0.00038471818,0.0
1.2646741e-06,0.0
4.778947e-06,0.0
1.4931567e-07,0.0
5.124952e-07,0.0
4.989338e-12,0.0
1.1013496e-08,0.0
4.081376e-09,0.0
4.7294785e-13,0.0
5.990345e-07,0.0
2.412138e-05,0.0
2.9660554e-18,0.0
1.5073324e-07,0.0
3.0658652e-17,0.0
0.004556,0.0
2.340994e-09,0.0
4.365933e-06,0.0
1.19051194e-07,0.0
0.0025336742,0.0
1.7864492e-09,0.0
7.11919e-10,0.0
2.0941182e-10,0.0
1.1999882e-08,0.0
8.94749e-09,0.0
4.5824454e-06,0.0
2.3207112e-14,0.0
1.993395e-06,0.0
7.635704e-11,0.0
1.9720961e-21,0.0
5.1434794e-11,0.0
4.0073775e-09,0.0
1.0490556e-10,0.0
1.368714e-07,0.0
2.5563569e-08,0.0
9.752625e-11,0.0
1.5191741e-08,0.0
1.1476534e-09,0.0
0.00068572164,0.0
7.153177e-10,0.0
8.4921865e-08,0.0
1.3461543e-09,0.0
1.0136543e-10,0.0
1.2271116e-06,0.0
8.4433105e-07,0.0
0.0012667477,0.0
1.2429737e-07,0.0
1.5010976e-15,0.0
8.947085e-08,0.0
5.804487e-14,0.0
3.6083493e-12,0.0
4.5074316e-08,0.0
1.9950902e-11,0.0
1.5427027e-05,0.0
1.111718e-13,0.0
2.7536667e-27,0.0
2.479786e-12,0.0
1.3797281e-18,0.0
1.1751663e-07,0.0
0.0005964637,0.0
5.300502e-10,0.0
2.3557905e-15,0.0
3.897557e-18,0.0
4.2501885e-13,0.0
1.074976e-05,0.0
4.5319386e-16,0.0
6.433123e-18,0.0
6.6861024e-13,0.0
6.9362935e-15,0.0
0.0037871897,0.0
1.0392722e-06,0.0
2.1509734e-06,0.0
1.532551e-05,0.0
9.579622e-05,0.0
9.524166e-14,0.0
0.00414145,0.0
0.00069803,0.0
1.7858512e-11,0.0
1.9556063e-07,0.0
2.88507e-06,0.0
9.15658e-17,0.0
8.246596e-11,0.0
5.7773356e-11,0.0
7.891242e-12,0.0
4.8850196e-24,0.0
1.4306536e-15,0.0
2.9409532e-05,0.0
7.583496e-11,0.0
1.717495e-15,0.0
4.176568e-06,0.0
4.0270773e-09,0.0
5.0879194e-08,0.0
5.0539896e-08,0.0
6.9316297e-10,0.0
2.1202007e-11,0.0
1.7449088e-10,0.0
7.1712405e-09,0.0
5.371441e-09,0.0
4.581434e-05,0.0
7.684049e-07,0.0
2.4885627e-05,0.0
9.656496e-07,0.0
7.135576e-05,0.0
6.310629e-06,0.0
1.2041955e-06,0.0
6.8813674e-12,0.0
1.5146949e-16,0.0
1.5711791e-07,0.0
0.0006684065,0.0
3.3822924e-11,0.0
3.8047563e-08,0.0
1.5361561e-11,0.0
5.896231e-05,0.0
3.2339578e-10,0.0
9.1377475e-11,0.0
4.3318288e-08,0.0
2.1166582e-10,0.0
7.420026e-08,0.0
5.9524485e-10,0.0
5.800176e-16,0.0
0.0010623932,0.0
2.7882567e-09,0.0
1.1574099e-08,0.0
5.568167e-11,0.0
3.2028596e-10,0.0
2.4728574e-06,0.0
4.54012e-10,0.0
0.00021079183,0.0
9.821062e-14,0.0
1.2861333e-15,0.0
5.980766e-09,0.0
8.561975e-12,0.0
5.69084e-10,0.0
0.009452552,0.0
0.0009312928,0.0
5.715374e-16,0.0
0.0002155602,0.0
4.4064343e-09,0.0
2.724143e-14,0.0
2.8769412e-07,0.0
9.389968e-10,0.0
2.991671e-09,0.0
9.6953855e-08,0.0
0.0035628974,0.0
7.507841e-10,0.0
1.3607215e-09,0.0
2.1004524e-12,0.0
8.234343e-13,0.0
7.884424e-09,0.0
1.7528955e-09,0.0
1.8451227e-06,0.0
3.854959e-06,0.0
4.9227815e-08,0.0
1.4203899e-07,0.0
2.5477582e-06,0.0
1.4547814e-10,0.0
0.0015798211,0.0
1.8315022e-12,0.0
3.2691172e-09,0.0
1.4208966e-07,0.0
5.094545e-07,0.0
1.6713937e-20,0.0
0.00012898445,0.0
0.00043827295,0.0
1.2438888e-15,0.0
5.975771e-13,0.0
1.6460712e-09,0.0
6.000321e-11,0.0
2.2450211e-13,0.0
5.2542112e-17,0.0
9.923198e-09,0.0
3.5101973e-08,0.0
9.92162e-07,0.0
1.4428129e-07,0.0
3.1694967e-06,0.0
0.0047962368,0.0
4.9883725e-10,0.0
6.987331e-09,0.0
3.0051395e-05,0.0
2.1989294e-13,0.0
7.833119e-08,0.0
0.00045502186,0.0
0.00022551417,0.0
2.6323665e-09,0.0
2.5346364e-07,0.0
1.4763663e-07,0.0
2.0828324e-07,0.0
3.2434157e-06,0.0
4.176858e-12,0.0
0.005406469,0.0
2.4289315e-05,0.0
5.9444083e-05,0.0
6.15319e-06,0.0
0.00097462535,0.0
0.0009870827,0.0
0.00015071034,0.0
1.1181442e-06,0.0
2.9667583e-06,0.0
6.784688e-09,0.0
0.006561935,0.0
0.013621867,0.0
0.00012722611,0.0
1.497327e-06,0.0
5.3785076e-08,0.0
3.598245e-09,0.0
2.2465238e-10,0.0
0.0001860559,0.0
0.0006209612,0.0
0.001862824,0.0
3.754614e-06,0.0
8.391092e-11,0.0
0.0006040633,0.0
0.0004441738,0.0
3.0090928e-06,0.0
5.9234953e-06,0.0
1.8821829e-09,0.0
8.380784e-09,0.0
2.2313234e-08,0.0
5.6285163e-08,0.0
9.653705e-07,0.0
9.687962e-14,0.0
4.8810147e-09,0.0
4.3833424e-08,0.0
0.0011895895,0.0
9.527518e-16,0.0
0.000174433,0.0
1.8701101e-08,0.0
0.0001007398,0.0
0.00012803078,0.0
3.029536e-12,0.0
3.099702e-05,0.0
1.5125192e-07,0.0
4.7808697e-12,0.0
0.00040730834,0.0
0.00024551153,0.0
1.9536444e-08,0.0
0.0006968677,0.0
9.590751e-08,0.0
3.1656397e-15,0.0
0.0014032722,0.0
5.7731138e-12,0.0
1.7787534e-05,0.0
4.9616498e-05,0.0
3.576672e-12,0.0
4.6522164e-08,0.0
1.4006718e-08,0.0
7.794485e-09,0.0
4.9550314e-10,0.0
9.968258e-06,0.0
0.0011027157,0.0
9.362142e-06,0.0
2.284703e-05,0.0
0.0034511387,0.0
1.1375956e-09,0.0
0.0020964444,0.0
1.2934753e-06,0.0
4.942612e-07,0.0
0.000116897114,0.0
4.7714355e-05,0.0
3.331176e-11,0.0
5.407533e-07,0.0
0.00013589859,0.0
1.7805643e-05,0.0
4.0202661e-07,0.0
3.605649e-10,0.0
8.286593e-12,0.0
2.4336708e-07,0.0
1.2245518e-09,0.0
0.004010737,0.0
3.369714e-05,0.0
4.859774e-07,0.0
7.485289e-11,0.0
3.6501486e-14,0.0
2.2831116e-10,0.0
1.5383039e-09,0.0
6.1941408e-09,0.0
1.1624132e-06,0.0
2.640133e-05,0.0
5.4419047e-09,0.0
3.0094327e-07,0.0
0.0006816983,0.0
9.594317e-12,0.0
5.4191287e-20,0.0
4.1419017e-13,0.0
9.4127214e-14,0.0
1.5493697e-09,0.0
2.4609915e-11,0.0
3.970243e-09,0.0
5.1279494e-05,0.0
1.764411e-09,0.0
3.9061862e-05,0.0
0.0060356855,0.0
9.146517e-19,0.0
9.173207e-07,0.0
0.0027489662,0.0
1.5953386e-09,0.0
0.0039406717,0.0
3.488931e-08,0.0
1.8908524e-15,0.0
1.4446262e-05,0.0
2.2761843e-07,0.0
0.00030842423,0.0
2.73507e-11,0.0
2.3216994e-17,0.0
3.5521748e-13,0.0
0.0012095273,0.0
1.1574115e-09,0.0
1.531087e-05,0.0
7.4463503e-07,0.0
4.4597667e-07,0.0
0.00015035272,0.0
2.1543606e-08,0.0
2.997091e-09,0.0
1.7461041e-10,0.0
1.7850664e-07,0.0
3.465797e-08,0.0
2.7228646e-07,0.0
2.4353143e-11,0.0
1.2436295e-05,0.0
3.059833e-08,0.0
1.8240609e-10,0.0
1.6243113e-05,0.0
1.0978036e-11,0.0
1.6976844e-06,0.0
5.9221608e-12,0.0
4.7040731e-07,0.0
2.7825586e-11,0.0
4.187085e-06,0.0
2.50661e-07,0.0
1.0150749e-09,0.0
1.8578192e-16,0.0
8.194342e-21,0.0
1.3590306e-05,0.0
2.394791e-09,0.0
1.567703e-08,0.0
4.117375e-05,0.0
1.9912511e-14,0.0
4.4148166e-15,0.0
4.9210656e-11,0.0
2.5360157e-06,0.0
5.9222536e-15,0.0
8.395454e-13,0.0
9.3834926e-05,0.0
4.2656993e-06,0.0
7.290018e-14,0.0
0.0045886934,0.0
4.594661e-05,0.0
1.4715111e-07,0.0
1.7095184e-10,0.0
2.8040566e-07,0.0
8.455223e-12,0.0
0.0018364787,0.0
1.1488239e-11,0.0
1.3785407e-12,0.0
9.851411e-19,0.0
2.7495297e-13,0.0
1.0396456e-14,0.0
2.6898115e-12,0.0
1.487334e-09,0.0
4.8602075e-08,0.0
0.0023083389,0.0
2.1826863e-10,0.0
7.024969e-05,0.0
3.0288227e-10,0.0
9.571626e-10,0.0
7.033921e-08,0.0
4.066149e-08,0.0
3.406269e-09,0.0
1.2550346e-06,0.0
4.1173703e-11,0.0
1.6797486e-06,0.0
1.0863164e-07,0.0
1.5944085e-08,0.0
4.3064147e-06,0.0
1.850624e-14,0.0
1.8491028e-07,0.0
3.6350619e-12,0.0
3.670572e-09,0.0
1.826294e-12,0.0
3.5705057e-07,0.0
0.00026911497,0.0
4.2848737e-12,0.0
1.0486819e-13,0.0
1.34870295e-14,0.0
3.0522276e-07,0.0
0.0003376603,0.0
8.785637e-12,0.0
1.605883e-17,0.0
9.984773e-12,0.0
4.8298314e-12,0.0
2.6690128e-11,0.0
3.0938304e-11,0.0
1.1062612e-12,0.0
1.6486477e-09,0.0
0.00030818582,0.0
0.0008930266,0.0
6.7313883e-09,0.0
8.0687575e-11,0.0
5.3216396e-19,0.0
1.5889618e-16,0.0
3.8775373e-18,0.0
4.734159e-07,0.0
2.370582e-09,0.0
7.70853e-12,0.0
2.018883e-09,0.0
1.8003662e-05,0.0
3.0492556e-06,0.0
1.1103444e-10,0.0
4.3437405e-09,0.0
0.0032034814,0.0
9.482762e-11,0.0
1.1508264e-07,0.0
1.4097503e-07,0.0
5.887117e-05,0.0
1.6025599e-06,0.0
2.1754607e-08,0.0
1.00168776e-07,0.0
8.399472e-06,0.0
1.9141618e-07,0.0
5.123662e-07,0.0
0.00011596197,0.0
4.5467586e-06,0.0
2.9416753e-08,0.0
0.0019367039,0.0
3.3534393e-06,0.0
1.8253027e-07,0.0
0.0009964406,0.0
6.877351e-16,0.0
2.4313158e-13,0.0
6.913735e-11,0.0
1.4353333e-07,0.0
1.4949427e-08,0.0
3.200019e-07,0.0
3.371338e-14,0.0
4.10477e-05,0.0
3.2137948e-14,0.0
2.110724e-06,0.0
1.0288048e-09,0.0
1.9804583e-12,0.0
1.6639609e-08,0.0
3.1484305e-11,0.0
0.00059375167,0.0
5.242923e-06,0.0
2.798537e-07,0.0
2.1983206e-10,0.0
4.2750053e-06,0.0
8.852768e-05,0.0
1.8281824e-09,0.0
6.7919416e-08,0.0
5.766875e-06,0.0
9.81188e-08,0.0
7.443252e-06,0.0
1.389904e-12,0.0
1.5847249e-08,0.0
0.011922002,0.0
0.00077727437,0.0
4.794611e-13,0.0
0.019747406,0.0
0.00040203333,0.0
1.0855676e-09,0.0
3.1429679e-09,0.0
2.0730607e-07,0.0
5.668408e-09,0.0
0.0017134547,0.0
2.857553e-06,0.0
6.368919e-06,0.0
2.2892126e-17,0.0
4.4865033e-06,0.0
3.764585e-06,0.0
5.253268e-10,0.0
9.591298e-12,0.0
3.8188098e-08,0.0
3.1042902e-07,0.0
1.1846685e-06,0.0
3.0441432e-09,0.0
0.00015351176,0.0
5.388997e-10,0.0
6.910077e-05,0.0
1.1537681e-09,0.0
2.1812296e-10,0.0
2.6310465e-09,0.0
9.940327e-12,0.0
1.340559e-08,0.0
9.172288e-07,0.0
1.8913813e-09,0.0
1.4475574e-10,0.0
9.440253e-13,0.0
3.7301529e-13,0.0
0.00063088536,0.0
0.0057361424,0.0
1.0707507e-10,0.0
1.4811941e-12,0.0
2.5141708e-05,0.0
0.00028711557,0.0
3.2112366e-12,0.0
7.5061453e-06,0.0
5.9251413e-09,0.0
4.128723e-05,0.0
1.9549748e-12,0.0
1.4645711e-09,0.0
6.8095276e-09,0.0
6.645401e-05,0.0
1.7470975e-13,0.0
1.6165634e-08,0.0
5.6575743e-07,0.0
0.0077387393,0.0
2.4269386e-12,0.0
7.671715e-08,0.0
1.5464137e-10,0.0
5.6657325e-11,0.0
1.3519419e-08,0.0
6.4875394e-06,0.0
1.5603544e-13,0.0
2.4666033e-14,0.0
9.725701e-05,0.0
7.1075397e-07,0.0
1.09432445e-08,0.0
8.474445e-21,0.0
4.372347e-11,0.0
0.0021454096,0.0
0.012409806,0.0
6.508075e-10,0.0
1.6013922e-14,0.0
2.9134445e-11,0.0
8.4232477e-10,0.0
2.0322235e-09,0.0
1.0170583e-11,0.0
5.013126e-13,0.0
1.5738973e-06,0.0
5.897206e-08,0.0
2.974207e-11,0.0
5.003176e-06,0.0
7.0819056e-10,0.0
4.1591782e-08,0.0
3.5374734e-07,0.0
1.4945044e-07,0.0
1.8062966e-10,0.0
3.43674e-12,0.0
1.4173299e-21,0.0
1.0500039e-15,0.0
1.9156847e-09,0.0
3.8272196e-05,0.0
8.063009e-06,0.0
1.8457378e-05,0.0
3.7073e-09,0.0
4.992245e-18,0.0
1.175648e-15,0.0
2.07337e-06,0.0
3.006673e-07,0.0
2.533542e-16,0.0
6.213759e-13,0.0
2.0302803e-11,0.0
1.410592e-11,0.0
5.313009e-15,0.0
1.176123e-12,0.0
7.129923e-07,0.0
4.9935417e-10,0.0
6.2291634e-05,0.0
1.08045555e-08,0.0
4.692805e-18,0.0
4.6148188e-14,0.0
2.2039643e-07,0.0
3.456578e-17,0.0
2.0613701e-05,0.0
3.2996137e-08,0.0
1.7492038e-14,0.0
7.5064314e-08,0.0
2.0085072e-07,0.0
3.181703e-05,0.0
7.20054e-10,0.0
0.0009672642,0.0
1.590347e-09,0.0
2.164043e-19,0.0
9.817565e-09,0.0
1.8196696e-24,0.0
1.6235646e-09,0.0
8.1982493e-10,0.0
6.8451494e-11,0.0
2.0244628e-09,0.0
0.0002270639,0.0
2.1046968e-07,0.0
1.205989e-07,0.0
1.1259834e-10,0.0
5.112048e-10,0.0
7.0883264e-17,0.0
7.100927e-07,0.0
0.0115861,0.0
3.5124538e-12,0.0
1.7321881e-05,0.0
0.0021247864,0.0
2.425295e-07,0.0
7.651431e-12,0.0
0.00046277046,0.0
1.6172914e-06,0.0
4.9306845e-08,0.0
7.0681416e-10,0.0
6.3435646e-11,0.0
5.992975e-12,0.0
1.820765e-07,0.0
0.00028061867,0.0
4.2010036e-08,0.0
5.1646052e-11,0.0
0.0064091682,0.0
2.5028894e-12,0.0
1.3913294e-18,0.0
0.0006815791,0.0
3.3515633e-15,0.0
6.183438e-08,0.0
2.1061242e-09,0.0
2.6507185e-11,0.0
0.0020985901,0.0
5.670341e-10,0.0
2.8553366e-09,0.0
4.7184123e-10,0.0
3.996325e-09,0.0
5.2459345e-06,0.0
8.351551e-09,0.0
4.70974e-08,0.0
8.89252e-09,0.0
1.6905094e-06,0.0
0.0050832033,0.0
6.5145613e-09,0.0
8.208357e-10,0.0
2.7607135e-12,0.0
0.0069690645,0.0
1.4320345e-12,0.0
0.0007785857,0.0
0.0051852167,0.0
9.358176e-14,0.0
1.978904e-18,0.0
2.0888206e-10,0.0
3.099096e-07,0.0
1.7942383e-09,0.0
2.2067795e-08,0.0
3.2771268e-09,0.0
0.0020379722,0.0
2.5146283e-11,0.0
2.3171165e-13,0.0
2.8483614e-14,0.0
1.8000148e-12,0.0
3.866189e-13,0.0
1.9359819e-10,0.0
1.3153175e-08,0.0
1.6828303e-06,0.0
2.3537375e-08,0.0
1.1427916e-08,0.0
6.26432e-10,0.0
6.203893e-21,0.0
1.2704784e-07,0.0
3.8131097e-05,0.0
0.00055107474,0.0
0.00032246113,0.0
1.4644251e-10,0.0
0.00010137057,0.0
0.00037518144,0.0
1.3154982e-08,0.0
0.00012555718,0.0
2.5870145e-07,0.0
1.6862568e-10,0.0
1.6501563e-07,0.0
0.00029426813,0.0
2.365818e-06,0.0
1.2676959e-05,0.0
3.6663062e-19,0.0
1.7427318e-12,0.0
3.0604713e-14,0.0
2.1209123e-15,0.0
7.9175685e-15,0.0
2.3596964e-13,0.0
3.865712e-08,0.0
2.747606e-09,0.0
2.2123878e-07,0.0
2.0811235e-12,0.0
3.0129905e-09,0.0
2.5997565e-11,0.0
6.291975e-08,0.0
1.2214883e-10,0.0
8.9863704e-08,0.0
4.2313717e-05,0.0
8.801635e-09,0.0
0.0014327168,0.0
8.2492303e-13,0.0
2.2083946e-17,0.0
2.7450613e-12,0.0
7.0846744e-14,0.0
1.3388668e-09,0.0
2.7356895e-12,0.0
1.91835e-13,0.0
1.9731044e-21,0.0
6.7487696e-07,0.0
0.00060245395,0.0
7.411395e-07,0.0
4.7742597e-06,0.0
5.848839e-11,0.0
3.779657e-12,0.0
0.00056385994,0.0
9.478382e-12,0.0
2.83447e-11,0.0
1.5917773e-06,0.0
3.1104445e-15,0.0
0.00045099854,0.0
2.2974254e-11,0.0
1.2881781e-08,0.0
1.2958996e-07,0.0
1.7173014e-06,0.0
2.6779518e-11,0.0
5.6563723e-18,0.0
2.4800206e-06,0.0
2.5601116e-06,0.0
2.4839924e-06,0.0
4.0424032e-07,0.0
1.434999e-15,0.0
2.9993655e-10,0.0
4.1712193e-13,0.0
0.0023931265,0.0
2.7243966e-11,0.0
3.632491e-08,0.0
7.304285e-10,0.0
5.8890816e-11,0.0
3.6888266e-13,0.0
1.6294613e-10,0.0
0.00039586425,0.0
1.3903536e-06,0.0
5.9315784e-08,0.0
0.0036474466,0.0
7.957192e-14,0.0
1.0897372e-13,0.0
4.0025844e-07,0.0
2.843257e-08,0.0
3.0410437e-13,0.0
1.3441511e-12,0.0
1.3337763e-06,0.0
2.236934e-13,0.0
0.000105861545,0.0
2.7293433e-07,0.0
1.2901855e-14,0.0
0.005174637,0.0
0.0013355911,0.0
5.2509654e-17,0.0
0.00018423796,0.0
6.735168e-06,0.0
0.00046783686,0.0
5.3305804e-11,0.0
2.4900275e-05,0.0
4.40457e-16,0.0
1.539288e-08,0.0
1.22632785e-17,0.0
5.977726e-15,0.0
3.7636777e-13,0.0
1.1698325e-07,0.0
2.4040227e-12,0.0
2.8060645e-06,0.0
5.701354e-11,0.0
5.2686857e-12,0.0
7.834061e-06,0.0
2.9397402e-08,0.0
7.1681884e-06,0.0
3.2995487e-13,0.0
3.2275982e-10,0.0
1.4073137e-07,0.0
1.077932e-08,0.0
5.9676797e-05,0.0
5.1213086e-14,0.0
6.343239e-05,0.0
8.795773e-10,0.0
2.889627e-10,0.0
7.958841e-06,0.0
1.7527885e-09,0.0
1.2217889e-10,0.0
6.3714275e-08,0.0
5.422426e-13,0.0
0.8975557,1.0
0.9716368,1.0
0.99436724,1.0
0.9922916,1.0
0.99229324,1.0
0.9687226,1.0
0.9883604,1.0
0.99478984,1.0
0.98115945,1.0
0.9734342,1.0
0.9898988,1.0
0.98096776,1.0
0.99315464,1.0
0.9579001,1.0
0.95830435,1.0
0.9622847,1.0
0.99723804,1.0
0.98567796,1.0
0.97658825,1.0
0.97233623,1.0
0.9839411,1.0
0.9960238,1.0
0.9409504,1.0
0.99064326,1.0
0.9314122,1.0
0.9492707,1.0
0.9667536,1.0
0.9639225,1.0
0.9723766,1.0
0.98373705,1.0
0.961274,1.0
0.9557317,1.0
0.94069654,1.0
0.95722353,1.0
0.9745878,1.0
0.98971385,1.0
0.9295826,1.0
0.96114796,1.0
0.963367,1.0
0.92820406,1.0
0.99401057,1.0
0.97736025,1.0
0.9951247,1.0
0.9184449,1.0
0.99293256,1.0
0.9384213,1.0
0.9838836,1.0
0.9891926,1.0
0.98766196,1.0
0.97271484,1.0
0.99959385,1.0
0.9974637,1.0
0.99645996,1.0
0.99296105,1.0
0.9629526,1.0
0.98105705,1.0
0.9419795,1.0
0.9936584,1.0
0.9703311,1.0
0.9869111,1.0
0.97950375,1.0
0.8936576,1.0
0.88900006,1.0
0.95394766,1.0
0.9638858,1.0
0.9963541,1.0
0.9204556,1.0
0.9830898,1.0
0.9727378,1.0
0.9604734,1.0
0.9829271,1.0
0.9516705,1.0
0.939024,1.0
0.9849551,1.0
0.9196317,1.0
0.96491045,1.0
0.9805665,1.0
0.97946143,1.0
0.9856061,1.0
0.9719521,1.0
0.99417514,1.0
0.94377446,1.0
0.882375,1.0
0.9540837,1.0
0.9316443,1.0
0.96034205,1.0
0.98027533,1.0
0.91081524,1.0
0.9702171,1.0
0.95245314,1.0
0.95580065,1.0
7.7734286e-10,0.0
1.4330511e-08,0.0
5.2954396e-10,0.0
3.0665806e-12,0.0
8.7260225e-05,0.0
0.0017401874,0.0
0.0006310344,0.0
3.1042249e-09,0.0
2.8859876e-07,0.0
0.00077426434,0.0
3.185928e-06,0.0
9.995397e-10,0.0
1.088669e-10,0.0
2.603401e-13,0.0
0.00045895576,0.0
8.64179e-07,0.0
0.00030177832,0.0
7.047949e-06,0.0
2.4980795e-10,0.0
7.0973654e-09,0.0
6.517981e-16,0.0
9.962668e-27,0.0
8.5742045e-07,0.0
9.454327e-09,0.0
1.2747088e-15,0.0
7.527397e-05,0.0
8.649725e-12,0.0
5.5627508e-12,0.0
5.4267585e-10,0.0
5.4902904e-09,0.0
2.5779786e-05,0.0
1.3486203e-07,0.0
2.2540134e-10,0.0
7.697443e-18,0.0
1.4307622e-12,0.0
8.943996e-12,0.0
9.020963e-14,0.0
1.6263298e-12,0.0
2.3779457e-05,0.0
8.198969e-10,0.0
1.0859341e-09,0.0
8.293953e-14,0.0
2.3431654e-05,0.0
4.6347284e-10,0.0
1.3410429e-11,0.0
1.209696e-14,0.0
2.1592223e-05,0.0
1.0029045e-09,0.0
1.8479701e-08,0.0
6.2418565e-08,0.0
1.3848895e-08,0.0
9.571623e-05,0.0
2.4700476e-12,0.0
2.625223e-08,0.0
2.0676516e-06,0.0
2.463631e-11,0.0
2.2616165e-08,0.0
2.0920303e-10,0.0
2.574923e-08,0.0
3.0910124e-10,0.0
1.3139812e-19,0.0
1.951595e-09,0.0
4.9285944e-09,0.0
1.2666171e-14,0.0
8.7288406e-17,0.0
2.898029e-09,0.0
4.3880273e-06,0.0
1.3398752e-10,0.0
8.0198665e-09,0.0
3.9919192e-14,0.0
6.398097e-08,0.0
1.2258595e-18,0.0
0.00054201484,0.0
0.00021967292,0.0
1.9463501e-05,0.0
6.810797e-10,0.0
2.9383693e-10,0.0
6.1391275e-10,0.0
1.2172723e-09,0.0
8.029644e-06,0.0
7.485043e-08,0.0
4.773645e-06,0.0
4.804283e-07,0.0
2.1341384e-10,0.0
3.2813528e-14,0.0
0.0005412996,0.0
1.4557618e-13,0.0
9.7986764e-08,0.0
4.330403e-14,0.0
0.00035339594,0.0
4.3313118e-14,0.0
3.2305575e-12,0.0
4.83247e-18,0.0
4.1296075e-15,0.0
6.843504e-11,0.0
5.7710426e-05,0.0
1.558151e-05,0.0
2.240009e-16,0.0
0.013568282,0.0
2.6008512e-12,0.0
5.6881547e-08,0.0
1.8658775e-06,0.0
5.8060987e-12,0.0
4.7917036e-13,0.0
1.3063998e-05,0.0
2.63229e-10,0.0
6.322388e-06,0.0
1.8492957e-12,0.0
8.244143e-07,0.0
0.010305285,0.0
6.45131e-10,0.0
4.3178322e-11,0.0
3.2134108e-07,0.0
1.0510336e-06,0.0
9.144233e-11,0.0
3.7878321e-13,0.0
9.381688e-08,0.0
1.1561467e-10,0.0
7.1724256e-14,0.0
1.8914274e-06,0.0
5.205053e-07,0.0
0.005080819,0.0
6.275585e-10,0.0
5.115009e-15,0.0
7.670605e-15,0.0
3.473991e-15,0.0
0.0001783073,0.0
4.714999e-06,0.0
0.0001398325,0.0
0.0017724335,0.0
6.439247e-11,0.0
1.653386e-14,0.0
1.06326344e-10,0.0
0.00068202615,0.0
0.0003090799,0.0
2.4520989e-05,0.0
2.3437094e-06,0.0
2.9108476e-13,0.0
5.825683e-10,0.0
5.590534e-08,0.0
0.0001538992,0.0
7.998443e-05,0.0
1.9672104e-06,0.0
8.7224905e-08,0.0
4.0560105e-15,0.0
2.454951e-09,0.0
6.582059e-08,0.0
5.0366325e-05,0.0
4.152213e-07,0.0
2.0515256e-12,0.0
1.1181103e-13,0.0
9.3533015e-11,0.0
5.454336e-06,0.0
3.0145828e-09,0.0
1.8727869e-12,0.0
4.345261e-11,0.0
8.140829e-10,0.0
2.638065e-10,0.0
1.1114134e-08,0.0
2.4537026e-06,0.0
7.99149e-14,0.0
1.4398246e-07,0.0
0.0011436641,0.0
6.663117e-15,0.0
0.0042001903,0.0
2.9553193e-15,0.0
8.812133e-09,0.0
2.6116425e-07,0.0
2.957857e-15,0.0
5.3127344e-08,0.0
0.00021255016,0.0
3.6324874e-10,0.0
5.0555394e-07,0.0
3.859788e-12,0.0
1.2515621e-14,0.0
3.394311e-12,0.0
3.503179e-09,0.0
1.8699004e-11,0.0
1.258447e-13,0.0
0.005692154,0.0
4.393472e-11,0.0
4.2665863e-21,0.0
3.1109852e-07,0.0
1.5277048e-05,0.0
0.0012641847,0.0
8.268509e-06,0.0
9.3386375e-17,0.0
5.8422135e-08,0.0
2.8856684e-07,0.0
1.5351627e-19,0.0
4.5136153e-07,0.0
7.7889644e-07,0.0
4.353835e-09,0.0
1.0361227e-05,0.0
1.8116048e-12,0.0
4.3122648e-07,0.0
9.132948e-09,0.0
7.914558e-09,0.0
7.130476e-12,0.0
1.152848e-10,0.0
1.2412725e-11,0.0
5.6793822e-05,0.0
1.4721089e-11,0.0
1.8109833e-06,0.0
2.5263223e-13,0.0
9.753534e-06,0.0
5.08536e-11,0.0
1.3748068e-12,0.0
4.1887514e-13,0.0
3.7278328e-10,0.0
4.879532e-10,0.0
1.2433578e-07,0.0
0.00021603703,0.0
0.00013515353,0.0
1.9200507e-07,0.0
5.00893e-13,0.0
0.001439482,0.0
6.0798936e-07,0.0
2.5385671e-09,0.0
1.3717031e-08,0.0
1.8607925e-05,0.0
1.9480862e-07,0.0
1.42375e-06,0.0
2.2357595e-05,0.0
1.9658084e-07,0.0
4.4893592e-13,0.0
1.7860323e-14,0.0
0.0004234314,0.0
1.6578855e-07,0.0
2.3563952e-13,0.0
3.8016768e-10,0.0
3.409739e-21,0.0
5.220943e-14,0.0
1.4236817e-12,0.0
3.2400466e-13,0.0
1.8584112e-12,0.0
4.5517513e-12,0.0
9.550008e-08,0.0
8.013112e-08,0.0
0.0001873374,0.0
5.9177164e-05,0.0
4.6878005e-12,0.0
9.935641e-13,0.0
1.7669788e-11,0.0
0.0031394064,0.0
1.0268422e-17,0.0
9.044286e-15,0.0
1.5485448e-10,0.0
1.4725334e-14,0.0
4.8508025e-10,0.0
4.182996e-05,0.0
3.5142618e-09,0.0
0.00033086538,0.0
8.552685e-09,0.0
1.5428849e-09,0.0
1.0639216e-12,0.0
4.812541e-13,0.0
2.922377e-11,0.0
0.0011962652,0.0
6.755199e-06,0.0
2.1806271e-17,0.0
0.0033799112,0.0
1.1666479e-19,0.0
0.0055480003,0.0
0.008797437,0.0
1.0110876e-11,0.0
0.012574822,0.0
9.976684e-08,0.0
6.061237e-08,0.0
2.637386e-10,0.0
1.0481267e-06,0.0
5.509395e-12,0.0
7.398231e-09,0.0
1.4577742e-12,0.0
1.14811655e-07,0.0
3.7464466e-05,0.0
1.2329639e-08,0.0
3.4946032e-13,0.0
3.5557564e-06,0.0
2.3004253e-18,0.0
1.9736301e-11,0.0
5.8435054e-12,0.0
9.8725375e-11,0.0
3.70379e-15,0.0
2.0847016e-17,0.0
1.0553207e-07,0.0
1.893221e-10,0.0
7.325037e-12,0.0
8.3311934e-11,0.0
7.783832e-13,0.0
0.020377249,0.0
1.7029834e-10,0.0
2.8043626e-10,0.0
2.3159094e-10,0.0
2.550442e-06,0.0
1.8901838e-09,0.0
0.000156641,0.0
7.270716e-14,0.0
1.2377481e-10,0.0
1.5167324e-13,0.0
3.212646e-08,0.0
0.002100557,0.0
9.590206e-11,0.0
5.2873704e-12,0.0
6.1875895e-12,0.0
1.3150888e-05,0.0
2.6498326e-12,0.0
9.852843e-07,0.0
1.6605398e-08,0.0
9.8464016e-14,0.0
0.0013815463,0.0
3.2029178e-08,0.0
4.384623e-15,0.0
4.0497544e-05,0.0
9.498346e-15,0.0
0.0001244247,0.0
9.778484e-10,0.0
2.1988047e-12,0.0
0.006828159,0.0
2.7622994e-08,0.0
0.0065847635,0.0
9.801429e-07,0.0
7.374967e-10,0.0
0.027775109,0.0
3.4548474e-08,0.0
0.008785009,0.0
4.506151e-06,0.0
2.742853e-08,0.0
5.105751e-07,0.0
1.7169759e-13,0.0
4.4049195e-10,0.0
1.500909e-07,0.0
1.6243815e-10,0.0
3.87485e-16,0.0
4.0413235e-11,0.0
6.3488447e-14,0.0
2.7609165e-10,0.0
6.5671964e-05,0.0
0.006414473,0.0
2.493151e-06,0.0
1.0796469e-10,0.0
3.0765364e-05,0.0
2.5963963e-15,0.0
0.001019299,0.0
2.916249e-13,0.0
4.0099935e-16,0.0
1.8023309e-15,0.0
2.5901926e-12,0.0
0.002206564,0.0
2.0078676e-05,0.0
1.3699752e-15,0.0
6.6405503e-10,0.0
4.7383533e-06,0.0
3.5213718e-14,0.0
2.9084823e-10,0.0
8.615301e-11,0.0
8.32201e-08,0.0
5.295059e-05,0.0
3.6038828e-06,0.0
7.5349544e-14,0.0
2.2740828e-08,0.0
7.235145e-15,0.0
4.0478835e-06,0.0
1.37761405e-14,0.0
7.976551e-14,0.0
3.7702904e-08,0.0
2.448536e-12,0.0
2.2478956e-21,0.0
3.267161e-12,0.0
1.4370054e-09,0.0
8.440941e-17,0.0
0.0034525096,0.0
8.177767e-12,0.0
0.0030866861,0.0
4.849195e-13,0.0
7.736672e-06,0.0
3.0226707e-10,0.0
6.269726e-09,0.0
1.0735331e-19,0.0
7.7898023e-13,0.0
1.3983071e-15,0.0
2.0987895e-13,0.0
7.631343e-13,0.0
1.0732979e-11,0.0
2.0314428e-05,0.0
2.2323141e-09,0.0
1.4257668e-11,0.0
1.2652933e-11,0.0
7.293236e-07,0.0
1.9557724e-07,0.0
4.2274067e-05,0.0
1.6344222e-07,0.0
1.0806055e-09,0.0
1.006027e-06,0.0
4.6411815e-12,0.0
2.5325848e-09,0.0
3.7613062e-11,0.0
1.4976241e-06,0.0
0.011922479,0.0
0.00061127543,0.0
2.8930374e-12,0.0
1.5292577e-10,0.0
2.4018044e-12,0.0
2.439296e-09,0.0
4.1761714e-09,0.0
2.0679973e-13,0.0
7.635604e-05,0.0
8.3030245e-06,0.0
0.0022827685,0.0
4.9167173e-09,0.0
1.9444556e-07,0.0
7.247705e-10,0.0
1.1926926e-09,0.0
1.3796733e-06,0.0
1.8166664e-09,0.0
0.0015651286,0.0
3.4079163e-11,0.0
7.577046e-06,0.0
3.857524e-05,0.0
0.003965676,0.0
1.2538505e-15,0.0
1.1663295e-12,0.0
2.8139564e-08,0.0
2.3993457e-12,0.0
2.7733714e-07,0.0
1.3115433e-14,0.0
1.7671045e-10,0.0
2.5722693e-14,0.0
2.3488481e-07,0.0
0.009791434,0.0
7.078196e-09,0.0
8.756916e-11,0.0
8.327643e-09,0.0
1.7441238e-06,0.0
4.1185896e-10,0.0
3.420738e-08,0.0
2.3076299e-09,0.0
4.429378e-06,0.0
1.4600456e-11,0.0
1.279947e-11,0.0
7.0188944e-09,0.0
3.0834028e-15,0.0
1.0116894e-11,0.0
1.30361135e-08,0.0
1.1935123e-12,0.0
3.4122532e-08,0.0
0.0007826388,0.0
1.9937815e-11,0.0
1.4984154e-10,0.0
3.511699e-05,0.0
0.0024427176,0.0
1.2369512e-05,0.0
1.5799095e-10,0.0
0.000115548,0.0
0.004985094,0.0
0.00011454246,0.0
2.5381182e-08,0.0
3.3050165e-09,0.0
1.1607443e-07,0.0
1.6005755e-12,0.0
7.2089693e-16,0.0
0.0028800368,0.0
1.13399565e-08,0.0
9.4022067e-14,0.0
5.7456386e-05,0.0
1.0359812e-11,0.0
7.1286104e-07,0.0
9.674176e-20,0.0
6.9419595e-11,0.0
1.0305233e-05,0.0
2.9275964e-09,0.0
9.947018e-09,0.0
1.5746713e-07,0.0
6.8344356e-08,0.0
2.7532574e-08,0.0
7.140271e-17,0.0
4.5393003e-20,0.0
2.439808e-09,0.0
2.5469027e-10,0.0
1.8261261e-09,0.0
1.3035752e-10,0.0
9.068877e-09,0.0
6.5895575e-12,0.0
6.332734e-07,0.0
1.08864935e-08,0.0
1.8500375e-11,0.0
0.0006260276,0.0
4.2298014e-09,0.0
2.7860225e-10,0.0
0.0005455911,0.0
9.923676e-12,0.0
7.528832e-11,0.0
2.0277466e-06,0.0
3.4326654e-12,0.0
9.832623e-07,0.0
4.2020966e-14,0.0
1.0103282e-05,0.0
3.0168678e-08,0.0
1.6088774e-05,0.0
1.1705134e-18,0.0
1.1299879e-09,0.0
1.8546224e-12,0.0
4.7684794e-14,0.0
4.1121213e-14,0.0
8.752845e-14,0.0
0.004896283,0.0
2.7373768e-11,0.0
4.41812e-05,0.0
2.8793477e-15,0.0
2.335795e-19,0.0
4.354441e-13,0.0
1.6328612e-22,0.0
0.012026846,0.0
8.814732e-18,0.0
2.7870396e-05,0.0
7.0456534e-09,0.0
8.394578e-12,0.0
4.9962553e-05,0.0
8.1607866e-11,0.0
6.9114924e-15,0.0
0.0021066964,0.0
5.4374983e-08,0.0
2.5590923e-09,0.0
6.392731e-19,0.0
2.526038e-09,0.0
5.096479e-18,0.0
8.193376e-09,0.0
1.958816e-06,0.0
1.4374291e-07,0.0
0.00075387955,0.0
2.1105397e-07,0.0
5.62802e-09,0.0
4.181141e-07,0.0
1.8067393e-12,0.0
1.7943643e-06,0.0
1.7782732e-09,0.0
9.070438e-12,0.0
6.2478967e-15,0.0
0.0018802285,0.0
1.3217387e-07,0.0
3.2286093e-13,0.0
1.10834904e-10,0.0
3.8297423e-09,0.0
4.5492516e-12,0.0
0.0013348758,0.0
8.9604276e-07,0.0
8.3499934e-08,0.0
0.0063535273,0.0
5.8557936e-07,0.0
4.851009e-07,0.0
0.0002270639,0.0
0.006318778,0.0
1.7781248e-08,0.0
2.9212892e-08,0.0
0.00097844,0.0
1.9697954e-06,0.0
8.232797e-11,0.0
1.7789773e-05,0.0
0.0017556846,0.0
0.0012426078,0.0
0.008793712,0.0
8.147102e-05,0.0
1.2534993e-07,0.0
0.0021704733,0.0
0.00011891838,0.0
1.1585795e-06,0.0
1.6385298e-11,0.0
5.6802965e-11,0.0
6.613e-05,0.0
3.1606574e-05,0.0
2.244463e-05,0.0
0.002354741,0.0
6.6310495e-05,0.0
6.209685e-05,0.0
0.0015743077,0.0
1.5084936e-08,0.0
8.5853144e-11,0.0
0.0025583804,0.0
1.1418896e-08,0.0
1.1563117e-07,0.0
0.00042501092,0.0
3.4828522e-09,0.0
1.7148636e-07,0.0
0.008415788,0.0
6.423766e-11,0.0
1.295608e-05,0.0
0.0021235049,0.0
4.1762e-05,0.0
2.754472e-07,0.0
0.0015456676,0.0
0.016379029,0.0
9.674817e-06,0.0
0.001653105,0.0
2.9056964e-06,0.0
0.0006868243,0.0
0.042024374,0.0
3.265771e-05,0.0
3.9865213e-08,0.0
4.4455922e-07,0.0
1.4625391e-05,0.0
1.8201321e-08,0.0
3.8182493e-06,0.0
3.0608294e-09,0.0
6.5833774e-08,0.0
1.8565853e-06,0.0
7.186897e-15,0.0
6.125244e-10,0.0
9.2730525e-06,0.0
0.00073859096,0.0
1.3333407e-07,0.0
0.0015624762,0.0
4.9595435e-13,0.0
3.482947e-08,0.0
2.4325594e-05,0.0
2.9169012e-16,0.0
2.5383968e-06,0.0
2.009975e-07,0.0
2.1222814e-10,0.0
3.7098755e-05,0.0
3.855936e-10,0.0
5.5929795e-05,0.0
6.140249e-11,0.0
3.9108622e-06,0.0
3.4061243e-10,0.0
2.2752392e-06,0.0
0.00086542964,0.0
4.7016373e-11,0.0
9.032022e-09,0.0
8.9764e-08,0.0
5.1102567e-09,0.0
1.7431906e-12,0.0
6.0818948e-05,0.0
1.20151e-10,0.0
4.4275106e-10,0.0
6.0399216e-08,0.0
3.1625397e-10,0.0
2.0848652e-09,0.0
1.3000582e-06,0.0
9.107494e-06,0.0
1.38754945e-08,0.0
8.932791e-09,0.0
8.380886e-15,0.0
9.183675e-09,0.0
1.7200925e-10,0.0
5.44219e-11,0.0
1.1922092e-11,0.0
2.769848e-07,0.0
6.8385305e-08,0.0
1.822339e-05,0.0
4.711494e-11,0.0
1.961572e-11,0.0
1.5187947e-08,0.0
5.8490786e-09,0.0
3.3737475e-08,0.0
1.5237046e-11,0.0
8.667536e-14,0.0
0.0071100593,0.0
1.09695755e-08,0.0
1.1481682e-16,0.0
3.0445326e-05,0.0
9.3714e-09,0.0
9.7308074e-08,0.0
7.471841e-10,0.0
9.748575e-14,0.0
2.6880562e-09,0.0
6.1259752e-06,0.0
2.1819975e-08,0.0
0.00012418628,0.0
5.983632e-12,0.0
1.0957702e-11,0.0
5.2994437e-05,0.0
0.002286762,0.0
6.737133e-08,0.0
1.6847283e-08,0.0
3.4433908e-06,0.0
3.8528243e-11,0.0
2.1246028e-13,0.0
5.5978985e-11,0.0
1.6133489e-14,0.0
1.6245782e-12,0.0
1.5592233e-10,0.0
0.00026363134,0.0
4.4250958e-10,0.0
2.6993826e-11,0.0
9.059304e-08,0.0
2.2014916e-11,0.0
2.7403362e-13,0.0
1.677805e-08,0.0
4.9338922e-08,0.0
4.714517e-10,0.0
3.019443e-05,0.0
8.506897e-14,0.0
6.346819e-15,0.0
3.251121e-17,0.0
6.6883996e-09,0.0
2.3669428e-11,0.0
8.618152e-13,0.0
5.114535e-10,0.0
8.868137e-11,0.0
5.870258e-09,0.0
1.7408133e-10,0.0
7.6086275e-09,0.0
7.3718695e-07,0.0
5.7671195e-07,0.0
7.7888485e-10,0.0
3.0294686e-07,0.0
1.4104221e-06,0.0
4.4789847e-13,0.0
5.425931e-10,0.0
1.307713e-08,0.0
1.9944795e-09,0.0
8.678728e-12,0.0
0.0030839145,0.0
1.0238942e-11,0.0
2.1386068e-06,0.0
0.00017112494,0.0
1.3676511e-23,0.0
0.00037935376,0.0
1.1845905e-08,0.0
6.8896056e-11,0.0
9.229215e-15,0.0
3.6692722e-06,0.0
7.646303e-10,0.0
3.095384e-14,0.0
6.561549e-09,0.0
2.4527808e-19,0.0
0.00030183792,0.0
1.5823378e-13,0.0
5.525484e-07,0.0
1.4035445e-11,0.0
2.040326e-12,0.0
3.6118867e-13,0.0
7.7461254e-07,0.0
3.10542e-06,0.0
2.7181564e-12,0.0
7.979705e-13,0.0
4.600911e-12,0.0
0.005503714,0.0
3.166227e-14,0.0
8.0567014e-07,0.0
0.000616312,0.0
0.0016151071,0.0
1.0323295e-16,0.0
1.1535045e-12,0.0
0.0063515604,0.0
1.5570857e-11,0.0
5.7089116e-09,0.0
2.0791378e-10,0.0
1.957801e-05,0.0
9.37596e-09,0.0
2.0367315e-10,0.0
2.558699e-15,0.0
4.62333e-10,0.0
6.3016996e-13,0.0
6.444082e-09,0.0
1.1475889e-07,0.0
1.4209614e-11,0.0
2.8155412e-11,0.0
2.628302e-06,0.0
8.607512e-08,0.0
1.0445614e-06,0.0
5.386801e-05,0.0
0.004424691,0.0
1.5290565e-10,0.0
1.6351209e-05,0.0
2.2597245e-11,0.0
3.577008e-11,0.0
3.360029e-07,0.0
6.0884753e-07,0.0
4.740163e-09,0.0
2.2146381e-07,0.0
2.1298736e-09,0.0
0.00019040704,0.0
6.9651365e-09,0.0
1.14800045e-07,0.0
5.180099e-09,0.0
1.6790757e-08,0.0
1.7181693e-12,0.0
3.740402e-07,0.0
1.3416873e-06,0.0
4.541757e-10,0.0
1.5336526e-19,0.0
6.721522e-09,0.0
4.5085067e-06,0.0
3.6680634e-05,0.0
4.808392e-10,0.0
2.4200207e-18,0.0
3.168182e-08,0.0
1.9616124e-08,0.0
5.78962e-20,0.0
2.0054771e-09,0.0
1.5661496e-07,0.0
2.9443079e-08,0.0
8.196562e-06,0.0
3.3092565e-12,0.0
3.4097928e-05,0.0
1.492008e-09,0.0
4.545347e-09,0.0
3.2169826e-11,0.0
2.3670882e-10,0.0
9.881976e-11,0.0
0.00087073445,0.0
2.5832916e-11,0.0
7.302639e-05,0.0
5.196033e-12,0.0
1.5617006e-05,0.0
1.3072103e-10,0.0
9.876633e-13,0.0
2.436204e-13,0.0
1.7938081e-08,0.0
1.2073773e-10,0.0
5.094406e-08,0.0
0.00020673871,0.0
1.44336755e-05,0.0
6.561456e-07,0.0
6.0977976e-12,0.0
0.00022742152,0.0
7.452062e-07,0.0
3.9159412e-10,0.0
9.28734e-09,0.0
3.2355176e-05,0.0
1.734561e-08,0.0
6.427246e-11,0.0
7.238681e-22,0.0
0.001263231,0.0
1.073259e-11,0.0
3.427504e-08,0.0
1.6069731e-14,0.0
0.0002630651,0.0
2.259894e-06,0.0
5.1648713e-11,0.0
9.7335366e-08,0.0
3.970142e-14,0.0
4.851893e-07,0.0
5.848027e-10,0.0
6.693532e-16,0.0
7.015022e-14,0.0
6.7242975e-11,0.0
5.4850035e-17,0.0
1.7182198e-18,0.0
4.826785e-15,0.0
9.65128e-10,0.0
0.005515218,0.0
0.00013840199,0.0
7.605559e-05,0.0
3.1327167e-12,0.0
0.000105214676,0.0
7.6473786e-11,0.0
0.0016532838,0.0
2.52999e-05,0.0
6.178003e-08,0.0
5.96124e-11,0.0
0.00011369402,0.0
7.45193e-10,0.0
1.0468904e-07,0.0
4.969664e-10,0.0
4.317552e-11,0.0
4.6439032e-18,0.0
0.0048155487,0.0
3.0559423e-08,0.0
1.9363701e-17,0.0
1.1547839e-15,0.0
6.6285484e-06,0.0
0.00029927492,0.0
9.393379e-12,0.0
0.00015062094,0.0
0.0018781722,0.0
7.624872e-12,0.0
2.909509e-06,0.0
5.9488262e-05,0.0
2.7572395e-07,0.0
3.5784537e-06,0.0
0.00077342987,0.0
1.4369608e-10,0.0
1.666598e-07,0.0
0.002788633,0.0
1.6779069e-16,0.0
4.132979e-08,0.0
2.0235574e-11,0.0
5.443882e-11,0.0
1.6446002e-08,0.0
0.00016885996,0.0
7.83243e-16,0.0
1.1009989e-23,0.0
1.0240794e-19,0.0
5.1975203e-08,0.0
5.0921303e-09,0.0
5.212565e-14,0.0
1.9157608e-06,0.0
4.2185783e-07,0.0
1.343307e-17,0.0
4.807192e-17,0.0
1.3193458e-11,0.0
0.0038957298,0.0
2.7174442e-06,0.0
3.9353778e-05,0.0
1.5015789e-11,0.0
1.16323175e-17,0.0
5.077746e-13,0.0
1.016101e-10,0.0
3.5956284e-18,0.0
0.00082424283,0.0
1.3383729e-05,0.0
1.4207954e-12,0.0
2.3968047e-14,0.0
0.00042530894,0.0
2.4074554e-06,0.0
2.480121e-07,0.0
0.0004913807,0.0
0.0024345815,0.0
1.4144755e-17,0.0
2.4286742e-09,0.0
1.7916095e-23,0.0
1.3045006e-06,0.0
1.0137414e-06,0.0
9.8234036e-14,0.0
2.033848e-13,0.0
6.1433486e-05,0.0
4.494295e-07,0.0
1.4318442e-07,0.0
7.4399437e-10,0.0
5.4204023e-08,0.0
6.671882e-14,0.0
8.918551e-07,0.0
9.272221e-06,0.0
8.982932e-14,0.0
7.030807e-07,0.0
0.025138825,0.0
4.0495088e-08,0.0
4.3731624e-12,0.0
7.413968e-05,0.0
5.449446e-07,0.0
0.00020599365,0.0
2.2396175e-11,0.0
0.0015238822,0.0
1.7441377e-09,0.0
9.888967e-08,0.0
2.9512528e-11,0.0
6.421157e-11,0.0
1.1781035e-06,0.0
5.562305e-12,0.0
0.008900166,0.0
8.433191e-08,0.0
2.6793696e-09,0.0
7.774536e-15,0.0
9.2264396e-10,0.0
8.258862e-10,0.0
3.6154502e-13,0.0
0.0003168881,0.0
1.5041999e-06,0.0
5.9624867e-16,0.0
6.712068e-07,0.0
9.419577e-15,0.0
4.7161184e-06,0.0
3.6450234e-09,0.0
3.08166e-09,0.0
6.500982e-09,0.0
9.634553e-06,0.0
8.4545945e-08,0.0
1.2491269e-07,0.0
9.220268e-13,0.0
1.8733303e-08,0.0
9.7589145e-11,0.0
0.00025108457,0.0
2.077569e-09,0.0
8.674488e-07,0.0
0.0016437173,0.0
5.932958e-27,0.0
5.6957835e-13,0.0
7.34134e-10,0.0
6.0476952e-05,0.0
2.7943463e-06,0.0
1.03172994e-07,0.0
2.778659e-12,0.0
8.4067565e-08,0.0
5.6520735e-09,0.0
0.00021290779,0.0
5.592731e-06,0.0
3.772885e-09,0.0
4.6021512e-07,0.0
6.9860285e-08,0.0
1.7184151e-12,0.0
1.1956047e-07,0.0
2.8746922e-07,0.0
8.284906e-11,0.0
2.3693728e-11,0.0
5.35566e-15,0.0
9.088478e-13,0.0
0.0054740906,0.0
4.3609433e-08,0.0
0.00030612946,0.0
1.6372171e-06,0.0
3.9569938e-11,0.0
1.4056447e-15,0.0
2.0737716e-06,0.0
2.0545822e-06,0.0
3.1320422e-08,0.0
4.2159456e-10,0.0
0.0022085905,0.0
0.0043739676,0.0
4.486852e-07,0.0
2.8776103e-13,0.0
1.4003892e-11,0.0
1.6127114e-11,0.0
9.439485e-08,0.0
0.0021451116,0.0
1.1133065e-07,0.0
6.5045946e-08,0.0
0.00025817752,0.0
1.9844258e-11,0.0
2.5891369e-11,0.0
5.3483374e-05,0.0
8.436007e-19,0.0
2.3548767e-09,0.0
1.9994329e-11,0.0
4.6016438e-10,0.0
2.218215e-16,0.0
8.618088e-05,0.0
1.900302e-09,0.0
1.1430271e-08,0.0
3.7643976e-12,0.0
4.3320647e-06,0.0
7.068731e-11,0.0
1.3614432e-09,0.0
4.237451e-06,0.0
2.0543586e-10,0.0
1.3021303e-08,0.0
6.6740564e-11,0.0
9.459775e-09,0.0
1.5332321e-07,0.0
8.62931e-08,0.0
0.00057020783,0.0
4.7810728e-11,0.0
4.9436235e-06,0.0
9.375302e-08,0.0
1.603951e-10,0.0
1.6117713e-10,0.0
9.004437e-08,0.0
6.011496e-09,0.0
3.325012e-11,0.0
0.00031378865,0.0
6.0653014e-14,0.0
1.4161907e-08,0.0
3.5928413e-05,0.0
4.2034034e-14,0.0
2.6251894e-07,0.0
5.7269943e-07,0.0
2.4957955e-16,0.0
9.344332e-11,0.0
1.4745986e-15,0.0
3.749413e-07,0.0
9.026385e-14,0.0
1.6360723e-07,0.0
2.5570434e-05,0.0
9.857598e-07,0.0
1.5785455e-17,0.0
0.00044810772,0.0
1.1593122e-08,0.0
3.4296797e-09,0.0
4.9291142e-08,0.0
0.0021051168,0.0
0.002947539,0.0
1.3846895e-07,0.0
1.1641403e-12,0.0
1.5735985e-08,0.0
5.680027e-05,0.0
2.5388917e-07,0.0
1.00523126e-13,0.0
5.93647e-11,0.0
5.1401546e-11,0.0
6.3409846e-12,0.0
0.010265678,0.0
2.214494e-13,0.0
7.315505e-11,0.0
4.2795305e-09,0.0
0.00076657534,0.0
1.5304865e-17,0.0
2.243966e-11,0.0
2.2361843e-12,0.0
6.890222e-15,0.0
4.3939557e-12,0.0
2.0700597e-07,0.0
4.3284067e-13,0.0
5.8103755e-08,0.0
1.5741644e-10,0.0
1.1093491e-05,0.0
8.4283306e-07,0.0
1.3048464e-10,0.0
2.6389802e-05,0.0
1.2302864e-07,0.0
2.535823e-09,0.0
1.1672459e-09,0.0
2.0510045e-09,0.0
0.0005611479,0.0
9.984566e-06,0.0
2.7267668e-15,0.0
2.923339e-09,0.0
0.00015723705,0.0
3.1188867e-11,0.0
1.3357924e-10,0.0
1.352424e-12,0.0
3.1697735e-05,0.0
2.6160235e-06,0.0
9.382176e-07,0.0
9.323805e-11,0.0
1.8706564e-15,0.0
9.316657e-15,0.0
4.238087e-09,0.0
2.6198553e-12,0.0
1.19097735e-11,0.0
2.2926675e-07,0.0
0.00010628013,0.0
0.00035876036,0.0
1.0009444e-06,0.0
7.220033e-16,0.0
4.4104848e-10,0.0
3.9478795e-11,0.0
2.813453e-07,0.0
0.0044834316,0.0
3.5178357e-13,0.0
1.0358321e-09,0.0
9.715725e-09,0.0
0.018247545,0.0
0.00012082898,0.0
3.6220592e-11,0.0
1.5978721e-13,0.0
0.0041071177,0.0
3.60274e-07,0.0
5.6593795e-08,0.0
1.27994895e-08,0.0
0.00070515275,0.0
0.0003261268,0.0
1.1857704e-08,0.0
1.8455107e-07,0.0
0.00010728954,0.0
3.0845666e-08,0.0
4.864959e-07,0.0
4.4194977e-09,0.0
0.00029620528,0.0
3.1902545e-08,0.0
6.7974852e-09,0.0
0.0005222857,0.0
6.3341887e-09,0.0
1.4271892e-08,0.0
0.00011675562,0.0
2.3050891e-11,0.0
3.939825e-10,0.0
4.361395e-07,0.0
3.0126216e-06,0.0
0.002991408,0.0
2.923906e-10,0.0
3.6481515e-10,0.0
0.013503611,0.0
2.4055802e-10,0.0
3.9068436e-08,0.0
0.000103600265,0.0
2.92515e-10,0.0
1.1865548e-13,0.0
1.1535106e-09,0.0
1.6032185e-08,0.0
1.1236962e-14,0.0
1.3169623e-11,0.0
3.0991785e-09,0.0
3.6450185e-06,0.0
1.0664571e-12,0.0
1.5843057e-07,0.0
0.0009948909,0.0
1.206322e-08,0.0
9.478378e-07,0.0
2.252794e-09,0.0
5.542227e-06,0.0
1.8174947e-09,0.0
1.15981486e-07,0.0
0.00071913004,0.0
2.6326805e-07,0.0
9.897473e-09,0.0
8.0739724e-08,0.0
1.9940943e-10,0.0
0.00024431944,0.0
1.3245108e-09,0.0
9.382971e-13,0.0
3.2225747e-05,0.0
8.112905e-08,0.0
6.349042e-09,0.0
0.0019908845,0.0
1.4611614e-09,0.0
9.810603e-07,0.0
8.923834e-09,0.0
1.290022e-12,0.0
5.3438006e-16,0.0
7.18242e-10,0.0
1.0507973e-11,0.0
4.6343724e-11,0.0
3.9192588e-10,0.0
4.3473605e-10,0.0
5.0832856e-05,0.0
5.523073e-12,0.0
0.008004546,0.0
4.026342e-06,0.0
0.00024360418,0.0
1.7529074e-07,0.0
7.93937e-05,0.0
2.8381883e-06,0.0
5.960174e-10,0.0
3.404903e-14,0.0
3.940731e-08,0.0
2.2152952e-05,0.0
5.6039622e-05,0.0
3.068803e-07,0.0
1.3948245e-09,0.0
7.762958e-05,0.0
4.0287017e-11,0.0
5.396531e-12,0.0
2.272086e-14,0.0
7.697171e-07,0.0
8.167693e-09,0.0
7.596298e-10,0.0
1.9053296e-08,0.0
4.0656203e-05,0.0
2.7306172e-12,0.0
1.0196076e-13,0.0
2.237106e-12,0.0
1.3458683e-05,0.0
3.012076e-06,0.0
0.017290056,0.0
5.14744e-09,0.0
1.1885889e-13,0.0
1.7314894e-20,0.0
9.873851e-12,0.0
2.4266335e-08,0.0
0.0002361536,0.0
3.3488388e-05,0.0
1.2596695e-13,0.0
3.4237713e-09,0.0
0.0004118383,0.0
0.00024193525,0.0
1.5039221e-09,0.0
7.6929766e-08,0.0
0.0030216575,0.0
1.6369291e-05,0.0
2.9709174e-23,0.0
7.2396825e-20,0.0
1.0015577e-11,0.0
0.0016672015,0.0
8.5838125e-10,0.0
4.021436e-05,0.0
4.4781903e-13,0.0
6.852589e-09,0.0
7.293895e-15,0.0
1.9009021e-05,0.0
0.000111641486,0.0
2.6873168e-10,0.0
1.837924e-08,0.0
3.398495e-07,0.0
3.406822e-05,0.0
1.0542806e-07,0.0
1.3313692e-10,0.0
1.1313723e-09,0.0
