5.0198447998627334e-05,0.0
2.0706669212973644e-07,0.0
9.492308369309475e-07,0.0
6.69593738006806e-14,0.0
7.10336438920731e-19,0.0
7.217523949061318e-32,0.0
1.5644324717394076e-20,0.0
6.958868739000249e-39,0.0
3.7758265014055985e-09,0.0
2.3958097011938185e-10,0.0
1.0050362272951348e-06,0.0
1.106864932224196e-21,0.0
7.499376315499107e-16,0.0
2.0261824680059296e-11,0.0
1.0683290707665709e-16,0.0
1.134249908648948e-17,0.0
1.279234694694952e-11,0.0
2.546721336053324e-15,0.0
2.2890357938297583e-06,0.0
7.262721812333464e-14,0.0
1.170824474520144e-07,0.0
1.5074713743648325e-30,0.0
1.4432305860688045e-12,0.0
1.2541079197335937e-24,0.0
1.7833078307483956e-09,0.0
9.90432639041338e-11,0.0
3.16451050269613e-08,0.0
7.90214404930036e-10,0.0
6.623415208855162e-22,0.0
1.1912747322348992e-19,0.0
9.542485719069058e-13,0.0
8.445974909375766e-08,0.0
1.1755569885258484e-19,0.0
5.318697424578198e-24,0.0
2.69370769424999e-13,0.0
4.579556000758147e-06,0.0
2.2893450557111306e-10,0.0
1.3766989029477645e-09,0.0
2.9612168254987407e-27,0.0
5.606941251981223e-26,0.0
2.8429806122901226e-23,0.0
8.378106271255343e-12,0.0
8.153710436463122e-08,0.0
3.345157685134341e-10,0.0
3.597572627160859e-15,0.0
6.696905577345662e-07,0.0
0.0018120449843705751,0.0
5.3937708323045173e-08,0.0
0.00023594831374907364,0.0
9.259863011591997e-08,0.0
7.590138126390138e-05,0.0
1.2729951742520586e-07,0.0
2.8353069374024807e-15,0.0
1.4342241614024256e-08,0.0
2.611185902697138e-10,0.0
6.172177863744456e-11,0.0
2.4507998439417743e-06,0.0
9.060248490441054e-12,0.0
2.9872859046243195e-11,0.0
2.766967846548217e-10,0.0
0.08965379453385335,0.0
7.814264381304651e-07,0.0
2.5124506980243047e-11,0.0
4.409246130306568e-07,0.0
2.8593043059806452e-08,0.0
3.480531260614773e-06,0.0
9.544470136744221e-20,0.0
4.5850417771132825e-09,0.0
0.0002454949210776373,0.0
8.142189459233265e-10,0.0
2.4204815485071944e-13,0.0
1.1012346857864082e-10,0.0
7.016212692512826e-12,0.0
5.5077456658713746e-09,0.0
8.569980532330331e-07,0.0
0.06731466705326854,0.0
5.59895016644964e-09,0.0
7.474074709201394e-07,0.0
8.864723354511681e-10,0.0
7.769785948688505e-13,0.0
6.656576662076188e-14,0.0
6.34685136655761e-12,0.0
9.173778101674723e-19,0.0
3.7820369026919537e-16,0.0
2.2866104754050005e-17,0.0
2.5685040958717855e-57,0.0
8.339946408670483e-56,0.0
1.264150618337448e-12,0.0
8.134797933830468e-12,0.0
6.158163400823379e-15,0.0
1.0315160873753542e-23,0.0
2.47021279852424e-14,0.0
5.3484990554378874e-11,0.0
4.859770916894443e-08,0.0
2.2716164249985293e-11,0.0
5.719919723037601e-07,0.0
2.4767075073996678e-14,0.0
9.321281962105297e-08,0.0
0.0031575642585274085,0.0
6.683534778043663e-11,0.0
2.7259025067462276e-16,0.0
7.245341433385622e-09,0.0
1.2676583463871777e-09,0.0
6.0693053068126224e-21,0.0
3.187484453721244e-16,0.0
4.343093574221307e-08,0.0
1.661882687689713e-16,0.0
6.56818590857101e-20,0.0
4.151987763993805e-08,0.0
2.6824277055914847e-12,0.0
4.1437257834099077e-20,0.0
2.7196592674173424e-23,0.0
1.4953711168777098e-07,0.0
1.6067122136185313e-21,0.0
3.6054464644969005e-08,0.0
1.795658716183201e-13,0.0
1.3328205256419272e-12,0.0
6.894594277717457e-08,0.0
1.5436857278773575e-06,0.0
4.9774112897412384e-29,0.0
1.670045925591777e-19,0.0
3.627677275378748e-18,0.0
2.5251910591334683e-11,0.0
3.5459546200599515e-12,0.0
7.142073266025021e-22,0.0
4.0136287798582246e-14,0.0
1.0076200139287919e-07,0.0
1.4835906399375003e-19,0.0
5.88541189209504e-13,0.0
1.8574080240892313e-10,0.0
6.48001405520025e-11,0.0
2.8790119660794967e-09,0.0
0.0029316905996106158,0.0
8.389873965638413e-08,0.0
1.2532377200368085e-07,0.0
7.228887844453832e-09,0.0
1.9131717426154887e-19,0.0
2.864316646516401e-08,0.0
2.7008537015826275e-09,0.0
3.196509590069057e-19,0.0
7.188710651073066e-12,0.0
4.370526451370063e-08,0.0
8.697668327144015e-08,0.0
6.3492742432350525e-12,0.0
3.156141605253536e-09,0.0
4.270735053428227e-12,0.0
8.992594232818734e-12,0.0
0.00034296386123318785,0.0
3.524960540919213e-18,0.0
3.45261937880361e-07,0.0
2.3547150943911014e-08,0.0
1.7415135172579244e-05,0.0
5.456523484027358e-10,0.0
0.010276934469697612,0.0
0.0012057738107900402,0.0
1.1316756081503599e-09,0.0
1.5193087672844943e-05,0.0
0.08360159766975046,0.0
0.026073872762605334,0.0
1.5703137955930535e-07,0.0
2.9813283492860955e-08,0.0
1.0915348967265671e-08,0.0
0.001540342003718676,0.0
1.2438450807834122e-05,0.0
1.2618234675732604e-09,0.0
5.35752830261848e-09,0.0
1.9058582148962503e-10,0.0
7.828917122031028e-09,0.0
2.881487359951314e-24,0.0
1.0444897257623802e-09,0.0
5.476791949627771e-10,0.0
2.7909453315698015e-14,0.0
6.044537334882358e-12,0.0
9.846233764690888e-13,0.0
4.603675453384774e-06,0.0
0.00034673826765101287,0.0
2.0735995380680812e-14,0.0
4.827645062062718e-11,0.0
6.033318505015442e-08,0.0
3.6948622952331506e-25,0.0
5.29781683680155e-10,0.0
5.9905975645448305e-05,0.0
4.1651038968621463e-07,0.0
6.911315826193786e-07,0.0
0.00022434460661664444,0.0
4.129110647931766e-07,0.0
1.8844370035342622e-36,0.0
2.2125217062666824e-13,0.0
5.8582797177679845e-08,0.0
7.423577569084103e-07,0.0
3.850878144206944e-12,0.0
5.618320453768614e-74,0.0
8.667589302123076e-13,0.0
1.156218164804427e-08,0.0
1.633037295008083e-05,0.0
0.0001249523613029075,0.0
0.00013622995960134573,0.0
2.001062646269853e-10,0.0
2.527130847447172e-22,0.0
6.077548949671005e-21,0.0
0.0001498064659527018,0.0
1.0745858256070593e-13,0.0
0.0030674096550601776,0.0
0.0010951519598627075,0.0
2.2844669982483406e-06,0.0
2.2558615999477294e-10,0.0
5.544959593284267e-09,0.0
8.86030257803647e-16,0.0
7.253131800757237e-45,0.0
1.650151968288196e-113,0.0
3.613610192080529e-20,0.0
1.445551224157284e-25,0.0
2.916243673096367e-12,0.0
1.0917033496808448e-42,0.0
9.670090872028087e-13,0.0
7.0413439671092214e-09,0.0
1.186129389129299e-18,0.0
9.26079836836144e-83,0.0
3.404638037309375e-29,0.0
7.561849762813921e-08,0.0
2.2072277665909355e-17,0.0
3.591772595644146e-13,0.0
1.0173988968863847e-26,0.0
5.709622934526467e-05,0.0
1.852177937723199e-11,0.0
9.822837032648042e-38,0.0
2.1185407646868547e-29,0.0
8.392520899230172e-17,0.0
3.003104856388196e-23,0.0
1.0107386149134591e-13,0.0
6.044104363165481e-10,0.0
0.00039252448318438963,0.0
4.764059072999939e-05,0.0
2.3746426029930154e-05,0.0
3.451770857012591e-11,0.0
1.2642575346058875e-08,0.0
2.3537661161490513e-06,0.0
3.6498223910242815e-07,0.0
4.585117132686903e-13,0.0
1.1088635491589467e-10,0.0
0.01616018287553403,0.0
0.0004687439890602111,0.0
1.8592862079063414e-12,0.0
3.4562755748781656e-06,0.0
0.0007052133238591747,0.0
3.065196421270164e-07,0.0
2.1406835948626477e-10,0.0
2.680854306582177e-18,0.0
1.16982051053163e-19,0.0
0.0038844359543199715,0.0
4.883078432605924e-14,0.0
2.85427582570411e-10,0.0
1.361930247821655e-23,0.0
2.7191058960738737e-08,0.0
3.697522952260509e-06,0.0
0.014165121496028082,0.0
0.05075715980994748,0.0
1.1058186275607208e-14,0.0
3.5975504905913e-15,0.0
4.709576741469477e-13,0.0
4.4496259094605e-11,0.0
3.959066498250088e-10,0.0
3.6987847463405358e-09,0.0
1.8014164446544736e-09,0.0
4.608557460318669e-14,0.0
6.444532268589843e-17,0.0
1.5390680298115096e-05,0.0
2.133241962258975e-20,0.0
4.4643919156974305e-13,0.0
1.230064411753564e-10,0.0
0.005546211813954655,0.0
0.0002487794851050634,0.0
5.098430432065444e-16,0.0
4.130888689631882e-05,0.0
0.00021250207617894438,0.0
6.628280628188481e-07,0.0
4.5171866161981814e-07,0.0
1.0442680984232819e-16,0.0
2.2134436774614444e-21,0.0
2.1766084949218873e-09,0.0
0.21125634822347272,0.0
5.392717785615463e-26,0.0
4.1275210170679784e-07,0.0
2.243212054724312e-20,0.0
9.6933298891737e-16,0.0
1.330464559007329e-10,0.0
7.0881243190898895e-09,0.0
7.732128622324277e-18,0.0
8.301307179805367e-07,0.0
8.607961550417275e-09,0.0
1.5779453517137328e-10,0.0
1.863082587483368e-14,0.0
6.980024316100557e-05,0.0
1.0969804701917615e-10,0.0
1.7298252445947817e-20,0.0
2.947826982551837e-20,0.0
0.0034677756500563197,0.0
2.960559084549758e-06,0.0
0.00015435837888420494,0.0
2.4388073863817457e-24,0.0
0.0006204833164252661,0.0
2.0138970923615012e-22,0.0
2.8785833491669994e-11,0.0
0.0004771204774521646,0.0
2.470076350639142e-05,0.0
6.184907108314635e-22,0.0
3.3863577257066407e-23,0.0
1.0979475957861682e-23,0.0
1.336727547857545e-08,0.0
2.16209145302032e-05,0.0
0.0021615632297059175,0.0
0.0002987924837701523,0.0
3.308729330653783e-11,0.0
1.1333503203942219e-06,0.0
1.9788248194748713e-10,0.0
7.533711245678769e-07,0.0
7.856777886088938e-05,0.0
5.120421449727872e-09,0.0
6.172011821345084e-06,0.0
1.5620008157556024e-05,0.0
8.676136967390773e-11,0.0
7.597843594246927e-08,0.0
0.00476457083061057,0.0
0.00010583601104893701,0.0
5.19847526040452e-10,0.0
1.4613854637539056e-19,0.0
5.890961876802697e-13,0.0
0.014624625161101367,0.0
6.869606525803369e-09,0.0
0.043679116382767925,0.0
0.005055556465374521,0.0
1.347629886965358e-10,0.0
1.5622884267077503e-05,0.0
4.2351390570066475e-09,0.0
2.7600667334971966e-22,0.0
7.92655262464962e-10,0.0
0.000187517330769014,0.0
6.434565264647198e-12,0.0
2.984413689424518e-21,0.0
3.9726808503270374e-10,0.0
0.0012792264605061589,0.0
3.937297066947006e-10,0.0
2.6765339922130317e-07,0.0
1.6955127281332585e-05,0.0
1.5464751402309527e-22,0.0
4.511251663563817e-12,0.0
6.38573437544593e-13,0.0
2.9437296956646754e-11,0.0
2.1288900296591164e-14,0.0
1.0807723718678344e-05,0.0
2.5518315678547892e-08,0.0
0.0017211561262182045,0.0
1.1141579336080484e-17,0.0
1.9469600284668498e-13,0.0
1.946132463054644e-14,0.0
1.4596706651051038e-14,0.0
1.2965613564856379e-06,0.0
0.12351252172308999,0.0
0.0891962956183606,0.0
1.98861306647925e-09,0.0
5.778189188458344e-08,0.0
6.092563506238613e-20,0.0
1.5807980416032201e-16,0.0
0.00017148532809021618,0.0
9.988717304275609e-09,0.0
0.009125265642539007,0.0
0.0005049327766751502,0.0
6.012316837418734e-11,0.0
1.7787798942541193e-14,0.0
8.665107612508116e-10,0.0
8.229990089721707e-14,0.0
3.644398062477556e-07,0.0
0.04352089779320032,0.0
3.364265227623588e-11,0.0
2.6498953420872884e-12,0.0
4.624765592627766e-13,0.0
2.5806275721924913e-25,0.0
2.7955024964568657e-18,0.0
1.7881808860870369e-16,0.0
0.0009272301289648671,0.0
8.604365675347528e-05,0.0
1.727025419846113e-10,0.0
7.595352865888456e-07,0.0
9.881067578265855e-09,0.0
0.00030670737584186395,0.0
6.26363724885388e-16,0.0
1.296458802267555e-12,0.0
3.3128016777399664e-16,0.0
7.992317491728727e-08,0.0
1.1551418556802117e-08,0.0
3.9376733058576884e-19,0.0
1.3822080791891613e-22,0.0
2.181082251443987e-33,0.0
1.942902780956497e-17,0.0
9.204685966854185e-06,0.0
2.7350001217816807e-14,0.0
1.8343797060408915e-11,0.0
1.120118864074315e-19,0.0
1.627269999824688e-22,0.0
3.523974468172708e-09,0.0
1.6338928620212476e-09,0.0
2.101747124876044e-14,0.0
1.8368905742056412e-10,0.0
2.046302438154356e-08,0.0
2.4229824826334832e-05,0.0
0.029243265639624153,0.0
0.002374832254124139,0.0
2.5284296626280834e-06,0.0
2.930647316698095e-10,0.0
3.2339535544663125e-06,0.0
1.9298261058454198e-10,0.0
8.709343407425178e-15,0.0
9.040733268689426e-05,0.0
0.0005501626789269048,0.0
1.4299133001098572e-11,0.0
6.218559912555178e-07,0.0
3.0094651909227966e-07,0.0
2.4975621833300925e-22,0.0
6.838439468381865e-10,0.0
4.67346186373619e-08,0.0
4.689003029801339e-18,0.0
0.0015246111639597322,0.0
8.204634213198458e-16,0.0
4.3738117764749157e-07,0.0
4.981343342836459e-15,0.0
0.001730885641019111,0.0
7.556558839641116e-17,0.0
3.5247373319903556e-20,0.0
1.5571599066117892e-06,0.0
2.1345023679831583e-09,0.0
1.1606567056364665e-30,0.0
2.904430526983808e-16,0.0
1.3260549386230413e-19,0.0
3.679418651641071e-20,0.0
1.426973275854801e-17,0.0
5.324227594485709e-24,0.0
8.396529353548832e-07,0.0
6.030868070031004e-10,0.0
4.87138034421454e-13,0.0
3.658891107940259e-43,0.0
1.0842602186597506e-37,0.0
8.511948441859622e-10,0.0
1.842521380731447e-10,0.0
1.4840885778164323e-34,0.0
5.76684439522178e-09,0.0
1.684191188346142e-06,0.0
2.0347077153974423e-23,0.0
6.071040069666221e-11,0.0
1.114078917809536e-07,0.0
2.446054599632741e-09,0.0
1.36415620466201e-09,0.0
6.096024780648349e-07,0.0
3.511980139107383e-09,0.0
4.930892206536923e-09,0.0
4.02642687636467e-15,0.0
2.5070308373604665e-08,0.0
0.0087168088442308,0.0
0.05203017044888585,0.0
1.363366713159239e-20,0.0
4.261631823131597e-12,0.0
1.0992240296317534e-06,0.0
5.489634032185694e-07,0.0
0.10453613219354474,0.0
2.3218872923698098e-05,0.0
1.0626766341867299e-27,0.0
6.0733011487282634e-24,0.0
2.516922787689577e-11,0.0
4.463862527192272e-17,0.0
7.527686076750122e-07,0.0
3.2130839693670046e-27,0.0
3.3567292044821373e-10,0.0
7.836432046057916e-23,0.0
1.3807879861159714e-17,0.0
3.474350518850061e-17,0.0
4.489622496897397e-12,0.0
8.206041851004977e-09,0.0
2.5604762460960454e-10,0.0
1.333529352239227e-05,0.0
2.0636416062155644e-09,0.0
2.0138263124803487e-10,0.0
1.4840985580833677e-07,0.0
5.272602237751801e-09,0.0
0.012830262734930637,0.0
0.000318338408326247,0.0
0.00013350417104788926,0.0
7.496316191401055e-06,0.0
7.03538474634009e-22,0.0
4.401566740885095e-06,0.0
8.261263961034386e-05,0.0
9.68506621520232e-12,0.0
2.488498377669406e-22,0.0
1.2058584976439e-18,0.0
3.3404692066446044e-08,0.0
4.5473257847111557e-10,0.0
6.22124110126588e-05,0.0
2.3008735617929096e-05,0.0
1.2840702608334717e-08,0.0
1.5622144917936453e-09,0.0
0.00020792424050322835,0.0
1.0549620366150187e-15,0.0
4.00466085078018e-05,0.0
8.228765768488768e-08,0.0
6.81362325441729e-08,0.0
0.00021525993794340456,0.0
1.1119303778558436e-05,0.0
0.002598108792708999,0.0
5.668830260196772e-07,0.0
4.861847498439417e-10,0.0
5.591012952372558e-11,0.0
8.494735382020054e-18,0.0
2.76735776754761e-24,0.0
1.9329146109929432e-10,0.0
0.00025865071831270784,0.0
1.0039355712465295e-05,0.0
0.07241330447095017,0.0
0.00788056965083101,0.0
0.0019792818738176613,0.0
3.975310767736507e-09,0.0
1.317057508350676e-15,0.0
1.093417472747263e-20,0.0
2.352962249242693e-14,0.0
2.6334003048906153e-14,0.0
1.666390737650397e-26,0.0
7.346500014847442e-17,0.0
2.6045078503093642e-05,0.0
2.6670757980333458e-12,0.0
4.829758273776059e-14,0.0
3.669079195142341e-18,0.0
4.619027177366113e-15,0.0
2.7389725494303644e-12,0.0
2.5521128386964973e-34,0.0
1.5126804056631448e-26,0.0
1.8235818065622928e-10,0.0
3.8725152464193986e-13,0.0
2.3059552194134797e-09,0.0
3.794201299998439e-33,0.0
4.905213130813188e-19,0.0
5.788802708335106e-14,0.0
2.6549350633977125e-38,0.0
2.0577342742587954e-39,0.0
4.876160243113913e-18,0.0
1.1622542539132252e-11,0.0
1.7152457866979275e-22,0.0
6.058940881836507e-45,0.0
1.7704542498533346e-22,0.0
1.8916720047507828e-16,0.0
3.912966875974638e-33,0.0
5.115978944770803e-15,0.0
5.4287204496534865e-14,0.0
1.7850779629276001e-25,0.0
2.4809606860730304e-17,0.0
2.4410275327248363e-43,0.0
1.866428939651224e-14,0.0
2.3788192655470782e-23,0.0
4.923261773219604e-41,0.0
4.940663589638046e-19,0.0
1.5354398667366507e-09,0.0
8.928023889625967e-14,0.0
1.0125230945212994e-28,0.0
5.041784191362038e-28,0.0
1.176348385473835e-28,0.0
1.6773898225314655e-12,0.0
1.2364462933084288e-28,0.0
1.1047023701220354e-31,0.0
1.149169516519312e-23,0.0
8.071250193239217e-21,0.0
7.091910093113515e-22,0.0
4.385133619533521e-28,0.0
4.649682283391241e-24,0.0
1.3415191696647005e-36,0.0
1.1432489990865067e-28,0.0
1.4779360484016576e-32,0.0
1.0166467922426341e-44,0.0
1.2896330451065473e-48,0.0
4.325534608110915e-21,0.0
5.854878648949934e-16,0.0
2.2869354056443917e-25,0.0
3.422465226920623e-41,0.0
9.840249445053155e-18,0.0
1.0306575721839822e-45,0.0
5.204871598825964e-15,0.0
3.419907989314258e-12,0.0
6.183566258678901e-16,0.0
1.3068361246160125e-15,0.0
8.831249080591312e-11,0.0
1.213523703260106e-06,0.0
5.431258945623773e-10,0.0
4.98019102285338e-25,0.0
2.005378537921661e-11,0.0
1.376780388447972e-19,0.0
2.7790622502476254e-16,0.0
2.007018581424304e-33,0.0
1.1868740229147335e-08,0.0
2.9258101828485377e-13,0.0
3.9881899440861046e-14,0.0
4.260154611506144e-23,0.0
1.7830516940753713e-55,0.0
2.7431071942749896e-26,0.0
1.0719029149690799e-18,0.0
9.801745969394195e-10,0.0
8.07076238763597e-39,0.0
2.9682133658530354e-12,0.0
7.647454858928677e-11,0.0
7.605451957353411e-25,0.0
1.4138747222884422e-13,0.0
9.131558117616842e-14,0.0
2.4360007849812967e-14,0.0
8.290650500538435e-13,0.0
4.007338060840993e-20,0.0
7.277241149318225e-14,0.0
2.336129342379088e-16,0.0
2.3472025355009202e-29,0.0
1.580872904952933e-16,0.0
9.40747559276544e-16,0.0
4.379058387379643e-11,0.0
3.7401556202564864e-13,0.0
1.0786034535154151e-24,0.0
3.3566353217627598e-18,0.0
3.486565974795028e-10,0.0
4.968411233787167e-09,0.0
1.541313706060373e-07,0.0
8.930756302904968e-15,0.0
5.111699435166959e-10,0.0
6.68743066176499e-05,0.0
9.077249322810052e-08,0.0
1.3022912714704869e-29,0.0
5.791627180157949e-06,0.0
8.986449798428634e-13,0.0
4.423801759676989e-14,0.0
2.16407641372825e-30,0.0
5.368021597586199e-22,0.0
2.933103148840053e-13,0.0
7.33793427115477e-05,0.0
7.186327343703506e-16,0.0
0.00011823531327067425,0.0
2.156063820177951e-13,0.0
1.1515544211243894e-13,0.0
1.1907893982116793e-07,0.0
0.00059871544998195,0.0
8.395460181686039e-10,0.0
6.031595122097597e-25,0.0
2.06333219013685e-12,0.0
1.9144215346912364e-37,0.0
4.9310462553857725e-05,0.0
3.598390819391626e-11,0.0
3.034210516749291e-13,0.0
1.2110250872562022e-12,0.0
8.746401268008206e-16,0.0
8.076099960164722e-14,0.0
4.460833383414191e-35,0.0
1.204063012787912e-27,0.0
3.434916181678744e-43,0.0
9.206392993580698e-23,0.0
4.580878026694918e-23,0.0
7.33076982545797e-21,0.0
4.1939827917254413e-19,0.0
1.6024579261767503e-24,0.0
9.858921123091266e-06,0.0
9.588117430152181e-17,0.0
2.7325462301298363e-09,0.0
3.1696009435792636e-08,0.0
1.5097018206144545e-15,0.0
1.1548351984247171e-16,0.0
3.880304583361996e-06,0.0
8.953084999276929e-18,0.0
3.855277859433513e-25,0.0
1.462103316321954e-15,0.0
2.6956231769371185e-09,0.0
4.480984854030817e-16,0.0
7.664525170527117e-06,0.0
6.309726787754104e-11,0.0
3.436379376220392e-11,0.0
3.2448329146104537e-12,0.0
4.336716389917248e-19,0.0
2.9454670118612395e-15,0.0
1.2478019590939517e-07,0.0
0.0003874379091917179,0.0
1.302248448253499e-12,0.0
4.903909355348248e-50,0.0
2.298935537456269e-72,0.0
2.115499025643451e-22,0.0
1.015759168564626e-11,0.0
2.1422717722593305e-13,0.0
1.170535888973151e-08,0.0
8.679292942965116e-14,0.0
3.5139509963322174e-18,0.0
1.960365227448931e-09,0.0
2.1122879263070218e-26,0.0
1.481205660373461e-14,0.0
1.037733104214716e-10,0.0
4.321701306194718e-16,0.0
1.5445676523818165e-07,0.0
1.144208842437338e-07,0.0
3.1738595442345798e-21,0.0
1.0662744162040972e-20,0.0
2.2825180517459632e-25,0.0
4.001137235854356e-12,0.0
6.263498836817476e-07,0.0
1.273083171618016e-15,0.0
1.3277609835512339e-21,0.0
1.3434353313797979e-20,0.0
0.000107714058258177,0.0
1.3809559183394777e-11,0.0
8.379092376302825e-21,0.0
7.850586440991348e-14,0.0
8.3298543638721e-12,0.0
4.970801181026285e-18,0.0
6.721736478203589e-22,0.0
0.002939899969928941,0.0
6.824418705194495e-09,0.0
3.706203175965002e-07,0.0
5.688379747600713e-16,0.0
4.308465847454682e-23,0.0
3.0201497224086196e-21,0.0
1.233118708932029e-22,0.0
2.7895861566646473e-21,0.0
1.8260679406645275e-09,0.0
6.4421412180864755e-12,0.0
2.4099242070575708e-37,0.0
2.243958082988913e-24,0.0
2.22344591957296e-09,0.0
6.92585653506331e-14,0.0
5.610002425469157e-12,0.0
2.1373060003643488e-13,0.0
1.5708340576897765e-12,0.0
1.0677572334783629e-12,0.0
5.609570101949123e-17,0.0
4.0693651509885323e-10,0.0
1.3797230191403493e-42,0.0
3.0231078724088138e-09,0.0
4.313700902210308e-08,0.0
5.657906162499116e-22,0.0
0.003637761417197293,0.0
3.2966282016730205e-21,0.0
4.3559292284704984e-13,0.0
5.565297157957539e-12,0.0
1.2408692987344145e-26,0.0
5.834310840691545e-22,0.0
9.682735523031482e-18,0.0
9.987001522940335e-30,0.0
4.60954760285727e-11,0.0
7.735391726361706e-13,0.0
1.5161840388905714e-15,0.0
7.037271375368466e-15,0.0
2.719026145930635e-11,0.0
3.1665087398267334e-21,0.0
6.251381197720173e-40,0.0
1.0036613289523254e-20,0.0
6.730203211030249e-10,0.0
2.0330448273290717e-18,0.0
3.4354739400819804e-21,0.0
5.695547349866783e-26,0.0
2.2495340588958873e-08,0.0
4.66361106684892e-12,0.0
1.3970764167736355e-25,0.0
1.1728040386983198e-09,0.0
2.8033744770673926e-27,0.0
1.1644555173956157e-39,0.0
1.559169352853318e-14,0.0
7.043023257067513e-09,0.0
1.2759700356122292e-23,0.0
4.6175606968788657e-26,0.0
1.9995898473351215e-24,0.0
4.825420626174715e-16,0.0
8.052928956547684e-28,0.0
4.243620155370928e-10,0.0
4.821347361093494e-21,0.0
1.5354852156723014e-21,0.0
6.729269895227696e-34,0.0
1.1610719975667002e-16,0.0
3.2308585221065626e-13,0.0
2.4042141251370563e-11,0.0
2.8459009233160997e-18,0.0
1.970410327344062e-19,0.0
1.9963649480476035e-11,0.0
4.664246924009466e-19,0.0
2.5955059138492087e-33,0.0
1.0801924103471763e-45,0.0
5.212228288794411e-29,0.0
1.5657195818498692e-25,0.0
3.182537458743931e-30,0.0
1.1181894281695972e-19,0.0
7.468531734586657e-46,0.0
1.4711947466960192e-30,0.0
6.065134144162031e-41,0.0
4.4854327657593317e-29,0.0
1.4121702064434718e-19,0.0
1.5397430840850946e-15,0.0
3.862678398862309e-34,0.0
0.0007720460305598583,0.0
9.222999895694619e-39,0.0
3.469016815930434e-11,0.0
1.9678432333495516e-40,0.0
6.259603381830912e-20,0.0
7.559754885403047e-14,0.0
5.5909789410869034e-37,0.0
1.164788584941176e-11,0.0
1.0764900736522979e-16,0.0
5.15914657518361e-18,0.0
1.485470316064605e-23,0.0
5.1005114696658613e-14,0.0
1.1442805122069411e-24,0.0
4.939906843500115e-21,0.0
1.587116537930103e-15,0.0
1.974623597380335e-09,0.0
0.036813171546857884,0.0
3.901881610319411e-09,0.0
7.041122821515786e-08,0.0
4.193833231389985e-10,0.0
4.54310495557766e-18,0.0
3.651268497003158e-16,0.0
4.50966677339042e-22,0.0
8.50401574309113e-05,0.0
1.9792131154339514e-13,0.0
9.02497323450685e-06,0.0
1.4820051996010939e-30,0.0
8.868974433966614e-10,0.0
0.0040823210605127665,0.0
3.073006459149573e-06,0.0
3.050571514359396e-18,0.0
1.940985460287237e-15,0.0
1.3247715754543609e-06,0.0
3.2432972466470626e-23,0.0
1.1568534664513113e-13,0.0
2.02049498809835e-15,0.0
6.703516562626155e-07,0.0
3.839537150315625e-28,0.0
4.4760213957385695e-26,0.0
0.0001321028004216005,0.0
3.9423135513674906e-05,0.0
1.349340767793335e-09,0.0
2.3481330885355417e-27,0.0
4.2607425277321124e-37,0.0
2.8677674903327586e-52,0.0
2.5131450293950376e-22,0.0
2.0900279835573699e-10,0.0
4.256469066958387e-12,0.0
9.63153125198408e-15,0.0
1.390923445255332e-13,0.0
1.0085534365935858e-13,0.0
1.6202804539829094e-16,0.0
3.6836658934739415e-09,0.0
7.125595908563717e-17,0.0
5.67420401348658e-10,0.0
1.3390892926896085e-17,0.0
8.486125923775596e-17,0.0
2.7205041267752084e-21,0.0
2.586056145184694e-16,0.0
1.0524374320349777e-45,0.0
6.220713048063203e-53,0.0
1.536013167351174e-15,0.0
5.590868759902043e-13,0.0
5.830749519709624e-06,0.0
9.152889728545813e-08,0.0
4.555617327453493e-15,0.0
3.797649726654291e-06,0.0
1.0249174666060191e-08,0.0
1.5508241222182898e-15,0.0
1.1709461465380457e-23,0.0
1.099665880584999e-43,0.0
6.667778364035738e-43,0.0
8.253675386821438e-08,0.0
5.705599861390977e-10,0.0
5.450763581791426e-18,0.0
5.006034895680868e-09,0.0
9.448775865924076e-22,0.0
1.5618271500315277e-16,0.0
6.095452978848665e-27,0.0
1.7590798501118553e-13,0.0
8.091190738534307e-11,0.0
1.2146206032539345e-14,0.0
7.414597749039247e-11,0.0
8.962076648991021e-22,0.0
3.4199564826325434e-28,0.0
9.795613909286893e-21,0.0
1.8071994582217402e-33,0.0
3.878856456982673e-26,0.0
2.2519115715904863e-33,0.0
7.931332187908874e-23,0.0
5.291207287466872e-13,0.0
5.861599676627066e-18,0.0
7.027148665785035e-17,0.0
0.010491240470816605,0.0
3.94716694871954e-05,0.0
1.4439308066486563e-35,0.0
3.031768319287277e-11,0.0
2.896780677469404e-16,0.0
4.570610857269411e-13,0.0
2.5434773034004714e-28,0.0
1.3050290562814681e-06,0.0
1.615295310309428e-05,0.0
1.679733083300509e-11,0.0
9.143539440101114e-14,0.0
7.806209187218915e-16,0.0
7.928934462783467e-06,0.0
2.313060449595693e-15,0.0
9.51424730449091e-31,0.0
2.690725880746155e-55,0.0
1.8527648566238626e-43,0.0
5.877034606134117e-33,0.0
3.956223564923294e-09,0.0
6.328547187478933e-22,0.0
0.01900502035114868,0.0
4.9088710498897954e-06,0.0
5.359687392124838e-06,0.0
1.4089809918840902e-20,0.0
2.5920384305230136e-10,0.0
2.0143923453820844e-08,0.0
4.885938188088257e-09,0.0
1.9597966216895102e-10,0.0
8.93568260760654e-07,0.0
5.648780548404503e-14,0.0
9.48943706519231e-34,0.0
2.958708753295457e-12,0.0
5.674070270551177e-07,0.0
1.3885373011626126e-12,0.0
1.3786997709699474e-16,0.0
6.598906363509039e-19,0.0
2.1663413151067045e-06,0.0
2.702507195335554e-09,0.0
6.695247552172611e-17,0.0
4.998785495113287e-69,0.0
1.5875036414618091e-15,0.0
2.7242475187938735e-06,0.0
2.921089153056798e-09,0.0
3.5038711535856103e-15,0.0
0.00035604521587782325,0.0
2.0834254038846017e-05,0.0
8.17772410273526e-22,0.0
2.4838068027207313e-05,0.0
1.3922786032348036e-05,0.0
2.767355049056102e-07,0.0
1.253189330827675e-08,0.0
9.277829800737e-15,0.0
5.560675047559039e-30,0.0
1.6553522839680667e-15,0.0
1.5781698258417733e-08,0.0
1.1895972326857337e-10,0.0
0.000687887097006104,0.0
9.141729098430833e-13,0.0
4.0006264492408173e-11,0.0
1.0556715836041246e-11,0.0
8.310622811779975e-06,0.0
6.929766364461886e-09,0.0
5.271531630088443e-09,0.0
1.6896661662533765e-09,0.0
8.078414442921525e-06,0.0
1.1667194614280897e-17,0.0
1.7799828393894508e-12,0.0
0.0015576399011379782,0.0
5.0151063511716155e-08,0.0
0.0005327429696381434,0.0
1.4727803640633113e-12,0.0
5.106473545457446e-10,0.0
5.105698357481219e-12,0.0
2.4305247961207225e-19,0.0
1.0225383819260934e-21,0.0
4.3071275822406716e-09,0.0
5.9557365881464956e-05,0.0
3.91056058523059e-12,0.0
1.866806081445577e-12,0.0
2.883991105498047e-13,0.0
3.339469494340293e-20,0.0
9.890043133186142e-19,0.0
2.2476859001026907e-19,0.0
1.8537797784141521e-09,0.0
3.87182510076909e-11,0.0
9.596464093483556e-17,0.0
3.071717664974241e-09,0.0
3.5013641902450285e-16,0.0
5.561459653480802e-06,0.0
1.3700167871210176e-10,0.0
7.675923797964951e-07,0.0
9.950590322974462e-17,0.0
2.0681614835008365e-36,0.0
3.710475047520267e-16,0.0
2.433756355742793e-12,0.0
1.6631786187380057e-22,0.0
5.304196314095605e-07,0.0
3.9874258312188883e-13,0.0
0.005445801672894134,0.0
8.90849815841778e-19,0.0
5.429422679517655e-15,0.0
3.2061081389702686e-18,0.0
2.1331771073241917e-10,0.0
2.3079575687982413e-16,0.0
1.1977500940314547e-22,0.0
9.248195471168228e-13,0.0
4.030117899244394e-10,0.0
3.70946561856018e-15,0.0
5.298977637336823e-14,0.0
1.0211053800288081e-09,0.0
1.181045115710837e-09,0.0
3.029936653519363e-14,0.0
4.3922082611823244e-11,0.0
3.07612135378466e-17,0.0
5.13167183750504e-26,0.0
4.077769074245267e-28,0.0
3.5168487789965216e-16,0.0
1.210193175034808e-21,0.0
8.662639969120053e-50,0.0
1.7073980501088173e-28,0.0
3.849032622244693e-18,0.0
4.228160186365258e-07,0.0
5.96052927099811e-15,0.0
7.977934197025127e-05,0.0
9.567510563425703e-06,0.0
9.748356072204122e-16,0.0
2.2186367501817488e-21,0.0
1.3390004983146516e-17,0.0
2.0373845588410883e-15,0.0
1.874447137577378e-18,0.0
1.5869362102478063e-25,0.0
1.3465723634376352e-24,0.0
3.387799197784458e-13,0.0
1.374848524133955e-07,0.0
1.0090319561202094e-17,0.0
1.198735347440432e-10,0.0
2.9602159484005506e-25,0.0
5.205995789544327e-18,0.0
4.3950034589314136e-23,0.0
2.1279151405618325e-10,0.0
8.700863381572934e-19,0.0
1.0288906249192313e-10,0.0
5.9893002092305154e-24,0.0
6.051076709408849e-24,0.0
2.8325833952219404e-30,0.0
1.4938993477022324e-17,0.0
7.153185447877898e-05,0.0
1.7761363867045995e-13,0.0
7.816955604810102e-18,0.0
0.00018899430045670278,0.0
5.210001534894403e-13,0.0
1.0575840407822236e-15,0.0
3.991333600078606e-13,0.0
9.682269146391297e-07,0.0
2.5322446448757843e-19,0.0
1.4741545261361718e-20,0.0
4.2186324236086323e-19,0.0
4.960338115278948e-10,0.0
6.156385802648237e-10,0.0
4.892470146580373e-23,0.0
2.1782404990976036e-18,0.0
5.730880387080125e-12,0.0
7.62568114320981e-09,0.0
8.314381861596197e-15,0.0
6.865081354032739e-16,0.0
5.051199409476175e-22,0.0
1.5612396034131065e-25,0.0
2.522085342772638e-07,0.0
5.5721659388544376e-14,0.0
2.3707261716648794e-12,0.0
4.998847767697057e-10,0.0
3.578711056596751e-19,0.0
1.944314570199017e-07,0.0
2.0941688535574444e-12,0.0
8.502774736757981e-11,0.0
3.5118468936794888e-12,0.0
1.2616451193589035e-26,0.0
2.0685221147661082e-18,0.0
4.55536361709882e-22,0.0
2.7518629079841884e-10,0.0
9.030149664891082e-08,0.0
2.5783240851788276e-19,0.0
4.6921541266935804e-24,0.0
5.396040461387924e-20,0.0
1.2363265761195231e-15,0.0
3.335968552279752e-08,0.0
8.160478111611776e-28,0.0
1.334068147841695e-12,0.0
1.9746741409556995e-13,0.0
9.751249175775939e-18,0.0
5.489225693730848e-12,0.0
2.744583856932891e-08,0.0
8.59623300905065e-06,0.0
4.1520092222359284e-10,0.0
1.0254798407032715e-07,0.0
6.067188967133852e-33,0.0
4.93887629866687e-13,0.0
1.7225367289698246e-15,0.0
1.194917645162863e-14,0.0
0.006689114376070162,0.0
4.136632844820984e-17,0.0
3.99062616698317e-08,0.0
1.5698624891314505e-20,0.0
7.115018434459821e-12,0.0
3.498264286209697e-24,0.0
8.987925724603847e-25,0.0
1.3926705089743262e-07,0.0
3.848149683764667e-11,0.0
6.343403591031317e-08,0.0
1.6266344391662548e-10,0.0
5.693296112806148e-18,0.0
2.209054027713844e-13,0.0
3.241159835659705e-11,0.0
5.940104181240654e-21,0.0
1.8180539718355248e-11,0.0
2.0473276481409035e-17,0.0
5.062857485476347e-28,0.0
2.5101226262237177e-14,0.0
7.7351102926985e-19,0.0
1.0084787101351981e-06,0.0
4.23920806272723e-19,0.0
4.3155295905026445e-23,0.0
3.3987850647420194e-18,0.0
4.4581778104168177e-20,0.0
3.221770849890357e-23,0.0
4.220444123741684e-08,0.0
3.9209892968527914e-07,0.0
1.0911974147491015e-15,0.0
2.4975321323195506e-12,0.0
8.534058729469073e-11,0.0
1.0766422847068154e-10,0.0
3.599206772444903e-08,0.0
1.1096320630541093e-16,0.0
1.3368844178320384e-19,0.0
4.243283622964812e-25,0.0
2.0510141533090453e-21,0.0
5.623847277961404e-23,0.0
2.5932672785463293e-10,0.0
3.130426991662027e-16,0.0
1.4723464781000368e-17,0.0
5.143149721047021e-17,0.0
1.669771155565992e-12,0.0
1.89467469390538e-14,0.0
0.006246616564587215,0.0
2.475618703959824e-16,0.0
7.076970002489155e-20,0.0
1.2273887098324806e-22,0.0
2.24242856550307e-34,0.0
6.765083477578979e-10,0.0
5.9118978395542285e-06,0.0
1.910010455688076e-23,0.0
7.954248252480376e-08,0.0
5.001412129735884e-06,0.0
5.53305578267339e-07,0.0
1.4558334872509794e-10,0.0
3.7981287073315403e-06,0.0
6.230395595810347e-13,0.0
1.7892848866172872e-17,0.0
1.3198611675783465e-79,0.0
2.7854377200016346e-78,0.0
1.2134809378461912e-60,0.0
1.6375937571917021e-47,0.0
1.8132450626377937e-47,0.0
6.2400239395966676e-18,0.0
4.7118879887646077e-23,0.0
6.507047294421642e-07,0.0
2.9401872751303622e-05,0.0
6.112893169797887e-15,0.0
3.1600538623047464e-35,0.0
1.493966888686029e-08,0.0
4.0521343576155374e-25,0.0
1.639539052761778e-07,0.0
4.278815904602402e-13,0.0
8.503646709025096e-12,0.0
4.889034947442379e-06,0.0
1.514451132822377e-10,0.0
0.002192543485490845,0.0
7.699645549347599e-09,0.0
1.577984193537226e-17,0.0
7.016874876714612e-07,0.0
3.684600171438991e-08,0.0
0.00010005465012870615,0.0
6.318009509722017e-10,0.0
1.4284756984421057e-05,0.0
2.212544771149218e-08,0.0
1.4283995104050904e-07,0.0
0.003889654636298281,0.0
1.536958848930429e-14,0.0
2.572630166824231e-15,0.0
2.125839713020406e-16,0.0
1.4709035208364808e-05,0.0
5.378067904194566e-20,0.0
3.788949506192339e-14,0.0
1.871807476323316e-27,0.0
5.415232848480663e-07,0.0
2.083570645334255e-09,0.0
4.786804732361335e-16,0.0
1.0885343430501928e-08,0.0
6.604535463111123e-21,0.0
3.165136448183084e-24,0.0
3.89807784312448e-16,0.0
7.372834099634814e-30,0.0
2.331016546242838e-13,0.0
3.0172970208307053e-14,0.0
3.083972064164104e-07,0.0
0.0004303655471029942,0.0
5.854681902708411e-12,0.0
2.3270872342808905e-12,0.0
6.963861549466658e-82,0.0
1.6137786633651713e-08,0.0
9.175917270403043e-12,0.0
3.87021346536061e-21,0.0
2.1168297966748114e-11,0.0
1.9684783171485333e-80,0.0
1.5452509584407527e-41,0.0
6.237531175037598e-12,0.0
2.141272441503229e-11,0.0
3.6759731968365557e-13,0.0
1.6520363796333401e-94,0.0
5.676498227533857e-13,0.0
1.950041068665853e-45,0.0
1.0161142493735464e-110,0.0
9.283305400149324e-50,0.0
1.7372379310401473e-09,0.0
3.8294325692361284e-22,0.0
1.9610235724907994e-22,0.0
1.1936460125102526e-16,0.0
1.371694343477568e-12,0.0
8.791373612837601e-16,0.0
6.796838778114029e-20,0.0
1.3601983473595689e-16,0.0
6.375961095939957e-15,0.0
1.049997539789742e-13,0.0
6.39900915480847e-06,0.0
4.359641467209634e-09,0.0
1.6627467227095121e-16,0.0
2.9460538395738756e-14,0.0
4.8295370519038185e-15,0.0
3.1060875560639936e-12,0.0
1.433304098918244e-19,0.0
2.946117899682939e-24,0.0
5.212369640737906e-14,0.0
3.851570621830635e-11,0.0
2.369707270658056e-34,0.0
1.8765144346144774e-23,0.0
8.958316201256104e-19,0.0
6.704199502921777e-13,0.0
6.350903753146073e-12,0.0
1.3647470695793018e-24,0.0
4.4469083653687544e-15,0.0
8.243171692307845e-30,0.0
6.073906850489725e-71,0.0
2.207259585855276e-18,0.0
2.2707796935838113e-08,0.0
9.226696874828175e-14,0.0
2.219107464793479e-11,0.0
5.447379190393752e-22,0.0
0.00017623008305933958,0.0
4.7776248987416085e-28,0.0
7.119361901918191e-06,0.0
1.4766206010029197e-14,0.0
2.607279620126536e-14,0.0
4.754403689481828e-18,0.0
3.014365305820964e-09,0.0
2.3602428948286103e-12,0.0
3.075194169957913e-17,0.0
1.2574530196145937e-06,0.0
7.259209315631901e-13,0.0
3.1743997862666445e-15,0.0
3.561006388350123e-14,0.0
4.4219323093532834e-11,0.0
1.2690310494005094e-16,0.0
3.2967832269464955e-14,0.0
1.4201073180547535e-16,0.0
2.754780841615727e-06,0.0
2.812623663203894e-12,0.0
6.475628025046546e-19,0.0
1.1509129067451633e-15,0.0
8.644795083133456e-26,0.0
0.0009075921001130844,0.0
6.87415014632448e-05,0.0
1.8413190502259944e-08,0.0
2.3260580099639234e-11,0.0
7.280427614225415e-09,0.0
2.9224288529282923e-16,0.0
5.702582991074433e-18,0.0
1.5768435791179425e-10,0.0
4.107164896486512e-12,0.0
0.0007476148175353455,0.0
9.639381378406538e-09,0.0
7.275925989364948e-17,0.0
4.784522374321708e-09,0.0
6.159986757947834e-29,0.0
2.9610381522866135e-18,0.0
1.9605818680126693e-15,0.0
2.7213911009275665e-12,0.0
1.5161529265288822e-06,0.0
1.993699781443586e-16,0.0
1.9706611815088865e-17,0.0
1.5807904177914838e-15,0.0
2.833892521196562e-13,0.0
8.047307983637827e-05,0.0
5.942424519726964e-13,0.0
7.647327885796405e-14,0.0
1.0182345650631878e-13,0.0
3.119277400279329e-09,0.0
2.1320479693545188e-06,0.0
1.5427555238050922e-19,0.0
1.8501803303382832e-19,0.0
5.8366880814129525e-09,0.0
2.0542560222625357e-13,0.0
1.5394642970249815e-42,0.0
0.0001918711940474644,0.0
2.2030926112631626e-10,0.0
4.023466057343587e-09,0.0
1.0999703237825652e-07,0.0
1.7259149720835268e-29,0.0
1.287641701694567e-07,0.0
5.450476915384407e-14,0.0
1.3121263286739345e-22,0.0
1.5090311829494451e-27,0.0
7.870867398437294e-18,0.0
5.051896461073482e-09,0.0
1.1123690260349183e-06,0.0
7.398097867533491e-12,0.0
1.0551308265222647e-17,0.0
2.9298256641674527e-22,0.0
3.4107233256592362e-31,0.0
5.2552272378527126e-17,0.0
5.481617026960304e-28,0.0
8.512875142593406e-23,0.0
6.2906698085945e-31,0.0
3.672382796120579e-26,0.0
1.0809502779014945e-34,0.0
1.9711997029336566e-22,0.0
1.1397166255866482e-21,0.0
0.2003829335355785,0.0
3.928725486441116e-14,0.0
1.7658798517031108e-09,0.0
6.213640479703933e-19,0.0
5.625558932669126e-10,0.0
1.6774126771614533e-21,0.0
1.0953338380026066e-13,0.0
1.13195209759115e-16,0.0
8.439844579384023e-10,0.0
7.753234573340052e-10,0.0
4.9567387025196497e-17,0.0
6.062002672491736e-06,0.0
4.381224499643132e-15,0.0
3.2750998836263714e-31,0.0
2.7708313853031864e-32,0.0
8.302859043874746e-18,0.0
6.633521545428213e-22,0.0
2.238891526146154e-05,0.0
1.4032272319809448e-20,0.0
0.0004516892308290612,0.0
2.3548334256285116e-24,0.0
8.950234154154341e-16,0.0
1.8011797267474886e-16,0.0
1.654734979166004e-19,0.0
3.2968897791485548e-19,0.0
1.0304874725256621e-11,0.0
4.583898460915216e-17,0.0
5.0932429647949e-14,0.0
5.030902573441707e-10,0.0
1.9493545063679495e-21,0.0
8.781767742127348e-15,0.0
1.4870619859061245e-15,0.0
0.11981406500836704,0.0
3.275736757586648e-05,0.0
8.360791027935547e-16,0.0
1.5414709070250796e-12,0.0
3.2039703400729715e-08,0.0
8.577163551561803e-08,0.0
1.138047679441001e-18,0.0
1.5963741558786017e-16,0.0
2.8966158814433224e-16,0.0
7.181109839399589e-24,0.0
6.245256110709e-25,0.0
5.6736089384694046e-08,0.0
3.0652482197195072e-21,0.0
4.741398238926252e-44,0.0
2.999906136943264e-11,0.0
1.4579397773256573e-13,0.0
4.005503279081209e-15,0.0
1.2227136982486845e-05,0.0
5.87738904816598e-11,0.0
0.0003149289941645916,0.0
6.233395379107905e-29,0.0
1.0166785633296008e-35,0.0
8.833653269862687e-10,0.0
2.1791913245529566e-12,0.0
0.00037209257162811564,0.0
5.1749016376040536e-11,0.0
0.00019910525836266537,0.0
8.832894062557696e-30,0.0
7.13309097199621e-12,0.0
3.5905173394788866e-19,0.0
5.0359045832809826e-15,0.0
1.0141404534282214e-10,0.0
2.563751320728099e-12,0.0
2.6302051764357663e-13,0.0
8.460291862153778e-11,0.0
9.178795897999672e-19,0.0
4.357376943353027e-20,0.0
5.5921217645978266e-24,0.0
4.871834020310701e-09,0.0
1.0087248629338324e-06,0.0
2.095304435977444e-15,0.0
5.3388021975689165e-12,0.0
0.002696666872737099,0.0
4.7839784369393485e-08,0.0
9.280706400076174e-06,0.0
5.068075000447256e-06,0.0
3.6793555179243896e-22,0.0
4.0168637989645925e-24,0.0
1.0611084362023827e-15,0.0
7.294049921275328e-23,0.0
4.74184583921401e-17,0.0
1.0054314251692742e-18,0.0
5.26615238073136e-06,0.0
4.328909998861262e-19,0.0
1.9857526701821915e-21,0.0
2.1529138126645752e-10,0.0
3.482140326942835e-10,0.0
2.195930461181489e-19,0.0
7.07749917932896e-18,0.0
7.09473572538632e-12,0.0
5.730147191123174e-20,0.0
1.7711304137537579e-16,0.0
6.886126410141237e-07,0.0
5.622107432950946e-17,0.0
6.882422068626607e-14,0.0
1.606967946640313e-17,0.0
5.3483866026163075e-17,0.0
5.1119180419740086e-17,0.0
1.8882533102004333e-21,0.0
4.900732576396903e-10,0.0
8.587531525147704e-23,0.0
4.047622957596912e-06,0.0
2.1774214985774933e-11,0.0
0.003552155739433106,0.0
0.0005387740134061436,0.0
9.41035308195908e-07,0.0
5.945442119713979e-23,0.0
8.127168544277307e-06,0.0
9.707967399867396e-13,0.0
1.0589699655923177e-10,0.0
1.0112373812269327e-08,0.0
1.6075750950517484e-11,0.0
1.569974827982892e-09,0.0
9.051919772035441e-06,0.0
2.809337055262215e-07,0.0
3.0285917646778126e-20,0.0
4.700617356623985e-06,0.0
1.1442133249011157e-11,0.0
0.0003424880335871597,0.0
2.4205389245001765e-14,0.0
1.226734641133248e-08,0.0
9.415090986576912e-19,0.0
1.3806085369869028e-17,0.0
2.4975105903073005e-25,0.0
2.3716346743957192e-17,0.0
6.656281467563035e-23,0.0
9.811654144832271e-24,0.0
9.860038907811396e-10,0.0
9.570194909043824e-05,0.0
0.0003292943085277958,0.0
2.997926168224605e-17,0.0
9.697343165164267e-14,0.0
2.7851407101113055e-15,0.0
2.3421314245746075e-17,0.0
0.0014515185383373258,0.0
1.0540135875202693e-23,0.0
7.56634451983231e-22,0.0
2.3079333590082764e-21,0.0
7.677992931803262e-24,0.0
1.5908136301347316e-12,0.0
1.418927411365328e-14,0.0
7.981751615475959e-08,0.0
1.90419369312909e-08,0.0
7.06132109240635e-11,0.0
7.442445197574536e-25,0.0
1.1931852951744097e-19,0.0
1.3781929096698136e-08,0.0
2.8321521051834206e-05,0.0
3.2332074480195143e-20,0.0
8.913025751359111e-25,0.0
3.011832803461748e-17,0.0
5.228700721330385e-05,0.0
2.6555895193568233e-12,0.0
2.0073847465459877e-06,0.0
1.7240503215091978e-20,0.0
6.173590542638299e-20,0.0
0.034229211478665186,0.0
2.5054292423923023e-14,0.0
1.2901379917570913e-21,0.0
1.6279962216937614e-08,0.0
2.016000654989151e-23,0.0
2.1871274956226654e-08,0.0
2.754776877231126e-23,0.0
1.8962699018020037e-14,0.0
2.5642555305619173e-11,0.0
6.151603330067058e-21,0.0
2.413453595091862e-13,0.0
5.4717663083874895e-15,0.0
0.0033626103492209766,0.0
0.009611503391123195,0.0
1.290548233306047e-06,0.0
3.462303847039572e-05,0.0
0.00019136470204496564,0.0
0.004266688896331163,0.0
3.0743324028394117e-10,0.0
1.4902084577224934e-14,0.0
2.35722950130673e-05,0.0
0.13147419156461176,0.0
0.029955499449729864,0.0
0.005720026236012235,0.0
1.3470622026492736e-07,0.0
0.03555139510658316,0.0
0.011981595621983998,0.0
0.026825144806461875,0.0
0.001407957574760336,0.0
0.17609110899331595,0.0
4.2225611017744306e-16,0.0
0.03748898335776683,0.0
0.0019367370599037985,0.0
0.02887461427695541,0.0
0.10872314662562811,0.0
2.3925236811859614e-05,0.0
0.13024351983133173,0.0
0.0019172082513367495,0.0
0.0015028016867801083,0.0
1.0524506292924479e-07,0.0
0.0017294022627556967,0.0
0.0741519142798036,0.0
0.03213312927550269,0.0
0.0015574479015222837,0.0
0.018937848597124284,0.0
0.029643062795644066,0.0
0.0022447247132365176,0.0
0.0025603431931738156,0.0
0.0953724006310724,0.0
0.005826237013288265,0.0
1.9004379635837067e-10,0.0
0.017796588039181972,0.0
1.0999174732208026e-05,0.0
0.13932768644516047,0.0
0.0002800125306616262,0.0
7.369447346467237e-10,0.0
0.04871738351984987,0.0
1.9460884599863185e-20,0.0
1.1836477215028415e-13,0.0
4.719327004379484e-25,0.0
5.288526285737871e-38,0.0
3.0874572257201625e-06,0.0
5.4958956076113804e-05,0.0
1.0800698663421085e-11,0.0
3.0281658145173482e-05,0.0
6.90660858997319e-08,0.0
9.360431064602411e-09,0.0
1.451393608452592e-15,0.0
2.734059417058269e-11,0.0
4.61884548154918e-06,0.0
8.154625677524522e-12,0.0
3.323211591122878e-11,0.0
2.23915976908486e-35,0.0
5.977714738872221e-25,0.0
4.717938635423526e-32,0.0
4.191032870433777e-20,0.0
3.723115459786109e-16,0.0
1.2457338238871175e-17,0.0
6.130688279673814e-13,0.0
3.288168590441003e-16,0.0
1.8881464228026628e-06,0.0
0.0021779236879938503,0.0
0.00023583472485587634,0.0
4.0063364993033207e-10,0.0
1.0329592165834073e-06,0.0
1.9158309119579653e-10,0.0
4.4740502890939573e-17,0.0
6.780278508570336e-10,0.0
0.0002541283250876075,0.0
1.995219910847747e-18,0.0
2.9839129693793486e-12,0.0
1.2596464377349507e-16,0.0
0.0001488863426149221,0.0
6.465559991402562e-08,0.0
1.5049305154594324e-16,0.0
0.0004963352553403091,0.0
0.003366285983214919,0.0
5.359857326398453e-19,0.0
3.5431032200639907e-28,0.0
3.205853548316368e-15,0.0
4.4477444678605595e-06,0.0
4.7141871306972215e-07,0.0
2.7315466470885314e-09,0.0
0.00045214159493138923,0.0
0.0002113585388443142,0.0
8.592010136942331e-07,0.0
0.00011991878982982864,0.0
7.648331262584201e-11,0.0
5.777186686763654e-07,0.0
6.425312106461205e-10,0.0
1.7667113524623754e-08,0.0
3.728533441902035e-18,0.0
3.959364445872199e-06,0.0
3.916631771238561e-13,0.0
2.583377413486301e-12,0.0
0.033321713316232855,0.0
5.122538493762767e-06,0.0
0.003730389071484723,0.0
3.504618879101717e-14,0.0
4.7620512516404826e-14,0.0
1.2211242607404774e-12,0.0
1.6024886823081084e-17,0.0
1.7848008807393863e-06,0.0
7.4782215860523205e-25,0.0
7.468313100204886e-17,0.0
2.350925746416897e-12,0.0
3.472622517294283e-18,0.0
1.1084554430533067e-05,0.0
3.5185469842604496e-18,0.0
8.963841881262472e-22,0.0
1.9447332036273555e-29,0.0
7.731570962195591e-15,0.0
1.881893636038482e-07,0.0
3.187000714798454e-08,0.0
4.972931886388773e-17,0.0
1.5345151853188757e-15,0.0
8.962012575419658e-18,0.0
4.426938647166191e-09,0.0
8.66753672645806e-12,0.0
4.022556164634732e-19,0.0
4.313741656157874e-21,0.0
8.865656145078634e-06,0.0
5.229131324001837e-07,0.0
2.6813862979169233e-19,0.0
3.3397646702972244e-14,0.0
9.265005018498507e-23,0.0
8.098537312713256e-07,0.0
1.7891930238111447e-11,0.0
0.0001771102692057201,0.0
5.383811792725163e-18,0.0
3.634125007797968e-18,0.0
2.830940474557215e-27,0.0
0.0030926475339770067,0.0
8.792662397202249e-06,0.0
1.1944907424562838e-17,0.0
3.769791999988883e-09,0.0
1.299063868132351e-17,0.0
2.8480657812282134e-17,0.0
2.665758058678802e-14,0.0
5.320002858121134e-20,0.0
0.0002444140936451895,0.0
1.0128587876555825e-17,0.0
2.8928313603217873e-07,0.0
1.5736426352052e-11,0.0
7.354810077326558e-10,0.0
1.417144816761102e-18,0.0
9.627619995465424e-17,0.0
4.395098294054991e-11,0.0
3.575324672175831e-19,0.0
9.187061894916401e-14,0.0
0.06114196930429217,0.0
0.003984341879120057,0.0
4.067474080714834e-08,0.0
4.963352298297662e-13,0.0
8.638100165376455e-07,0.0
9.910379367128233e-06,0.0
0.1592551425795716,0.0
0.041459575964270835,0.0
0.06105586005287023,0.0
0.17470935939490184,0.0
0.000141169458321167,0.0
0.1374446661440911,0.0
0.018716159182402683,0.0
0.002543458099192818,0.0
0.052795112771141975,0.0
0.022181385768343803,0.0
0.000415134991170557,0.0
0.22919519308417335,0.0
0.14800252483943277,0.0
0.00014989813353726,0.0
0.020114084888289693,0.0
0.028221747540564376,0.0
0.01579621531371568,0.0
0.08222862013813506,0.0
0.06500682640571821,0.0
0.023173242199156233,0.0
0.007019840930455192,0.0
0.00018674529239156028,0.0
0.04163214545555484,0.0
0.0008991428627365568,0.0
0.0004794556645841929,0.0
0.05718685164145821,0.0
0.001201321786798242,0.0
0.0239060252610192,0.0
0.007728832134248368,0.0
0.09233624189378743,0.0
0.058386051483010404,0.0
0.06385811242503073,0.0
0.0041979417689349255,0.0
0.10007437222448923,0.0
0.1121392683428618,0.0
0.1443809340232461,0.0
0.03446163803977337,0.0
0.1541641038342482,0.0
0.06025691042275494,0.0
0.21176621696799272,0.0
0.0032876580247122064,0.0
0.36832042531687337,0.0
0.0607516603096598,0.0
0.42068189002328693,0.0
1.1870091615327634e-05,0.0
0.17087535266437193,0.0
0.0419828064586206,0.0
0.1472750754555363,0.0
0.05349534991857664,0.0
0.08627676244990864,0.0
0.06113845602439715,0.0
0.0012885770995916116,0.0
0.025419234970868915,0.0
0.5057478455062618,0.0
0.04979548905686092,0.0
0.179952750462405,0.0
0.04004150487806412,0.0
0.025523243810193864,0.0
0.04495910608552203,0.0
0.13415785137631964,0.0
0.04812098078227479,0.0
0.050343197863651296,0.0
1.2247466521229038e-08,0.0
0.05752427792263992,0.0
0.0014458967600277748,0.0
0.024263431144718333,0.0
0.006267679396591119,0.0
3.6726257343300944e-06,0.0
0.051270110882145746,0.0
0.10265026887881375,0.0
0.11663647962312636,0.0
0.04490404329773769,0.0
0.010935775515641509,0.0
0.0026113339785907375,0.0
0.06377143797676667,0.0
1.044862037465607e-08,0.0
1.948015387832969e-07,0.0
2.8000695977300305e-18,0.0
0.014673291476061993,0.0
0.08883172792144542,0.0
0.018632808682085646,0.0
0.004307742085188801,0.0
7.565806028149379e-05,0.0
0.049091930413303245,0.0
0.12752183808766102,0.0
0.02711782066548058,0.0
0.054842028637413116,0.0
0.0487291034964572,0.0
0.002590593431190839,0.0
0.008436601372716514,0.0
0.0894223617572663,0.0
0.04077390146218789,0.0
0.04591011254728577,0.0
0.08399360913114512,0.0
0.04982710108088631,0.0
0.13649867378577174,0.0
0.04051229875419284,0.0
0.04159582337960912,0.0
0.041891248806970705,0.0
0.08259429538862878,0.0
0.04511676907623938,0.0
0.0005272707615825905,0.0
0.07441148859314621,0.0
0.05599632504718431,0.0
4.966055998048341e-10,0.0
0.19293269581232408,0.0
1.3182902325798922e-06,0.0
2.1853435058387803e-05,0.0
0.10407312760241857,0.0
0.002477082752685612,0.0
0.11449182708116035,0.0
0.09132494081122752,0.0
0.057142309098149324,0.0
1.524957334861557e-06,0.0
0.056742198033605,0.0
0.04133942298035856,0.0
0.048008326020211434,0.0
0.05676752254802783,0.0
0.09835144777673276,0.0
0.046154854557349335,0.0
0.05822129700670987,0.0
0.16651832748378417,0.0
0.038906895659728734,0.0
0.010443694934237182,0.0
4.425239984719025e-05,0.0
0.014199714291911771,0.0
6.263101171684523e-05,0.0
2.8096719722573046e-12,0.0
0.04246863277608451,0.0
0.002998650777783951,0.0
0.0003844009933948412,0.0
0.018110997370227117,0.0
0.05377500145507076,0.0
0.061201173863126804,0.0
7.297872807992902e-05,0.0
6.91981611870526e-08,0.0
2.4902907040550633e-05,0.0
0.12338717059820661,0.0
0.0036721920768418405,0.0
8.426695517327788e-06,0.0
7.388473951357596e-07,0.0
1.3288743562272743e-07,0.0
0.1872789731213659,0.0
0.00865417050023858,0.0
0.06062505787852984,0.0
0.043405130159426764,0.0
5.2725058408805536e-14,0.0
0.01908391465694857,0.0
0.09481283569341788,0.0
0.08956547079077101,0.0
0.040612942214657874,0.0
0.07412210627291227,0.0
0.0012874339401337878,0.0
4.985967631049418e-17,0.0
4.365408280059574e-26,0.0
5.601489938357891e-19,0.0
4.0558748820217973e-10,0.0
0.03255790716215122,0.0
5.604436938626155e-05,0.0
0.06822524898455373,0.0
0.027217834344172777,0.0
0.04284369241183274,0.0
0.1409544580724114,0.0
4.679868881510934e-07,0.0
0.012898291019040298,0.0
2.108656286970793e-06,0.0
4.474688047426605e-06,0.0
0.0003806817823368271,0.0
0.0006850182584681784,0.0
8.240443680693214e-05,0.0
0.08269673711461469,0.0
1.3327269744405506e-22,0.0
2.265119940263713e-25,0.0
0.0005775128700626558,0.0
0.08812995436543848,0.0
0.2058861378736855,0.0
0.0025875303408286455,0.0
5.324399312802968e-05,0.0
2.8644242486541263e-09,0.0
6.458938143638728e-52,0.0
8.588799109468017e-23,0.0
1.3252222669015072e-28,0.0
5.2284350863974176e-05,0.0
4.675999216766806e-10,0.0
1.5660186498915062e-24,0.0
0.10006971619379902,0.0
3.312538608259256e-05,0.0
0.00026925238651514947,0.0
0.04873786621880736,0.0
9.787075424900684e-08,0.0
0.09190779569913925,0.0
0.071806211579568,0.0
0.00594288239682304,0.0
0.011034073834292548,0.0
0.19651061107564155,0.0
0.017984471720127907,0.0
1.0990550085775125e-12,0.0
0.06485969810247376,0.0
0.10069156308053301,0.0
3.149166532343923e-08,0.0
3.723727623276503e-11,0.0
2.1102577467608606e-08,0.0
0.3070734044639694,0.0
0.0014524711033656438,0.0
0.39958859938303515,0.0
0.005640806319365965,0.0
0.10020562518267946,0.0
1.6088653910414217e-12,0.0
0.009606103600783095,0.0
0.08470017808594814,0.0
0.12174375241479173,0.0
0.03254235548349542,0.0
7.631401217138923e-06,0.0
0.051998968022109,0.0
0.01993519218532392,0.0
0.09642906124919115,0.0
0.23198682176532573,0.0
0.013096332618439847,0.0
0.15070997998797486,0.0
0.07341204340365892,0.0
0.004542588774464003,0.0
0.1607801195169645,0.0
1.944852634084394e-06,0.0
0.047297291726532194,0.0
0.03383880910748268,0.0
2.376038488191217e-10,0.0
0.12464597718682571,0.0
0.0015415037313986563,0.0
2.2087363054551985e-06,0.0
0.0028779223314956007,0.0
6.842308909477419e-07,0.0
0.1583657025843781,0.0
0.0005423598700898698,0.0
0.00043320794626206167,0.0
0.08854222747817948,0.0
0.08316066971289617,0.0
0.11043335639503936,0.0
0.1275841542142441,0.0
1.1555543255422348e-09,0.0
1.972109017397818e-13,0.0
1.219269221993926e-08,0.0
0.0038829669122694443,0.0
0.08109597856983412,0.0
0.12391525011952859,0.0
0.0014048557526341638,0.0
0.07795081084275512,0.0
0.003436667178586604,0.0
0.001145798899865527,0.0
0.004846494592058583,0.0
0.05073891126373157,0.0
0.07551702339811063,0.0
0.003651869505876139,0.0
0.06967218314197655,0.0
0.0028341683662316103,0.0
0.09103107589839186,0.0
0.001852694293809739,0.0
0.06814547920699827,0.0
0.04652453272297671,0.0
0.1668411071361723,0.0
0.0012404550389617144,0.0
0.007742804752186979,0.0
0.0063310741656080706,0.0
0.10151505870864909,0.0
0.011691573544261064,0.0
0.04416548081264656,0.0
0.004479843335755008,0.0
0.002699257191636098,0.0
0.00572579533201891,0.0
0.1309825337033347,0.0
6.965353921450938e-06,0.0
0.023460354576832314,0.0
3.767560985065136e-07,0.0
3.1633109829296125e-10,0.0
2.1435408411018702e-13,0.0
0.003536461190425737,0.0
1.1410350321357223e-10,0.0
1.6919349640427112e-11,0.0
0.005057678476765847,0.0
0.0017679633513260529,0.0
0.12320906473525417,0.0
7.7516499046126e-05,0.0
0.0005619202019575037,0.0
4.6354052752821344e-07,0.0
0.07467835939776385,0.0
0.28336183090811656,0.0
0.000371526812270357,0.0
0.07479554088688985,0.0
0.016567004499363592,0.0
7.62633829818949e-08,0.0
0.006384772670057182,0.0
0.030745474284587994,0.0
0.016020847729396517,0.0
0.01195753181452054,0.0
0.05295234246471755,0.0
0.2521336330580813,0.0
0.05271172285474287,0.0
0.014261381484208942,0.0
0.06581138398252823,0.0
0.05027110230483599,0.0
0.0032394814142804205,0.0
2.398033467653667e-07,0.0
0.09378620035003775,0.0
0.025806156164395813,0.0
0.04698621095850859,0.0
0.025021735300585365,0.0
0.0011373006736835546,0.0
0.00034639158887520954,0.0
7.349405028812029e-05,0.0
0.19818432515107876,0.0
4.812983014203615e-05,0.0
0.01687009678117385,0.0
1.7766181933894608e-05,0.0
0.012204997435100687,0.0
0.06261255238602714,0.0
0.012705421544126511,0.0
0.00025012769607680915,0.0
0.016445226550270007,0.0
0.10306072824306337,0.0
0.00022267807390832762,0.0
0.016147509910367997,0.0
0.051140651650796065,0.0
0.054090955786363006,0.0
0.08683335981057463,0.0
0.08859405659140121,0.0
0.0506124288816627,0.0
0.030082701711250708,0.0
0.004797249435500629,0.0
0.04997796611159378,0.0
0.04733228192809671,0.0
0.009372507188301377,0.0
0.003779819311663404,0.0
0.08940873185955883,0.0
0.04806046065427851,0.0
0.012975625188094744,0.0
0.09041968617480076,0.0
0.0007207808515352001,0.0
0.11808292515955592,0.0
0.17594959344687383,0.0
0.00257374517562617,0.0
9.85499700469309e-08,0.0
1.0606542164703229e-14,0.0
3.463250675856616e-13,0.0
0.07207829462832248,0.0
0.0463197101366693,0.0
0.05194393622832521,0.0
0.0017132006640518678,0.0
0.04920147730964918,0.0
0.004454006502464067,0.0
0.0008346875702317407,0.0
0.0030204937433826614,0.0
0.006338827559589513,0.0
0.2099204519648373,0.0
3.522462144320486e-14,0.0
0.0003673472909539505,0.0
6.401395327310803e-05,0.0
0.1094831580485378,0.0
0.0015616071471313733,0.0
0.02929242581734188,0.0
3.09940560461259e-07,0.0
1.9263981722128352e-10,0.0
3.888438929652778e-06,0.0
8.1408818150685e-07,0.0
0.0016500858826639438,0.0
0.0020600127991833523,0.0
2.496363285042612e-06,0.0
0.044861936089581694,0.0
0.05389002416069232,0.0
0.06481181958067887,0.0
0.0018892610378382828,0.0
0.006915024873500901,0.0
0.0006922126766549808,0.0
0.00013888306207252867,0.0
0.010871147583511157,0.0
0.01230428194098805,0.0
0.05707708317424736,0.0
0.16981436334077965,0.0
1.5429796754789543e-10,0.0
4.360777656464995e-05,0.0
0.04450111831243553,0.0
0.041825364885076426,0.0
0.04214994028460527,0.0
0.004974634681735081,0.0
0.05105930974109051,0.0
0.02764365227011992,0.0
0.0006048790892504911,0.0
1.6543157709620246e-05,0.0
0.006197406220638143,0.0
0.010287214550378539,0.0
0.038678811250762765,0.0
1.1449998782131084e-08,0.0
0.00027641156411548117,0.0
0.06866324546006479,0.0
0.04051148149263365,0.0
0.0042034851244084,0.0
0.012848182635877538,0.0
0.511608618963687,0.0
0.09744830194912382,0.0
0.005884363042319198,0.0
0.006182885869730463,0.0
0.047355298066909204,0.0
0.5783141902168798,0.0
0.11163931953847755,0.0
0.0023151146766623555,0.0
0.018799716531250038,0.0
0.003422818986343853,0.0
0.1855758411827698,0.0
0.003844688872213542,0.0
0.09006503587014054,0.0
0.0034096613925245654,0.0
0.08951112727984246,0.0
0.057702269402640644,0.0
0.0014647945226117728,0.0
1.8145515891748996e-06,0.0
8.956393183471494e-05,0.0
0.17160013798689797,0.0
0.01560237747859877,0.0
0.047387250191483814,0.0
0.14067972292646447,0.0
0.08874911033850791,0.0
0.10455505298456841,0.0
0.0008512584365717469,0.0
0.028624076498645463,0.0
0.021873945695577577,0.0
0.022660530448778277,0.0
0.051298131385630434,0.0
0.10471435956483052,0.0
0.03608948315442171,0.0
0.06118330572796951,0.0
0.05859292806092942,0.0
0.03508059694678516,0.0
0.03586351543850806,0.0
0.04467368382253746,0.0
0.04318391802573303,0.0
0.001023849776468645,0.0
0.00013987464045098064,0.0
3.7579684597477237e-08,0.0
0.006425364286645172,0.0
0.0030231190154789193,0.0
0.11754715422397287,0.0
0.1171170779298217,0.0
0.2396335837436383,0.0
0.09368556386631245,0.0
0.002563386504976666,0.0
0.11003282451275899,0.0
0.04428028587782483,0.0
0.006885412168214685,0.0
6.624491060164508e-06,0.0
0.0006494385287464781,0.0
0.02449323527813849,0.0
0.08784170972226754,0.0
0.014090717688259181,0.0
0.07666785591148126,0.0
2.7878889806478282e-08,0.0
0.005447281750454605,0.0
0.06411200788498966,0.0
0.1425472358310634,0.0
0.039117377237608615,0.0
0.018475201345971786,0.0
3.533564453579074e-12,0.0
2.3291960196422526e-05,0.0
0.00025858237102040834,0.0
0.06711959866590882,0.0
0.13016183098152392,0.0
0.0008580991301972087,0.0
0.0010548818385764315,0.0
0.0033387763400722676,0.0
0.021585039430915994,0.0
0.05699709587660538,0.0
0.04343081167143453,0.0
0.16993564623710664,0.0
0.025747247452096132,0.0
2.5989468151300174e-05,0.0
0.27159495504285736,0.0
0.16512231080177725,0.0
0.06669693064262897,0.0
0.02604825010679938,0.0
0.027760585421967826,0.0
0.008850877377127333,0.0
0.11319272278217808,0.0
0.002916882114289237,0.0
0.09066638631967032,0.0
0.01925138174948926,0.0
0.047749472086393595,0.0
0.005944875495635281,0.0
0.06524834110120385,0.0
0.07262560629645187,0.0
0.1625021038484148,0.0
0.15395649979682197,0.0
0.1497993167045573,0.0
0.028139527011576737,0.0
0.01823548087719612,0.0
0.08601568437079332,0.0
0.09774363412312881,0.0
0.06650162445082856,0.0
0.0031182438813431956,0.0
0.010829584861969761,0.0
0.022663503884626943,0.0
0.15916441969458056,0.0
0.04500395029720347,0.0
0.069278600353369,0.0
0.10396053980511599,0.0
0.09741137416844486,0.0
0.3312417033017909,0.0
0.051126344949049676,0.0
0.06794925634359913,0.0
0.04917659967472257,0.0
0.10264397537536883,0.0
0.046674151155385715,0.0
0.06776935239163479,0.0
0.07329092057062474,0.0
0.03090589523900297,0.0
0.706280137362115,0.0
0.02276817015213696,0.0
0.04401586858150769,0.0
0.04266594718587351,0.0
0.06108262728062688,0.0
0.06374758384990721,0.0
0.0016612016214697283,0.0
0.045848656772565305,0.0
0.05574229934747553,0.0
0.003089883444525181,0.0
0.033414875414772616,0.0
0.06130728802787821,0.0
0.0020831904121546125,0.0
0.006507940658804524,0.0
0.05133367108087725,0.0
0.034671122881784984,0.0
0.010631332814049875,0.0
0.030306309445507613,0.0
0.07379947983300064,0.0
0.09832071945361662,0.0
0.0673409375734494,0.0
0.09277998994343699,0.0
0.11995157646973459,0.0
0.007250353853070429,0.0
0.05410384767648377,0.0
0.002424927604977908,0.0
0.020876700158812846,0.0
0.04991603864349024,0.0
0.03786820067523019,0.0
0.027542918303186274,0.0
0.023583706306197855,0.0
0.087296800802483,0.0
0.0026295434163608055,0.0
0.05293359681458417,0.0
0.05069182690586036,0.0
0.0727434539215574,0.0
0.007292610925534874,0.0
0.0033711899217399974,0.0
0.04201153933606232,0.0
2.343033873748421e-16,0.0
7.172844415355353e-07,0.0
0.044746308581325805,0.0
0.0298608614771044,0.0
0.02223444436024252,0.0
0.06739739929060264,0.0
0.0426437533824555,0.0
0.009334547724422123,0.0
0.034200333991321726,0.0
0.00010696796467453575,0.0
0.002088774158505008,0.0
0.006640436492613006,0.0
3.200951625197075e-05,0.0
2.0349992324578805e-05,0.0
1.6941916144344604e-05,0.0
0.00010645025958798486,0.0
1.1413920466042605e-05,0.0
0.0009458642657237654,0.0
0.0060069243691541945,0.0
1.1238223918937498e-09,0.0
0.020886522905420996,0.0
0.0002265777317792581,0.0
2.444209610076178e-08,0.0
3.6478009074478455e-07,0.0
0.0015250898591429919,0.0
0.0011274930548350946,0.0
2.215767516862455e-06,0.0
1.888526404877296e-10,0.0
5.575472746214304e-05,0.0
0.029168811706314753,0.0
0.003292357272431013,0.0
0.07321260611962835,0.0
0.13786237404137514,0.0
0.022236432741584714,0.0
0.08094249321353693,0.0
0.053263229837688615,0.0
0.03161397156195995,0.0
0.024684122525930885,0.0
0.1315492879377099,0.0
0.012847476945036131,0.0
0.08913404290377422,0.0
0.039118281351264036,0.0
0.07943160347998014,0.0
0.09078352084996684,0.0
0.025727472719846833,0.0
0.1423164668939216,0.0
0.136022001249579,0.0
0.03250397695093726,0.0
0.08991288267109171,0.0
0.04304630875759994,1.0
0.09161974372495908,1.0
0.7807897200954164,1.0
0.1371490587350338,1.0
0.06455350796945984,1.0
0.13861138316534674,1.0
0.09518477080170587,1.0
0.07512744986224786,1.0
0.17586431682084,1.0
0.7027527870308041,1.0
0.1625849908201916,1.0
0.1464528356258201,1.0
0.08393370682878641,1.0
0.9843227306534189,1.0
0.10475056648668724,1.0
0.07760180582831497,1.0
0.17577479675495244,1.0
0.46624848646814737,1.0
0.13207227808635472,1.0
0.8281469937527038,1.0
0.10145510041648216,1.0
0.08514750758652287,1.0
0.06140691324639704,1.0
0.5996440235609858,1.0
0.9982336029978075,1.0
0.9851533159666681,1.0
0.24928261142879285,1.0
0.7754806223198093,1.0
0.6727012809524251,1.0
0.9792546610677398,1.0
0.758369036042688,1.0
0.9971978523629657,1.0
0.37027160911586005,1.0
0.9966932146121148,1.0
0.06472379456283324,1.0
0.9968583353976457,1.0
0.03645854312878504,1.0
0.17120364029691215,1.0
0.14427475217622718,1.0
0.14501051088616604,1.0
0.17131207926493944,1.0
0.136017056588844,1.0
0.9809815581141841,1.0
0.9999767859670354,1.0
0.9999791989141144,1.0
0.9999983505536747,1.0
0.9155646333139907,1.0
0.9999290164244266,1.0
0.9877787715367725,1.0
0.9999996554969993,1.0
0.9999482797460697,1.0
0.9999935201265702,1.0
0.999808873142141,1.0
0.9999999165714605,1.0
0.9999995902119888,1.0
0.9968059192793494,1.0
0.43451821592022827,1.0
0.9999997045861362,1.0
0.9999703799660222,1.0
0.9999561433786195,1.0
0.9915151407510683,1.0
0.974005546649886,1.0
0.9999958862610208,1.0
0.9772474803281629,1.0
0.9996581770168433,1.0
0.671063188486718,1.0
0.9994355135418986,1.0
0.2761965126238606,1.0
0.013146114704326492,1.0
0.9814483901849135,1.0
0.28318412984840524,1.0
0.025763538090329614,1.0
0.79548943634913,1.0
0.03576690985983887,1.0
0.761209602335488,1.0
0.02060695873107175,1.0
0.022266225447428026,1.0
0.011140867884891761,1.0
0.25458611470745457,1.0
0.04710305133327774,1.0
0.011303145729561882,1.0
0.9988713630177377,1.0
0.08325743284420463,1.0
0.9999976293806653,1.0
0.012838336364891687,1.0
0.5197049535914547,1.0
0.05897862545746217,1.0
0.09315840480002138,1.0
0.02289050320584266,1.0
0.6953088920312517,1.0
0.6436911149004106,1.0
5.8664214772852175e-22,0.0
5.308245294777485e-104,0.0
2.5355979357423924e-123,0.0
8.493591240789195e-153,0.0
4.4227089133576896e-163,0.0
4.563789345290272e-149,0.0
5.511274595914383e-197,0.0
2.051397737996327e-237,0.0
4.546740005929586e-229,0.0
4.5542430723500595e-211,0.0
5.326333103454177e-228,0.0
2.1021415261215026e-240,0.0
1.0719321659460852e-246,0.0
1.4902539532932912e-237,0.0
2.1959341502100576e-251,0.0
2.6700122412213177e-247,0.0
1.8156782695374904e-237,0.0
4.002210411605817e-247,0.0
2.4888997907895407e-244,0.0
3.3101405961976977e-236,0.0
2.918922428392185e-226,0.0
1.2101526292915405e-210,0.0
1.1519018193140471e-241,0.0
2.706977468833471e-247,0.0
8.730362767671213e-248,0.0
3.350956240382783e-238,0.0
2.3954498784733848e-247,0.0
1.3118415120738722e-246,0.0
7.357875938803965e-242,0.0
6.689699733584571e-241,0.0
4.955177431170969e-237,0.0
3.433561476744226e-255,0.0
9.168494847300478e-248,0.0
1.1388074178527164e-237,0.0
4.784699467338328e-265,0.0
5.296306355576043e-248,0.0
6.37315016918836e-174,0.0
2.174894439081879e-218,0.0
1.5401515262877976e-231,0.0
1.777277445921605e-202,0.0
2.370883199017436e-104,0.0
4.620402123819141e-210,0.0
7.963832942420828e-185,0.0
3.633446768817941e-224,0.0
8.563878836080594e-199,0.0
6.477325802759131e-180,0.0
1.5578003010484632e-209,0.0
4.654444980293327e-211,0.0
5.456448878545511e-155,0.0
4.304903972276414e-177,0.0
3.475685212799895e-212,0.0
2.1325088651195618e-179,0.0
8.701541853155838e-160,0.0
5.3263213083678195e-219,0.0
4.617737848536173e-206,0.0
1.3747358448281565e-121,0.0
1.937656547916263e-115,0.0
7.258747808448114e-135,0.0
3.653973974028813e-65,0.0
1.1224053889891528e-102,0.0
2.5718532204785566e-175,0.0
7.825069974179077e-79,0.0
2.2980734750731328e-69,0.0
1.9113092288530303e-79,0.0
7.535153807445211e-127,0.0
3.488072737894093e-155,0.0
2.204829816177942e-23,0.0
3.0042152720785193e-21,0.0
6.845661590572239e-21,0.0
6.469164192462058e-18,0.0
1.0149106484574731e-09,0.0
1.4484425187098982e-13,0.0
2.9820681118554516e-15,0.0
2.4758794281276457e-09,0.0
2.333599838969972e-09,0.0
1.040137126910985e-05,0.0
5.017431196834503e-10,0.0
9.97432502531972e-17,0.0
6.76273720448212e-25,0.0
1.0807385245487562e-22,0.0
2.083127553908817e-06,0.0
3.5141287327678705e-08,0.0
5.3455015931709365e-11,0.0
3.964558187016719e-06,0.0
5.3900221971517545e-18,0.0
3.0312202616137134e-30,0.0
0.0009522763627964016,0.0
2.5810793924990103e-19,0.0
6.098228833836779e-26,0.0
1.0252231788611278e-10,0.0
7.442451262822243e-05,0.0
0.010492252287283616,0.0
7.097757193107233e-13,0.0
7.030245054707053e-30,0.0
5.369794347405189e-24,0.0
2.101248144159214e-12,0.0
3.8087335188725662e-06,0.0
0.00013683179134383415,0.0
1.0592552974036689e-05,0.0
4.979998884116797e-05,0.0
2.3337635505134386e-07,0.0
8.243829899109261e-06,0.0
0.00023803062332709298,0.0
0.0003100386777506072,0.0
5.284931479565043e-06,0.0
1.5412981323208292e-08,0.0
1.2098802389945697e-05,0.0
2.520643577470145e-09,0.0
6.790265586015575e-07,0.0
1.0251036330609701e-11,0.0
2.3027034704199967e-06,0.0
4.4484734353737885e-08,0.0
0.011530294665239475,0.0
2.6766127197693426e-12,0.0
1.186943440244699e-11,0.0
8.993948017828245e-25,0.0
0.00014945382297068871,0.0
0.008811334796991995,0.0
6.298637371996804e-05,0.0
2.8728700358600843e-06,0.0
3.771069097950331e-09,0.0
0.001454495535939887,0.0
0.019124585014303978,0.0
3.0755331483649386e-06,0.0
6.744179545915112e-05,0.0
0.00016383646150717673,0.0
6.328472117682789e-06,0.0
0.00034158391752491765,0.0
3.6496641798093545e-07,0.0
0.0004338768288944889,0.0
3.005246734327977e-41,0.0
2.0376750158725772e-19,0.0
1.812970385844709e-08,0.0
3.292412911010178e-08,0.0
3.866840774734331e-11,0.0
0.003435794329412086,0.0
1.921563884835804e-06,0.0
0.0006683121842982939,0.0
1.46631721100067e-06,0.0
0.00014853364565744923,0.0
0.019076593307848784,0.0
0.017924131507896405,0.0
0.00037805329690447236,0.0
5.3292297688096034e-05,0.0
2.645534992203671e-05,0.0
0.01686328445320924,0.0
2.6485534249422826e-06,0.0
0.0015046764479520328,0.0
0.024469425822359767,0.0
0.01811590865459407,0.0
9.517710341791921e-07,0.0
3.380138988196979e-11,0.0
1.0832952262771535e-06,0.0
1.189088940278233e-05,0.0
5.4431269038155824e-24,0.0
0.0004976145603036932,0.0
0.002759365881093675,0.0
3.18232794901793e-05,0.0
0.00034052781658904614,0.0
0.010899970216661763,0.0
1.6852779305344509e-06,0.0
0.0036517824743457967,0.0
9.333540697156079e-16,0.0
8.004001972158993e-05,0.0
3.50358240717583e-05,0.0
0.021624403221537046,0.0
0.03549518300806531,0.0
0.00015540656366954474,0.0
0.0006436813102079587,0.0
6.201910188709166e-07,0.0
0.00010295909919352523,0.0
0.0005764438569572341,0.0
0.005450740175647681,0.0
0.003104448455940485,0.0
0.0009488720789655337,0.0
0.008235164702076645,0.0
1.4631724218249317e-07,0.0
1.0474782579026041e-08,0.0
9.616055661411084e-06,0.0
0.002889712731119733,0.0
0.00020575071737088753,0.0
0.07068139274030248,0.0
0.0031456710178996497,0.0
4.2944514275915e-05,0.0
0.011958844553316353,0.0
7.330430444032573e-11,0.0
0.0012099308352570405,0.0
5.270666532878456e-13,0.0
0.001159058300689949,0.0
1.070669623986186e-12,0.0
1.926784315738536e-36,0.0
1.684632858488624e-40,0.0
1.1859975565408265e-120,0.0
1.1408935942746512e-60,0.0
3.867607410647904e-20,0.0
5.339563500966767e-09,0.0
0.005631522094839356,0.0
0.0027729102112064763,0.0
0.005691780893878173,0.0
0.049593082681611396,0.0
9.810560651587819e-29,0.0
5.7435807861640116e-15,0.0
1.9513698522007002e-58,0.0
0.03454694269276811,0.0
0.0054858044332331355,0.0
0.00520039783118546,0.0
0.1769869426284041,0.0
0.0018651835259290723,0.0
0.014184728851745583,0.0
0.012598291608071124,0.0
0.0007140012054319645,0.0
0.03425622910686278,0.0
0.0005179657220864217,0.0
0.054371237452946426,0.0
0.00034203585092616246,0.0
0.0042269342337402475,0.0
0.00042062974810348124,0.0
0.0004664902574397826,0.0
2.707966008856477e-05,0.0
1.8092785376879933e-12,0.0
7.71137418854478e-06,0.0
0.000433273718962415,0.0
0.0010334866019924972,0.0
0.0066135912687913315,0.0
0.040115953035679504,0.0
0.019533339394824042,0.0
0.006009834175572616,0.0
0.0005110066273483323,0.0
0.0004107425242763606,0.0
9.613935864931252e-22,0.0
0.012862813332498285,0.0
0.003209349506843677,0.0
0.004357476049477787,0.0
0.0002743067188330508,0.0
0.0023174779698355383,0.0
0.00841832849819076,0.0
0.0007144146923359526,0.0
0.002475463826929644,0.0
0.010294555482145458,0.0
0.0004406103572208596,0.0
0.003059672780399747,0.0
1.4419436091030012e-08,0.0
0.012639541342640502,0.0
0.0014121538199725605,0.0
0.007958785649312187,0.0
0.025961003981344304,0.0
0.0060731077976369716,0.0
0.0005249134009271967,0.0
0.00346910312423864,0.0
0.018796356422981365,0.0
0.04114581179221539,0.0
0.021296870718440025,0.0
0.17071659196966463,0.0
0.00025731464942696687,0.0
0.002486724000466303,0.0
0.007142299792488147,0.0
2.2725266677302253e-07,0.0
0.0015861280325128852,0.0
0.07066339381855642,0.0
0.05795649463851327,0.0
0.02023537597269695,0.0
0.00017118223878963187,0.0
0.009900188950825858,0.0
0.002047466146675286,0.0
0.015123383235114918,0.0
0.00418793063297705,0.0
0.009382490002402575,0.0
0.0027764904489137967,0.0
0.00029282783633886037,0.0
0.0004864881162458104,0.0
0.0002779527181056685,0.0
0.05523490397386389,0.0
0.03896844926241853,0.0
0.011090033438214101,0.0
0.001302763994993536,0.0
0.0002895607433132364,0.0
0.06378459586197355,0.0
0.0872646244261726,0.0
0.0010943199678997433,0.0
0.023222068234569473,0.0
0.017230751879877236,0.0
4.495235141947692e-06,0.0
0.01585057787509271,0.0
0.007667673563401771,0.0
7.220815981024304e-09,0.0
0.01646357422495504,0.0
0.001737836209084797,0.0
0.004089821363997896,0.0
0.01027895176065073,0.0
0.0011633085648569557,0.0
0.11601036913745216,0.0
0.029742120882800382,0.0
0.007693195242143904,0.0
0.00019004575965024065,0.0
0.0015475110077604625,0.0
0.027133060782502712,0.0
0.00024211967053197045,0.0
0.0056361290527989424,0.0
0.0010243370460923252,0.0
0.002444112999872904,0.0
0.013098999416232377,0.0
0.011412500321725215,0.0
0.0019412792877106864,0.0
0.0965862348507601,0.0
0.20352663074439822,0.0
0.05760557836067071,0.0
0.06482689674861986,0.0
0.025209659791121705,0.0
0.049953453668966676,0.0
1.6772426171336405e-09,0.0
0.0013771090960999063,0.0
0.009123528242076847,0.0
0.13390146916806026,0.0
0.15835437396636368,0.0
0.1383457409101684,0.0
0.05763381384066962,0.0
0.04628016202928524,0.0
0.0029398011513170697,0.0
0.05107432006946674,0.0
0.011403662286868909,0.0
0.025698639677768302,0.0
0.00011575875796296512,0.0
3.3430271271974066e-09,0.0
0.005334317450542802,0.0
0.06111358732044866,0.0
0.05178551690454792,0.0
0.022437819302795103,0.0
0.011235811892627984,0.0
0.0037876627220894345,0.0
0.09902804999003731,0.0
0.050255724231971506,0.0
0.009104900369666179,0.0
0.00854349441579484,0.0
0.01508384725947637,0.0
0.00014752258139101457,0.0
0.02477846410268669,0.0
0.03536708321946609,0.0
0.04297750437729451,0.0
0.023259496601982198,0.0
4.331609682297493e-08,0.0
0.02097513039074386,0.0
0.00043770969755445636,0.0
0.0013143214548716204,0.0
0.0013279871018724164,0.0
0.028262037151407137,0.0
0.04585401259633091,0.0
3.8219901913997044e-31,0.0
1.1048008271558032e-85,0.0
8.088250805364488e-75,0.0
2.202689929157128e-89,0.0
3.438120427633791e-89,0.0
6.078336687675471e-76,0.0
1.8985499454123632e-63,0.0
1.3014941223032462e-10,0.0
1.0280361293094102e-42,0.0
2.623746902421349e-68,0.0
6.810608140992151e-99,0.0
1.5025856315604669e-75,0.0
5.753593340642545e-78,0.0
5.438924265047745e-07,0.0
4.2338355041610844e-69,0.0
8.454308514756264e-42,0.0
2.6426363000917525e-81,0.0
0.021113546394461204,0.0
0.010615949075549146,0.0
0.009263334831142528,0.0
0.005232985128888891,0.0
5.134270151670603e-07,0.0
0.007826872228343702,0.0
0.021840470482671005,0.0
0.0195775303549006,0.0
0.0020577927676639304,0.0
0.028895019052948327,0.0
0.009248679311199227,0.0
0.00035137162627464386,0.0
0.010185997360590383,0.0
0.02235216723263537,0.0
0.010149226887664646,0.0
0.0058293413756596805,0.0
0.012778032454370859,0.0
0.00023201207128497922,0.0
0.0009683094098214027,0.0
0.014648622121621446,0.0
0.0023512205012269096,0.0
0.028005061728853694,0.0
0.0012014464886110233,0.0
0.01114008869273067,0.0
0.0008466430451257685,0.0
0.009531856871592933,0.0
0.020073448186389224,0.0
0.0019011702123500212,0.0
0.00020739287916586696,0.0
0.028530358635658983,0.0
0.0029958545087649603,0.0
0.10048409462500392,0.0
0.001677791499353955,0.0
0.030282193103692324,0.0
0.0005488998832313732,0.0
0.0022016763822512025,0.0
0.022209054557420425,0.0
0.016463416869691057,0.0
0.0005909800509512607,0.0
0.0166272388189047,0.0
0.0032872564029040085,0.0
3.5742659574062064e-06,0.0
0.0040144687136903535,0.0
0.002801562891339122,0.0
0.010680386585730025,0.0
0.019895053756624904,0.0
0.015444395264074304,0.0
1.1829700989235549e-05,0.0
0.009160278839611633,0.0
0.011046233214933504,0.0
0.0046001278644384,0.0
0.0015732906767259548,0.0
0.0013284563268158168,0.0
0.013571760778542974,0.0
6.344875693522746e-08,0.0
0.0072127472364840635,0.0
0.019531175650967354,0.0
0.01427036240502646,0.0
0.0014239420490968358,0.0
0.012656617360859448,0.0
0.00309910341485137,0.0
0.007966477931465519,0.0
0.11258875761780342,0.0
0.024246867024394336,0.0
0.01773857887258346,0.0
0.023395519592552587,0.0
0.00869909247537757,0.0
0.011398808827896732,0.0
0.0018546715780546875,0.0
0.00014032878877552396,0.0
0.008715425407862746,0.0
0.01641011697903719,0.0
0.0016118244904688352,0.0
2.619790195173538e-09,0.0
0.0008782186454586258,0.0
0.006907868094012177,0.0
0.030817694094295547,0.0
0.008273043998689162,0.0
0.00011400085548764477,0.0
3.1780996335766445e-22,0.0
0.0005382471912221062,0.0
0.09617933476734541,0.0
0.000432690655118361,0.0
0.01099711988206369,0.0
2.584306460666606e-05,0.0
0.0064747145620894266,0.0
0.008733361427140832,0.0
1.6046813621841697e-15,0.0
0.008758584903234137,0.0
4.396695604032337e-07,0.0
0.009368103779351947,0.0
0.01794652267475666,0.0
0.0012875212747162866,0.0
0.004943301815877083,0.0
0.07474297641318894,0.0
0.0073651964568203585,0.0
0.008952024129607663,0.0
0.0032310921853959864,0.0
0.007683836395278538,0.0
0.013975623642206994,0.0
0.011207897730301107,0.0
4.1723557066509585e-06,0.0
0.0305431764096255,0.0
0.010332953061667711,0.0
0.012754658613770235,0.0
0.0007984782419580788,0.0
0.007034598995848085,0.0
0.06979964961437844,0.0
0.014690018833564637,0.0
0.00039573356769746597,0.0
0.009384641163789308,0.0
0.016758755985288698,0.0
0.01007354167224231,0.0
6.091289476075575e-17,0.0
0.009321699913635571,0.0
0.01408637888090525,0.0
0.01503726796064551,0.0
0.007697937903264729,0.0
0.008875322336088589,0.0
0.02168914405537248,0.0
0.01635193646217553,0.0
0.0072183628768908775,0.0
0.015535387644534292,0.0
0.0057179310363064464,0.0
0.01641183109580217,0.0
0.0013826999848544944,0.0
0.022059613170042274,0.0
0.008708391520348639,0.0
0.013906152582461877,0.0
0.024709194143347008,0.0
0.014260974893809498,0.0
0.018116506967697708,0.0
0.01590697086574022,0.0
1.765685926822537e-11,0.0
3.4313464534737308e-09,0.0
0.008038967189533732,0.0
0.030958948497307195,0.0
0.01147086840570769,0.0
0.0042530966942027175,0.0
0.01603054285787362,0.0
0.006946599958717363,0.0
0.007341352589284065,0.0
0.008577462324306166,0.0
0.019022093096060892,0.0
0.009885244766885652,0.0
0.009808322119158693,0.0
0.02019194201218503,0.0
0.011392480446313216,0.0
1.9586261272695542e-16,0.0
0.009357285186474617,0.0
0.004137769464725939,0.0
0.05732838098963308,0.0
0.02431211212256896,0.0
0.04607719348738063,0.0
3.1047981154702104e-07,0.0
0.029681747225994808,0.0
0.02234919523427067,0.0
0.01442892345326472,0.0
0.015998540771268967,0.0
0.011326038875779099,0.0
0.010818048954922986,0.0
0.009280537765262796,0.0
0.008598928341988464,0.0
0.02134208224612404,0.0
0.02040367341952233,0.0
1.1592945268197937e-07,0.0
0.019326319173696312,0.0
0.008600754144887552,0.0
0.006538089379366883,0.0
2.0570392913665182e-11,0.0
2.709132451471938e-22,0.0
0.009146585090796246,0.0
0.027934382285870862,0.0
0.03887184569053101,0.0
0.009617321457314237,0.0
5.570933951219745e-16,0.0
0.026921985882315133,0.0
0.035447981569929815,0.0
0.01088091379776558,0.0
8.440833241305083e-26,0.0
0.012146458615374719,0.0
0.02664116763646058,0.0
0.015421465727881752,0.0
0.00017405045213580693,0.0
1.2022382581988265e-20,0.0
0.017065511948172348,0.0
0.01328834807431972,0.0
0.007229275182075381,0.0
0.018857561465834963,0.0
0.0017856011144071755,0.0
0.04435918645422327,0.0
0.00835704172806241,0.0
3.297922543355285e-26,0.0
0.023057326458592892,0.0
0.0241219118260039,0.0
0.022878836205378034,0.0
0.017102247790458255,0.0
0.00856510842648534,0.0
0.016669154224559456,0.0
0.011097213881394627,0.0
0.016168968754650057,0.0
1.9698705893796377e-18,0.0
0.04072505285113446,0.0
0.011522587599851836,0.0
0.0851874760622563,0.0
0.011174028090540394,0.0
2.56869646807748e-19,0.0
3.9403194510159583e-07,0.0
0.014227081018628459,0.0
0.01282015673213177,0.0
0.009213938350872959,0.0
0.006897751808296651,0.0
0.009579923741838688,0.0
0.011622195106067431,0.0
1.0169766501692917e-08,0.0
0.01149380460241113,0.0
0.012040106514865673,0.0
0.012593060599353067,0.0
0.015028846245522873,0.0
0.004583119525003955,0.0
2.1368047223803535e-09,0.0
4.315895524390835e-08,0.0
0.0218058948274689,0.0
0.0027302242271486006,0.0
0.006978457680497721,0.0
0.008651150571567751,0.0
0.007906272050138021,0.0
0.011579897741309289,0.0
1.1080030650462385e-22,0.0
0.04619498870043525,0.0
0.015733321328648228,0.0
0.008919710530158803,0.0
0.017786232765419314,0.0
0.01674006029621591,0.0
0.004875084156268569,0.0
0.009087095276645703,0.0
0.008615193434990821,0.0
0.012133844208864129,0.0
0.001057988100366547,0.0
3.1465345986344785e-15,0.0
6.159954540361549e-11,0.0
0.012167953998380875,0.0
0.010740159573246066,0.0
0.05199276200357657,0.0
0.0036110071169268934,0.0
0.04014750510046848,0.0
0.009099256740562982,0.0
0.016190537859455317,0.0
0.02141600714272991,0.0
0.00443111601514656,0.0
0.007931424807636603,0.0
0.002353978266752123,0.0
0.009300889630889791,0.0
0.009584547689630971,0.0
0.04017066560545814,0.0
0.0022359975517372292,0.0
0.013021777014607643,0.0
0.0074540993155237795,0.0
2.4947310698305724e-20,0.0
0.07234095719665812,0.0
0.02120528587239941,0.0
0.007835369330470833,0.0
0.02069982357917421,0.0
0.011474568232417555,0.0
0.0006978592452022614,0.0
7.59375452443052e-06,0.0
7.789548004596116e-23,0.0
0.011423252726939911,0.0
0.007537172102173154,0.0
0.0001010128301737773,0.0
6.153843970464997e-13,0.0
0.006229423985157495,0.0
0.016043876166942486,0.0
0.018648700553005333,0.0
0.012555711314659719,0.0
0.009835490804853103,0.0
3.7236698766510236e-06,0.0
0.024475791571876224,0.0
0.030861935430638955,0.0
0.014037168146884955,0.0
0.03528685778469239,0.0
2.377225906663435e-27,0.0
0.15856925663511934,0.0
0.014006250532126669,0.0
0.009269062393807412,0.0
3.1029988818774563e-07,0.0
5.01247383198487e-07,0.0
0.009880018068868155,0.0
0.013942480568962622,0.0
1.2138314237708976e-17,0.0
0.00805712767944821,0.0
0.00959488785022175,0.0
0.015210037336785333,0.0
1.5526474911056183e-15,0.0
3.640337502683895e-10,0.0
0.008851744265031635,0.0
0.00948280812485501,0.0
0.01652780286748802,0.0
2.1204741672991197e-17,0.0
2.0570876206452796e-09,0.0
0.01579202178920682,0.0
0.011156582811218107,0.0
0.019991247349605366,0.0
0.012993862376218142,0.0
0.021321327151550558,0.0
0.009042770616808674,0.0
0.008566431544202707,0.0
1.4079609584909108e-22,0.0
0.010751867641130869,0.0
0.02089120862337478,0.0
0.008603193190980326,0.0
0.010878583890381694,0.0
0.01783679947480112,0.0
0.0068950268194057866,0.0
0.023185118050042735,0.0
0.0025814518397557504,0.0
4.0955213593086376e-11,0.0
1.0702198169662547e-07,0.0
0.013596658814528201,0.0
0.020174451310266364,0.0
0.007860803541237837,0.0
1.3254580625308224e-14,0.0
8.401371514329909e-15,0.0
0.021896085801174497,0.0
0.0012657182304548805,0.0
0.01663275004943966,0.0
0.010889276174496854,0.0
0.01141130239873345,0.0
3.268321390746752e-17,0.0
0.007980718242622501,0.0
0.001125592583668491,0.0
0.012996905398713145,0.0
0.0113338669729295,0.0
0.009914633053968242,0.0
8.465567230616357e-08,0.0
1.8880326370309242e-16,0.0
0.009073761576007436,0.0
0.013458026369345202,0.0
0.014121316664984547,0.0
0.00777104086145836,0.0
0.009713084981921557,0.0
0.006584560476575779,0.0
0.0004297475603556882,0.0
0.013120939914426486,0.0
0.011348484655844452,0.0
0.00854521326225459,0.0
0.00041171936388055867,0.0
0.01844009868591653,0.0
0.007638935027266846,0.0
0.006933685384865619,0.0
0.007221916723063913,0.0
0.016118852265408302,0.0
0.009262431776168893,0.0
0.01280493128597914,0.0
0.023536573750705087,0.0
0.006812851691599982,0.0
0.007416563826899882,0.0
2.9558647462478366e-12,0.0
0.015972446485907545,0.0
0.007544165780447014,0.0
0.00022786160659022702,0.0
1.0198814325754483e-07,0.0
0.008144570952655436,0.0
0.009921702311396588,0.0
0.01813528170572376,0.0
0.009231209768608372,0.0
0.00929905665518495,0.0
0.007724396203218838,0.0
0.01702051645296049,0.0
0.0074652054479889905,0.0
5.712353663847691e-11,0.0
0.018772749184354523,0.0
0.0038732734765481447,0.0
1.1393795617066624e-21,0.0
0.010403844322224779,0.0
0.016178212444094,0.0
0.06222287886772684,0.0
1.2268321058947938e-25,0.0
0.012388318196617173,0.0
0.019809339111709557,0.0
0.0121050900746015,0.0
0.023281870339343876,0.0
0.013453418362091612,0.0
0.017327151332485004,0.0
0.009350812817435224,0.0
0.13551984114804796,0.0
0.008765959080183114,0.0
2.701305256506807e-24,0.0
0.027140017057801637,0.0
0.04043523624010774,0.0
0.005870267261061093,0.0
1.7214764417599596e-24,0.0
5.7287302620753195e-09,0.0
0.013955687897850755,0.0
0.018138580854434594,0.0
6.0992903493567935e-22,0.0
0.01769253153211925,0.0
0.01425321321557146,0.0
0.007753543563070546,0.0
0.01801284262904662,0.0
0.008647995915886846,0.0
1.2542038081320676e-20,0.0
3.666179869887961e-05,0.0
0.016141987718431988,0.0
0.009690980580217334,0.0
0.019773278582113328,0.0
0.008226910703480295,0.0
0.023463538632747735,0.0
0.0005136888449094319,0.0
0.0360528307983232,0.0
0.009144408448126157,0.0
0.008746855908374242,0.0
0.016985501628121926,0.0
0.01311830974371635,0.0
0.00982990435002726,0.0
0.002072730801186656,0.0
1.1083782168118286e-09,0.0
0.020116238207904497,0.0
0.01352528069911346,0.0
0.01228720020411266,0.0
0.0370351951642307,0.0
7.786097587918883e-16,0.0
0.013579342365332212,0.0
0.02082847218072494,0.0
0.0076542730523875445,0.0
0.007521274497636789,0.0
7.748641723634559e-14,0.0
0.008357106888490012,0.0
0.012095415703923945,0.0
0.009442277073905398,0.0
0.022121716565581,0.0
0.03532534584178963,0.0
0.046483665125502435,0.0
0.012967830612866936,0.0
0.0012834897580184985,0.0
7.585107489741358e-08,0.0
9.938960174891172e-08,0.0
0.00790181914120798,0.0
0.013926873207042986,0.0
0.015133097926459544,0.0
0.010783212750674703,0.0
0.013990064113458487,0.0
0.009459049468239741,0.0
0.01088749170777763,0.0
0.01321537464647983,0.0
0.021084390029337985,0.0
0.0040041977656744675,0.0
0.009741551785031142,0.0
0.011017952920341353,0.0
0.020937834054866107,0.0
0.008150209991529881,0.0
0.0006075355448739446,0.0
0.0025169352644152155,0.0
0.012587491836690601,0.0
0.010542737904208116,0.0
0.0019760735400969486,0.0
0.007051435262512502,0.0
2.9061241651931794e-14,0.0
1.6774812758672872e-10,0.0
0.01060130298195422,0.0
0.009582254099896824,0.0
0.013393085510054636,0.0
0.013283636205918496,0.0
0.0037081006642251373,0.0
0.00796957304083696,0.0
0.012119249023360121,0.0
0.013340352543575207,0.0
0.0246427017352385,0.0
0.02451870621306786,0.0
0.002602380149742943,0.0
0.022249911827495025,0.0
0.016739663927432914,0.0
0.009519677268789021,0.0
0.007523362934270246,0.0
0.02198585373810633,0.0
0.012725039997099754,0.0
0.05015296634574979,0.0
0.01694081759313489,0.0
2.4255270787522044e-28,0.0
0.009187322192475035,0.0
0.0012795298290704039,0.0
0.006468035084383863,0.0
7.613602635202924e-11,0.0
0.011269789930070495,0.0
0.03450732255096635,0.0
0.005759300166576297,0.0
0.0070797219219396355,0.0
2.1723003991479858e-06,0.0
0.010600900112941769,0.0
0.009542366016292835,0.0
0.025345286546351608,0.0
0.013754757521930425,0.0
2.492794231622175e-13,0.0
0.008190647472295311,0.0
0.015079913395283433,0.0
0.015125223746646127,0.0
0.05936555722404154,0.0
0.02492503639848658,0.0
0.018401713744159696,0.0
0.014866054856811561,0.0
1.2073651879742416e-14,0.0
0.024174017780845086,0.0
0.012919388221836426,0.0
0.007452525230284865,0.0
1.3931328736158143e-06,0.0
8.74919219742188e-16,0.0
0.014562870146269731,0.0
0.013434300955230249,0.0
0.044108265522589535,0.0
4.1973868992906096e-08,0.0
0.0011719439950179272,0.0
0.010261921293640624,0.0
0.016038771580461922,0.0
0.017796591051029594,0.0
0.001989591433072555,0.0
0.006492441054531821,0.0
0.011301995498610324,0.0
0.004904408684154465,0.0
0.012855392865395518,0.0
0.05170113637037624,0.0
0.018079011511053726,0.0
0.008158548104521659,0.0
0.009129309227222234,0.0
0.024325214865741192,0.0
0.004945792870643731,0.0
1.3458066359979866e-15,0.0
0.017116120339095684,0.0
0.023410706397343575,0.0
0.011715985163672287,0.0
0.014552052262237476,0.0
6.918495876504344e-20,0.0
0.001965332668325084,0.0
0.012906621410768076,0.0
0.015337013267245805,0.0
0.024679117294240126,0.0
0.011711853455128297,0.0
0.01464960521243065,0.0
3.389972325198985e-21,0.0
0.02558309317828465,0.0
0.018601611774965086,0.0
0.013633259630813768,0.0
0.009127762119370527,0.0
0.0003760750646565826,0.0
8.963539771626037e-15,0.0
0.013219893467677194,0.0
0.01284377887627152,0.0
0.010732828304998483,0.0
0.03215687687372623,0.0
0.0502729782554728,0.0
1.320194223249768e-22,0.0
0.009151720098999266,0.0
0.013230455795259497,0.0
0.008089012918169202,0.0
0.011660344409689527,0.0
5.8739596523221925e-06,0.0
0.012001093915626457,0.0
0.006762562371528235,0.0
0.011128213020241957,0.0
0.013982080741407246,0.0
0.021949458488727,0.0
0.012534978675968811,0.0
0.00868349263914654,0.0
0.047778439969353104,0.0
0.010604817287928881,0.0
0.012947502003034479,0.0
0.08352626836614264,0.0
0.012247686860242817,0.0
0.010784334874612762,0.0
0.010392116926336112,0.0
0.007268908244760763,0.0
0.012442710989740523,0.0
0.015026015974808831,0.0
0.00013767349244638206,0.0
1.1101151026681261e-07,0.0
0.021365899143378952,0.0
0.0005224607124784184,0.0
0.0010706854972996403,0.0
0.009664825042866063,0.0
0.010110427119307255,0.0
0.010607297296324354,0.0
0.012212464375323608,0.0
0.008314260790236666,0.0
4.997805808723394e-13,0.0
0.0011018575832935828,0.0
0.00777293219925334,0.0
0.024785315606449407,0.0
0.02787527240052403,0.0
0.059194382990170304,0.0
0.00011151775703832722,0.0
1.3623151563857646e-06,0.0
0.01190728875668423,0.0
1.3635903585147059e-11,0.0
0.010958001294113178,0.0
0.007392052912384445,0.0
0.009928460029428512,0.0
4.028188367594083e-16,0.0
0.0407087703513867,0.0
0.0184005398850604,0.0
0.006386203872292425,0.0
0.014568382323641377,0.0
0.021942403006470247,0.0
0.015934538470159715,0.0
0.0068210645872424985,0.0
1.3354904216233588e-26,0.0
0.01538618153155961,0.0
0.012470989814262624,0.0
0.016819031309839458,0.0
0.012831766701276318,0.0
0.010559761176513463,0.0
1.0057800851094704e-16,0.0
0.015525753474327324,0.0
0.010057107831910935,0.0
0.0004234429264851805,0.0
0.024659485999982328,0.0
1.9901847936075889e-13,0.0
0.018286626448163666,0.0
0.02125019098122564,0.0
0.01621457793419777,0.0
0.01586618945259631,0.0
1.04561291036456e-11,0.0
6.099022579324303e-08,0.0
0.01459628102383827,0.0
1.0896860006861552e-08,0.0
0.003182858495720749,0.0
0.007427915078043458,0.0
0.022754261364291345,0.0
0.016161303009243174,0.0
0.007672729693314988,0.0
0.07055950066630608,0.0
0.0437102713871373,0.0
0.005121962011625313,0.0
0.05430753753360179,0.0
0.033566625302035386,0.0
0.007166245952978804,0.0
0.007690653560230315,0.0
0.017799751945560903,0.0
0.0013045876663332718,0.0
9.282531868816488e-12,0.0
0.0061655517084794114,0.0
0.008801972723402699,0.0
5.984571146548373e-16,0.0
1.1867781706888663e-18,0.0
0.010595424058926542,0.0
0.011161039976151813,0.0
0.011456157738360808,0.0
0.014187580894593238,0.0
0.012731443112651676,0.0
0.011047333937179021,0.0
0.008634181694910089,0.0
0.013656260071559194,0.0
0.014464875664955022,0.0
0.0023143139076588996,0.0
0.00908375310840356,0.0
0.015549535774533881,0.0
0.007469926195339773,0.0
2.6124800498738e-10,0.0
0.00918818912557787,0.0
0.01714550059025261,0.0
0.005240401643132406,0.0
0.008648724621741644,0.0
5.5779033945746665e-18,0.0
0.015857430532401715,0.0
0.006744113087754772,0.0
6.804547218492086e-09,0.0
2.696418301531494e-06,0.0
0.0031448057168232423,0.0
0.010083075925843217,0.0
3.3566638584101392e-06,0.0
0.016606217582433903,0.0
0.00613190826258759,0.0
0.03141728504276828,0.0
0.023986438641400213,0.0
0.013888166592958108,0.0
0.010957144882229363,0.0
0.013090450452601562,0.0
0.019881054371634066,0.0
0.0006289892784092753,0.0
0.010978841911685085,0.0
0.017999789940812028,0.0
0.11629604963558719,0.0
0.007133180320374308,0.0
0.014222889143085256,0.0
0.009349297819225291,0.0
0.009306989284074446,0.0
0.020542959265002023,0.0
0.010361703311097146,0.0
0.0019217021064918602,0.0
0.010955346366595604,0.0
0.007892814870698062,0.0
0.019748447763799616,0.0
0.013803495167912962,0.0
0.011132806680430134,0.0
0.005782442398760863,0.0
0.015768742971445954,0.0
1.3418864763944783e-08,0.0
0.0010584423308200596,0.0
0.04786486795861304,0.0
0.014320533009300111,0.0
0.019336210677610047,0.0
0.01749111296047805,0.0
0.018295967698581942,0.0
7.509128857203964e-10,0.0
4.090705155233435e-08,0.0
3.7032332722887375e-07,0.0
0.014258001254341065,0.0
0.006847361572033972,0.0
0.0005322515602731805,0.0
0.01710992863671569,0.0
0.013195216790431646,0.0
0.017733443835293086,0.0
0.0046841057670723996,0.0
0.011808775558562077,0.0
0.011400261859747384,0.0
1.0269815372746684e-10,0.0
0.015758030897230945,0.0
0.008610850750855934,0.0
1.5397851760644917e-06,0.0
4.0275463368772027e-13,0.0
0.006667687644968554,0.0
0.033537726704771745,0.0
0.00712316224082726,0.0
0.014755725368418668,0.0
0.015915202297729903,0.0
0.013505969471623955,0.0
0.01655609797799707,0.0
0.011816210185007107,0.0
0.0034468424855439023,0.0
0.0506745918483587,0.0
0.017226904365153155,0.0
0.022647420315657273,0.0
0.016182594600158688,0.0
0.021908867658652215,0.0
2.3590393720104605e-09,0.0
0.018502886160163608,0.0
0.01542272494066387,0.0
0.011691870435145081,0.0
0.020736202880316655,0.0
0.005368090058247627,0.0
0.007740805714315981,0.0
1.0754614347878055e-26,0.0
6.2152462535266934e-15,0.0
0.013612123314171727,0.0
0.013610786787102928,0.0
0.014181841657391057,0.0
0.012049513835103304,0.0
0.0004014223127189289,0.0
9.285420864563727e-17,0.0
0.0011561661787278603,0.0
0.011797726000559717,0.0
0.014323228672265955,0.0
0.04781505414846086,0.0
0.010731496558507622,0.0
0.020531425244510113,0.0
0.012065390329427765,0.0
0.013741710874601241,0.0
0.015435204053184185,0.0
0.016744478151990604,0.0
0.037888442317633345,0.0
0.009209289244064287,0.0
0.015783332748482506,0.0
4.4171441667152115e-16,0.0
1.4813192176288912e-07,0.0
0.00839996386609495,0.0
0.011311210357990705,0.0
0.019830943272657744,0.0
2.4305682434000604e-07,0.0
0.015915872469506657,0.0
0.034676574825133456,0.0
0.01071830754386733,0.0
6.429608712155168e-08,0.0
1.7679398864122574e-17,0.0
5.318938061627194e-05,0.0
0.007967365781831407,0.0
0.02072370359192917,0.0
0.013568385492958236,0.0
0.007395813995406095,0.0
0.026137694272903092,0.0
0.01164936833148576,0.0
2.696416440387282e-08,0.0
9.032603230177976e-11,0.0
0.015942192890502714,0.0
0.015267167990619121,0.0
0.00855751897856456,0.0
0.017797442752266402,0.0
0.008882405079216761,0.0
0.032357873234025,0.0
0.014132145689769195,0.0
0.013713024263674599,0.0
1.853443468487673e-06,0.0
0.023218060113766162,0.0
0.013470232567012484,0.0
0.0006320965615490389,0.0
0.00832592774038275,0.0
0.013671100227143664,0.0
0.00879525606202325,0.0
0.00034163244551506996,0.0
0.007886486193526977,0.0
0.018888446497630346,0.0
0.006196661177639471,0.0
0.008379219633950007,0.0
0.006480891624664272,0.0
0.05432939506889665,0.0
1.929815449585948e-07,0.0
0.010421894599889068,0.0
0.01103119077922693,0.0
0.010418192008260678,0.0
0.023834099011127454,0.0
1.6218571770720042e-13,0.0
0.02002170326123494,0.0
0.019238328177630076,0.0
0.00789824875138509,0.0
0.02984682507986038,0.0
0.012608148319092656,0.0
0.01209207382582477,0.0
7.248250284737571e-08,0.0
0.01812282104493572,0.0
2.822378873280954e-07,0.0
0.01649386818181047,0.0
0.03163411425299854,0.0
0.09136806262936274,0.0
0.0559128119500569,0.0
3.6856295746886694e-06,0.0
0.0012510660930078231,0.0
0.015276022241497484,0.0
1.5300451661748325e-05,0.0
0.019879354629072817,0.0
5.181068241935407e-05,0.0
5.670650185009316e-09,0.0
0.01470075338798352,0.0
0.029779448629277137,0.0
0.00912956037320015,0.0
0.016950763707459956,0.0
0.04517627392893422,0.0
0.012212780094178238,0.0
4.0586718368280254e-10,0.0
0.01220053474641613,0.0
0.01224568957913502,0.0
0.01003413277766876,0.0
0.010495821152673328,0.0
1.0650207621020472e-16,0.0
0.07614333011771554,0.0
0.009441153395803615,0.0
0.012353793332446428,0.0
0.011296163144504918,0.0
6.987102406714975e-09,0.0
0.01599607002175449,0.0
0.014652385055788053,0.0
0.008074566312628586,0.0
0.013826246462471454,0.0
0.008315949567772386,0.0
0.014101991504773459,0.0
0.008284524961993162,0.0
0.008887350483558935,0.0
0.009308836057420571,0.0
0.011320217723307548,0.0
0.01777943981457818,0.0
6.813965270480565e-19,0.0
0.008939317807067844,0.0
0.021652711804916687,0.0
0.009294607204089235,0.0
0.01627125422765065,0.0
0.025907526315851914,0.0
0.04761576059939425,0.0
0.019064539290484617,0.0
0.01094292809425556,0.0
2.282642115113461e-13,0.0
6.238402722050289e-10,0.0
0.040342119291329706,0.0
0.009979059601410522,0.0
0.001536897479290522,0.0
0.043851760620042625,0.0
0.015124566818200711,0.0
0.018361103971240973,0.0
0.05776952838791491,0.0
0.010478074588761328,0.0
0.01725801094566301,0.0
0.0018160699388566806,0.0
0.0018642844163073227,0.0
0.012591744295917686,0.0
0.012824001248742662,0.0
0.004300737351048228,0.0
0.007411059362437143,0.0
0.006822532805764547,0.0
0.007803095806102512,0.0
1.8278480947952037e-10,0.0
0.0013884830508220473,0.0
0.006619407850989984,0.0
0.021167160820863153,0.0
0.010157255311550938,0.0
0.014786336766530019,0.0
8.148176405749047e-15,0.0
0.016031747862866586,0.0
0.02026338253641149,0.0
0.008339326318740802,0.0
0.011544945290902322,0.0
