0.00037553191566246726,0.0
0.0002548227133003072,0.0
0.0006838560793845049,0.0
0.00022348946780142225,0.0
3.623626662135848e-05,0.0
6.777309142856066e-06,0.0
0.0001120169835820432,0.0
3.898692010208451e-06,0.0
0.0002600866528663365,0.0
0.0003616383099603836,0.0
0.0009875558667766771,0.0
5.091338640255275e-05,0.0
0.003414449447134019,0.0
0.00034293552780945814,0.0
7.859782812624924e-05,0.0
8.892825351199979e-05,0.0
0.0001399693157574819,0.0
6.423392962071464e-05,0.0
0.0003477405394118618,0.0
0.00011582086335767226,0.0
0.000186707893686451,0.0
5.9834198407545185e-06,0.0
5.605951399191681e-05,0.0
2.015847872779449e-05,0.0
8.337144090949663e-05,0.0
0.00019704021534360384,0.0
0.0001516144062987916,0.0
0.00010892237238963584,0.0
2.230533427106172e-05,0.0
2.0070263959205072e-05,0.0
3.962305227231511e-05,0.0
0.0001701007184012904,0.0
2.743866316227719e-05,0.0
1.5656992623374454e-05,0.0
8.288461085034177e-05,0.0
0.0005487061256149781,0.0
0.00011412319915792545,0.0
0.00015707351274219915,0.0
1.1708700859541381e-05,0.0
2.2243885728794844e-05,0.0
2.2426873906557395e-05,0.0
4.444380323455742e-05,0.0
0.0001841079431231715,0.0
0.00011152283209501147,0.0
3.6784553760846896e-05,0.0
0.00026687100617154755,0.0
0.0013684491183002696,0.0
0.00030328661267754194,0.0
0.0004346479694845441,0.0
0.00022401597542660268,0.0
0.00038754365046681454,0.0
0.00016264526783210873,0.0
3.537491506670747e-05,0.0
0.00018236916557504777,0.0
0.00012406912671650877,0.0
7.019059211375526e-05,0.0
0.0001650339180652364,0.0
5.67102589976261e-05,0.0
7.309983385199247e-05,0.0
0.008520234241896091,0.0
0.014880196405995973,0.0
0.0002632195711140848,0.0
0.0001398301353415345,0.0
0.00024325859306377042,0.0
0.00013760739183408526,0.0
0.0004577462422172641,0.0
2.3395271898398377e-05,0.0
9.169720142199562e-05,0.0
0.0007177256297742277,0.0
7.810620681736925e-05,0.0
4.9127793340811196e-05,0.0
7.058942985618878e-05,0.0
4.278067759211822e-05,0.0
9.538335707201164e-05,0.0
0.00029291704390837467,0.0
0.0012302077601574846,0.0
0.0001751281342185448,0.0
0.00020006561956256263,0.0
7.860658782890144e-05,0.0
4.235589494346809e-05,0.0
0.0001469934802965379,0.0
5.285307627387728e-05,0.0
2.075015733132546e-05,0.0
4.970897028849347e-05,0.0
2.041679625517595e-05,0.0
3.9207093073575175e-07,0.0
5.109014444504709e-07,0.0
6.16355840309838e-05,0.0
6.757610880407635e-05,0.0
5.148855622292436e-05,0.0
1.0452557433819435e-05,0.0
4.565536021489114e-05,0.0
0.00010668944098944737,0.0
0.00020750819312930537,0.0
7.78907368210308e-05,0.0
0.00017869158212370447,0.0
4.5622332965416846e-05,0.0
0.00029518869064775176,0.0
0.0006324463104614336,0.0
8.216119467470096e-05,0.0
3.637665751092203e-05,0.0
0.0001069013441811462,0.0
0.00018629877861081203,0.0
1.974037380538876e-05,0.0
4.701599670978968e-05,0.0
0.00010369991661360554,0.0
2.0819930090592433e-05,0.0
2.7192263224725484e-05,0.0
0.0001106798577985589,0.0
7.555606454218752e-05,0.0
2.28760856623948e-05,0.0
2.673687955274263e-05,0.0
0.00013649143866390084,0.0
2.244078421887887e-05,0.0
0.00019604751579694926,0.0
6.462301882124822e-05,0.0
8.77860253305074e-05,0.0
0.00012162672163396851,0.0
0.00041707892836396506,0.0
6.47348909270784e-06,0.0
2.3017962619145917e-05,0.0
2.600887291483638e-05,0.0
7.245203863322335e-05,0.0
5.200185043588683e-05,0.0
1.7312607084520363e-05,0.0
4.5366188014785285e-05,0.0
0.0003128445444602713,0.0
2.1114828569352586e-05,0.0
9.489032974931361e-05,0.0
7.054435977612393e-05,0.0
5.9087981934622614e-05,0.0
0.0002834057375327136,0.0
0.004100853062330757,0.0
0.00013587525130482386,0.0
0.00017503445069729046,0.0
0.0001747647924472526,0.0
4.874493571913085e-05,0.0
0.00013803294191248405,0.0
7.240878098106349e-05,0.0
3.4800892689148526e-05,0.0
5.453668517473184e-05,0.0
0.0002033043991563938,0.0
0.00013018018371403309,0.0
4.458555617311089e-05,0.0
0.00011086101930611487,0.0
7.132523059135708e-05,0.0
6.599586510558731e-05,0.0
0.00031957756765944677,0.0
2.8338999060170776e-05,0.0
0.0001654710858606316,0.0
0.00013740536695186256,0.0
0.0008224835845375862,0.0
0.0002305096848202445,0.0
0.0027189245415709974,0.0
0.001560043704411426,0.0
0.0001843419026644331,0.0
0.0006327638025592992,0.0
0.003127574877931904,0.0
0.0026902053188205383,0.0
0.00014551488134370612,0.0
0.00013631692227679586,0.0
0.00014530081342842163,0.0
0.0021688727362234503,0.0
0.0005246557055422974,0.0
0.0002142376078270749,0.0
0.0001528102538522833,0.0
0.00026559227613325714,0.0
0.00010913164681619759,0.0
1.4963103399833379e-05,0.0
7.853971963926947e-05,0.0
9.764222415556363e-05,0.0
8.5953025458379e-05,0.0
5.258759813391552e-05,0.0
5.6854930333715706e-05,0.0
0.00035830244294490483,0.0
0.0008710163841820819,0.0
3.385670111586747e-05,0.0
5.732795892357972e-05,0.0
0.00010686055927059353,0.0
2.60615484080783e-05,0.0
7.318987855540369e-05,0.0
0.0006666670602168779,0.0
0.0003471638393262732,0.0
0.007372916682118056,0.0
0.0010789514541144972,0.0
0.00018549648076824057,0.0
3.4902774999916605e-06,0.0
0.0003186354530140225,0.0
0.00017957995911517573,0.0
0.0002994787338862276,0.0
5.6562470545345836e-05,0.0
7.160528166101894e-08,0.0
5.9622564800941665e-05,0.0
0.00033036765973896656,0.0
0.001979451621536282,0.0
0.0004464008038503107,0.0
0.001259586216119209,0.0
0.0001517822039328546,0.0
1.6796138814635716e-05,0.0
1.8514909888720252e-05,0.0
0.000866798646015555,0.0
0.0001739334642761453,0.0
0.001688697312208013,0.0
0.000689115720689979,0.0
0.0004952732283605302,0.0
0.0005486152462116586,0.0
0.00015195674723931407,0.0
0.00024081850365437286,0.0
2.0870688949000165e-06,0.0
2.976525804631193e-09,0.0
8.981802474931828e-05,0.0
0.002144491138872043,0.0
4.522869138349108e-05,0.0
1.5668549487386386e-06,0.0
0.0004298941990678414,0.0
0.00045121902480162326,0.0
2.6790479354175707e-05,0.0
3.4819984033419835e-08,0.0
1.2017039515532302e-05,0.0
0.0001888879434925358,0.0
0.00014744028287046795,0.0
0.00010173533227969084,0.0
4.4661921510746736e-05,0.0
0.0017853681154324783,0.0
0.00016797700390317824,0.0
4.552552679030646e-06,0.0
1.2417319649191053e-05,0.0
0.0003848014507330248,0.0
4.8949642085878697e-05,0.0
0.0002491947095200955,0.0
0.001286552277615145,0.0
0.0004352096312344437,0.0
0.0006271146100775551,0.0
0.0007697803824278612,0.0
0.00029386641301015477,0.0
0.00047174791135280784,0.0
0.00035267877520826974,0.0
0.0026871361354429664,0.0
0.00016693259811909983,0.0
0.003243441543063874,0.0
0.003509609545028266,0.0
0.002598655808189637,0.0
0.0014183756474179152,0.0
0.00048656770622805805,0.0
0.0012160420439540653,0.0
0.0005802336571732813,0.0
0.000748472083616568,0.0
8.249601457268116e-05,0.0
0.00013665543366571977,0.0
0.004487414984676674,0.0
0.00010700118732964703,0.0
0.00036298203454924896,0.0
4.5829183337682077e-05,0.0
0.012014636088769445,0.0
0.0009345200753793582,0.0
0.004921533671555959,0.0
0.003127718263677325,0.0
9.81074170577406e-05,0.0
0.0001180007770532777,0.0
7.652952047205658e-05,0.0
0.0005288411585619244,0.0
0.0002972176573296892,0.0
0.0013689956012137045,0.0
0.00048547779275767586,0.0
9.554293162541578e-05,0.0
0.00678519575234815,0.0
0.0016367961185289933,0.0
2.4952628829389013e-05,0.0
5.300269150034968e-05,0.0
0.00010737577510255532,0.0
0.004175317740729078,0.0
0.0008170007431133623,0.0
0.0006295715556315261,0.0
0.006485154131725563,0.0
0.001990051894547835,0.0
0.005022884771608583,0.0
0.0013150706791012542,0.0
0.0015800415079158749,0.0
0.00041264825640036854,0.0
0.0013824837168560965,0.0
0.006933338814735728,0.0
3.600604333446389e-05,0.0
0.00015841168891405833,0.0
9.394205569681819e-05,0.0
7.304763447628647e-05,0.0
0.00044690437169882426,0.0
0.0005676551973370814,0.0
0.002417002983888592,0.0
0.0028701561255217965,0.0
0.003285701932285222,0.0
0.00024747206644598336,0.0
0.000658600524712539,0.0
0.002157115648944179,0.0
0.00023643884684432787,0.0
0.0001004692560697311,0.0
9.613235235034433e-05,0.0
0.0020751464227207234,0.0
0.0008737675997192835,0.0
0.0009324537797234592,0.0
3.7715729758731146e-05,0.0
0.0029876308502972504,0.0
0.0007434933459807713,0.0
0.0004542285645071236,0.0
0.0031853341073489784,0.0
0.000987984740420994,0.0
0.00124237880635532,0.0
0.0009634162552238273,0.0
0.0037852359164403165,0.0
0.00540289871654739,0.0
0.0049644994681841675,0.0
0.0018378211723492192,0.0
0.0011941361017455646,0.0
0.00014900872994921252,0.0
0.00028215113499829663,0.0
0.0008026373144398997,0.0
0.0007214872692918728,0.0
0.0007569264029444061,0.0
0.00019235222666651194,0.0
0.0011363282662417175,0.0
0.000982589131070451,0.0
0.0021760524705458912,0.0
0.00568076883120215,0.0
0.00981061591484304,0.0
0.0023820092922663995,0.0
0.0008076111392770892,0.0
0.00011251343664791033,0.0
0.000183966637167941,0.0
0.0034647962616658223,0.0
0.0003360856282980346,0.0
0.011543832322301,0.0
0.006722705036599575,0.0
0.0007328653982508395,0.0
0.00034999333607324665,0.0
0.00853193074948754,0.0
0.0005283258931738673,0.0
0.0006466895070017247,0.0
0.007748724805743027,0.0
0.002381718991769416,0.0
0.0004938334538790246,0.0
0.007518509248609242,0.0
0.0025916886474344884,0.0
0.006658488094408971,0.0
0.013725015079759678,0.0
0.004817300393300147,0.0
0.0012673490841489258,0.0
0.004331707028548936,0.0
0.0007718017474430263,0.0
0.0036204879365673995,0.0
0.00037364259292438866,0.0
0.021163984487906948,0.0
0.008654755533494147,0.0
0.003448386493608863,0.0
0.000258425560179597,0.0
0.00011893765899034968,0.0
0.00022465106861437446,0.0
0.0069749881432370165,0.0
0.0027883026495026564,0.0
0.009921606696556302,0.0
0.008579806436907872,0.0
0.0005422933759796178,0.0
0.0032765348799063884,0.0
0.00016725887590301295,0.0
0.006639941835347348,0.0
0.0023536295792887323,0.0
0.00023374504576129126,0.0
0.0032927769133454915,0.0
0.0016838093660734306,0.0
0.001580653199125839,0.0
0.001877881879232494,0.0
0.0068197635517613245,0.0
0.005633884234201796,0.0
0.002292159142575436,0.0
0.005865188877805617,0.0
0.0002419885822170297,0.0
0.000564332756519249,0.0
0.00022081534888509873,0.0
0.0027749522528014233,0.0
0.001055600782904625,0.0
0.009399890376554676,0.0
0.0017581536000702096,0.0
0.0005782663826515254,0.0
0.0016855136069279665,0.0
0.0015876491630834565,0.0
0.003564621500506982,0.0
0.012633603503201037,0.0
0.0008886140613853637,0.0
0.0007181638736628297,0.0
0.0005569293282453486,0.0
0.00023379018180464845,0.0
0.0022233891867048383,0.0
0.0012789561772861158,0.0
0.00027322528721572753,0.0
2.1012237290700254e-05,0.0
7.598927643022532e-05,0.0
0.013446763401522474,0.0
0.0015713421019609075,0.0
0.003730290625738066,0.0
0.001657867797729826,0.0
0.0006231516099110348,0.0
0.0070548716755590305,0.0
0.0004426186223935683,0.0
0.00014852358956668845,0.0
0.00991117791404116,0.0
0.00399492976023114,0.0
0.0006193567007431702,0.0
0.027311225706942364,0.0
0.020745765075551873,0.0
0.00038977703027228745,0.0
0.0012184872650635482,0.0
0.0030672129036219604,0.0
0.002055469502287302,0.0
0.003686960358817363,0.0
0.011301126044978,0.0
0.0024982611755028764,0.0
0.00028573927607677746,0.0
0.012023180251264826,0.0
0.00809717301542553,0.0
0.00042403051751089703,0.0
0.00036259357337654457,0.0
0.002579799548692289,0.0
0.0005299306917368141,0.0
0.01403499224995765,0.0
0.00255928850742391,0.0
0.00092939001346117,0.0
0.00024352514781445455,0.0
0.003742535242097118,0.0
9.288363130016119e-05,0.0
0.001290415996811284,0.0
0.0006512396430864769,0.0
0.00019780183828082556,0.0
6.902686118852289e-06,0.0
3.952317862465026e-05,0.0
0.0017147791856809806,0.0
0.0005738876432512782,0.0
0.0011080653379430439,0.0
0.00010275024270798189,0.0
0.011627760858454605,0.0
0.0017099089992022557,0.0
0.00042169123516404267,0.0
2.149758406630215e-06,0.0
2.7110867598588543e-06,0.0
0.00021846010241571197,0.0
0.00040875963328892013,0.0
4.115044762942154e-06,0.0
0.00013030993355926969,0.0
0.0006492382859409765,0.0
2.4674771472610653e-05,0.0
0.00015405850462619589,0.0
0.00016899972512939547,0.0
0.00012137467571565748,0.0
0.00024794346547235183,0.0
0.002272270737510141,0.0
0.005059392548176984,0.0
0.000370799370089898,0.0
0.00122743457455414,0.0
0.0014422222350236233,0.0
0.010718855598996666,0.0
0.06330581940646754,0.0
0.007288186075769035,0.0
0.004116637898398008,0.0
0.0017906920047975384,0.0
0.0005970750506420136,0.0
0.011837566252288797,0.0
0.0013157465193504349,0.0
1.0801103956934316e-05,0.0
3.19991458008155e-05,0.0
0.0007543342270346556,0.0
0.0008160069278616392,0.0
0.0005779414056906808,0.0
0.0002101302283318571,0.0
9.058183444063067e-05,0.0
2.3502770627754277e-05,0.0
2.748249033237723e-05,0.0
0.00029006226984840605,0.0
0.003438598207485461,0.0
0.0001637814765702677,0.0
0.0001330545102116933,0.0
0.0026592681651420166,0.0
0.0002968169278034464,0.0
0.0003335337402653485,0.0
0.0007640312190792772,0.0
0.0005248453671584974,0.0
0.003237695644996899,0.0
0.0011973091828862159,0.0
0.0008058926998991823,0.0
0.0004312353407298604,0.0
3.29947612926434e-05,0.0
0.0003632153007409429,0.0
0.0033927116163169047,0.0
0.0004165730454249695,0.0
0.00045331184912868763,0.0
0.00031690673114837686,0.0
0.008363066560334856,0.0
0.004679043723126894,0.0
0.001659668053641385,0.0
0.0010916646357034929,0.0
0.0021679093263320816,0.0
0.00022753216723235954,0.0
0.003539719584293604,0.0
0.0002606358462817495,0.0
0.008566145257271254,0.0
0.007841818166425938,0.0
0.007753886109521017,0.0
0.009227923869316429,0.0
0.0004604179844585856,0.0
0.012181643582637316,0.0
0.0016717567707392991,0.0
0.0009323277993665963,0.0
0.00018464340199527608,0.0
0.00041436326709260975,0.0
0.0010412801202498761,0.0
0.008916486342302217,0.0
0.014455034784353732,0.0
0.008708090277798501,0.0
0.003163524059593172,0.0
0.0019008836928550263,0.0
0.0012973822431363818,0.0
0.0004833675247796154,0.0
0.0005222653462842511,0.0
0.005506116965040177,0.0
0.0004399270584582524,0.0
7.651932445127061e-05,0.0
0.0006889853430837766,0.0
0.0002191642147013673,0.0
0.000471396243902577,0.0
0.0011465651632545889,0.0
0.0033304577645986125,0.0
4.042389230295503e-05,0.0
0.0006405661696432242,0.0
0.00043377012757689056,0.0
2.7316515664779846e-05,0.0
0.00036988977832192095,0.0
0.0009129248810614104,0.0
0.00011417961738260066,0.0
9.684947702964516e-05,0.0
5.396573702905211e-06,0.0
9.070886874161067e-05,0.0
8.513350410626236e-05,0.0
4.972962082153047e-06,0.0
8.93363614275622e-06,0.0
7.309499957458225e-05,0.0
0.0003393709568968589,0.0
0.000888996081796216,0.0
7.251717404832611e-06,0.0
2.7517820090844566e-05,0.0
0.00011415188227846255,0.0
1.0360672109554122e-05,0.0
6.752412088362013e-05,0.0
6.025795430133696e-05,0.0
2.923992136922118e-05,0.0
5.866377612839934e-05,0.0
5.301330030695861e-06,0.0
7.48984533719779e-05,0.0
2.5215436557516985e-05,0.0
4.040340811246486e-06,0.0
0.0004539396002122032,0.0
0.00019240948624227048,0.0
0.0001033137956728369,0.0
3.197938188214402e-05,0.0
5.216681813356797e-05,0.0
2.408984739153753e-05,0.0
0.00013007586173549,0.0
1.995892504225592e-05,0.0
1.6025323958054416e-05,0.0
0.00015769483143394301,0.0
4.298037769878205e-05,0.0
0.0001483973585187221,0.0
1.2746285063778461e-05,0.0
5.214582006529581e-05,0.0
6.4553453645114695e-06,0.0
1.9161193211032732e-05,0.0
2.773530750651695e-05,0.0
7.5265084658034035e-06,0.0
6.7598899578564614e-06,0.0
3.179513136695694e-05,0.0
9.596502092357585e-05,0.0
1.756618965198688e-05,0.0
1.730853393516896e-05,0.0
9.309744003686982e-05,0.0
1.4832673777722417e-05,0.0
0.00012959057594527008,0.0
3.906822878659685e-05,0.0
7.789678956049077e-05,0.0
0.00012114313622914583,0.0
0.0001830930610258579,0.0
0.00019113825127221285,0.0
0.00013387964158931704,0.0
3.0632641663351014e-05,0.0
7.65074313558962e-05,0.0
3.587749983209359e-05,0.0
5.327199961381786e-05,0.0
1.2510324608279664e-05,0.0
0.00012492765132696146,0.0
0.00014705391885746618,0.0
5.7244948098684606e-05,0.0
1.6078367108009028e-05,0.0
3.4309900644965034e-06,0.0
2.3147684804007206e-05,0.0
3.6819326541600144e-05,0.0
0.001810184945336317,0.0
7.981753477643724e-06,0.0
8.726973863442876e-05,0.0
5.7425300099992504e-05,0.0
4.5663761339913435e-05,0.0
0.00024485006787892954,0.0
9.776803751468816e-05,0.0
0.00012147913198193796,0.0
0.000177144030838529,0.0
6.802274967927173e-05,0.0
0.00017462061248951828,0.0
7.711297342722517e-05,0.0
3.442908003374764e-05,0.0
0.0001488773601954433,0.0
0.0004451822726525783,0.0
0.0011090511438906704,0.0
9.37728704886687e-05,0.0
5.499162987957826e-05,0.0
7.870171205372743e-05,0.0
8.394352403824546e-05,0.0
0.00033947680063409777,0.0
0.001298618306864705,0.0
0.00010216036420661422,0.0
0.00022758592336892745,0.0
0.0016822993557877371,0.0
0.0005965394203421194,0.0
2.138901413807745e-05,0.0
0.0010846124618779042,0.0
8.160206549263956e-05,0.0
8.158249959216209e-05,0.0
1.815325193712788e-05,0.0
3.579381692477578e-05,0.0
0.0004884733008164212,0.0
0.0007925768080121188,0.0
0.0002167246652475203,0.0
0.0011480824126732137,0.0
0.0001577469245901231,0.0
0.0001696144473098046,0.0
0.0004827186368774415,0.0
0.0011554634604073733,0.0
0.00016742536330235228,0.0
6.146827648204135e-05,0.0
0.00018456719776104166,0.0
4.362597779457355e-05,0.0
0.004048806506550365,0.0
0.00024894529155890016,0.0
7.745455938227021e-05,0.0
0.00012634973668421116,0.0
0.000409648928707512,0.0
5.813329256738821e-05,0.0
6.8916683509481934e-06,0.0
1.569920015491178e-05,0.0
8.504729608215499e-06,0.0
2.871201009597695e-05,0.0
7.141177000762878e-05,0.0
4.293973150919498e-05,0.0
3.6385664050650654e-05,0.0
5.824896725114155e-05,0.0
0.0009791990286086277,0.0
6.530032472926136e-05,0.0
0.0003285853635082451,0.0
0.00031874154722479195,0.0
0.0009084757270008994,0.0
9.758097109018305e-05,0.0
0.00041673387685345716,0.0
7.193145203401176e-05,0.0
1.1944731867808422e-05,0.0
4.468695377030869e-05,0.0
0.00013866878174461917,0.0
0.00021610413253185897,0.0
0.002431709953672633,0.0
0.0002604357887130561,0.0
0.00025088515343918666,0.0
8.518840611539408e-05,0.0
4.189615325122704e-05,0.0
7.138812681183678e-05,0.0
0.00041316863548200377,0.0
0.003916981751786185,0.0
5.862994310798482e-05,0.0
1.0770374217049994e-06,0.0
1.9639783271539686e-07,0.0
2.51886443578471e-05,0.0
0.0007914604467364298,0.0
7.674421135047837e-05,0.0
0.00045831025001799857,0.0
0.00014316348375682661,0.0
0.0029320257479811323,0.0
0.00022292041612433403,0.0
2.0388315136415646e-05,0.0
0.0006206344806944851,0.0
0.0007659385707308724,0.0
8.224663667755661e-05,0.0
0.00026013040629492963,0.0
0.00021876915271310744,0.0
0.00010454515201946097,0.0
2.5304198810383324e-05,0.0
2.3482570010703365e-05,0.0
0.0019102618021001269,0.0
0.0011957443067043617,0.0
9.519597891410405e-05,0.0
6.721163946625637e-05,0.0
4.921035928136622e-05,0.0
0.0007802276671675845,0.0
0.00013653145013698095,0.0
4.749963499659717e-05,0.0
5.865371681202669e-05,0.0
0.0001859057496320925,0.0
0.0008020316233377096,0.0
9.812500643876689e-05,0.0
0.002047023546298414,0.0
0.0001839662614359865,0.0
0.0002707903993762212,0.0
5.882625856958286e-05,0.0
0.00010468712596466541,0.0
0.00017276868470730256,0.0
5.653468481213394e-05,0.0
7.448532650289421e-05,0.0
0.00015994913344896552,0.0
0.00025847750938632334,0.0
3.935179079202679e-06,0.0
3.7156488605263326e-05,0.0
0.00041358764015830927,0.0
7.8115831428007e-05,0.0
0.0001240067309366948,0.0
7.491811731206066e-05,0.0
0.00021970439222429765,0.0
0.0005049988432619539,0.0
0.00012352000077435666,0.0
7.842146614819041e-05,0.0
2.505889159261644e-06,0.0
0.0002820671536107379,0.0
0.00025005086707875095,0.0
8.967969986111378e-05,0.0
0.0014647108498321555,0.0
0.00026914635151525614,0.0
0.00026273767844382746,0.0
0.00020961026925903582,0.0
3.274091969549569e-05,0.0
8.436294406126626e-05,0.0
6.1491313631602e-05,0.0
0.0001654981124796186,0.0
0.00021937738455941527,0.0
0.00015223691553302218,0.0
9.812129798729337e-05,0.0
0.00017861703494527795,0.0
0.00031077693843644977,0.0
3.465640523492685e-05,0.0
2.076499754917812e-05,0.0
0.00020339563564129412,0.0
0.0002567327196509789,0.0
6.096230359878294e-05,0.0
4.507306784352577e-05,0.0
6.213126672394843e-05,0.0
0.00029370427491131327,0.0
5.396204461732132e-05,0.0
2.7836384426259108e-05,0.0
0.0004581428333293365,0.0
0.00013420418721220997,0.0
1.3403185817259027e-05,0.0
0.0009349770427031766,0.0
0.00021789301505376898,0.0
2.7795829413635457e-05,0.0
9.567806239218016e-05,0.0
3.167899570258533e-05,0.0
0.00010055443989324431,0.0
3.860331337560595e-05,0.0
0.0003070764691053851,0.0
0.0003695545901469395,0.0
0.000186182926345955,0.0
2.368761075618643e-05,0.0
7.26292571266496e-05,0.0
0.0002457445294296817,0.0
0.00028044313055131483,0.0
8.294750538920396e-05,0.0
3.1812362493120196e-05,0.0
0.00019925514685906353,0.0
3.947021076693205e-05,0.0
2.4173549145519944e-05,0.0
1.3242904062352842e-05,0.0
1.06403320398114e-05,0.0
2.2162031504059983e-05,0.0
2.3995633033158153e-05,0.0
3.188444425939224e-05,0.0
3.6663133164920253e-06,0.0
8.40282296131567e-06,0.0
5.147181064583384e-06,0.0
1.6556246378978802e-05,0.0
2.8741750732513974e-05,0.0
4.453538081006856e-05,0.0
1.199942095370884e-05,0.0
0.0023508393097523977,0.0
8.282946562325496e-06,0.0
7.56231340170263e-05,0.0
1.0549581357923175e-05,0.0
9.432576521820181e-05,0.0
5.359566204357894e-05,0.0
1.2736271737594736e-05,0.0
0.00019872992972313995,0.0
4.388962459673255e-05,0.0
0.00019184121481737284,0.0
0.00011479542858796101,0.0
0.00011698702764535246,0.0
6.274021858481918e-05,0.0
5.455395137203058e-05,0.0
4.2928355264786346e-05,0.0
0.00010990408299203918,0.0
0.00233511427130809,0.0
0.0005515823800385251,0.0
0.0001785489475373191,0.0
0.00028643538636588257,0.0
4.126431760349745e-05,0.0
5.955403069848623e-05,0.0
2.035574761909318e-05,0.0
0.0007461280295451913,0.0
0.002303658363033796,0.0
0.0009224825456605166,0.0
1.5799384321462667e-05,0.0
0.00054214431499592,0.0
0.0022978710518236464,0.0
0.0004411580047004449,0.0
6.358080755715695e-05,0.0
0.00010872752174759904,0.0
0.00047050136336003836,0.0
4.6495592025982425e-05,0.0
7.873105038214423e-05,0.0
0.00011568029767390387,0.0
0.0015463042644399492,0.0
3.381064237611059e-05,0.0
2.3924860210745988e-05,0.0
0.0006872581975348635,0.0
0.0012869802958290402,0.0
0.0003358289513379331,0.0
1.8295341706356536e-05,0.0
4.101527792640979e-06,0.0
1.130770463945829e-06,0.0
4.9502151910303016e-05,0.0
0.0001865021028624182,0.0
0.00013866186111632814,0.0
8.737067478129223e-05,0.0
0.00012880866076613726,0.0
0.0004517366029620247,0.0
4.705128534398422e-05,0.0
0.0006317716165209503,0.0
0.00015099444386340764,0.0
0.00014829873130103229,0.0
0.0003913499311554269,0.0
7.69105099606032e-05,0.0
3.902794352183914e-05,0.0
7.40659777530528e-05,0.0
3.300287552755932e-06,0.0
7.569477961203335e-07,0.0
3.6922516466697313e-05,0.0
4.319161870272936e-05,0.0
0.0003409667898284707,0.0
0.0002415205657370901,0.0
4.6181549609603926e-05,0.0
0.00043747902380158874,0.0
0.00015865777489438649,0.0
4.466655365403669e-05,0.0
1.5774585017282737e-05,0.0
2.0821241305816563e-06,0.0
2.610352384566866e-06,0.0
0.00045281383450855264,0.0
0.0003039901228875625,0.0
2.54526962710612e-05,0.0
0.00040526286770950715,0.0
2.324674467175528e-05,0.0
5.07126483486972e-05,0.0
3.256012895348214e-05,0.0
0.00014509828712351021,0.0
8.603806676233744e-05,0.0
4.029172216986449e-05,0.0
0.0001101465755990607,0.0
2.0054561391380538e-05,0.0
1.5452569953707342e-05,0.0
2.5821356985842246e-05,0.0
1.0033475546412462e-05,0.0
5.441433974304965e-05,0.0
7.2739914397161995e-06,0.0
2.1372560456376666e-05,0.0
5.766223245344413e-05,0.0
0.0001125697320849089,0.0
4.516083613727365e-05,0.0
0.0052376593792146766,0.0
0.0012102135697462685,0.0
2.3873281060823842e-05,0.0
0.00012848249343644434,0.0
9.05836546350182e-05,0.0
8.410299127006618e-05,0.0
0.00017346830437047113,0.0
0.0010131013978095574,0.0
0.0006002996790769107,0.0
0.00012183241219407382,0.0
0.00011374250325937605,0.0
8.753000613146268e-05,0.0
0.0006135564358265026,0.0
5.114915416365067e-05,0.0
5.543014960194598e-06,0.0
4.5961736383814953e-07,0.0
3.828653274828031e-06,0.0
4.765744052538601e-06,0.0
0.00013668075643614175,0.0
3.886630753377541e-05,0.0
0.004877072657609705,0.0
0.0015174627855616932,0.0
0.0004731963843392338,0.0
0.00022894182121716122,0.0
9.288080592509393e-05,0.0
0.0005263110750281803,0.0
0.00015427132447207607,0.0
9.486453855079416e-05,0.0
0.0006158255073257214,0.0
8.749703299084844e-05,0.0
1.9460599620318682e-05,0.0
0.0002809847860963352,0.0
0.0004361873650815554,0.0
0.000122526227773493,0.0
0.00028759137554268854,0.0
5.283932556996834e-05,0.0
0.0011592987217015063,0.0
0.0001604944618510225,0.0
4.003920275612986e-05,0.0
1.6127584717214086e-07,0.0
4.503387140603903e-05,0.0
0.0013669937133856435,0.0
0.0002961785338160164,0.0
0.001592385458115129,0.0
0.0071985236686080934,0.0
0.0004402354728181113,0.0
0.00011146571411003939,0.0
0.0007457073522310727,0.0
0.0007889197780743897,0.0
0.0002582100526212059,0.0
0.00018365072121643528,0.0
4.8571017891608144e-05,0.0
1.4968197181916402e-05,0.0
3.6708933347884916e-05,0.0
0.00015964506991274273,0.0
0.00012031254430919405,0.0
0.0009945139041586013,0.0
7.620139915704487e-05,0.0
0.00031556296128916987,0.0
0.00021451791482842916,0.0
0.000486172544913081,0.0
0.00020623499322767295,0.0
0.00036216842132975923,0.0
0.0003037547663408401,0.0
0.001381470118098571,0.0
5.76924131457555e-05,0.0
0.00011287000550067634,0.0
0.0049809598043549855,0.0
0.00015947930983833196,0.0
0.004005595922806526,0.0
0.00017269478457291552,0.0
0.0006595649980580676,0.0
0.00010405623260555557,0.0
8.5256856866454e-05,0.0
0.0001877502348099887,0.0
0.00019948009147586153,0.0
0.001449482240181172,0.0
0.00029008438065826047,0.0
0.0008646725065402719,0.0
0.0001352705248257072,0.0
0.00028307492067089387,0.0
0.00019794487830739418,0.0
0.00015597837500297738,0.0
0.001282450727340606,0.0
0.004826212109600296,0.0
0.0002757947335021299,0.0
0.0002378796723597494,0.0
0.0003625917169791334,0.0
0.0018961723047763827,0.0
0.00020105638802582953,0.0
0.0004543312200330555,0.0
7.72797902252681e-05,0.0
1.746757409235923e-05,0.0
0.00017668803977208419,0.0
0.0003130001252994959,0.0
0.0008198789740680172,0.0
0.0011283169301721419,0.0
0.00010464660995717426,0.0
0.0024268450663049155,0.0
0.00031920323416241054,0.0
0.00025931680655577204,0.0
9.587465511519996e-05,0.0
0.0001673588625865102,0.0
0.00015481165703688286,0.0
6.487039445579148e-05,0.0
0.0025720498852372696,0.0
0.00044478117819262607,0.0
0.00024334564539097299,0.0
0.00026744226524483326,0.0
0.0003501401997973311,0.0
0.00021719401612252327,0.0
8.936488729957433e-05,0.0
0.0003109713188571489,0.0
0.00014451404880284736,0.0
0.0005110525545666248,0.0
0.00017899795313669212,0.0
0.00020717733529805046,0.0
0.00027682694610006313,0.0
3.1262159734903086e-05,0.0
0.0017714935322694775,0.0
0.0011362179026510955,0.0
0.010188462951630908,0.0
0.0015343094865440496,0.0
0.0008862150165327183,0.0
0.0009024323084178973,0.0
0.0001482981637047267,0.0
5.365893521285803e-05,0.0
0.0003529629972141926,0.0
0.00043941679347063114,0.0
0.0010432951629194326,0.0
0.0053836185819803655,0.0
0.00011339573716213734,0.0
0.00020710392424691605,0.0
0.001527986939706578,0.0
0.0011289375085246495,0.0
0.0004880284633699804,0.0
0.0001358981882113542,0.0
0.005403593076081778,0.0
0.0011507368599885874,0.0
0.011564332595698655,0.0
0.0049468063153721795,0.0
0.013303072037948652,0.0
0.0005669754715252394,0.0
0.0018131213084424508,0.0
0.000947588275129632,0.0
0.005522971657696137,0.0
0.0025672630259049992,0.0
0.0002841983010588166,0.0
0.0002393757985902897,0.0
0.0018243611916382192,0.0
8.644051162983021e-05,0.0
0.00010663857902730994,0.0
0.00021113492314652542,0.0
0.0012766276679201675,0.0
6.877785532879093e-05,0.0
0.0001512134132390333,0.0
0.00018541763710658285,0.0
0.002431270929581601,0.0
0.0003910491341465791,0.0
0.00015582905865568287,0.0
0.00026749396287227426,0.0
0.00020088669258411918,0.0
0.0003320378005793089,0.0
0.00021961459695119356,0.0
0.00013118937402672908,0.0
0.00026180096920731854,0.0
0.0006065575957302001,0.0
0.00020562738242433588,0.0
0.0005617947989322159,0.0
0.0030609445000020696,0.0
0.0008378824539916844,0.0
0.005067213683349609,0.0
0.0010519667706124678,0.0
0.0018404760384416606,0.0
0.00023536965345426607,0.0
0.00012561476634905636,0.0
0.0001967502155046318,0.0
0.00012289353210175781,0.0
0.00015564804374666003,0.0
0.0008483438445570414,0.0
0.003500857557055768,0.0
0.000579627815625399,0.0
0.0006329068916971564,0.0
0.0004582257346871136,0.0
0.0002491063602345946,0.0
0.0011890469711942817,0.0
7.432414029073694e-05,0.0
0.0005822784471873824,0.0
0.0016792093203337195,0.0
0.001647888780073497,0.0
0.0005833850572733923,0.0
0.0009971442278814545,0.0
0.003886194835724965,0.0
0.00039272547893542015,0.0
0.0007911316200249986,0.0
3.001472656590895e-05,0.0
0.00018243135920523456,0.0
0.0003363122709434396,0.0
0.00024658709087051656,0.0
0.0020906158732896573,0.0
0.00037945047246677055,0.0
0.0001606247820187392,0.0
4.913283508548707e-05,0.0
0.00014051259522745806,0.0
0.0002686386542075055,0.0
0.0015010619498555034,0.0
0.004269701944830564,0.0
0.0014152357109192735,0.0
0.001116609519160007,0.0
0.0008992018177625076,0.0
0.0006595143690254189,0.0
0.00028616241193176904,0.0
0.002755967774720598,0.0
0.001495876976788779,0.0
0.005419816530681051,0.0
0.00019799929448232362,0.0
0.00032917626276609803,0.0
0.0010143116166621184,0.0
0.005220874690368104,0.0
0.0009983513677131006,0.0
5.6147024217457944e-05,0.0
0.0006121626160672933,0.0
9.905232948034894e-05,0.0
0.00034536929521620044,0.0
0.00019588877240138292,0.0
0.0006596901031634362,0.0
0.000744758223511443,0.0
0.0004821480883019919,0.0
0.0002309649176718229,0.0
0.0002007236668083612,0.0
0.0008089267053931734,0.0
0.00042648279071079334,0.0
7.412182324524113e-05,0.0
0.0008215936544206033,0.0
0.0001418273610432377,0.0
0.0001426752250469019,0.0
6.956564365861109e-05,0.0
0.00021805328607215333,0.0
0.00022983399622701243,0.0
5.0603972776196106e-05,0.0
6.877936796744421e-05,0.0
0.0001613131583105482,0.0
0.0004513411447087418,0.0
0.001634018863877986,0.0
0.0002202338836109069,0.0
2.806129963146288e-05,0.0
2.2150094025993452e-05,0.0
1.2680775732304614e-05,0.0
0.0003741987016388694,0.0
0.0003397776279225263,0.0
1.3004186830755834e-05,0.0
0.0002960497927546039,0.0
0.0025681848137248287,0.0
0.00048703611918180905,0.0
0.00016726669493505913,0.0
0.006842115055513217,0.0
0.00018527942132074703,0.0
2.475443094251259e-05,0.0
7.107311169078087e-08,0.0
5.7003910007787525e-08,0.0
3.7094598074769086e-07,0.0
9.148196968829458e-07,0.0
1.3228341278138702e-06,0.0
6.134945573102173e-05,0.0
2.313816638342332e-05,0.0
0.0003740660450572912,0.0
0.0008587987603133617,0.0
4.615985433686981e-05,0.0
3.588043956463109e-06,0.0
0.003442744653017684,0.0
1.666404037916846e-05,0.0
0.00020594385890180394,0.0
0.00020726614498806607,0.0
0.00023860177725553304,0.0
0.0003314658561123325,0.0
0.0002833596252063994,0.0
0.0033519252371466725,0.0
0.0004543111298862687,0.0
0.00027331562472749033,0.0
0.0006165475209831428,0.0
0.00038775975725250105,0.0
0.00157104173051586,0.0
0.0016528795619180354,0.0
0.011881558818447626,0.0
0.0010860258597336753,0.0
0.0005545961401344211,0.0
0.002132462289122777,0.0
0.00016962768179428324,0.0
0.00012449601074475319,0.0
6.04638493127404e-05,0.0
0.0005890080834393595,0.0
9.955132452569283e-05,0.0
0.00019533866861706084,0.0
0.00012775123524762057,0.0
0.0013357846260014827,0.0
0.0008177172680312578,0.0
6.003014782010449e-05,0.0
0.0004459168845244899,0.0
1.7509129932143676e-05,0.0
9.555494168273871e-06,0.0
0.00015746483337115497,0.0
1.58997450033584e-05,0.0
4.294000637517229e-05,0.0
0.0022905075119539994,0.0
0.0001669411407611498,0.0
0.0016794060109382668,0.0
0.00018982533919145196,0.0
6.125995072857881e-05,0.0
5.85898666236415e-08,0.0
0.00011477461476215894,0.0
0.00016748175092574436,0.0
9.07196865086987e-05,0.0
0.0004925309095758848,0.0
5.914390961400152e-08,0.0
1.4161872177998877e-06,0.0
0.000221117513954572,0.0
0.0001937051463421939,0.0
4.0637734385004506e-05,0.0
1.6365512537188976e-08,0.0
0.00013585708616541323,0.0
1.5320093747138445e-06,0.0
3.0524422155591864e-09,0.0
3.613386402613655e-06,0.0
0.0004828234963262353,0.0
0.00039109740245195986,0.0
9.341843737118127e-05,0.0
4.947749301981284e-05,0.0
0.0018467548235955294,0.0
0.0026348999432261426,0.0
0.000414026794135287,0.0
0.00012651737584693453,0.0
0.0002678364209199475,0.0
0.008113134255791733,0.0
0.003788671934609322,0.0
0.00021127870466746093,0.0
0.0016994655147711784,0.0
0.0002591254120527283,0.0
0.00010287971372997989,0.0
0.0009162778791452704,0.0
0.0012046334248346853,0.0
2.9061653967382144e-05,0.0
0.00031100676765748544,0.0
0.00016623304193530647,0.0
2.5185942992737617e-05,0.0
0.001527036410447687,0.0
0.00039584822938682195,0.0
0.0005501210117705792,0.0
0.006213163627528936,0.0
0.0004073562754094392,0.0
0.0001922580844364702,0.0
6.076514141530612e-06,0.0
1.2990272438867833e-07,0.0
0.0004490229071478355,0.0
0.0003276892365162806,0.0
8.785791464344522e-05,0.0
0.0002082140538270299,0.0
3.8636906852803375e-05,0.0
0.0012121162239028306,0.0
0.00015389070685854788,0.0
0.0006902326626379005,0.0
8.649474752803405e-05,0.0
6.617936629516997e-05,0.0
0.00011034963232904966,0.0
0.0006752832999651327,0.0
0.0006974137882194213,0.0
0.00017036363882254947,0.0
0.0006143077177087873,0.0
0.00031457826965995445,0.0
0.00013142820265704336,0.0
0.00023539311151027047,0.0
0.00016678201921331034,0.0
0.00015371782883200416,0.0
5.3163613360522765e-05,0.0
0.0004305260971867947,0.0
0.0005407339355918791,0.0
0.000969790255347376,0.0
0.00014801914082851776,0.0
0.00022808787299911747,0.0
7.945039917433036e-05,0.0
0.0022070015786691865,0.0
0.00689653745176077,0.0
0.0012072836741125904,0.0
0.0007907721668768614,0.0
0.0006898283867161465,0.0
3.8972428630095615e-05,0.0
0.0002170750694732978,0.0
0.00019132014581222845,0.0
0.00020447531775489582,0.0
0.003014261000649772,0.0
0.0006711941323488687,0.0
0.00017075836797926654,0.0
0.00012327726141963188,0.0
9.039985077459734e-06,0.0
1.968338853201093e-05,0.0
0.00034767758638813137,0.0
0.0003323259931293909,0.0
0.0005828049375476594,0.0
0.0003503226847096637,0.0
4.3648410095776964e-05,0.0
0.004393064937638442,0.0
0.00019171243127947844,0.0
0.00127332882966446,0.0
5.6863630755090344e-05,0.0
8.560655022295398e-05,0.0
0.0018752912436284439,0.0
0.0001227935851915015,0.0
0.0004077290162697455,0.0
7.507201746326604e-05,0.0
0.00010268993822251175,0.0
0.0001964938138084532,0.0
4.342298382983396e-05,0.0
2.4101007893225487e-06,0.0
0.003936750856184148,0.0
0.0014357761964025985,0.0
0.0040551753172416,0.0
0.00020301663304944753,0.0
8.180968616686058e-06,0.0
0.004304807700530189,0.0
9.468149125735917e-05,0.0
2.203719654457871e-05,0.0
8.222262894593126e-06,0.0
0.00022031513620051555,0.0
0.0005279494432925644,0.0
0.0007738463410909596,0.0
0.00020969860425748462,0.0
0.00015961300976144503,0.0
1.9387245613174485e-05,0.0
6.12194366905526e-06,0.0
3.176001685448938e-05,0.0
1.6435256319951088e-05,0.0
3.073176186028321e-05,0.0
3.351696441303898e-05,0.0
0.00024351852222977152,0.0
0.00011886367291675315,0.0
0.0015032900282705133,0.0
0.001567044558366557,0.0
0.007692088699724413,0.0
0.0007290901090208276,0.0
0.00037713805334940975,0.0
0.006309235999049075,0.0
0.00017789677435880985,0.0
7.18156337688778e-05,0.0
0.0004255807470848887,0.0
0.0002684533432829134,0.0
0.00033643548545652063,0.0
0.0001495081295188661,0.0
4.3193370500739536e-05,0.0
0.001556626029059762,0.0
8.810424809510602e-05,0.0
3.9581984969891266e-05,0.0
3.074020939728104e-05,0.0
0.00012912443915340203,0.0
0.001008193210184849,0.0
0.0016459331866393518,0.0
0.00014196965566015454,0.0
0.007669485208088085,0.0
0.00022784012880386047,0.0
0.0002496050920493067,0.0
8.490364969465049e-05,0.0
0.0002023425329031336,0.0
0.00010980323606156132,0.0
0.000687125913728155,0.0
0.001733740033639606,0.0
0.00013834518243584446,0.0
0.000162645993695574,0.0
0.00010801573661827079,0.0
0.0006383956788089429,0.0
0.0001645266614625472,0.0
0.0026836773790216823,0.0
0.0012433765770100103,0.0
0.00011476641553188584,0.0
0.00013882825535313533,0.0
0.00916089654976064,0.0
0.0007052887092787214,0.0
6.355816373798528e-05,0.0
0.00012574206398129084,0.0
0.00014566295768577027,0.0
0.0008273385544280838,0.0
5.436408856506218e-05,0.0
0.0003129611874339071,0.0
5.0701893123443184e-05,0.0
1.9190573950416843e-06,0.0
0.00035602749466371946,0.0
0.011003251857036298,0.0
0.0006832048492111881,0.0
0.0010252028183390881,0.0
0.004310108322236351,0.0
0.0016297548365043955,0.0
1.1774739910437622e-05,0.0
8.792641456508632e-06,0.0
0.0003254486224045292,0.0
0.0001273887373917633,0.0
0.018182001443869146,0.0
0.00012097716712420945,0.0
0.0020024556915230534,0.0
7.0362737174565865e-06,0.0
6.496207162687809e-05,0.0
3.4235643283985345e-05,0.0
0.0001260079024684445,0.0
0.00033248196875829204,0.0
0.0002221259632206334,0.0
0.0002499660605888672,0.0
0.00029165608658536746,0.0
0.0014499060427729717,0.0
0.0005837073385607075,0.0
0.002004506543006603,0.0
0.0001675704390839969,0.0
0.0005358432405421376,0.0
3.7749523373911606e-05,0.0
6.744965919740394e-05,0.0
0.0023300167844060513,0.0
0.0019678954440354303,0.0
0.0015840178433489118,0.0
0.0007454407095564596,0.0
8.146781209926105e-05,0.0
0.0006433060976707162,0.0
0.0013528289636696043,0.0
0.0021531154287831324,0.0
0.00029144948379245255,0.0
0.0002912671443641815,0.0
0.0006998641777076396,0.0
8.310351640330131e-05,0.0
8.848927948105363e-05,0.0
0.00015819817759307904,0.0
0.000897665370174074,0.0
0.00010507064332000192,0.0
0.0002558659140639118,0.0
0.0009623732269849599,0.0
0.000108756864633065,0.0
0.00012291858819927929,0.0
0.0013388372485439756,0.0
0.0002238724133535698,0.0
0.006545314440483258,0.0
0.0002575933730440283,0.0
6.111656116832955e-05,0.0
0.0003602176504516514,0.0
0.0007692872267312449,0.0
0.0003552038419528814,0.0
0.0002762062756959743,0.0
0.00334541546937708,0.0
0.00038044266603727507,0.0
0.0033797830304634264,0.0
0.0020641108216077043,0.0
0.0005848107285039333,0.0
0.001483106604419644,0.0
0.004072073788148829,0.0
0.0007104940989167216,0.0
0.004255241576976244,0.0
0.007385565780015256,0.0
0.005612671137068336,0.0
0.0052407104505618,0.0
0.014243903144175965,0.0
0.0009277165236784862,0.0
0.000577202531145664,0.0
0.013005961616973455,0.0
0.009224379157877419,0.0
0.004702783013351649,0.0
0.00023786750638260667,0.0
0.002966950271486301,0.0
0.0012571820535602358,0.0
0.00043056374415233146,0.0
0.0019564716669003158,0.0
0.005923548042852016,0.0
0.0007436695264561625,0.0
0.0016971564757426356,0.0
0.02333722519285072,0.0
0.010825856755054084,0.0
0.000873263827176176,0.0
9.301804817572275e-05,0.0
0.0006643769881358315,0.0
0.002386645199008774,0.0
0.0013917405143093271,0.0
0.002082385304823006,0.0
0.00036168573580304625,0.0
0.00016961357192311284,0.0
0.00011719355023700407,0.0
0.0003587681830457515,0.0
0.00023379696287822272,0.0
0.00039154658681408636,0.0
0.006139290911388288,0.0
0.0007669338289233357,0.0
0.00033150224713722937,0.0
0.00023140191216269046,0.0
0.0014637754228818839,0.0
0.0008069901873090015,0.0
0.0004883822002236235,0.0
0.002556145097373992,0.0
0.00010098167710247721,0.0
0.00017543597026141176,0.0
0.0009947807555318233,0.0
0.0009466233326629024,0.0
0.0013259406097914544,0.0
0.005752134414893159,0.0
0.0007282911719251495,0.0
0.008253404850196239,0.0
0.00199403837388532,0.0
0.0028263280152352214,0.0
0.001360254930910706,0.0
0.0004812636374262251,0.0
0.000833430304524527,0.0
0.003198015874962953,0.0
0.005200477457772905,0.0
0.0004904367235606702,0.0
8.206208432598494e-05,0.0
0.0037856226592787477,0.0
0.0018616603087608478,0.0
0.00923636392360853,0.0
0.034984683751457094,0.0
0.011800040901169706,0.0
0.015213565163613815,0.0
0.013913738589830452,0.0
0.0021150768815695613,0.0
0.0002902700133580116,0.0
0.001562803950364431,0.0
0.003459648673163833,0.0
0.05539712235381901,0.0
0.025323910873485372,0.0
0.010511514299042575,0.0
0.0012992833294789704,0.0
0.0385010145157367,0.0
0.026788814072988217,0.0
0.022237475177054825,0.0
0.011391434188129079,0.0
0.008584735370360735,0.0
0.004024444722713392,0.0
0.02757261088060793,0.0
0.018756155932490273,0.0
0.02498812582531864,0.0
0.011228126678310009,0.0
0.012692449617731727,0.0
0.03690541408465205,0.0
0.02088107956924847,0.0
0.01903413717602394,0.0
0.00913086383076686,0.0
0.013686562392555132,0.0
0.025611650493579458,0.0
0.023613032014054645,0.0
0.0240222725620116,0.0
0.025285282342130223,0.0
0.006859532908934329,0.0
0.013631951621065883,0.0
0.020614628683883373,0.0
0.038225810594492766,0.0
0.02540340869587278,0.0
0.009519081947377932,0.0
0.007613014243093113,0.0
0.012143697781992046,0.0
0.010298274362957814,0.0
0.017052732405614734,0.0
0.003772416627719215,0.0
0.030750455655041555,0.0
0.0031209553439147508,0.0
8.497982308560036e-05,0.0
0.0003567779868004577,0.0
1.4429726502416811e-05,0.0
0.0007576343762500695,0.0
0.000749735531569806,0.0
0.00010075951504596481,0.0
0.0011145420347195365,0.0
0.00199530544518391,0.0
0.0001513144855537909,0.0
0.0003579763040045922,0.0
0.0007850841867211215,0.0
0.007850730768817387,0.0
0.004663455336788928,0.0
0.0006025363529117545,0.0
9.460217344385612e-06,0.0
1.6936125498618684e-05,0.0
1.180764878687903e-05,0.0
2.715418453657303e-05,0.0
0.0002533140953523211,0.0
3.0023178828064048e-05,0.0
7.265297815765905e-05,0.0
3.6067584245695116e-05,0.0
0.0005035214340912216,0.0
0.004107866415219969,0.0
0.0015494781218776117,0.0
0.002777776904707229,0.0
0.008849638628363916,0.0
0.0001819383866759797,0.0
6.929817111959416e-05,0.0
0.0001292714510556166,0.0
0.0020500263173941296,0.0
6.913491262495517e-05,0.0
0.0002047176812938263,0.0
0.00011025042453522742,0.0
0.002465460022680301,0.0
0.0008277907847696141,0.0
0.00027264864911449513,0.0
0.0011657988669382805,0.0
0.0049234860843975345,0.0
3.9061950578905206e-05,0.0
2.774171117241806e-05,0.0
0.0007030841227241358,0.0
0.00039750342813721454,0.0
0.0009801844036925666,0.0
0.0004886592231275794,0.0
0.008347460710455487,0.0
0.0018783899871311163,0.0
0.001151100450241774,0.0
0.008510814122151865,0.0
0.005666802036936502,0.0
0.0015601679771906824,0.0
0.00018521543357984254,0.0
0.0005272483554650571,0.0
0.007557753397586549,0.0
0.0007605467597534568,0.0
0.000192553060511553,0.0
0.00013111021875068023,0.0
0.008776721217368088,0.0
0.0010209526091977074,0.0
0.0029887046814982177,0.0
0.0048146516817392584,0.0
0.0023894879089552653,0.0
0.001130172624647058,0.0
0.005917453636523905,0.0
0.0008642771946361545,0.0
2.91517942221024e-05,0.0
0.0001631781292542268,0.0
0.00013500622173429332,0.0
0.0003148560253384159,0.0
0.0025296475431236267,0.0
0.00017900559030665651,0.0
8.363271077279395e-05,0.0
9.884982157280567e-05,0.0
0.00040399306953025824,0.0
0.0020648654090178395,0.0
0.000738101371708899,0.0
6.342559498783955e-05,0.0
0.00047332385913745226,0.0
0.0006358151841122598,0.0
0.006390697750743916,0.0
0.0029979223051731494,0.0
0.0006598143034520901,0.0
0.0002718786849580868,0.0
0.003136505809488655,0.0
0.006902132125188066,0.0
0.001012710272384717,0.0
0.00015530113422023838,0.0
0.0002674505006526041,0.0
0.0004785153705292527,0.0
0.00036317590548359173,0.0
0.0021826691786751415,0.0
0.0041898453604573786,0.0
0.00023429395140290934,0.0
0.0027698119485929915,0.0
0.01280681442231383,0.0
0.007706192737813469,0.0
0.0011750900169655758,0.0
0.0009272466625626517,0.0
0.00018375808412975092,0.0
0.00012846291510022864,0.0
0.0010330040580196725,0.0
0.00721908626466013,0.0
0.017164401763493407,0.0
0.0007147681653865782,0.0
0.010070164336860322,0.0
0.0006130355139889046,0.0
0.00022973069552593989,0.0
0.00044901763990074276,0.0
0.0006852001599722758,0.0
0.00029800346968895247,0.0
0.00012169373174469862,0.0
0.007874993798559314,0.0
0.021772681292852026,0.0
0.005090356792816522,0.0
0.0026176812525488947,0.0
0.000573520278906017,0.0
0.0004590922334183391,0.0
0.00048107495285070097,0.0
0.008098058487593434,0.0
0.0028629508133891602,0.0
0.00164906470984868,0.0
0.008776636735544402,0.0
0.0017224816054190414,0.0
0.009485814929199341,0.0
0.02608813241023023,0.0
0.02311923524466468,0.0
0.026332889001303053,0.0
0.003649263522692333,0.0
0.011746003246423638,0.0
0.007633179662127399,0.0
0.021290110624493833,0.0
0.013729299757912908,0.0
0.035886210979652874,0.0
0.022774106643406372,0.0
0.026235196276325833,0.0
0.03377927283901239,0.0
0.02868954324270253,0.0
0.0217351731182017,0.0
0.0211658136170929,0.0
0.01595111402119365,0.0
0.01640124251647387,0.0
0.022438287137743082,0.0
0.01723319117069436,0.0
0.0267590818533953,0.0
0.02184118022422604,0.0
0.018232323175628604,0.0
0.02398894465618917,0.0
0.031114474320760012,0.0
0.02176830573511851,0.0
0.03702021538326892,0.0
0.020758824154012562,0.0
0.024527782741074332,0.0
0.042915119164818674,0.0
0.05033178819482779,0.0
0.01645895414933477,0.0
0.033844085100316224,0.0
0.02258537856553911,0.0
0.06413014306482227,0.0
0.01994412415907273,0.0
0.15185137761647044,0.0
0.03143691985721735,0.0
0.08787828578742105,0.0
0.013848346825413261,0.0
0.09473573634115419,0.0
0.025238808451688872,0.0
0.0087870833652549,0.0
0.015203165163425724,0.0
0.029130275788717477,0.0
0.022642309164343583,0.0
0.01737844045799325,0.0
0.018099450201194238,0.0
0.11742024156480993,0.0
0.015052868612970671,0.0
0.09691789386712682,0.0
0.03156011700180873,0.0
0.021863820959061524,0.0
0.020563263414607704,0.0
0.04904898690895546,0.0
0.025455277753107797,0.0
0.01806313531198302,0.0
0.009593475456921765,0.0
0.035207312081306105,0.0
0.021515144508252468,0.0
0.015892078951529998,0.0
0.0139494466612388,0.0
0.013623330518405159,0.0
0.021106596710866385,0.0
0.03837246477705293,0.0
0.034970038146959766,0.0
0.015158981529787495,0.0
0.02575846886128359,0.0
0.019706135588827823,0.0
0.028244530491663037,0.0
0.00191770326055045,0.0
0.005625178047023249,0.0
0.009405713596430899,0.0
0.03344360938646159,0.0
0.04522114940930134,0.0
0.03549451263011671,0.0
0.024055789911030672,0.0
0.017657320982485635,0.0
0.019751346106037345,0.0
0.010776274445382684,0.0
0.016572875068047027,0.0
0.02971706625034282,0.0
0.026645981631943295,0.0
0.01777216619852991,0.0
0.025467353428261966,0.0
0.055130953518800256,0.0
0.02450051907890809,0.0
0.05339728398918612,0.0
0.035682104972225334,0.0
0.015518601668115277,0.0
0.06140151297740504,0.0
0.021434777671463463,0.0
0.01926187904838513,0.0
0.03269708159881141,0.0
0.02583871198080889,0.0
0.03152146019529854,0.0
0.02436322068157283,0.0
0.028001019067809493,0.0
0.020215191730623274,0.0
0.008994762993675052,0.0
0.05762026037270894,0.0
0.009457625309798379,0.0
0.015371051112188276,0.0
0.008249931525759514,0.0
0.017442294753478423,0.0
0.036933748479698145,0.0
0.02611487438597891,0.0
0.022597764695633238,0.0
0.01621872291773971,0.0
0.023005192408200967,0.0
0.029370715883183064,0.0
0.03532319433479138,0.0
0.026166100204053126,0.0
0.031872943470029655,0.0
0.01601193718183243,0.0
0.022025241326409203,0.0
0.04537825870230949,0.0
0.011399386760094816,0.0
0.014943091681029015,0.0
0.011407167028754956,0.0
0.019910189364642027,0.0
0.013837603378848571,0.0
0.006122065998261607,0.0
0.023171525196374408,0.0
0.021494693358487076,0.0
0.007939752065724375,0.0
0.03418452341666093,0.0
0.023331991193834833,0.0
0.014316223368865715,0.0
0.012145649328962295,0.0
0.002089980078236298,0.0
0.0031110857276904135,0.0
0.008378500163597574,0.0
0.01702907360571816,0.0
0.007354382696915923,0.0
0.005635511825499296,0.0
0.004937209158286602,0.0
0.054247928611266934,0.0
0.01736857799441669,0.0
0.03511182399018693,0.0
0.02034317456463377,0.0
0.0035818418550765123,0.0
0.02513467356710257,0.0
0.026830923024441816,0.0
0.03291352885592786,0.0
0.027609917438653764,0.0
0.024716816934773674,0.0
0.02320217660467333,0.0
0.0012579317427875826,0.0
8.8453463211896e-05,0.0
0.0039824927708893565,0.0
0.0038687929507128867,0.0
0.025606550171951813,0.0
0.012464524214448072,0.0
0.030358582251779637,0.0
0.02253344121636641,0.0
0.02632754526068506,0.0
0.04054898626433618,0.0
0.008139250908714498,0.0
0.020100786012988245,0.0
0.012572784479185015,0.0
0.011073887164420548,0.0
0.03403943840002796,0.0
0.013141301456969215,0.0
0.022197161849963936,0.0
0.025557997860185415,0.0
0.004481016074948485,0.0
0.0004113409784985279,0.0
0.015705281767106494,0.0
0.07283812351858511,0.0
0.055554424595797014,0.0
0.022984521649285206,0.0
0.01059173129183653,0.0
0.007132412161235044,0.0
4.400998176837569e-06,0.0
7.380043733960787e-05,0.0
0.0010292424714309254,0.0
0.008838378955249556,0.0
0.007090394549135853,0.0
0.005565287288905398,0.0
0.02800085611288873,0.0
0.013224837396521793,0.0
0.019025018325750914,0.0
0.018737634309563673,0.0
0.008050778259241984,0.0
0.03236187270282617,0.0
0.030786286245673963,0.0
0.02342964798576227,0.0
0.02166803654095612,0.0
0.04166606826766524,0.0
0.012406112644739202,0.0
0.008176804268363523,0.0
0.032419048274120024,0.0
0.029003357899253394,0.0
0.0075828555049311,0.0
0.0008655022262171288,0.0
0.011280498125940201,0.0
0.13505127300880965,0.0
0.022852989871168253,0.0
0.1472805285079595,0.0
0.024118340872298236,0.0
0.011471489613300023,0.0
0.002738329902517599,0.0
0.02033353039105339,0.0
0.033369756737824705,0.0
0.045300460438326556,0.0
0.024947304049222085,0.0
0.014759018485505164,0.0
0.009614462948002405,0.0
0.019651653755296945,0.0
0.031843066182421276,0.0
0.10408453663933359,0.0
0.02400252932596356,0.0
0.047685096505359285,0.0
0.03173878001110069,0.0
0.024160357886400627,0.0
0.010592172506113143,0.0
0.005239069292810978,0.0
0.008633338406119746,0.0
0.011932140691751813,0.0
0.010297787187963061,0.0
0.056897243879041604,0.0
0.0050951444846082175,0.0
0.011105227829144249,0.0
0.026079055553545782,0.0
0.021573863896472506,0.0
0.00978790210669871,0.0
0.02019758108246046,0.0
0.019859958805331493,0.0
0.031641234368181,0.0
0.03010639968674434,0.0
0.03696537133634845,0.0
0.010630449217685073,0.0
0.005630927433451938,0.0
0.00032645783843997413,0.0
0.004080853119787896,0.0
0.008565809160127212,0.0
0.007869251650177257,0.0
0.00973953992251024,0.0
0.011384532312629125,0.0
0.02828066792214227,0.0
0.02097672087668232,0.0
0.009002179739285413,0.0
0.014137523324707375,0.0
0.02064376347984313,0.0
0.026342414353397178,0.0
0.024579212800392724,0.0
0.008618570391095351,0.0
0.003610117423030626,0.0
0.013808114059485222,0.0
0.024851621195160625,0.0
0.024739192362446448,0.0
0.007096731786371648,0.0
0.0056009855799479,0.0
0.013898116297145591,0.0
0.023726568723723866,0.0
0.0242537224830442,0.0
0.03412865422991076,0.0
0.019629014028567506,0.0
0.020612199012536983,0.0
0.02482625923603086,0.0
0.024131622103158498,0.0
0.024784746393718304,0.0
0.04625680673355761,0.0
0.006270981992184119,0.0
0.0036017269127815773,0.0
0.0004583189927967568,0.0
0.002972197963258318,0.0
0.000747407404985932,0.0
0.00807526805190732,0.0
0.004316924448841809,0.0
0.00037297495070680694,0.0
0.009408784408901647,0.0
0.0376266797245233,0.0
0.04159375382644741,0.0
0.013164661318177898,0.0
0.014350552796847885,0.0
0.0005680662096075455,0.0
0.027083760017408684,0.0
0.10260637427669975,0.0
0.015807273336515475,0.0
0.010398193422889267,0.0
0.03199352109165132,0.0
0.005340584885931458,0.0
0.015968102200467266,0.0
0.024382815064583587,0.0
0.006775172752896352,0.0
0.021925890762044136,0.0
0.023652369737418896,0.0
0.049362032505536065,0.0
0.021380630620390258,0.0
0.012606232495290482,0.0
0.02388959067531772,0.0
0.019938646632452095,0.0
0.0221005577256643,0.0
0.0006215248531138998,0.0
0.029409866111740363,0.0
0.018703923551040485,0.0
0.025024935864721636,0.0
0.01391867845254801,0.0
0.01789802054556159,0.0
0.014711311169893502,0.0
0.012652615597816524,0.0
0.007234857607916434,0.0
0.014412402650184732,0.0
0.016047490547711176,0.0
0.01346825610552398,0.0
0.021678677421439075,0.0
0.02681812887425157,0.0
0.014903157543943517,0.0
0.013821688655929055,0.0
0.014210119385416359,0.0
0.009721873447663447,0.0
0.005776442732575977,0.0
0.016541755469390313,0.0
0.024817246005454777,0.0
0.03133333885774381,0.0
0.07950309195037457,0.0
0.04594190830108981,0.0
0.012988268223561125,0.0
0.01873089272091282,0.0
0.018581238498966982,0.0
0.03970251054925652,0.0
0.03057310519574505,0.0
0.023621872887341463,0.0
0.021661857258466668,0.0
0.03190745804247712,0.0
0.020865625933332212,0.0
0.020384873634217753,0.0
0.027319792145289797,0.0
0.022322189893187943,0.0
0.05804418401474833,0.0
0.07193378028953475,0.0
0.013241613797007156,0.0
0.006493075635152503,0.0
0.018519911523233474,0.0
0.019682614285255307,0.0
0.018091218404408103,0.0
0.0194856044985711,0.0
0.018705853479535517,0.0
0.014044012048477035,0.0
0.10361925369654451,0.0
0.018221443323628534,0.0
0.016806759347508637,0.0
0.012945364829398601,0.0
0.009830812302534525,0.0
0.006566400412166763,0.0
0.002873222287882758,0.0
0.0032424174882786892,0.0
0.007206201420118429,0.0
0.04525502777805914,0.0
0.042403371584608274,0.0
0.003737496404812669,0.0
0.00040381909274560485,0.0
0.0016939304335890908,0.0
0.007774790955320388,0.0
0.0016440367179270962,0.0
0.009953292438092586,0.0
0.009265952092662264,0.0
0.009299252903757086,0.0
0.018476163635104844,0.0
0.02331951234617186,0.0
0.02800151215612005,0.0
0.020289542650384927,0.0
0.014656928716097303,0.0
0.017019165201604184,0.0
0.013944744623274094,0.0
0.024135098145802922,0.0
0.025467398131545336,0.0
0.012543606001269804,0.0
0.009645485453123973,0.0
0.007437871165069382,0.0
0.00797176557595021,0.0
0.025469126227934267,0.0
0.02432069754737452,0.0
0.02426524767251889,0.0
0.016661989477521774,0.0
0.014231114497988803,0.0
0.022242117319838103,0.0
0.016936617262457876,0.0
0.0073656625513050826,0.0
0.014209324542663857,0.0
0.021715920419715547,0.0
0.02131924461374668,0.0
0.0009173833515400371,0.0
0.0020560438068634415,0.0
0.019386997307666992,0.0
0.02436850838527972,0.0
0.018077166065281626,0.0
0.018253706996942128,0.0
0.061578128889520495,0.0
0.0354372900125686,0.0
0.01655596222263617,0.0
0.023962976615375806,0.0
0.021904778326029134,0.0
0.3407189414130564,0.0
0.03323989218830243,0.0
0.006046614963250972,0.0
0.02206380563565893,0.0
0.02455813769966266,0.0
0.018580737727097632,0.0
0.021276225442310618,0.0
0.01097149523269676,0.0
0.01952782327310999,0.0
0.05021966649983972,0.0
0.026265751088681778,0.0
0.03158779378702196,0.0
0.007819989756316063,0.0
0.012780000303048947,0.0
0.044711492728376545,0.0
0.024022088252034463,0.0
0.019547070272284472,0.0
0.04996576846023197,0.0
0.026765230273448345,0.0
0.012628588145006838,0.0
0.021827489663788297,0.0
0.021084809389527788,0.0
0.021174515693891442,0.0
0.016507660798683023,0.0
0.028112728510108046,0.0
0.00897453925447166,0.0
0.024195605874120472,0.0
0.01122821677182666,0.0
0.02079197489240559,0.0
0.007888074231186587,0.0
0.024962568567021063,0.0
0.01628843303303242,0.0
0.017710291844444778,0.0
0.0018171652296362964,0.0
0.011168985880536322,0.0
0.011122747127872971,0.0
0.02202498040241047,0.0
0.02274720973001987,0.0
0.03484619792430398,0.0
0.011734935952244202,0.0
0.02971479469575983,0.0
0.008195137774592175,0.0
0.006752626649730372,0.0
0.009690572565226995,0.0
0.046780386781387434,0.0
0.01833287181829794,0.0
0.0014220204772925815,0.0
0.0019981099853097328,0.0
0.0056320633163317296,0.0
0.012512426427977182,0.0
0.025750184305038084,0.0
0.011380486008903767,0.0
0.0070519154510603034,0.0
0.017473124406007588,0.0
0.03128948276526849,0.0
0.03411335253905103,0.0
0.014270921413243069,0.0
0.009498414015250471,0.0
0.0019559118509893045,0.0
0.002298712520122419,0.0
0.001695287578501549,0.0
0.011327835010404595,0.0
0.029160587176566385,0.0
0.01737198545579161,0.0
0.005316731376879592,0.0
0.009356293532709507,0.0
0.016509845425665085,0.0
0.02226613998479825,0.0
0.015672440737443703,0.0
0.054792057354221754,0.0
0.014706562952092743,0.0
0.013358139425830019,0.0
0.02093172195992957,0.0
0.10297134788572511,0.0
0.02320067973832743,0.0
0.023169328053169173,0.0
0.017757169992364163,0.0
0.01568053614561194,0.0
0.010141472579635507,0.0
0.01466527762953901,0.0
0.03687316733898717,0.0
0.020569737312220455,0.0
0.01666976629771357,0.0
0.019231970124016822,0.0
0.0319337314485088,0.0
0.03645023589765073,0.0
0.010374132684670577,0.0
0.009857417144208777,0.0
0.038947872089657776,0.0
0.011943535000289615,0.0
0.024462844657427908,0.0
0.029267413777784565,0.0
0.01203184275032893,0.0
0.03386151195625901,0.0
0.028180425361363958,0.0
0.016201447418105832,0.0
0.013448836334900148,0.0
0.020581862550528417,0.0
0.020043125033000563,0.0
0.028082827651449434,0.0
0.04787621677313232,0.0
0.025802294416912147,0.0
0.09715262722081869,0.0
0.016820001135049528,0.0
0.014618833033846423,0.0
0.015083594291427563,0.0
0.04298107599791241,0.0
0.04025286573881498,0.0
0.037460314660541116,0.0
0.030347301975040864,0.0
0.020728934012229826,0.0
0.1382954549598718,0.0
0.02023972741496781,0.0
0.016862546588565366,0.0
0.017279535277520842,0.0
0.05754947646331804,0.0
0.01295266366298869,0.0
0.01685050205184064,0.0
0.026859324835880848,0.0
0.016353367162296222,0.0
0.024073829588474854,0.0
0.025991712419714815,0.0
0.01385943877751676,0.0
0.021924555984464543,0.0
0.02179897879467435,0.0
0.013161311410500798,0.0
0.01557507491996687,0.0
0.023397788348209273,0.0
0.01164218689703851,0.0
0.013189998985082463,0.0
0.010741822787683828,0.0
0.02646350768217221,0.0
0.007937843915773525,0.0
0.010817432310107254,0.0
0.00869218227983807,0.0
0.01817763459306579,0.0
0.017317337635672368,0.0
0.01837119556427987,0.0
0.027582780589917893,0.0
0.008749892782316738,0.0
0.009226249764435025,0.0
0.015578637191081216,0.0
0.02390200806302181,0.0
0.02261491167895476,0.0
0.03328460269344587,0.0
0.024967160334457263,0.0
0.02550404659404775,0.0
0.023596854832318364,0.0
0.021988293642588325,0.0
0.02393423209977173,0.0
0.001020916710099003,0.0
0.0002663954797970396,0.0
0.0015668594221915624,0.0
0.022068647272546146,0.0
0.018232363009204628,0.0
0.0759068689137472,0.0
0.05224377887000698,0.0
0.023502425798873426,0.0
0.027342765219359296,0.0
0.013648702178182714,0.0
0.015273416916269952,0.0
0.018453983397518827,0.0
0.006672806240573366,0.0
0.00357647594223583,0.0
0.01037785516155443,0.0
0.010499791133455876,0.0
0.00907353558984919,0.0
0.009383671488530077,0.0
0.007790935060873134,0.0
0.007898547821405588,0.0
0.011661856192378254,0.0
0.001326278806626235,0.0
0.00047086151803677644,0.0
0.0008762242914043186,0.0
0.01482568445214933,0.0
0.017170908293614267,0.0
0.004743710250633747,0.0
0.004796754225505383,0.0
0.0032943253684965153,0.0
0.0070951879534793955,0.0
0.016106793425967686,0.0
0.011216544866422793,0.0
0.008883903247212362,0.0
0.0237883706672052,0.0
0.028978409946026115,0.0
0.011848875633645813,0.0
0.026129351163639028,0.0
0.01791571833972837,0.0
0.010305098575589462,0.0
0.023073698448786727,0.0
0.02102244354333944,0.0
0.008679955718542182,0.0
0.02611955248719222,0.0
0.051482552625844585,0.0
0.01346102089678109,0.0
0.02928204687616927,0.0
0.009535537100276615,0.0
0.014969965964852157,0.0
0.020438456239019322,0.0
0.015828789629409996,1.0
0.01518164850636379,1.0
0.17252847508440328,1.0
0.04330327649334414,1.0
0.014287477887801617,1.0
0.010229243789951476,1.0
0.028804512404983558,1.0
0.029938078316142876,1.0
0.06478909960903613,1.0
0.21203598206477092,1.0
0.023864277231493095,1.0
0.010105825081706144,1.0
0.033927589338940516,1.0
0.6338175302864868,1.0
0.043123035928594386,1.0
0.024489800626820483,1.0
0.05492433342897569,1.0
0.12302126056241534,1.0
0.048852731341647394,1.0
0.5055739832249174,1.0
0.024349490006932865,1.0
0.038275412510313134,1.0
0.02583439885993703,1.0
0.30019536365324706,1.0
0.9071031774957568,1.0
0.5109988678188359,1.0
0.06706783540637183,1.0
0.16925459434810877,1.0
0.11487687220206688,1.0
0.5312955181666345,1.0
0.17466196186900987,1.0
0.6350394914887917,1.0
0.09357694201780589,1.0
0.6275680885026902,1.0
0.025676384328530984,1.0
0.6071966411360928,1.0
0.026205066957817155,1.0
0.006878548763389855,1.0
0.010038605504034601,1.0
0.007561121415393327,1.0
0.0020306121981062365,1.0
0.007831017086629219,1.0
0.05113078169592947,1.0
0.9659840782412682,1.0
0.9567804827119384,1.0
0.9284108492589896,1.0
0.08312542471543832,1.0
0.6169092056995757,1.0
0.07533560919954832,1.0
0.9862211069529379,1.0
0.8054595963801364,1.0
0.9224299668252999,1.0
0.5706766761677197,1.0
0.9832604611215455,1.0
0.9828148099630775,1.0
0.15433441823540858,1.0
0.020134861618580947,1.0
0.8596315781856222,1.0
0.9602716345243278,1.0
0.7590107722639711,1.0
0.1356637508727536,1.0
0.09242224538221389,1.0
0.9590967173555653,1.0
0.3526399211604721,1.0
0.4031381068978009,1.0
0.07641368968414937,1.0
0.3629411494273684,1.0
0.026440004683736265,1.0
0.010757109705987176,1.0
0.402597654643498,1.0
0.014162179241588486,1.0
0.016721044595938848,1.0
0.06498114741884406,1.0
0.007905749636606063,1.0
0.032144305490315724,1.0
0.010679947031372757,1.0
0.014498955261442112,1.0
0.015310115940057416,1.0
0.016595393454548715,1.0
0.022739260635659578,1.0
0.0078112664389100705,1.0
0.43928819027308413,1.0
0.0035422677162190762,1.0
0.9645010448448679,1.0
0.007801777390055473,1.0
0.008703174933790222,1.0
0.022967358530980992,1.0
0.004589587206673951,1.0
0.016075359623760537,1.0
0.014834732978518369,1.0
0.009677292751221662,1.0
0.011221817003634223,0.0
4.3765126311388645e-09,0.0
8.482934906442988e-10,0.0
6.753177066475105e-11,0.0
4.512934985920928e-11,0.0
1.2163539484132558e-10,0.0
6.558354732356406e-11,0.0
1.132949624308932e-10,0.0
6.04843047637575e-11,0.0
6.998612972279861e-12,0.0
3.9307523403882834e-11,0.0
2.522608708902879e-11,0.0
2.7075147754949084e-11,0.0
2.597461281938594e-12,0.0
5.190448300473209e-12,0.0
2.7189929317536096e-11,0.0
7.95530117940906e-12,0.0
2.325927335840893e-11,0.0
4.4136188612177765e-11,0.0
3.701278551332201e-11,0.0
3.172225849248663e-11,0.0
1.0193418391076091e-11,0.0
4.2970425686568175e-11,0.0
2.2915549328282306e-11,0.0
3.4209463146676265e-11,0.0
9.573360016245525e-11,0.0
4.539687723851675e-11,0.0
3.1454338393843975e-11,0.0
4.758794037997161e-11,0.0
2.4645243480454537e-11,0.0
4.452957165111497e-12,0.0
8.3002221747773e-12,0.0
1.0870818797514162e-11,0.0
2.768240637557905e-12,0.0
1.908646322446713e-11,0.0
1.4683630679214838e-11,0.0
7.702128984697e-10,0.0
5.980675702504322e-11,0.0
4.299877711411093e-11,0.0
1.4762106110228617e-10,0.0
3.729829405689696e-08,0.0
1.0599352529968539e-10,0.0
4.5645399741743857e-10,0.0
5.317402373936988e-11,0.0
4.675406877306906e-10,0.0
5.967423917650568e-10,0.0
5.042086938355987e-11,0.0
5.5994558098194565e-11,0.0
1.7613756559481706e-09,0.0
9.113287678221473e-10,0.0
4.217227814541513e-10,0.0
8.124855095328644e-10,0.0
3.896318567249946e-09,0.0
7.925850257293865e-11,0.0
1.0815098679248374e-10,0.0
1.1854953295799343e-08,0.0
4.065088956696784e-09,0.0
4.3113293343102634e-10,0.0
4.46676477747056e-07,0.0
5.6112186481446545e-08,0.0
3.945973766186097e-10,0.0
1.011174602163831e-07,0.0
3.391693516668184e-07,0.0
4.5400333447490954e-08,0.0
8.220875745729143e-09,0.0
4.072070760581194e-09,0.0
1.34672585843097e-05,0.0
2.6477129809535283e-05,0.0
5.660640012853678e-05,0.0
9.925351278345679e-05,0.0
0.00011298132325454586,0.0
0.00047174794106819565,0.0
0.0001280929344732005,0.0
0.0001709356497648326,0.0
0.00021635613408772862,0.0
0.001110154589932203,0.0
0.000385376432479996,0.0
4.2278101297315334e-05,0.0
9.324429922029224e-05,0.0
2.1621927062301202e-05,0.0
0.0026049077255209507,0.0
0.008116165278212848,0.0
0.0008792995851556255,0.0
0.00026681957568776705,0.0
0.0001068385723251322,0.0
1.167054893736281e-05,0.0
0.0010741530940804773,0.0
3.8402798947010596e-05,0.0
2.2941749966551453e-05,0.0
0.00096824275591469,0.0
0.014715399576557639,0.0
0.007747490437446111,0.0
6.589352908422528e-05,0.0
8.172743003794824e-06,0.0
6.473538156982636e-05,0.0
0.0001739229897612096,0.0
0.0024237346941459186,0.0
0.0032814794711403536,0.0
0.013036864934596725,0.0
0.00404680155024061,0.0
0.018338464258223358,0.0
0.006119011307100454,0.0
0.005132563035046082,0.0
0.007169968861400507,0.0
0.011853269589123114,0.0
0.017752426664708457,0.0
0.015275850488125466,0.0
0.008385309082356195,0.0
0.006641149325074542,0.0
0.007979031170479867,0.0
0.02206881804173396,0.0
0.014669435116477954,0.0
0.006280240680768285,0.0
0.002634832502011609,0.0
0.0023004917317480463,0.0
0.0014312186798996604,0.0
0.0025321184323814157,0.0
0.003612708799685966,0.0
0.0063357883402829045,0.0
0.027119066625642,0.0
0.01337089406557814,0.0
0.01212876658907354,0.0
0.02254145804141923,0.0
0.01711394158010537,0.0
0.02395170345807846,0.0
0.030477823603303696,0.0
0.007453843543598536,0.0
0.0032506744800511068,0.0
0.002511246413180879,0.0
0.0043261736568640415,0.0
0.0011003932104799144,0.0
0.0021796671760582562,0.0
0.002098589431125232,0.0
0.002155776009824409,0.0
0.0026200712318215458,0.0
0.0068137736133835735,0.0
0.050834306525675305,0.0
0.01975619102038276,0.0
0.010760685175456936,0.0
0.01638164231996417,0.0
0.00662832952243982,0.0
0.006323882590347306,0.0
0.007309921567497635,0.0
0.005968149999894843,0.0
0.008992683111255133,0.0
0.006364685842289213,0.0
0.010997686598414167,0.0
0.003135059286235315,0.0
0.004895468868484012,0.0
0.0028914309096282737,0.0
0.004771571817136018,0.0
0.0024627536357115782,0.0
0.002321893250064743,0.0
0.004001826302772852,0.0
0.0015741489376702653,0.0
0.00311172051417652,0.0
0.0032232660921036748,0.0
0.006665191025217487,0.0
0.013082030483875576,0.0
0.006625983921862779,0.0
0.01674442820305493,0.0
0.003865674248010978,0.0
0.0019633491909005216,0.0
0.0045964576259085056,0.0
0.0036216241491199347,0.0
0.003696126424604727,0.0
0.005146310412384413,0.0
0.004400404678130555,0.0
0.0045037110999801965,0.0
0.002809458834104718,0.0
0.005548104305098801,0.0
0.013741562437385255,0.0
0.011300358577508414,0.0
0.012473814661088664,0.0
0.013230553396346077,0.0
0.008973376868795417,0.0
0.002550637683078334,0.0
0.0022965737523953796,0.0
0.008341039251062653,0.0
0.010257988530704105,0.0
0.01702600003809464,0.0
0.0033592516004336058,0.0
0.005750968116454036,0.0
0.004491625663299444,0.0
0.0027851961772102536,0.0
0.0026280428467450306,0.0
0.013544665595572585,0.0
6.793843895010269e-05,0.0
0.002458868829962088,0.0
6.259337755299598e-05,0.0
4.19543035578637e-06,0.0
3.978730749084893e-06,0.0
1.8898808218306028e-08,0.0
7.750803462194553e-07,0.0
2.0750750541584096e-05,0.0
0.00015290757488871072,0.0
0.0028682170755751084,0.0
0.0033623163552010922,0.0
0.0026844130520679043,0.0
0.012941262527030976,0.0
8.500443305977327e-06,0.0
5.483976119915026e-05,0.0
1.2126805280032445e-06,0.0
0.005216118093835654,0.0
0.007886561305884505,0.0
0.01665277706586623,0.0
0.013365224141587532,0.0
0.016143121378342284,0.0
0.00906946981612128,0.0
0.006166932483418127,0.0
0.008192506366962038,0.0
0.01960239452294638,0.0
0.01109346230411734,0.0
0.02344133946776503,0.0
0.015225758564477238,0.0
0.007168292504760406,0.0
0.004261411928330967,0.0
0.008420285201744216,0.0
0.004053443808593584,0.0
0.0022472627613804954,0.0
0.005738537419619622,0.0
0.0034465670508686394,0.0
0.010231039507869412,0.0
0.003754795881522885,0.0
0.004479093417065972,0.0
0.0054865358945116564,0.0
0.007044437175137941,0.0
0.0034818628665370995,0.0
0.0028638002516191657,0.0
0.0015647448782489535,0.0
0.0035766829373293715,0.0
0.005239818886030603,0.0
0.009755285280210683,0.0
0.006065484889100698,0.0
0.004104033423608273,0.0
0.021008423833431746,0.0
0.015361743226254991,0.0
0.00841718924931078,0.0
0.006110752441634937,0.0
0.013086755950210279,0.0
0.004250953280692418,0.0
0.0024233531602307493,0.0
0.006962956226164773,0.0
0.002981064312320296,0.0
0.005315749219890582,0.0
0.012670718308494746,0.0
0.014728290292475613,0.0
0.04561888777795339,0.0
0.01709456721290323,0.0
0.012060162436700012,0.0
0.012639568785069128,0.0
0.004417523275937469,0.0
0.010486084473568014,0.0
0.015572945285601578,0.0
0.012824735552172,0.0
0.010566720512426589,0.0
0.030104450697491715,0.0
0.015494972495882291,0.0
0.02413518263097505,0.0
0.008688001305084106,0.0
0.022456786922500086,0.0
0.007186356843009174,0.0
0.007718083094721073,0.0
0.010090553148668214,0.0
0.014234561332344766,0.0
0.023248431305289235,0.0
0.018318056395808295,0.0
0.006257156300160291,0.0
0.004486048091839762,0.0
0.0153375446549439,0.0
0.059104881573354404,0.0
0.009238998624440813,0.0
0.02216985139166763,0.0
0.019643501621765508,0.0
0.009526505370915529,0.0
0.015141438586812932,0.0
0.013596526470668942,0.0
0.02073590971144529,0.0
0.010192544389508172,0.0
0.005199644463402431,0.0
0.012336893766944402,0.0
0.015335705907685555,0.0
0.006877291524216971,0.0
0.011144046343042724,0.0
0.004810357899512921,0.0
0.01600104812205625,0.0
0.0327300028643159,0.0
0.02005388031825731,0.0
0.0069113507745640936,0.0
0.010717090137875208,0.0
0.00537209957531313,0.0
0.003961852700295736,0.0
0.008857215270840858,0.0
0.0035244440071298152,0.0
0.01140076936269037,0.0
0.013449109719566765,0.0
0.02974159126345816,0.0
0.012602928306353768,0.0
0.005003951040012563,0.0
0.004747197577759296,0.0
0.0034282051799187055,0.0
0.005193958647614276,0.0
0.0009654499522108148,0.0
0.001994571023135552,0.0
0.0049284521808065215,0.0
0.01519410160860938,0.0
0.015618359655322354,0.0
0.02425783185786462,0.0
0.004692846497428751,0.0
0.00016295346101633494,0.0
0.0012815375189506933,0.0
0.003114222594566804,0.0
0.005882152321625098,0.0
0.006868741864650299,0.0
0.007911769854220384,0.0
0.023474470629614257,0.0
0.0019395678648416572,0.0
0.0013931923470841088,0.0
0.022720698125082782,0.0
0.01920651956715851,0.0
0.025423109198366753,0.0
0.016213607664705497,0.0
0.0007752878713079691,0.0
0.0016582518170013647,0.0
0.02216711065077939,0.0
0.017283530657905336,0.0
0.015067970428427366,0.0
0.01984174184457986,0.0
0.012158121484849026,0.0
0.012379055111001284,0.0
0.023688273582066058,0.0
0.01390082051327391,0.0
0.004924433225484985,0.0
0.012048643518849562,0.0
0.03656236322213724,0.0
0.015610002637764967,0.0
0.021166294054874853,0.0
0.021290928102868208,0.0
0.02011963649439884,0.0
0.012172802428374117,0.0
0.010926290125298388,0.0
0.013675143541176351,0.0
0.01397043564486953,0.0
0.013178517811489343,0.0
0.018844178100667828,0.0
0.02247038459643787,0.0
1.0684245115276522e-05,0.0
4.069664741349107e-07,0.0
5.034817013922437e-07,0.0
4.0677760058652095e-07,0.0
3.2611017763049846e-07,0.0
6.141400357025736e-07,0.0
1.2920622878176904e-06,0.0
9.899741080954909e-05,0.0
3.1322632008772534e-06,0.0
8.648651386075914e-07,0.0
2.322447167194551e-07,0.0
8.569959321779772e-07,0.0
5.303576283742297e-07,0.0
0.0003535526668673482,0.0
1.1112768260422363e-06,0.0
5.470488077665667e-06,0.0
7.70380469685491e-07,0.0
0.024851053397126743,0.0
0.012027066538134942,0.0
0.007389880967354142,0.0
0.01354075584038771,0.0
0.0031269218334305307,0.0
0.012936749419310977,0.0
0.015742130325344352,0.0
0.00694761275740551,0.0
0.0202185558370327,0.0
0.004584381345000811,0.0
0.00813294360688141,0.0
0.01452291849550433,0.0
0.006144551941078964,0.0
0.0062487912364006725,0.0
0.0032099937981703956,0.0
0.04190878806159712,0.0
0.014694210912545904,0.0
0.014208767191741465,0.0
0.008776022463604354,0.0
0.005436696434739489,0.0
0.019014071090846362,0.0
0.004587665307981322,0.0
0.01139495595025694,0.0
0.009594582991814175,0.0
0.015389517784945234,0.0
0.009104124161813333,0.0
0.005837324161003579,0.0
0.005453114605802212,0.0
0.006292259711783303,0.0
0.0037540719568523485,0.0
0.0070002759826210525,0.0
0.003562939852427746,0.0
0.0061146837622392015,0.0
0.03978517913503499,0.0
0.016489104579979496,0.0
0.003226982681872831,0.0
0.005443495128119364,0.0
0.004522244387237245,0.0
0.011699433574066317,0.0
0.01976042633325065,0.0
0.013447284504129634,0.0
0.004024971301009875,0.0
0.018629699163034207,0.0
0.011871882512678358,0.0
0.00792079242292404,0.0
0.01819792960617249,0.0
0.008916106085837703,0.0
0.004499141407509288,0.0
0.006592767229694075,0.0
0.005985405409958169,0.0
0.016445256815922373,0.0
0.007907527266832446,0.0
0.011606485140860526,0.0
0.0075707479848385675,0.0
0.004958762116919619,0.0
0.008401439030837303,0.0
0.01125154732916625,0.0
0.018042845536502934,0.0
0.011215864179155042,0.0
0.014458573413786495,0.0
0.012509848488099416,0.0
0.0070256525613782254,0.0
0.006856476940636421,0.0
0.015641878142255167,0.0
0.014276522409313836,0.0
0.014286334139255171,0.0
0.015829775208983893,0.0
0.012686431455968674,0.0
0.005384978899665968,0.0
0.01752046312728127,0.0
0.011235175293825558,0.0
0.012897932787828807,0.0
0.008852382714489217,0.0
0.0041109923169151946,0.0
0.011719949206652583,0.0
0.01103113367835412,0.0
0.004423683852533352,0.0
0.00959494741635211,0.0
0.004633358783558115,0.0
0.0020877990351482268,0.0
0.014037450788831018,0.0
0.005220091643359205,0.0
0.0029968772314723814,0.0
0.0057418358785930185,0.0
0.0036145420614963055,0.0
0.009734932516746227,0.0
0.0048947278661686435,0.0
0.006404153862244886,0.0
0.008978462927439411,0.0
0.02694939356026807,0.0
0.006613441343374201,0.0
0.005540557029779695,0.0
0.013137315725125744,0.0
0.005798651867976389,0.0
0.3163134298356974,0.0
0.010288364658378974,0.0
0.007395756411926538,0.0
0.02451651588012481,0.0
0.009440833631533576,0.0
0.012682709044002878,0.0
0.013793587140974702,0.0
0.004274892773758203,0.0
0.017954255201202637,0.0
0.018497947524408486,0.0
0.012348404945217807,0.0
0.023731582432380844,0.0
0.009097381179354021,0.0
0.014675378837948663,0.0
0.006651899293705125,0.0
0.005451802719085844,0.0
0.0061794099542455344,0.0
0.011068657106313206,0.0
0.013161283349583578,0.0
0.0032866965896268144,0.0
0.013384988903236389,0.0
0.012605803777084187,0.0
0.01030485064063586,0.0
0.013772839057593616,0.0
0.01853256498558317,0.0
0.01823130008437786,0.0
0.008665437372467326,0.0
0.009896152230895683,0.0
0.012321714307469185,0.0
0.021523401318709272,0.0
0.019983348719487273,0.0
0.02174275759308723,0.0
0.019048512919238564,0.0
0.01385772016919204,0.0
0.008440441936516671,0.0
0.014748776206109364,0.0
0.012401181037984465,0.0
0.01594595451548897,0.0
0.013301166240207734,0.0
0.003715720188046254,0.0
0.004762778432731756,0.0
0.009885062918120894,0.0
0.01914578597458604,0.0
0.04134811972235253,0.0
0.018104964606497537,0.0
0.01293560360615616,0.0
0.009083382005751497,0.0
0.010687382887077624,0.0
0.010896385285324406,0.0
0.006971374962066954,0.0
0.004414449070129894,0.0
0.007306863701414548,0.0
0.016819744990526516,0.0
0.013189537507607043,0.0
0.004226324063056921,0.0
0.0068038190943823735,0.0
0.027723846262972276,0.0
0.024072217583890224,0.0
0.015784877127856013,0.0
0.026739999206258705,0.0
0.0036292514249808955,0.0
0.012206223015109112,0.0
0.02559372434558563,0.0
0.006297141747667951,0.0
0.008042516140186747,0.0
0.015397124044490966,0.0
0.005789718866933854,0.0
0.00860675851197809,0.0
0.009172929732757353,0.0
0.02739466733053624,0.0
0.00825776964973166,0.0
0.005566392010306446,0.0
0.01523711250276254,0.0
0.014047522984799044,0.0
0.01624169376334351,0.0
0.003957345690639453,0.0
0.003603105560099895,0.0
0.012055106415266088,0.0
0.018435636605038757,0.0
0.016991356273761023,0.0
0.007431643780438216,0.0
0.003702399002189187,0.0
0.0192121214337878,0.0
0.018716711821988398,0.0
0.008227757903614883,0.0
0.002782261280266512,0.0
0.009920936655420256,0.0
0.015852107208271352,0.0
0.014368255091214786,0.0
0.00762450945897142,0.0
0.0028450228930603913,0.0
0.014284161397956486,0.0
0.016315222899136766,0.0
0.010888440374233834,0.0
0.007206474626247857,0.0
0.0056825749137444925,0.0
0.023844493860846836,0.0
0.016791412722891988,0.0
0.0024896442022998835,0.0
0.0189411436889796,0.0
0.017809976955439583,0.0
0.012807540994681987,0.0
0.017086433798018493,0.0
0.009296915717783296,0.0
0.017533013544845332,0.0
0.008192210175220717,0.0
0.006566701027436188,0.0
0.0027083142234687954,0.0
0.006311854482980022,0.0
0.01579174769413264,0.0
0.07238153916443836,0.0
0.013932283586451334,0.0
0.004002935186502123,0.0
0.007630027213790474,0.0
0.019691811033758392,0.0
0.008850701457012859,0.0
0.01118585222125918,0.0
0.01117676734515376,0.0
0.015566720008817191,0.0
0.025192478859926298,0.0
0.019187836398829348,0.0
0.014999976758556405,0.0
0.012215909595876312,0.0
0.006753597513212255,0.0
0.013036112513474132,0.0
0.010628672115064387,0.0
0.006462764792232263,0.0
0.004149827730505916,0.0
0.020750893012776623,0.0
0.015891306993649556,0.0
0.009085459535935552,0.0
0.012696971467440286,0.0
0.011628402694210553,0.0
0.006587326747403464,0.0
0.0030493584808596423,0.0
0.015131118898171914,0.0
0.011116120487682651,0.0
0.009441454438802862,0.0
0.017509329835230823,0.0
0.01754704478060135,0.0
0.01546380791991359,0.0
0.011061365139887806,0.0
0.005713287550280392,0.0
0.017449013533734337,0.0
0.028535086989402773,0.0
0.0033751977788077227,0.0
0.0034117309017617126,0.0
0.006604686936828822,0.0
0.010181074510389342,0.0
0.007286744140068962,0.0
0.01323833374705871,0.0
0.026776507574577404,0.0
0.008447989549831052,0.0
0.00820030632414064,0.0
0.014577681131659265,0.0
0.015802401274790275,0.0
0.0126866054166486,0.0
0.012309223445830058,0.0
0.012837679672514984,0.0
0.011515305201049554,0.0
0.00602933619958255,0.0
0.00546003179143533,0.0
0.013442998418568873,0.0
0.008690358076119299,0.0
0.002938046391864967,0.0
0.08277303391851792,0.0
0.013066305124932103,0.0
0.03493709576722327,0.0
0.014008992407549926,0.0
0.011650791463270563,0.0
0.020749746318547646,0.0
0.008242332630796987,0.0
0.002847363112627254,0.0
0.012383989319425238,0.0
0.010965641306408617,0.0
0.004614223796199599,0.0
0.002948808505505865,0.0
0.01896592003956552,0.0
0.010744813623690199,0.0
0.022926078261342214,0.0
0.016295611520851672,0.0
0.0075718105697986995,0.0
0.003320478929687839,0.0
0.010466037650647875,0.0
0.019743984869554365,0.0
0.00816363052470795,0.0
0.01831218280682699,0.0
0.002994638579915015,0.0
0.033513662415389014,0.0
0.016474358160035972,0.0
0.006720227297208145,0.0
0.004660617279586502,0.0
0.004325750602038047,0.0
0.01092865498695013,0.0
0.007147796643967173,0.0
0.0036354566598749624,0.0
0.010059594039511505,0.0
0.0127394736919648,0.0
0.009439403497687454,0.0
0.004491606369534953,0.0
0.0044417820025697274,0.0
0.010429734476430712,0.0
0.012441782662021238,0.0
0.015430994152893588,0.0
0.0029157634428014366,0.0
0.0040881097710606575,0.0
0.016336989810792818,0.0
0.014577725854716622,0.0
0.009412594633139095,0.0
0.013882465181300103,0.0
0.014210350829156362,0.0
0.012900417120286898,0.0
0.010672874760984347,0.0
0.0030940943367827652,0.0
0.00985885773942528,0.0
0.014706773894621486,0.0
0.012330308403206078,0.0
0.016953573156068266,0.0
0.00489927794557927,0.0
0.01807982276357148,0.0
0.023393738268394932,0.0
0.04956247110183161,0.0
0.005284465202892879,0.0
0.004618098634699397,0.0
0.012786520899522279,0.0
0.022936124789383245,0.0
0.010593072071395983,0.0
0.005687644469142848,0.0
0.003327107181109175,0.0
0.015460510038056586,0.0
0.012911726014033346,0.0
0.009404437120957655,0.0
0.011600439429795622,0.0
0.007338609437632172,0.0
0.0031734292349202163,0.0
0.006906388021122372,0.0
0.011058968844658863,0.0
0.016544416034470842,0.0
0.012772649295120269,0.0
0.010640149609149363,0.0
0.005002183843668507,0.0
0.004573204212119128,0.0
0.010924840159870578,0.0
0.01051933843780851,0.0
0.010977406244329375,0.0
0.010321478480005052,0.0
0.007390548685931895,0.0
0.009545970569692057,0.0
0.005251406139288688,0.0
0.007484954505651386,0.0
0.008399969030033464,0.0
0.006876541095130694,0.0
0.006569612720146304,0.0
0.01201309188398882,0.0
0.008214031521130365,0.0
0.009188272589349858,0.0
0.008403701797844082,0.0
0.012866919611075611,0.0
0.009811472658194492,0.0
0.01112564312163087,0.0
0.0200912942829125,0.0
0.008924618263379105,0.0
0.008568417142233282,0.0
0.0039840998490123895,0.0
0.006846527621302793,0.0
0.009355953215258528,0.0
0.00581585187799277,0.0
0.004153595874794242,0.0
0.00992668917707951,0.0
0.010798606602733442,0.0
0.011524188342400363,0.0
0.011407162243708961,0.0
0.015795190098615863,0.0
0.015317826517817648,0.0
0.009619200874498373,0.0
0.012831007513787485,0.0
0.004683654008702452,0.0
0.014546240118824712,0.0
0.008842320916469432,0.0
0.005026966090589448,0.0
0.011424188714894567,0.0
0.014692397376094795,0.0
0.00526308720188237,0.0
0.0022338720989803153,0.0
0.011001872212500615,0.0
0.012141531869816428,0.0
0.011153042451373508,0.0
0.013752358569511743,0.0
0.006975094705989275,0.0
0.01198033513982845,0.0
0.014419719184327438,0.0
0.07697163792760224,0.0
0.012046102330851013,0.0
0.0031175091747704057,0.0
0.0060525043017221605,0.0
0.018527459338179567,0.0
0.015010837267587646,0.0
0.0034835888777682363,0.0
0.006070832593314126,0.0
0.008657766560404172,0.0
0.007615178069319404,0.0
0.0035514328063814124,0.0
0.018358769658988874,0.0
0.00920446186416119,0.0
0.007565306221320925,0.0
0.01974219423725643,0.0
0.010459551872581973,0.0
0.0026878022651090666,0.0
0.0034740621042498323,0.0
0.0075225938729692335,0.0
0.006862168377929038,0.0
0.014118341098837047,0.0
0.009340832510723502,0.0
0.011952892417546879,0.0
0.010902439672579128,0.0
0.008932727682963146,0.0
0.010820685645507934,0.0
0.010788488538410907,0.0
0.010908847705477958,0.0
0.006175040817095246,0.0
0.008206939167091108,0.0
0.005609187302151445,0.0
0.004690687512283259,0.0
0.008311077125780395,0.0
0.01040015507704894,0.0
0.014613906312834287,0.0
0.01733136643267995,0.0
0.0034424028094452923,0.0
0.007739693777020573,0.0
0.024658322219780968,0.0
0.010305910747383865,0.0
0.006435716748032163,0.0
0.004229611304104196,0.0
0.006452394003940126,0.0
0.006319712185686424,0.0
0.007232134652007603,0.0
0.007444610683652017,0.0
0.026058974059250062,0.0
0.012960900682091265,0.0
0.016982939378713296,0.0
0.008900574590605262,0.0
0.022540111481489405,0.0
0.004416032586052427,0.0
0.010219964092682438,0.0
0.01098918877986553,0.0
0.006839847278170804,0.0
0.006422077020885744,0.0
0.006980853774654549,0.0
0.011042411785381973,0.0
0.006817745053825691,0.0
0.011610235905770502,0.0
0.007698461451663185,0.0
0.01436171939493908,0.0
0.008450119255206806,0.0
0.009078215676724594,0.0
0.0075891401090566685,0.0
0.008307034738964693,0.0
0.016509702251310623,0.0
0.024771184998507938,0.0
0.01737094718246183,0.0
0.007792642143904988,0.0
0.022542545991574944,0.0
0.00897034375710973,0.0
0.004255609455372221,0.0
0.007755561754376333,0.0
0.009086762617941863,0.0
0.014356178936250392,0.0
0.008549846735554196,0.0
0.009290743470400145,0.0
0.005539779293382651,0.0
0.009134812166172157,0.0
0.007367387769374182,0.0
0.00836468739599052,0.0
0.01481583950527881,0.0
0.016373789383599315,0.0
0.01945454205617237,0.0
0.017687989795063704,0.0
0.010435688498008393,0.0
0.010889702269437435,0.0
0.008534824601499123,0.0
0.02190138553156745,0.0
0.017464116309366128,0.0
0.020538280895361298,0.0
0.007818834347152578,0.0
0.002606939348896514,0.0
0.009721007218778607,0.0
0.010450677725969176,0.0
0.018254033420061926,0.0
0.004485825383708579,0.0
0.014406473845763035,0.0
0.011865201643233762,0.0
0.01491036715484478,0.0
0.00925752421699031,0.0
0.005055208076315917,0.0
0.00812989062878208,0.0
0.0132310146297316,0.0
0.019823697301788016,0.0
0.013114491762611513,0.0
0.003896649203326542,0.0
0.009542936645746554,0.0
0.014076403896184055,0.0
0.014146947538711232,0.0
0.022988013556798526,0.0
0.013707218644449232,0.0
0.01542007889225215,0.0
0.0070193507289618064,0.0
0.004143304313210851,0.0
0.020484746646617025,0.0
0.028605894264210775,0.0
0.009627367442016442,0.0
0.005168491631384012,0.0
0.004784671710461618,0.0
0.01598566590418372,0.0
0.013922597053306479,0.0
0.01518256813330553,0.0
0.005353715179650672,0.0
0.00503883622787595,0.0
0.007680077217986123,0.0
0.06948283146884594,0.0
0.0073163175929470475,0.0
0.005585298557153408,0.0
0.013423914031345,0.0
0.013410269767895782,0.0
0.005149446435014081,0.0
0.01654249552659017,0.0
0.07516510238564648,0.0
0.01267258368485534,0.0
0.006608646758239309,0.0
0.008305760239705058,0.0
0.009904024131922488,0.0
0.006366509205438458,0.0
0.005244836622975908,0.0
0.011256251357832018,0.0
0.01605772902379522,0.0
0.008613480349814524,0.0
0.013388710457125736,0.0
0.0035430850218483335,0.0
0.006604174087529312,0.0
0.0069945845426570095,0.0
0.017265362528765312,0.0
0.014104920874577794,0.0
0.006784758533371275,0.0
0.007181651983626203,0.0
0.0028737795653566694,0.0
0.012132004860004956,0.0
0.013395419311651701,0.0
0.011242511867131245,0.0
0.010318207596253647,0.0
0.01138753762376897,0.0
0.0041541346763639825,0.0
0.005961335155086417,0.0
0.01575873651382106,0.0
0.00818422944602667,0.0
0.013251120845624536,0.0
0.02377520006818324,0.0
0.004346850376039713,0.0
0.007763091953802474,0.0
0.007907918827208649,0.0
0.007590429077201189,0.0
0.012555347595500062,0.0
0.007213259631511961,0.0
0.010905260794418947,0.0
0.008343608844086468,0.0
0.010913997643270971,0.0
0.010950802614756667,0.0
0.012862977974636536,0.0
0.00913942118386168,0.0
0.012173508484258834,0.0
0.007043175275295689,0.0
0.011328386341816411,0.0
0.013089568758930968,0.0
0.03585892578024033,0.0
0.00622964773540516,0.0
0.014340965001399322,0.0
0.006503899185334363,0.0
0.00815983010317477,0.0
0.006505504504405812,0.0
0.009899296518451785,0.0
0.020821653578662985,0.0
0.004464507703329411,0.0
0.01551798490773052,0.0
0.0076825928478277666,0.0
0.013170227764216237,0.0
0.005843597019852016,0.0
0.006274573149528796,0.0
0.007941592253093212,0.0
0.007757586184132261,0.0
0.007033208170324466,0.0
0.004639876477043158,0.0
0.004371760613510164,0.0
0.010116510657096078,0.0
0.01462131942153327,0.0
0.019216079379771045,0.0
0.02208401564935766,0.0
0.0047860089198164205,0.0
0.004873703585827744,0.0
0.007216789008226314,0.0
0.0036059032264827546,0.0
0.01609911711066406,0.0
0.014570209308612669,0.0
0.00855149470342836,0.0
0.0036065096783289958,0.0
0.004827911922170913,0.0
0.00880086052229051,0.0
0.010675582058030333,0.0
0.021524752585544694,0.0
0.013523121084426106,0.0
0.013635266798230848,0.0
0.005653177713056752,0.0
0.0022592271771096255,0.0
0.007814825785626875,0.0
0.007262828016820383,0.0
0.01031467548556443,0.0
0.011896409268688648,0.0
0.013427017929870395,0.0
0.004766693960364451,0.0
0.00889039453422155,0.0
0.006201648742447797,0.0
0.02491695228362595,0.0
0.005650349121222287,0.0
0.010315480644929872,0.0
0.008197169664760463,0.0
0.03051619907485908,0.0
0.009104053080176217,0.0
0.008123551486534533,0.0
0.004870943733110869,0.0
0.0037926389912041275,0.0
0.014512450482248357,0.0
0.007092466769458291,0.0
0.015945767871077394,0.0
0.007283946874416513,0.0
0.011767888376782967,0.0
0.009418891481319625,0.0
0.011218187412531059,0.0
0.011818477959581483,0.0
0.02636121624202208,0.0
0.010268638064854462,0.0
0.022083463729123197,0.0
0.044461921989431864,0.0
0.020157385259525342,0.0
0.008060292659172913,0.0
0.007275752647113859,0.0
0.012571408582250584,0.0
0.004699490754967261,0.0
0.004289900501419427,0.0
0.01181067808643291,0.0
0.004768402151375516,0.0
0.005533861126978523,0.0
0.006498991100152275,0.0
0.011267040838727226,0.0
0.008536487718221351,0.0
0.009294250933321363,0.0
0.011621911547126973,0.0
0.007565571037718998,0.0
0.009964791805742414,0.0
0.005718203762454126,0.0
0.00589112183351331,0.0
0.005490653498780967,0.0
0.009883630697278871,0.0
0.011060874312911657,0.0
0.005075946648533512,0.0
0.005866526765487176,0.0
0.009661499610954851,0.0
0.009317118877658074,0.0
0.01273957938818272,0.0
0.007734816969506626,0.0
0.003410682499982014,0.0
0.00611451153972321,0.0
0.00814876696961652,0.0
0.005588597647853985,0.0
0.004175984289384119,0.0
0.019268979404987764,0.0
0.008754981256725537,0.0
0.004932870232356393,0.0
0.006322325808088454,0.0
0.025589725556875418,0.0
0.009672269968688078,0.0
0.010406473734779594,0.0
0.011504186922864581,0.0
0.008887503902676836,0.0
0.0058916601714506765,0.0
0.01335443459772659,0.0
0.012493926464523627,0.0
0.012748125461660037,0.0
0.012264531298731817,0.0
0.005280222294774978,0.0
0.007903605870196163,0.0
0.0082926151829545,0.0
0.011549457719802524,0.0
0.010465636098206964,0.0
0.007901412539368489,0.0
0.005502144303689064,0.0
0.00689716411276114,0.0
0.010448468250150994,0.0
0.008723430182463708,0.0
0.018226833065692272,0.0
0.012811079633875084,0.0
0.009466912692848346,0.0
0.008953588284878368,0.0
0.007561126628984795,0.0
0.004845330114749852,0.0
0.005256579072390506,0.0
0.22628246219952153,0.0
0.007655604041398352,0.0
0.007204985338736491,0.0
0.013798166290520473,0.0
0.018584116057629153,0.0
0.004390394393145034,0.0
0.005823503368152695,0.0
0.008613480269181361,0.0
0.018924913290902966,0.0
0.01176867375972169,0.0
0.005896303271439077,0.0
0.007424354307058498,0.0
0.01022720357115904,0.0
0.012353342403254551,0.0
0.013946151557714465,0.0
0.015809361209301438,0.0
0.00786561857381612,0.0
0.003418622524854011,0.0
0.010166546683986389,0.0
0.011469125555874928,0.0
0.004404505739112698,0.0
0.004849029718171789,0.0
0.009774570859535057,0.0
0.02014292909398,0.0
0.0077800709500220454,0.0
0.023249029952126684,0.0
0.019313530416060265,0.0
0.01068944104111776,0.0
0.019101423962139253,0.0
0.00640129082469948,0.0
0.004337227910068618,0.0
0.02197295834098569,0.0
0.010352941806757837,0.0
0.018106422167658495,0.0
0.015953611177528238,0.0
0.008749909263944753,0.0
0.006660324016680204,0.0
0.009965384465095392,0.0
0.014975806778272514,0.0
0.015935984995840837,0.0
0.017428601870502713,0.0
0.016063745291921852,0.0
0.009342660573354105,0.0
0.0028688632288522997,0.0
0.00310058006444355,0.0
0.009578920164538499,0.0
0.005815990942000217,0.0
0.015227245720713472,0.0
0.007017346631366518,0.0
0.005327882881333153,0.0
0.0037780438375791966,0.0
0.01809609282651314,0.0
0.005763209208803569,0.0
0.015741600731546866,0.0
0.005381809494889208,0.0
0.018825818433838522,0.0
0.013541081454475825,0.0
0.009535924167193153,0.0
0.005832475116669198,0.0
0.015295436100895399,0.0
0.014633178507086703,0.0
0.021020833030327837,0.0
0.006843387512243008,0.0
0.014676793991964752,0.0
0.003363418939379715,0.0
0.0036390539139855857,0.0
0.009049290110327774,0.0
0.014983798538505125,0.0
0.006073059747220746,0.0
0.012868300243797079,0.0
0.008676993237628302,0.0
0.007719116637970852,0.0
0.008366986522634024,0.0
0.004991132516031899,0.0
0.0028741512037575604,0.0
0.004010004059120721,0.0
0.006948551210626478,0.0
0.013921762423970401,0.0
0.006832965778721863,0.0
0.009372172457158566,0.0
0.023503867600387005,0.0
0.013359214349057999,0.0
0.00487490373726376,0.0
0.0044732975672751195,0.0
0.01307192615721115,0.0
0.009711526341221504,0.0
0.012928447729493912,0.0
0.010260643975043024,0.0
0.012997234768706682,0.0
0.022440389036237896,0.0
0.0064744121475173045,0.0
0.008610480897307149,0.0
0.013611799613240997,0.0
0.011432436900454467,0.0
0.010424664692799615,0.0
0.004302994695824487,0.0
0.00547772291896953,0.0
0.01604340275549705,0.0
0.010817092569242513,0.0
0.013069485325880767,0.0
0.009997682082879728,0.0
0.016736257466416136,0.0
0.02013038727181268,0.0
0.01598731417282287,0.0
0.013379773013503094,0.0
0.02433670424472677,0.0
0.004945264595231246,0.0
0.008577873945012771,0.0
0.010901248957706233,0.0
0.014761374966779362,0.0
0.01004741885149271,0.0
0.0036795759699183406,0.0
0.009823764535451559,0.0
0.013732169298262084,0.0
0.008592252827168573,0.0
0.004881720889981632,0.0
0.012651042747640985,0.0
0.010670978708614448,0.0
0.0064789138715034954,0.0
0.0057893029670444875,0.0
0.006387031066195459,0.0
0.014663581715365734,0.0
0.02413459443207948,0.0
0.01214456714989674,0.0
0.023856061270073878,0.0
0.006878937202571568,0.0
0.006164143277180601,0.0
0.017061814754435075,0.0
0.004626783011668697,0.0
0.006700603098436496,0.0
0.007352839572802633,0.0
0.0043929540567354455,0.0
0.01634381926942478,0.0
0.020527424282323202,0.0
0.017659448666970244,0.0
0.014660821073260583,0.0
0.005658318890720927,0.0
0.008427720633124575,0.0
0.004345762442175997,0.0
0.012883270575968152,0.0
0.012652168190026715,0.0
0.006309196743578593,0.0
0.007334695004147006,0.0
0.0035155388289595927,0.0
0.006227737635011995,0.0
0.006906751080315436,0.0
0.006276194708662957,0.0
0.007047025368804845,0.0
0.004685998658507609,0.0
0.005853594515901354,0.0
0.01193587150062506,0.0
0.0076662192880544485,0.0
0.013582142171541226,0.0
0.009997647293011877,0.0
0.006541977683172673,0.0
0.00747402880808601,0.0
0.009671825170344024,0.0
0.010910258825216181,0.0
0.010946335381203594,0.0
0.015552579884492703,0.0
0.003183782284521839,0.0
0.011364925988121052,0.0
0.011428807607265357,0.0
0.008124542469406693,0.0
0.009137187840457308,0.0
0.00837172346888104,0.0
0.03248780317031688,0.0
0.013683053341765892,0.0
0.012600705066728543,0.0
0.0035879368500112167,0.0
0.006625287733679503,0.0
0.005715545492033661,0.0
0.011368692931643347,0.0
0.0055057883507113135,0.0
0.005592952674076772,0.0
0.0064249484953610575,0.0
0.01698871630249951,0.0
0.013351950525717006,0.0
0.009438213318648582,0.0
0.014623276052246753,0.0
0.02143396480846125,0.0
0.018582702367530523,0.0
0.011437414065428194,0.0
0.0162818629277225,0.0
0.007177123020432306,0.0
0.008130103518829479,0.0
0.01955589361042005,0.0
0.00900538916063878,0.0
0.0036153577616926764,0.0
0.006110564650561325,0.0
0.010139165871378876,0.0
0.023139387870342715,0.0
0.011507387407894963,0.0
0.006239522835835019,0.0
0.0037327347092608047,0.0
0.01470684150521218,0.0
0.02188373894908675,0.0
0.01172361868908453,0.0
0.010495216323566842,0.0
