7.633378697867423e-11,0.0
5.920486549398932e-11,0.0
9.138820913349925e-11,0.0
1.1634783003543205e-10,0.0
6.659448736633491e-11,0.0
9.078001442661333e-11,0.0
7.65523513246376e-11,0.0
1.0242066031991626e-10,0.0
9.43911694332568e-11,0.0
8.566361760107585e-11,0.0
9.305008113804429e-11,0.0
9.168772048007182e-11,0.0
7.570687346817437e-11,0.0
1.0270368261220472e-10,0.0
1.1726260074050748e-10,0.0
9.880879096081386e-11,0.0
8.067094966041639e-11,0.0
9.36362887981696e-11,0.0
8.213533401777639e-11,0.0
7.530007432596342e-11,0.0
1.0397060186211268e-10,0.0
1.0779571189497502e-10,0.0
6.312218628566091e-11,0.0
1.1178007778144391e-10,0.0
1.1936202692332814e-10,0.0
8.102386112465933e-11,0.0
9.669621837991852e-11,0.0
7.151295824046941e-11,0.0
1.1266014098083881e-10,0.0
1.0957131779647932e-10,0.0
1.2110407130130427e-10,0.0
9.937028400313996e-11,0.0
7.274805660725113e-11,0.0
1.0726461452616513e-10,0.0
7.096725704908602e-11,0.0
8.720794116725758e-11,0.0
8.138170166619662e-11,0.0
9.939791786038877e-11,0.0
1.4667694136490593e-10,0.0
7.883174559486038e-11,0.0
9.852857157170922e-11,0.0
9.054551181721188e-11,0.0
8.4336946216772e-11,0.0
8.697593664554032e-11,0.0
8.180311645252296e-11,0.0
1.0660308910768697e-10,0.0
8.2887031346175e-11,0.0
1.1624525266177727e-10,0.0
8.048250338362361e-11,0.0
1.1951207877321396e-10,0.0
7.18432335772994e-11,0.0
8.009829081814437e-11,0.0
9.087338160037596e-11,0.0
7.062019355145969e-11,0.0
9.87357523943859e-11,0.0
1.0095297572144771e-10,0.0
1.0518378561488648e-10,0.0
8.841575287186404e-11,0.0
1.1244959236304346e-10,0.0
1.1758300810717394e-10,0.0
2.5793982026224083e-10,0.0
1.0697666437426556e-10,0.0
1.1331385295941155e-10,0.0
1.0020507061048632e-10,0.0
9.91149169209486e-11,0.0
9.160512116580069e-11,0.0
9.569450274720399e-11,0.0
9.990266667370309e-11,0.0
7.814141486513577e-11,0.0
7.929863115404016e-11,0.0
7.964667369609344e-11,0.0
9.986000095768979e-11,0.0
1.1587603058611442e-10,0.0
1.0555723711112645e-10,0.0
8.443922516657273e-11,0.0
1.2244534779711576e-10,0.0
7.052921418837047e-11,0.0
1.0539547894228173e-10,0.0
9.36428044150015e-11,0.0
9.162429413073154e-11,0.0
1.0856569606036586e-10,0.0
1.1970091865400056e-10,0.0
6.153719357864435e-11,0.0
1.0667949544857272e-10,0.0
9.331162980367681e-11,0.0
1.1305424948978516e-10,0.0
1.1595473975490394e-10,0.0
1.1276971065236852e-10,0.0
7.041597883243332e-11,0.0
1.2164272275346955e-10,0.0
1.2063237986882464e-10,0.0
1.0451140626258752e-10,0.0
1.0353615649938878e-10,0.0
8.236150113062524e-11,0.0
1.0289864552591412e-10,0.0
1.0032975764995664e-10,0.0
9.631229958410121e-11,0.0
6.932169778420487e-11,0.0
1.0033962052790912e-10,0.0
9.819646551122874e-11,0.0
8.09797460475757e-11,0.0
8.62843219792801e-11,0.0
8.110853371749613e-11,0.0
9.578861472877507e-11,0.0
7.55462355887397e-11,0.0
1.1300736073589529e-10,0.0
9.426092149606392e-11,0.0
9.76732842791297e-11,0.0
8.607712829966822e-11,0.0
7.535145920745027e-11,0.0
1.0006654713577274e-10,0.0
8.103921762119958e-11,0.0
8.167613884972385e-11,0.0
9.891588323259877e-11,0.0
9.552077786731825e-11,0.0
1.114319061794533e-10,0.0
1.1469787707290792e-10,0.0
6.886676910603975e-11,0.0
1.1558069024393786e-10,0.0
8.998586157471373e-11,0.0
9.070924295262778e-11,0.0
8.673541671728966e-11,0.0
1.1370263607533323e-10,0.0
1.2639511713736398e-10,0.0
9.283340708088464e-11,0.0
1.3943565589952704e-10,0.0
1.173879317192452e-10,0.0
8.732423162729212e-11,0.0
7.929148376414234e-11,0.0
8.521306369054654e-11,0.0
8.208640959670748e-11,0.0
7.22739021144411e-11,0.0
6.398493508891987e-11,0.0
1.124270741601122e-10,0.0
8.699907809858271e-11,0.0
7.200320954326097e-11,0.0
1.0443056497784409e-10,0.0
1.085236798689387e-10,0.0
9.236796574741165e-11,0.0
1.0766488105004524e-10,0.0
1.1241428321669176e-10,0.0
1.0810400801502852e-10,0.0
7.817856672819143e-11,0.0
9.053250859221564e-11,0.0
7.393801475232162e-11,0.0
7.577616902055238e-11,0.0
7.919682036200418e-11,0.0
1.0374215247561604e-10,0.0
1.0194522222881463e-10,0.0
1.1506680539891852e-10,0.0
8.510102995331126e-11,0.0
1.288056208869358e-10,0.0
1.0527863354380977e-10,0.0
7.654339735123875e-11,0.0
8.815743413294774e-11,0.0
1.0929018352813457e-10,0.0
1.0439902834580707e-10,0.0
7.989696643256712e-11,0.0
1.1316055395651585e-10,0.0
1.1400760820688431e-10,0.0
7.397088495584638e-11,0.0
1.2759526697228394e-10,0.0
8.540553808642821e-11,0.0
9.907905659782689e-11,0.0
1.0476669906858102e-10,0.0
8.573095314296674e-11,0.0
7.60613229773404e-11,0.0
1.409338000125297e-10,0.0
9.041156953511879e-11,0.0
1.1525988286189375e-10,0.0
1.158387152051575e-10,0.0
1.0261363042075479e-10,0.0
7.137271946629848e-11,0.0
1.175300708263543e-10,0.0
9.825681732638004e-11,0.0
7.843477565882907e-11,0.0
9.321648086587708e-11,0.0
1.2042210241971937e-10,0.0
8.762234403096733e-11,0.0
8.744690510984954e-11,0.0
1.1413303851283984e-10,0.0
1.0546002650772696e-10,0.0
8.53837034769638e-11,0.0
1.0465250003026948e-10,0.0
1.0299166452011004e-10,0.0
9.809232061629889e-11,0.0
1.124566097035104e-10,0.0
9.696963817169058e-11,0.0
1.1469743045618892e-10,0.0
9.493276631934636e-11,0.0
1.0060528326673173e-10,0.0
9.013759742675093e-11,0.0
1.0210482775530625e-10,0.0
9.908996462161129e-11,0.0
1.0301614567717745e-10,0.0
1.1962146555017164e-10,0.0
7.386738819831843e-11,0.0
9.959053020970157e-11,0.0
8.556520811694908e-11,0.0
7.012908500185634e-11,0.0
1.0092302799655266e-10,0.0
8.562104396436676e-11,0.0
1.0258013076133093e-10,0.0
9.92750862871472e-11,0.0
8.339169791533343e-11,0.0
8.468165742542707e-11,0.0
8.317331745854141e-11,0.0
1.0855715094236304e-10,0.0
1.2577974292520112e-10,0.0
8.797257586442499e-11,0.0
8.48811863554371e-11,0.0
9.97947820120077e-11,0.0
1.093386093852738e-10,0.0
1.121825378272024e-10,0.0
9.501336043102159e-11,0.0
1.1872819103682904e-10,0.0
1.0789822744479168e-10,0.0
9.129455052941692e-11,0.0
8.083943370640638e-11,0.0
4.95261273792298e-11,0.0
7.937067593663264e-11,0.0
1.2143074413741603e-10,0.0
8.011319989224599e-11,0.0
6.076590672702777e-11,0.0
1.1387975221360137e-10,0.0
8.440262046944046e-11,0.0
9.247541674511221e-11,0.0
8.997555064898392e-11,0.0
1.0735782326972419e-10,0.0
9.58652161460638e-11,0.0
1.024499877353414e-10,0.0
1.0501867439165106e-10,0.0
1.0953742544960738e-10,0.0
1.0670340636942221e-10,0.0
5.998307330774267e-11,0.0
7.245939323964227e-11,0.0
1.121069830854304e-10,0.0
9.685478534768793e-11,0.0
8.851454366433364e-11,0.0
8.845454899853597e-11,0.0
1.02560051583611e-10,0.0
7.95956551279897e-11,0.0
1.1780850119992538e-10,0.0
1.0118478234949862e-10,0.0
8.358652209876732e-11,0.0
1.2259199270580132e-10,0.0
1.2217086065955911e-10,0.0
9.83559921924557e-11,0.0
9.531189918523696e-11,0.0
1.2086038454195204e-10,0.0
8.682704745063186e-11,0.0
1.04603195321103e-10,0.0
1.1252026508709153e-10,0.0
1.1437184120303139e-10,0.0
1.156975467811218e-10,0.0
7.885085156760459e-11,0.0
1.1269555908296311e-10,0.0
8.232944106208292e-11,0.0
7.282189431451562e-11,0.0
9.519636764412996e-11,0.0
1.0931849430012612e-10,0.0
9.110710540426335e-11,0.0
1.0666375811347077e-10,0.0
1.0848182318858823e-10,0.0
9.508490884205625e-11,0.0
7.140879638263808e-11,0.0
1.1597560344943473e-10,0.0
9.345480768042996e-11,0.0
1.042653297576476e-10,0.0
8.601250712277799e-11,0.0
9.60414577937252e-11,0.0
9.997827491831972e-11,0.0
1.0305859217739003e-10,0.0
1.372915180941073e-10,0.0
9.857807295497766e-11,0.0
8.619141077604163e-11,0.0
5.875572825404478e-11,0.0
1.0103806263618665e-10,0.0
8.983175747796242e-11,0.0
8.229060507795685e-11,0.0
7.749953459218871e-11,0.0
9.868215225182478e-11,0.0
1.1497210094930946e-10,0.0
9.826536269003003e-11,0.0
8.856471800092139e-11,0.0
1.0374806156736671e-10,0.0
8.260412619803175e-11,0.0
1.004137821854869e-10,0.0
9.415908888528756e-11,0.0
1.191398104448304e-10,0.0
1.0380526250689645e-10,0.0
1.2244651077276274e-10,0.0
1.0549591671925199e-10,0.0
1.2521603165600874e-10,0.0
1.0199947382752743e-10,0.0
1.0524273222538635e-10,0.0
1.3340038459927236e-10,0.0
1.1733645038046062e-10,0.0
8.999901058660366e-11,0.0
1.1328848898091996e-10,0.0
8.535400519584739e-11,0.0
8.876212057402189e-11,0.0
1.0918424609625388e-10,0.0
6.971306540065314e-11,0.0
1.0394411918500281e-10,0.0
1.0288669238494371e-10,0.0
9.326440596246789e-11,0.0
8.073278560480784e-11,0.0
7.844269674144383e-11,0.0
9.112270103030456e-11,0.0
1.194438350344384e-10,0.0
7.388257239822291e-11,0.0
8.030941410838867e-11,0.0
1.0290059159895025e-10,0.0
9.355032951356822e-11,0.0
1.3052825763785185e-10,0.0
7.736865394982649e-11,0.0
1.0575472631791839e-10,0.0
6.007803218111e-11,0.0
1.0657685145675106e-10,0.0
9.237806817532212e-11,0.0
1.1415519361659009e-10,0.0
7.082011965155107e-11,0.0
8.30269388053362e-11,0.0
8.696502069779552e-11,0.0
1.1646564265768233e-10,0.0
1.065531386548478e-10,0.0
7.300315326286939e-11,0.0
1.1464965026506494e-10,0.0
7.779898077487361e-11,0.0
9.460655210434462e-11,0.0
1.147180674875022e-10,0.0
7.754278696413505e-11,0.0
1.390258949659885e-10,0.0
9.286552049069799e-11,0.0
8.278938418772059e-11,0.0
1.1002478182668942e-10,0.0
9.242941525226734e-11,0.0
1.218721790509667e-10,0.0
8.324598720009111e-11,0.0
8.756487503148157e-11,0.0
8.371147948053873e-11,0.0
1.0738814514511143e-10,0.0
9.496965671181738e-11,0.0
9.348800207198918e-11,0.0
9.609066236457076e-11,0.0
9.891356651260667e-11,0.0
9.044795153026767e-11,0.0
1.1934053865074923e-10,0.0
7.746269920641297e-11,0.0
1.1518702281993293e-10,0.0
9.298197479016522e-11,0.0
7.681922498313951e-11,0.0
9.65213764783738e-11,0.0
1.1264381099487048e-10,0.0
1.0044161896672234e-10,0.0
1.1971835279691263e-10,0.0
1.30206991391682e-10,0.0
8.474059776350272e-11,0.0
9.217160375991062e-11,0.0
1.2870509624315936e-10,0.0
9.303415452193384e-11,0.0
1.2488686626075776e-10,0.0
8.54649220081949e-11,0.0
9.388381543537865e-11,0.0
9.668580788208348e-11,0.0
1.0063035654785222e-10,0.0
7.385422734287999e-11,0.0
7.887386422468034e-11,0.0
1.1372729147103842e-10,0.0
1.1344918925481288e-10,0.0
8.623688764194098e-11,0.0
9.864203526263428e-11,0.0
9.503347114833865e-11,0.0
1.1652681640531166e-10,0.0
8.902713768275798e-11,0.0
1.2110274554390894e-10,0.0
6.945379355087272e-11,0.0
7.06019165667271e-11,0.0
1.0135007078131728e-10,0.0
7.737456753911095e-11,0.0
7.764824972849715e-11,0.0
1.1409684331296003e-10,0.0
1.2515668658502904e-10,0.0
8.5537918375176e-11,0.0
1.1541365464870849e-10,0.0
8.790285936458624e-11,0.0
9.251550480650164e-11,0.0
9.954698567623834e-11,0.0
1.0871897087238484e-10,0.0
6.70164441768108e-11,0.0
1.186237138103401e-10,0.0
1.1379634442927056e-10,0.0
9.793491593417779e-11,0.0
1.266564719349429e-10,0.0
1.1130908605979993e-10,0.0
1.019893887551608e-10,0.0
8.239660803085885e-11,0.0
9.951077483829803e-11,0.0
9.65400597543997e-11,0.0
1.1324066213521474e-10,0.0
9.858741470323198e-11,0.0
1.092623183671823e-10,0.0
8.898354039309965e-11,0.0
1.0315899842063995e-10,0.0
5.65914047648678e-11,0.0
9.478228337016136e-11,0.0
8.408903671812131e-11,0.0
8.378779675526338e-11,0.0
9.703585859538259e-11,0.0
7.927123946536848e-11,0.0
1.0230769796756406e-10,0.0
1.220831970871772e-10,0.0
9.718928005216973e-11,0.0
1.0922085887765298e-10,0.0
1.3219761381217107e-11,0.0
1.1639863363059562e-10,0.0
8.376575420688306e-11,0.0
8.241504691594678e-11,0.0
1.1087192474195776e-10,0.0
9.516120361981831e-11,0.0
7.260741344593174e-11,0.0
9.755445246016262e-11,0.0
1.2491683202312544e-10,0.0
9.976070565428027e-11,0.0
6.69393923288866e-11,0.0
1.1915992325595746e-10,0.0
7.319234456033423e-11,0.0
1.050342860138362e-10,0.0
1.0150927109640708e-10,0.0
8.033313084304992e-11,0.0
1.1897045423595285e-10,0.0
1.0211381850967026e-10,0.0
8.349645095978989e-11,0.0
8.59112301746638e-11,0.0
8.38062125317801e-11,0.0
1.4775730745104023e-11,0.0
1.0836905482089441e-10,0.0
1.054102809600519e-10,0.0
8.869802333539593e-11,0.0
1.196832953670282e-10,0.0
6.594238013929186e-11,0.0
1.0024131290484611e-10,0.0
1.121735335730046e-10,0.0
7.979566727304968e-11,0.0
1.08530309034948e-10,0.0
8.301569311128873e-11,0.0
9.001545162621602e-11,0.0
8.087971375864979e-11,0.0
1.0626811924041082e-10,0.0
9.199437312059186e-11,0.0
9.704406210186207e-11,0.0
9.568981525838863e-11,0.0
9.866243103331861e-11,0.0
7.7784148605571e-11,0.0
8.872502571434972e-11,0.0
1.181552344183636e-10,0.0
6.423744474311343e-11,0.0
7.557212301905928e-11,0.0
6.754858488061188e-11,0.0
1.0341458526996262e-10,0.0
9.678184704208483e-11,0.0
1.3800841835780786e-10,0.0
9.758390776865536e-11,0.0
1.1440897819093532e-10,0.0
6.50004566520546e-11,0.0
1.1637367077022686e-10,0.0
7.924044511691518e-11,0.0
7.387290891945389e-11,0.0
9.66247812602775e-11,0.0
1.406428609147819e-10,0.0
7.471491714237069e-11,0.0
9.624919387185768e-11,0.0
7.674347385310679e-11,0.0
5.715016874118765e-11,0.0
8.940285178944605e-11,0.0
9.400309717969256e-11,0.0
1.2377683211121331e-10,0.0
8.153528083410433e-11,0.0
1.0576660127726441e-10,0.0
1.4037184977882454e-10,0.0
1.2191234798219745e-10,0.0
9.158951400092247e-11,0.0
1.155907267865399e-10,0.0
8.756872691305626e-11,0.0
1.1098412773542161e-10,0.0
9.392769411962582e-11,0.0
1.009697772226219e-10,0.0
9.473592279668352e-11,0.0
8.661098854328395e-11,0.0
9.603419043048133e-11,0.0
8.49482010608335e-11,0.0
1.1892869669045117e-10,0.0
7.140076570645801e-11,0.0
6.736489986402121e-11,0.0
1.1822720005957386e-10,0.0
1.2188641859003545e-10,0.0
9.746304098300363e-11,0.0
1.169725799220276e-10,0.0
1.214440525045799e-10,0.0
1.0652838641718143e-10,0.0
1.0010014935053655e-10,0.0
9.435721931860185e-11,0.0
1.26384015273357e-10,0.0
6.911983908129665e-11,0.0
1.2560597811275044e-10,0.0
7.962625207092306e-11,0.0
1.0284621575320813e-10,0.0
8.746729180895023e-11,0.0
1.257030098578203e-10,0.0
1.1879061103067344e-10,0.0
1.2445003581855461e-10,0.0
8.52627003359766e-11,0.0
8.977269804629828e-11,0.0
7.4935828909983e-11,0.0
8.227901485201901e-11,0.0
8.204806607979193e-11,0.0
1.3217440786164945e-10,0.0
1.1040346929957653e-10,0.0
9.441289999130618e-11,0.0
9.086322005585485e-11,0.0
1.0503337571110629e-10,0.0
1.0087628970275219e-10,0.0
9.125597418481197e-11,0.0
7.761240387082045e-11,0.0
1.1557141901664748e-10,0.0
1.3249990375844018e-10,0.0
1.0043768838008104e-10,0.0
6.246276123094754e-11,0.0
7.917463595053713e-11,0.0
9.01392159061372e-11,0.0
1.3231386329564468e-10,0.0
8.705031637668124e-11,0.0
6.585453771189592e-11,0.0
9.410483631570605e-11,0.0
1.1244049458586241e-10,0.0
8.107997095541587e-11,0.0
1.0157261986793175e-10,0.0
9.892765535896049e-11,0.0
7.647666502600205e-11,0.0
8.269055423429495e-11,0.0
9.501669241003533e-11,0.0
9.005618139646726e-11,0.0
7.820238280858646e-11,0.0
1.0747630511535169e-10,0.0
9.952034723762691e-11,0.0
7.007083085604596e-11,0.0
1.0262540121508947e-10,0.0
9.633367643529326e-11,0.0
8.712256856241212e-11,0.0
1.0094583573331335e-10,0.0
1.1265893878074843e-10,0.0
7.91727517021214e-11,0.0
1.1344768529369116e-10,0.0
1.0244226441504329e-10,0.0
8.105868389484766e-11,0.0
8.516234384354205e-11,0.0
1.0529759285328141e-10,0.0
8.930120842540333e-11,0.0
9.927039006963725e-11,0.0
9.32740299143228e-11,0.0
7.310676934065992e-11,0.0
9.818637491538549e-11,0.0
8.568107752616831e-11,0.0
1.1914090702969886e-10,0.0
8.307142569958127e-11,0.0
1.2246071337434576e-10,0.0
7.255631133696964e-11,0.0
6.613905971115148e-11,0.0
9.968053426966503e-11,0.0
1.0341637985811905e-10,0.0
9.865918571259751e-11,0.0
7.657083628766046e-11,0.0
1.016485886192143e-10,0.0
1.074974607917735e-10,0.0
8.981158127606202e-11,0.0
9.212914694436501e-11,0.0
1.1728085493247998e-10,0.0
9.655143256257137e-11,0.0
6.92884591339339e-11,0.0
1.2059037999349e-10,0.0
8.20461851665393e-11,0.0
1.308030265658245e-10,0.0
7.567594832335503e-11,0.0
9.902891688359467e-11,0.0
1.0766197290034592e-10,0.0
8.434042804822113e-11,0.0
1.1627077868319863e-10,0.0
9.56094848667841e-11,0.0
1.1417180417412617e-10,0.0
8.991895261084498e-11,0.0
9.398556732263204e-11,0.0
7.914203204377951e-11,0.0
8.94501346907879e-11,0.0
9.525570320818083e-11,0.0
6.598850162049584e-11,0.0
8.251322377398141e-11,0.0
1.0886139718692745e-10,0.0
1.1558003494699826e-10,0.0
6.53425732163721e-11,0.0
1.0365189170033937e-10,0.0
1.2796063652236236e-10,0.0
6.714870768543818e-11,0.0
1.0111529464688034e-10,0.0
6.39678832145235e-11,0.0
1.1850390124513394e-10,0.0
9.393450068985476e-11,0.0
1.07888256275337e-10,0.0
1.1325799452854036e-10,0.0
8.142646849320289e-11,0.0
1.122036245397774e-10,0.0
7.461405304468498e-11,0.0
1.2148618809105776e-10,0.0
1.0463540760923104e-10,0.0
7.86869051950452e-11,0.0
1.0979926610686972e-10,0.0
9.651301962576079e-11,0.0
1.0080857433030695e-10,0.0
8.954807112597809e-11,0.0
1.138944363903227e-10,0.0
7.685299221874764e-11,0.0
9.148154639062296e-11,0.0
1.2199664542316307e-10,0.0
9.733126528011209e-11,0.0
1.1303917419796551e-10,0.0
9.311515273697604e-11,0.0
9.301416591816768e-11,0.0
5.675952335702918e-11,0.0
8.766928313318426e-11,0.0
9.257808110933123e-11,0.0
1.0734257986567674e-10,0.0
9.325764190224361e-11,0.0
1.1882686771248065e-10,0.0
9.267914831489206e-11,0.0
7.80245133148695e-11,0.0
8.159111211179843e-11,0.0
9.146481697542421e-11,0.0
9.218559034532098e-11,0.0
9.101747900479858e-11,0.0
1.0246350405424925e-10,0.0
9.632211491943744e-11,0.0
8.672047314181357e-11,0.0
8.949860265670459e-11,0.0
1.2026046745113844e-10,0.0
1.1694254398956334e-10,0.0
9.665955519288872e-11,0.0
9.089489378115114e-11,0.0
1.084669565077888e-10,0.0
7.302459215764471e-11,0.0
1.1429066445178272e-10,0.0
1.0032569114941176e-10,0.0
9.235487600518065e-11,0.0
1.0006734565338156e-10,0.0
1.13111514243501e-10,0.0
1.0565963375004067e-10,0.0
9.431495769297672e-11,0.0
9.28203276720874e-11,0.0
1.1969574542587759e-10,0.0
1.0306690618479331e-10,0.0
1.0966107122196331e-10,0.0
8.119658328046047e-11,0.0
9.725105964927415e-11,0.0
7.876293106142237e-11,0.0
8.51761960651679e-11,0.0
1.2137209804168478e-10,0.0
1.1466010177609948e-10,0.0
1.1132592509783738e-10,0.0
8.413959095077682e-11,0.0
9.173126358113702e-11,0.0
7.207157333263202e-11,0.0
1.0796637949204186e-10,0.0
9.021809163944886e-11,0.0
1.1168185104188169e-10,0.0
1.1376425228122732e-10,0.0
1.1632337645541905e-10,0.0
9.349684152661223e-11,0.0
9.153744733075112e-11,0.0
9.895387146379294e-11,0.0
1.274114136633268e-10,0.0
8.734593820124289e-11,0.0
1.159186116219277e-10,0.0
8.858313882980614e-11,0.0
8.214169126659027e-11,0.0
1.1613596223798642e-10,0.0
1.4103409520443861e-10,0.0
1.2032360989330743e-10,0.0
9.62644881818423e-11,0.0
7.442895072074592e-11,0.0
1.0645969809486593e-10,0.0
1.0839298779415019e-10,0.0
8.943014839571867e-11,0.0
8.241333635095344e-11,0.0
8.62472384832079e-11,0.0
1.0551509079063395e-10,0.0
9.162838721746898e-11,0.0
8.664515744295755e-11,0.0
1.2464191956894204e-10,0.0
1.257817199202527e-10,0.0
1.1564128076092146e-10,0.0
1.0456266497946684e-10,0.0
1.0175052033754033e-10,0.0
9.504105151028213e-11,0.0
9.072700627807056e-11,0.0
9.155491196359749e-11,0.0
6.715376121274483e-11,0.0
9.458053700464179e-11,0.0
8.173431115332686e-11,0.0
1.1036842494008112e-10,0.0
7.889916220753335e-11,0.0
1.0633694093753591e-10,0.0
9.333687697193177e-11,0.0
6.677418858734772e-11,0.0
9.16800035453525e-11,0.0
9.192776336813613e-11,0.0
9.07417280848602e-11,0.0
8.784470203863311e-11,0.0
9.683709601919107e-11,0.0
8.164945165417524e-11,0.0
9.789760514770579e-11,0.0
9.229539628117848e-11,0.0
9.545966587380119e-11,0.0
9.324359499233818e-11,0.0
8.657645781890904e-11,0.0
9.477619253456004e-11,0.0
9.122928431568642e-11,0.0
1.154088086339729e-10,0.0
9.590792015393693e-11,0.0
9.629924110981005e-11,0.0
9.070541309952978e-11,0.0
8.87602756002798e-11,0.0
8.275678168102738e-11,0.0
8.391115521753375e-11,0.0
9.183623500173822e-11,0.0
1.0544521489787061e-10,0.0
9.743611740038422e-11,0.0
1.0376814762630528e-10,0.0
8.17740739340028e-11,0.0
7.641059417768369e-11,0.0
1.0889246705312663e-10,0.0
9.117843073222284e-11,0.0
9.606323563708283e-11,0.0
8.742396101606438e-11,0.0
1.3248082808833728e-10,0.0
1.1263694223067684e-10,0.0
8.90900076919846e-11,0.0
9.697128199447103e-11,0.0
1.0573587054375376e-10,0.0
8.4096418731745e-11,0.0
8.669758805303026e-11,0.0
8.981258751511548e-11,0.0
1.0803096481236547e-10,0.0
1.1458803973595817e-10,0.0
9.157252011101461e-11,0.0
1.0080407228278664e-10,0.0
1.1000156546693465e-10,0.0
1.0171582867084069e-10,0.0
7.613445180905342e-11,0.0
9.489516234017012e-11,0.0
7.401768336880147e-11,0.0
1.3423463717916344e-10,0.0
1.1051751341520239e-10,0.0
8.540177099210962e-11,0.0
9.232682422645587e-11,0.0
1.0273340804318216e-10,0.0
1.2150681868479353e-10,0.0
6.79106044147737e-11,0.0
1.1874582314790545e-10,0.0
8.108582903311776e-11,0.0
8.358762445937941e-11,0.0
9.267503744953556e-11,0.0
1.0074876587464009e-10,0.0
9.333876206318678e-11,0.0
8.186091917102866e-11,0.0
1.0612154638642672e-10,0.0
1.2868072627323144e-10,0.0
1.0907085451395529e-10,0.0
1.0679958197393973e-10,0.0
6.873230852848182e-11,0.0
8.941294923726369e-11,0.0
8.325610222124351e-11,0.0
1.1245060513299697e-10,0.0
8.195792574514316e-11,0.0
9.696068522848017e-11,0.0
8.798898417895366e-11,0.0
1.1123842633321229e-10,0.0
8.80574426050409e-11,0.0
9.734510287986107e-11,0.0
1.0028891165486485e-10,0.0
1.0835125026167438e-10,0.0
9.855109180688474e-11,0.0
1.0325905006627033e-10,0.0
1.0675838295237746e-10,0.0
1.0818853267935373e-10,0.0
1.0181585871432896e-10,0.0
9.49485837382945e-11,0.0
1.1239672533879489e-10,0.0
8.86286855463721e-11,0.0
8.844028199480597e-11,0.0
9.848251460942287e-11,0.0
7.751656234095611e-11,0.0
1.1447634842683197e-10,0.0
9.66622729994822e-11,0.0
1.233848598413247e-10,0.0
6.703180459624822e-11,0.0
1.1340748508634656e-10,0.0
8.176515020114244e-11,0.0
1.0522053558177444e-10,0.0
7.535904458039065e-11,0.0
9.145956999292119e-11,0.0
8.759834336188868e-11,0.0
9.447478942888272e-11,0.0
1.1454447809806508e-10,0.0
7.001312354479892e-11,0.0
6.732904698204563e-11,0.0
7.045210061664855e-11,0.0
7.149350472694431e-11,0.0
1.1413180902768742e-10,0.0
8.143469603443842e-11,0.0
7.602604530677273e-11,0.0
9.286980522657248e-11,0.0
7.98620833676978e-11,0.0
9.775070545585317e-11,0.0
5.860198102973295e-11,0.0
9.873559601931007e-11,0.0
7.777605823342812e-11,0.0
1.1156823163532043e-10,0.0
9.050716803482739e-11,0.0
1.016943180903792e-10,0.0
1.0575494321893265e-10,0.0
8.04746234988193e-11,0.0
6.392098506950687e-11,0.0
8.77165570235877e-11,0.0
1.0932730807546176e-10,0.0
7.890488763858221e-11,0.0
8.669451603394598e-11,0.0
1.1320104577811509e-10,0.0
1.1595959813892901e-10,0.0
1.0562220353192925e-10,0.0
1.242781164594145e-10,0.0
1.2827517540100223e-10,0.0
1.0582883121169678e-10,0.0
8.366212364071735e-11,0.0
9.101368867529861e-11,0.0
8.849662100293973e-11,0.0
7.771664999997474e-11,0.0
9.978929571970034e-11,0.0
1.2110281051631475e-10,0.0
1.166943786128895e-10,0.0
9.352537228821231e-11,0.0
8.047698473883787e-11,0.0
1.1782909052525305e-10,0.0
9.992596653772579e-11,0.0
9.602922261855994e-11,0.0
7.808875569787133e-11,0.0
1.0488213048982317e-10,0.0
9.755613123790582e-11,0.0
1.1339337590721278e-10,0.0
9.993322363667601e-11,0.0
1.1616713381664047e-10,0.0
9.334893918807915e-11,0.0
1.0295060498254189e-10,0.0
1.2180933073836592e-10,0.0
9.261938873322562e-11,0.0
9.092166169426439e-11,0.0
1.4450875297072347e-10,0.0
8.941958743506976e-11,0.0
9.119162724211783e-11,0.0
9.472696148381996e-11,0.0
9.983181902402723e-11,0.0
1.0994435940229092e-10,0.0
8.474904901431225e-11,0.0
1.0335464153009816e-10,0.0
8.036031701821946e-11,0.0
9.838012714286188e-11,0.0
8.337255785765369e-11,0.0
9.659511837878582e-11,0.0
7.150425155763402e-11,0.0
1.1734943537595302e-10,0.0
1.0375386408896179e-10,0.0
1.185738012785069e-10,0.0
9.080361846838084e-11,0.0
1.2265391227691856e-10,0.0
1.5334357231795482e-10,0.0
1.1715208030005673e-10,0.0
1.103487203833701e-10,0.0
1.0681815715569146e-10,0.0
8.829439442808752e-11,0.0
1.2220418891281357e-10,0.0
1.018785070942763e-10,0.0
1.0793977520430841e-10,0.0
9.216488170206275e-11,0.0
1.1763515224713152e-10,0.0
9.795950632891921e-11,0.0
9.761540363637884e-11,0.0
8.078552852411997e-11,0.0
9.447022289655364e-11,0.0
7.519665245308353e-11,0.0
9.083051964678659e-11,0.0
9.293821466497535e-11,0.0
9.560265885812538e-11,0.0
8.814965766400056e-11,0.0
9.517886769394173e-11,0.0
1.1602558616997359e-10,0.0
1.0575697372304746e-10,0.0
1.2352771745782584e-10,0.0
9.868163926312411e-11,0.0
1.1533406068148798e-10,0.0
7.519118501002122e-11,0.0
1.2224766741168916e-10,0.0
8.016022983725643e-11,0.0
7.475527369523357e-11,0.0
1.0305491632271887e-10,0.0
1.072739433647684e-10,0.0
7.819984492790566e-11,0.0
1.1583017281277174e-10,0.0
8.721504309746227e-11,0.0
1.130475078653182e-10,0.0
9.533042464949581e-11,0.0
1.0550606000972614e-10,0.0
9.691440577252218e-11,0.0
9.881244582105144e-11,0.0
1.0108625878105291e-10,0.0
9.666227500409294e-11,0.0
7.720861631882374e-11,0.0
9.376110004337184e-11,0.0
1.2281620209356696e-10,0.0
1.0022498667218905e-10,0.0
1.0536062668137915e-10,0.0
8.93906906766784e-11,0.0
8.713724739521316e-11,0.0
8.16410002005509e-11,0.0
7.18600356499271e-11,0.0
9.635929869000483e-11,0.0
1.0442158755373243e-10,0.0
8.966508839616419e-11,0.0
8.466342592748164e-11,0.0
1.0111298871877241e-10,0.0
1.0531203575899354e-10,0.0
1.215157092754897e-10,0.0
7.099451095849798e-11,0.0
7.866833860766608e-11,0.0
1.1077139501543989e-10,0.0
6.946147915516912e-11,0.0
1.0740597433398046e-10,0.0
1.1935725708127732e-10,0.0
1.2202210261014211e-10,0.0
8.486489119227055e-11,0.0
1.3143683747191235e-10,0.0
8.908277340035802e-11,0.0
1.0323352075471984e-10,0.0
1.1029688751848091e-10,0.0
9.663566607800267e-11,0.0
8.919566434765653e-11,0.0
8.773869711005717e-11,0.0
1.0269561884936429e-10,0.0
9.564018720714867e-11,0.0
9.395215930134751e-11,0.0
1.1842001755766746e-10,0.0
8.578043297291838e-11,0.0
1.0556250716656287e-10,0.0
9.124066854865353e-11,0.0
9.143867149916595e-11,0.0
1.20787604511223e-10,0.0
1.1503797150039484e-10,0.0
1.0344654597094326e-10,0.0
9.529096572937034e-11,0.0
7.820767164309021e-11,0.0
9.979423380073467e-11,0.0
1.0638259424270319e-10,0.0
8.695584092981413e-11,0.0
9.303718088717332e-11,0.0
1.1269815865379667e-10,0.0
9.556036100211566e-11,0.0
9.048411295681211e-11,0.0
6.68395732824389e-11,0.0
9.570131599990069e-11,0.0
1.1499190757431821e-10,0.0
7.229438703437468e-11,0.0
9.852000472227385e-11,0.0
9.715443736950288e-11,0.0
7.565264326317617e-11,0.0
6.48749868075745e-11,0.0
9.622499919173278e-11,0.0
1.0583616707736089e-10,0.0
1.1254354999770062e-10,0.0
8.259513225479147e-11,0.0
9.992093561166331e-11,0.0
8.88278714325513e-11,0.0
6.17220395842893e-11,0.0
8.729512956294412e-11,0.0
9.979478440292958e-11,0.0
1.1185676621739944e-10,0.0
1.1054309584238032e-10,0.0
1.0341183958788073e-10,0.0
9.641608413019428e-11,0.0
9.171251285410511e-11,0.0
1.1640388299213247e-10,0.0
1.1932221199266675e-10,0.0
1.202630205465953e-10,0.0
9.062947479062326e-11,0.0
1.1115308551976552e-10,0.0
9.880705430713021e-11,0.0
3.006543960886576e-11,0.0
7.29434997798205e-11,0.0
7.827406098097774e-11,0.0
9.45706119093048e-11,0.0
7.410925135306214e-11,0.0
1.1003099350392786e-10,0.0
9.007361987259437e-11,0.0
1.2667840711678696e-10,0.0
1.1397330250215429e-10,0.0
7.772470396841949e-11,0.0
7.742343393482877e-11,0.0
8.750930863345241e-11,0.0
8.700281773989452e-11,0.0
9.127333120425521e-11,0.0
8.397077772255105e-11,0.0
7.506646154691108e-11,0.0
9.07700232193951e-11,0.0
1.3215116555300436e-10,0.0
1.0240166661103048e-10,0.0
5.893084831029112e-11,0.0
1.1184038112244626e-10,0.0
9.116718722792246e-11,0.0
9.768111369246482e-11,0.0
1.0572614950241371e-10,0.0
1.196126845265525e-10,0.0
1.0952824706697767e-10,0.0
9.359516400732898e-11,0.0
7.792297123734151e-11,0.0
7.659872688018172e-11,0.0
1.0787984315031593e-10,0.0
8.384950857842202e-11,0.0
1.1180916600764453e-10,0.0
8.129444158054508e-11,0.0
1.0394918070630563e-10,0.0
8.997452246704707e-11,0.0
1.1248889803621944e-10,0.0
9.557998569089881e-11,0.0
8.812173242838861e-11,0.0
8.21373248502668e-11,0.0
1.0141795277333771e-10,0.0
1.1028313093392618e-10,0.0
1.1380352033303925e-10,0.0
9.881582087055556e-11,0.0
1.1700943286791835e-10,0.0
7.457065489693754e-11,0.0
1.2351828120402667e-10,0.0
1.0113977365715175e-10,0.0
8.715356326054685e-11,0.0
1.1438308630602404e-10,0.0
1.2011309976940047e-10,0.0
8.927450076614122e-11,0.0
1.1183999873360319e-10,0.0
9.879323752844118e-11,0.0
1.1043840853101119e-10,0.0
8.885480033402918e-11,0.0
8.786259845031256e-11,0.0
1.0209630911159102e-10,0.0
1.1134740978373245e-10,0.0
7.545390964150043e-11,0.0
1.2606517467983033e-10,0.0
9.595418164912624e-11,0.0
8.811109678636433e-11,0.0
7.97762477036955e-11,0.0
1.1450516491513407e-10,0.0
7.13179659336837e-11,0.0
1.110903109179875e-10,0.0
1.2281719824477626e-10,0.0
8.159596230595662e-11,0.0
8.445699769137235e-11,0.0
7.355085313384462e-11,0.0
8.732972455201017e-11,0.0
8.478014842246476e-11,0.0
1.5329359803685908e-10,0.0
7.099864618318922e-11,0.0
9.886639714977723e-11,0.0
9.670550235773518e-11,0.0
1.1594432663157448e-10,0.0
1.1169598606628493e-10,0.0
1.1579047441280225e-10,0.0
1.0012200813363893e-10,0.0
9.480724953351105e-11,0.0
1.1258818738109939e-10,0.0
7.002940712150764e-11,0.0
1.0264605892482771e-10,0.0
8.316707041548363e-11,0.0
8.940454412794193e-11,0.0
9.294612512160906e-11,0.0
9.351307927641966e-11,0.0
1.0895007467377044e-10,0.0
8.066229998178557e-11,0.0
8.022968055894701e-11,0.0
8.021634006473031e-11,0.0
8.726553396454441e-11,0.0
8.236247437502656e-11,0.0
1.2594453519587414e-10,0.0
9.11525993383166e-11,0.0
8.837768132399054e-11,0.0
1.1212760872765484e-10,0.0
1.2409948106955242e-10,0.0
7.895591617273717e-11,0.0
9.230551066118282e-11,0.0
1.13406431119462e-10,0.0
1.0405484434613111e-10,0.0
8.098344972421344e-11,0.0
1.1418824059217622e-10,0.0
8.2323193771997e-11,0.0
9.744127709021514e-11,0.0
1.0506239170752502e-10,0.0
8.285268303266294e-11,0.0
1.0053582322775843e-10,0.0
7.974491199971446e-11,0.0
7.886238826281305e-11,0.0
9.700859102612281e-11,0.0
9.721182868123568e-11,0.0
7.345173204814857e-11,0.0
1.0713956808704837e-10,0.0
1.0065684459581432e-10,0.0
1.0034150155057913e-10,0.0
9.985604477491625e-11,0.0
8.410241314060243e-11,0.0
1.0023825493749849e-10,0.0
1.0139878057061734e-10,0.0
1.1075818779462012e-10,0.0
9.887833299218157e-11,0.0
8.100906709511902e-11,0.0
9.951790631243966e-11,0.0
9.297614144275194e-11,0.0
9.041617661406659e-11,0.0
1.1150018939365177e-10,0.0
1.1810184886428384e-10,0.0
1.0328655254776888e-10,0.0
1.0584706678803597e-10,0.0
9.063727569764721e-11,0.0
9.6404503102427e-11,0.0
9.973617301483536e-11,0.0
9.920980307494319e-11,0.0
1.1742955077425968e-10,0.0
9.256878573594467e-11,0.0
1.0675947969875393e-10,0.0
9.675350413967433e-11,0.0
9.91523736596137e-11,0.0
1.0084446023833888e-10,0.0
9.493184443341791e-11,0.0
1.0252550797345288e-10,0.0
9.651190376171643e-11,0.0
1.2694312776506016e-10,0.0
1.0134386807923531e-10,0.0
1.1249054812966446e-10,0.0
5.933055519103594e-11,0.0
1.0311521330305623e-10,0.0
7.718183092936785e-11,0.0
1.1715406944929457e-10,0.0
8.497489709605107e-11,0.0
1.0221684717288519e-10,0.0
9.679063715597458e-11,0.0
1.1616908541721407e-10,0.0
9.236920711921769e-11,0.0
9.81664162664945e-11,0.0
1.137135978428145e-10,0.0
8.685086803290717e-11,0.0
9.71139112443203e-11,0.0
1.1799512568044123e-10,0.0
1.1550498080765634e-10,0.0
7.49103535292677e-11,0.0
6.606083386274487e-11,0.0
7.455074553596352e-11,0.0
1.2649099889525948e-10,0.0
9.264367098614331e-11,0.0
8.748005274521771e-11,0.0
1.170925798797463e-10,0.0
7.674037762091362e-11,0.0
8.329872933950732e-11,0.0
9.326091266134139e-11,0.0
9.992906550309984e-11,0.0
8.00644917865203e-11,0.0
1.2140291733370026e-10,0.0
9.288038177116968e-11,0.0
7.133924447994623e-11,0.0
8.178986391655347e-11,0.0
7.491639508607263e-11,0.0
9.198324249305894e-11,0.0
9.837813504494944e-11,0.0
9.767487729088057e-11,0.0
1.0497680370781988e-10,0.0
8.78537065660287e-11,0.0
1.1880487777001277e-10,0.0
1.0158395557979365e-10,0.0
9.281145774258881e-11,0.0
9.266861991698587e-11,0.0
1.2125600984458937e-10,0.0
9.348230532614563e-11,0.0
9.274352034201942e-11,0.0
9.811689828968413e-11,0.0
8.982911930780518e-11,0.0
9.894400913999342e-11,0.0
1.1848071351584982e-10,0.0
1.1991135811844851e-10,0.0
9.285122921336739e-11,0.0
8.000855460061543e-11,0.0
9.023379313585897e-11,0.0
7.855828527112512e-11,0.0
8.13157726419828e-11,0.0
9.992124961980361e-11,0.0
1.061951845072845e-10,0.0
1.096708134137683e-10,0.0
1.0580545548854808e-10,0.0
1.2038476398573425e-10,0.0
7.759832476471542e-11,0.0
8.530942601454082e-11,0.0
9.552217787223624e-11,0.0
6.701755384312689e-11,0.0
8.816082180121265e-11,0.0
9.561304470410475e-11,0.0
1.0893818404194205e-10,0.0
1.0505715042134764e-10,0.0
8.71255239686649e-11,0.0
1.16668801645379e-10,0.0
1.0578361474985643e-10,0.0
9.897815750953157e-11,0.0
9.01479736197061e-11,0.0
7.728527599400222e-11,0.0
8.093788571308561e-11,0.0
9.204763920821074e-11,0.0
9.949637964613746e-11,0.0
1.1658692687906906e-10,0.0
7.653501027923293e-11,0.0
1.009169319703482e-10,0.0
1.3550942379200307e-10,0.0
9.790767027296716e-11,0.0
1.0055877783350006e-10,0.0
1.3365291585112034e-10,0.0
7.782668777076148e-11,0.0
1.1301450873840426e-10,0.0
7.126967786754717e-11,0.0
8.701528670508027e-11,0.0
6.869485374544518e-11,0.0
1.1237315064196287e-10,0.0
1.3722997362819464e-10,0.0
9.171934888563812e-11,0.0
7.317055697705238e-11,0.0
7.313850377859358e-11,0.0
1.3252354619293715e-10,0.0
1.1706251150403156e-10,0.0
9.667098289596758e-11,0.0
9.625411148159977e-11,0.0
9.022645650287168e-11,0.0
1.0152756873858572e-10,0.0
7.982813806109755e-11,0.0
1.1815422372531421e-10,0.0
8.257928758301451e-11,0.0
9.696274846594019e-11,0.0
1.1595990051663779e-10,0.0
6.568608913570344e-11,0.0
1.1792542985627136e-10,0.0
6.579043948594336e-11,0.0
1.1005965488953071e-10,0.0
1.1779575832627738e-10,0.0
8.53491014236021e-11,0.0
8.118687930956435e-11,0.0
1.2172648848878458e-10,0.0
1.0027726246845908e-10,0.0
8.888195717725252e-11,0.0
7.870453464995513e-11,0.0
1.4830738904516744e-10,0.0
5.156943093795478e-11,0.0
1.0316326287344062e-10,0.0
6.513142011735199e-11,0.0
7.055844750621618e-11,0.0
8.516841866749954e-11,0.0
9.793636793659528e-11,0.0
7.764891886155989e-11,0.0
1.0672658118968942e-10,0.0
1.247748804251832e-10,0.0
7.78608195082611e-11,0.0
7.960262486118407e-11,0.0
1.0293311834301454e-10,0.0
1.1409226100319789e-10,0.0
9.394745013559393e-11,0.0
9.209260593179514e-11,0.0
9.236146788906982e-11,0.0
7.361264836765466e-11,0.0
8.33843811721727e-11,0.0
6.349077007510854e-11,0.0
7.386635720647233e-11,0.0
1.4080633209740567e-10,0.0
7.132158098351154e-11,0.0
6.870597603915183e-11,0.0
1.283876989824511e-10,0.0
1.0551043497868624e-10,0.0
9.756377541941338e-11,0.0
9.06948549741633e-11,0.0
1.0220261702727424e-10,0.0
1.2372436131421535e-10,0.0
8.29985992623488e-11,0.0
1.0049845584097595e-10,0.0
8.503019101862661e-11,0.0
6.403062142413608e-11,0.0
1.5643072002484318e-10,0.0
8.075751827844813e-11,0.0
7.695370269575272e-11,0.0
1.1199171548550675e-10,0.0
1.0412317193628554e-10,0.0
9.819000241852003e-11,0.0
5.7608254308235674e-11,0.0
6.424356419936126e-11,0.0
1.255163885314735e-10,0.0
1.2054971744898417e-10,0.0
6.953735236555875e-11,0.0
9.799991934708123e-11,0.0
9.663403128986406e-11,0.0
8.655244839365619e-11,0.0
8.65017873144763e-11,0.0
9.30039582961199e-11,0.0
1.0171929098425143e-10,0.0
6.751062164373506e-11,0.0
9.308275816763232e-11,0.0
1.024244515959253e-10,0.0
1.2662920281679021e-10,0.0
9.630179949621363e-11,0.0
9.435519478203538e-11,0.0
1.0415201586277124e-10,0.0
9.609914408836577e-11,0.0
1.0770397546997883e-10,0.0
1.3425209303760465e-10,0.0
8.542321020150569e-11,0.0
8.205856474183494e-11,0.0
1.0046297853728623e-10,0.0
8.99579727015641e-11,0.0
1.0392257045061413e-10,0.0
9.615074050999172e-11,0.0
9.882696806942434e-11,0.0
1.228497600959999e-10,0.0
1.1081165546171066e-10,0.0
1.0995375359099738e-10,0.0
9.840969711841406e-11,0.0
1.0620809801976343e-10,0.0
1.1201346570930093e-10,0.0
7.949564869146031e-11,0.0
9.751424387666175e-11,0.0
8.659617249787115e-11,0.0
6.465196617736327e-11,0.0
1.1389962977399446e-10,0.0
1.2127337810048457e-10,0.0
8.930265870987517e-11,0.0
1.1092669590913434e-10,0.0
6.504801381513016e-11,0.0
1.0211987124953027e-10,0.0
1.0585740353667546e-10,0.0
5.5723460450681566e-11,0.0
9.064542333282375e-11,0.0
1.0625146871391262e-10,0.0
8.674563228758032e-11,0.0
1.160639544798335e-10,0.0
9.200600589214182e-11,0.0
9.062195840496883e-11,0.0
9.163693462556398e-11,0.0
9.521274349970277e-11,0.0
9.929840008606073e-11,0.0
8.904074755892749e-11,0.0
1.1087806082531341e-10,0.0
8.92345060911691e-11,0.0
1.0532997855375331e-10,0.0
6.800919982554299e-11,0.0
8.780887603112313e-11,0.0
1.0899177871925565e-10,0.0
1.1878767563572777e-10,0.0
9.083921640638703e-11,0.0
1.0321703309951915e-10,0.0
9.472853557767266e-11,0.0
1.0707053075163247e-10,0.0
8.499205001719202e-11,0.0
7.816046345488777e-11,0.0
2.8899703552612192e-09,0.0
9.041488617385689e-11,0.0
9.412875564989044e-11,0.0
9.536530110121253e-11,0.0
8.536861558149208e-11,0.0
9.782184252321862e-11,0.0
9.213937770019576e-11,0.0
9.392333056527931e-11,0.0
8.756476677400738e-11,0.0
9.553850030636575e-11,0.0
1.0134909498361327e-10,0.0
8.488010156961008e-11,0.0
9.114801308472541e-11,0.0
1.133166662181295e-10,0.0
1.054309069016187e-10,0.0
7.190607560069272e-11,0.0
1.0453064410124504e-10,0.0
1.4510137213025994e-10,0.0
8.778474966018152e-11,0.0
1.004547663683437e-10,0.0
1.0515367445298895e-10,0.0
6.075281414305724e-11,0.0
1.2172258442526354e-10,0.0
8.234126268946258e-11,0.0
7.36829668026692e-11,0.0
1.290454135870907e-10,0.0
1.0902222378537322e-10,0.0
1.3160259985760723e-10,0.0
9.404905294085859e-11,0.0
1.0260975097336067e-10,0.0
9.194672664741815e-11,0.0
1.259793574651069e-10,0.0
1.0790050590533672e-10,0.0
6.086360245556151e-11,0.0
8.030402670017992e-11,0.0
1.1800409044528014e-10,0.0
9.097454227034948e-11,0.0
8.111642155349341e-11,0.0
7.882793474304503e-11,0.0
1.0194704866882842e-10,0.0
5.7351734307895514e-11,0.0
1.1319419013328007e-10,0.0
9.192991873416876e-11,0.0
1.131354545243551e-10,0.0
1.0444540289565665e-10,0.0
8.658717158915987e-11,0.0
6.532367877870248e-11,0.0
9.193986859394358e-11,0.0
9.748509528357647e-11,0.0
1.0333844792597084e-10,0.0
9.716887276421722e-11,0.0
1.0410617357478342e-10,0.0
7.811040914357594e-11,0.0
7.999608287394712e-11,0.0
8.66628125433072e-11,0.0
1.219352292304286e-10,0.0
1.1562358386486799e-10,0.0
1.0327160041397616e-10,0.0
8.830961590020926e-11,0.0
1.0284098260612873e-10,0.0
1.2081976132811253e-10,0.0
9.28696068517054e-11,0.0
1.212148402497069e-10,0.0
1.0851814098785962e-10,0.0
9.620718443107288e-11,0.0
1.1641074706401579e-10,0.0
1.1201752030569131e-10,0.0
7.822148895588359e-11,0.0
1.0471012050335841e-10,0.0
9.543235616694822e-11,0.0
9.05490828994233e-11,0.0
9.691662346087774e-11,0.0
9.029778488356099e-11,0.0
1.0795352596559363e-10,0.0
8.117786908918306e-11,0.0
1.0642516328227804e-10,0.0
9.58180022489134e-11,0.0
9.033182201288908e-11,0.0
1.209116625435216e-10,0.0
8.367236487703427e-11,0.0
8.837168095400484e-11,0.0
1.0779369556792448e-10,0.0
7.950065352953866e-11,0.0
1.2427021327706649e-10,0.0
1.1109755272530085e-10,0.0
7.49442758429669e-11,0.0
1.0301254456465076e-10,0.0
8.080625151873051e-11,0.0
8.385099435860203e-11,0.0
8.85611326339428e-11,0.0
6.900277094011268e-11,0.0
1.0318105637831054e-10,0.0
1.2149620292307665e-10,0.0
1.1771428592435798e-10,0.0
1.1787530340015598e-10,0.0
1.2054589614304349e-10,0.0
9.418381916416356e-11,0.0
8.869846731934443e-11,0.0
1.0346155014875785e-10,0.0
6.25585430403279e-11,0.0
5.7189374084866384e-11,0.0
1.1258646873918688e-10,0.0
1.0325036396695232e-10,0.0
1.1476168448327694e-10,0.0
9.823229563179495e-11,0.0
1.5140128196432762e-10,0.0
8.521435148575046e-11,0.0
1.0348363091200234e-10,0.0
5.86733166542268e-11,0.0
8.77868041190755e-11,0.0
8.86548719753723e-11,0.0
8.229983626607298e-11,0.0
8.748588224025012e-11,0.0
8.956331185265032e-11,0.0
6.46111389032356e-11,0.0
1.535040002096698e-10,0.0
7.613691876684837e-11,0.0
6.328245823874367e-11,0.0
1.483170327085116e-10,0.0
9.464543652201769e-11,0.0
1.1662017433544711e-10,0.0
1.3017669662343444e-10,0.0
1.0222548733687706e-10,0.0
8.939073188528999e-11,0.0
8.040417938972934e-11,0.0
7.455629269253724e-11,0.0
8.899805773689009e-11,0.0
8.356221084073919e-11,0.0
1.3633060594089307e-10,0.0
1.0221723513882434e-10,0.0
1.147318090506949e-10,0.0
7.670413802296977e-11,0.0
7.043145311699782e-11,0.0
9.483144356812376e-11,0.0
1.1626685157435356e-10,0.0
1.1165141133562678e-10,0.0
1.5218617367960758e-09,0.0
9.042665873192397e-11,0.0
6.862762340139316e-11,0.0
1.2073974300905784e-10,0.0
1.1371732896647733e-10,0.0
7.308875803357873e-11,0.0
9.377950207244141e-11,0.0
9.453825981887789e-11,0.0
9.219702631604421e-11,0.0
1.0819202624149517e-10,0.0
1.009836805547333e-10,0.0
6.174236189524992e-11,0.0
1.3587261851557913e-10,0.0
8.254837718815295e-11,0.0
1.1303676734922678e-10,0.0
1.0228589441059598e-10,0.0
9.333562111308364e-11,0.0
7.265823409499723e-11,0.0
8.097470416581747e-11,0.0
1.1761120120953574e-10,0.0
7.550436273240371e-11,0.0
1.0851678670600744e-10,0.0
6.589867964032486e-11,0.0
8.967232920807875e-11,0.0
1.053671031408313e-10,0.0
1.0205294871626833e-10,0.0
1.1159017818550639e-10,0.0
1.1006777256753113e-10,0.0
9.907821682109829e-11,0.0
8.883791123891926e-11,0.0
1.1504266173437821e-10,0.0
1.1326284531732748e-10,0.0
1.0263236629610677e-10,0.0
1.2289689740668655e-10,0.0
9.29087882841985e-11,0.0
1.1649006015617554e-10,0.0
1.2137749649418823e-10,0.0
1.0385571184077068e-10,0.0
9.363237525475055e-11,0.0
8.978862670322783e-11,0.0
1.03546581166026e-10,0.0
1.1170503593694153e-10,0.0
1.2060229645558317e-10,0.0
1.1105152640797823e-10,0.0
1.1612718584718591e-10,0.0
8.393314158847501e-11,0.0
9.382310346470801e-11,0.0
1.1060412817956799e-10,0.0
1.002535101951583e-10,0.0
9.054989497763225e-11,0.0
9.133172016250101e-11,0.0
6.674968859460254e-11,0.0
8.287035709608366e-11,0.0
7.390299724921916e-11,0.0
1.1645359501775958e-10,0.0
1.0336306207343341e-10,0.0
8.883846701630696e-11,0.0
7.18487240177545e-11,0.0
9.385594970835684e-11,0.0
1.3025890155764299e-10,0.0
9.775952753435332e-11,0.0
5.2433123503068075e-11,0.0
8.095551269362493e-11,0.0
1.067875954205572e-10,0.0
8.967893206002936e-11,0.0
1.0452895454233375e-10,0.0
1.0230075277567593e-10,0.0
1.094464838385173e-10,0.0
7.331093011075049e-11,0.0
1.284452431485092e-10,0.0
8.178935261031651e-11,0.0
8.513412518934644e-11,0.0
1.1715849038768526e-10,0.0
8.612821862421657e-11,0.0
9.466222050081635e-11,0.0
1.0323019387263013e-10,0.0
1.0940038497427237e-10,0.0
8.978590305408656e-11,0.0
1.0031358014926338e-10,0.0
8.245558553406487e-11,0.0
1.173153615974629e-10,0.0
9.428457410944007e-11,0.0
1.1762418842035064e-10,0.0
1.1775043226003237e-10,0.0
8.017189483125777e-11,0.0
1.06087786081046e-10,0.0
1.1499970984312339e-10,0.0
8.425861929842176e-11,0.0
8.046401260100551e-11,0.0
1.0355114647068595e-10,0.0
1.1673049942331276e-10,0.0
1.1096302230862142e-10,0.0
8.276084398392403e-11,0.0
1.0668799635760258e-10,0.0
1.1423266389924695e-10,0.0
1.3124988782262146e-10,0.0
7.521426071439651e-11,0.0
7.804428257589829e-11,0.0
9.958452009576669e-11,0.0
8.05166708442638e-11,0.0
9.818340610767292e-11,0.0
7.561008785481265e-11,0.0
1.009972473325969e-10,0.0
1.1995794119278523e-10,0.0
7.2195815378542e-11,0.0
7.562573550564228e-11,0.0
1.1565294881821876e-10,0.0
9.019955691443273e-11,0.0
1.0268110444457228e-10,0.0
9.048685567481097e-11,0.0
7.656097352693493e-11,0.0
1.1238593460755216e-10,0.0
9.209186254005087e-11,0.0
9.229756026344669e-11,0.0
7.699195710448669e-11,0.0
9.167936818599219e-11,0.0
8.036008110644956e-11,0.0
9.765397631077885e-11,0.0
1.3674897130918003e-10,0.0
8.890042319657309e-11,0.0
1.1636500627695173e-10,0.0
9.093834522515008e-11,0.0
1.0231193161267888e-10,0.0
8.354473996619942e-11,0.0
1.0849322683099684e-10,0.0
9.634372504038093e-11,0.0
1.3624969261564364e-10,0.0
8.197686630063199e-11,0.0
5.6516603099335615e-11,0.0
7.626798377133095e-11,0.0
8.402626662468429e-11,0.0
8.799630913452868e-11,0.0
7.772211844417778e-11,0.0
1.0727135964162552e-10,0.0
1.092167639547776e-10,0.0
6.862862062544714e-11,0.0
1.3894726957712465e-10,0.0
8.750008865470806e-11,0.0
7.065390922961603e-11,0.0
7.32192230038663e-11,0.0
6.381875893392947e-11,0.0
6.341379572568765e-11,0.0
7.29335100876999e-11,0.0
7.784414980810555e-11,0.0
1.1091300918184697e-10,0.0
7.629671309195844e-11,0.0
1.4712695685067237e-10,0.0
8.689688344573647e-11,0.0
1.0893982453067272e-10,0.0
1.0811210442828075e-10,0.0
1.1390953912739802e-10,0.0
8.929651848394292e-11,0.0
7.70335449904145e-11,0.0
8.279169401457478e-11,0.0
1.1325370304207786e-10,0.0
1.1322413845248952e-10,0.0
8.984339671486293e-11,0.0
6.632259092914212e-11,0.0
3.5712157275465493e-11,0.0
9.354712898074695e-11,0.0
1.2438518206010247e-10,0.0
1.3316750656708728e-10,0.0
1.1550341309328929e-10,0.0
8.714460298198212e-11,0.0
1.049170427351641e-11,0.0
1.3666684745376207e-10,0.0
8.764190401490276e-11,0.0
1.5273604126086445e-10,0.0
1.5615081641030477e-10,0.0
8.330083953028632e-11,0.0
8.61576223998105e-11,0.0
1.0695738069553749e-10,0.0
1.3477995235652391e-10,0.0
1.1866141345904883e-10,0.0
1.1789348017924483e-10,0.0
6.316367779584703e-11,0.0
1.3691953100126437e-10,0.0
9.381583878868468e-11,0.0
2.6412655979351427e-11,0.0
5.110266426581091e-11,0.0
9.766634420168017e-11,0.0
9.110242920157816e-11,0.0
8.143515449254046e-11,0.0
8.568537076948721e-11,0.0
6.003524535822204e-11,0.0
8.676638396117228e-11,0.0
1.1850409847952377e-10,0.0
5.984385181888009e-11,0.0
1.4692970647999846e-10,0.0
1.3960652253667498e-10,0.0
1.1023127980770152e-10,0.0
8.809057538534333e-11,0.0
1.190013439888209e-10,0.0
1.3429062676080022e-10,0.0
9.673666105321549e-11,0.0
6.409375990731611e-12,0.0
1.0933259624246423e-10,0.0
6.945702137035707e-11,0.0
2.0861705922274296e-11,0.0
8.25455845348446e-11,0.0
3.973919887656467e-11,0.0
6.227028962818049e-11,0.0
6.112745557154728e-11,0.0
1.4330950284588302e-10,0.0
1.101069227839095e-10,0.0
8.601589496486376e-11,0.0
1.1078694621629246e-10,0.0
8.140909222917633e-11,0.0
1.0768686423732169e-10,0.0
1.0108629083132854e-10,0.0
6.095678684026839e-11,0.0
7.840678828738981e-11,0.0
1.3737343344365382e-10,0.0
1.004488794621158e-10,0.0
8.984134623281432e-11,0.0
1.0011950086042675e-10,0.0
7.593239583337265e-11,0.0
1.0876734964386913e-10,0.0
1.0228941546764898e-10,0.0
1.050662955840985e-10,0.0
7.661315868267908e-11,0.0
2.0841675184280205e-08,0.0
5.409080306418778e-11,0.0
8.172807924748233e-11,0.0
1.035372124208043e-10,0.0
6.745631572030348e-11,0.0
9.386369759307148e-11,0.0
9.63865289888982e-11,0.0
1.2913055227059981e-10,0.0
1.5247407631341413e-10,0.0
1.1088853142725235e-10,0.0
9.169206329106904e-11,0.0
7.651222018258315e-11,0.0
1.259946821259056e-10,0.0
1.0347799235205585e-10,0.0
8.642300201242752e-11,0.0
1.1228517920406531e-10,0.0
1.1042648872638889e-10,0.0
1.5003477996683933e-10,0.0
1.3817550300808347e-10,0.0
1.189010906699338e-10,0.0
1.0593191095115057e-10,0.0
9.929146658396399e-11,0.0
1.5428522532035815e-10,0.0
1.2303931386808294e-10,0.0
1.2521212491240194e-10,0.0
8.578890953625967e-11,0.0
9.998285197512018e-11,0.0
1.430614127410397e-10,0.0
9.692623569566752e-11,0.0
1.180254989671737e-10,0.0
1.0905313389777476e-10,0.0
1.2212950980815018e-10,0.0
7.973767285330047e-11,0.0
7.462784123695131e-11,0.0
9.68594673438308e-11,0.0
1.0442291620919456e-10,0.0
1.330619279653377e-10,0.0
9.09583917665582e-11,0.0
9.854010677099349e-11,0.0
4.0272099269311774e-11,0.0
4.49332105381358e-11,0.0
7.917464494629455e-11,0.0
8.218475254336574e-11,0.0
1.0118252581032683e-10,0.0
1.3616103365465844e-10,0.0
1.054218658274602e-10,0.0
1.353121055216714e-10,0.0
3.284423657825112e-11,0.0
6.328857420870938e-11,0.0
1.1173740719099412e-10,0.0
1.171040377783142e-10,0.0
7.664200249191273e-11,0.0
1.0782085194590964e-10,0.0
9.286662757525394e-11,0.0
6.552871585062116e-11,0.0
1.0730241999545157e-10,0.0
1.2969562985825942e-10,0.0
8.60024345062608e-11,0.0
1.0506092538046169e-10,0.0
7.97658567531524e-11,0.0
7.864061536011411e-11,0.0
8.593259427339837e-11,0.0
1.1641462770676898e-10,0.0
9.619246136173614e-11,0.0
7.488937440833766e-11,0.0
7.189344455961459e-11,0.0
1.1430501315310654e-10,0.0
8.777942248125661e-11,0.0
9.055936719437005e-11,0.0
1.4802065045514313e-10,0.0
9.648367585098449e-11,0.0
1.5724068851398468e-10,0.0
9.157144752460265e-11,0.0
1.1399057917935008e-10,0.0
7.921484851551443e-11,0.0
1.1123076162436093e-10,0.0
7.554918642391327e-11,0.0
7.229318613853464e-11,0.0
6.893750498383806e-11,0.0
8.647676067860505e-11,0.0
8.387618646697658e-11,0.0
8.04548638580989e-11,0.0
4.6701226219549614e-11,0.0
1.1405584448172057e-10,0.0
1.1392041792102224e-10,0.0
8.377456267323981e-11,0.0
1.4838444072326668e-10,0.0
1.065659621806908e-10,0.0
1.0116979495153621e-10,0.0
7.629685645410161e-11,0.0
9.952045235128162e-11,0.0
8.960567892527068e-11,0.0
9.564954343343521e-11,0.0
9.203266746349884e-11,0.0
1.0048257483901874e-10,0.0
1.0409284417487592e-10,0.0
1.2207624979373683e-10,0.0
1.0332608663074292e-10,0.0
8.903790809766532e-11,0.0
1.0322436238226183e-10,0.0
9.062632850634378e-11,0.0
9.090501567829397e-11,0.0
1.081000311355963e-10,0.0
6.52895717285111e-11,0.0
7.141280008352721e-11,0.0
8.663847448777035e-11,0.0
7.79563839894407e-11,0.0
7.819993543896337e-11,0.0
7.748397380542525e-11,0.0
8.702116478312766e-11,0.0
1.1934646018655402e-10,0.0
1.1265841137053815e-10,0.0
1.124719058498843e-10,0.0
6.16611034805206e-11,0.0
1.5540709249552773e-10,0.0
8.133596352480261e-11,0.0
8.401811403404269e-11,0.0
1.1541344633774584e-10,0.0
1.1293375422295417e-10,0.0
8.091754920709563e-11,0.0
1.2357828152497117e-10,0.0
9.984878034248527e-11,0.0
1.0318394880564311e-10,0.0
7.10446988451809e-11,0.0
1.1771661918073284e-10,0.0
9.185937484982154e-11,0.0
1.0080905720192875e-10,0.0
1.1053461698384734e-10,0.0
1.2773665145980667e-10,0.0
1.102570071838579e-10,0.0
1.169066513718699e-10,0.0
9.523788382635506e-11,0.0
1.0370942624126015e-10,0.0
8.102130370420654e-11,0.0
1.1533735604460602e-10,0.0
1.1737748253777513e-10,0.0
1.2108684298912093e-10,0.0
8.392223521499948e-11,0.0
1.569538221567637e-10,0.0
1.0077118168432498e-10,0.0
1.3957917837616827e-10,0.0
1.2048019860396265e-10,0.0
9.457906382697357e-11,0.0
7.313618532092061e-11,0.0
8.766453910337916e-11,0.0
1.1404084872158197e-10,0.0
1.2513236077166548e-10,0.0
7.641314223173152e-11,0.0
1.2316788961384723e-10,0.0
6.918049252486313e-11,0.0
7.132500136831663e-11,0.0
1.0390117118842754e-10,0.0
5.479503959635557e-11,0.0
9.209189467509863e-11,0.0
6.488440225940297e-11,0.0
5.52828640901775e-11,0.0
1.2532413296609528e-10,0.0
6.203630157822564e-11,0.0
7.397822078088911e-11,0.0
1.1323900688793258e-10,0.0
1.1251157649877874e-10,0.0
9.213266755401235e-11,0.0
1.3038172702578414e-10,0.0
1.075011390152866e-10,0.0
1.0192103558098823e-10,0.0
9.251054147265998e-11,0.0
1.2717170323877372e-10,0.0
1.018864900906057e-10,0.0
9.277380977206717e-11,0.0
7.662628433829266e-11,0.0
8.514259607052857e-11,0.0
9.804906094648349e-11,0.0
1.0788956184904973e-10,0.0
1.3737359609227328e-10,0.0
1.1579476988769436e-10,0.0
7.446969713638125e-11,0.0
8.503860971878307e-11,0.0
2.03075488766362e-11,0.0
1.0354152028152363e-10,0.0
8.898797030085551e-11,0.0
8.659254718643728e-11,0.0
5.988129590501037e-11,0.0
1.2684357265389387e-10,0.0
9.173043655831471e-11,0.0
8.466677818870459e-11,0.0
6.854211194540783e-11,0.0
9.552403919810253e-11,0.0
8.573723205689135e-11,0.0
1.1751876234280548e-10,0.0
1.5939168879354515e-10,0.0
1.2365336813711352e-10,0.0
7.135604153224203e-11,0.0
1.3470386885757445e-10,0.0
7.416027755055157e-11,0.0
8.605057668671142e-11,0.0
6.144572343067889e-11,0.0
1.1603043839865919e-10,0.0
8.84675876981518e-11,0.0
1.0999752908236878e-10,0.0
1.465159499160236e-10,0.0
1.2186163953211723e-10,0.0
1.094163261537202e-10,0.0
1.497711155676253e-10,0.0
1.3891318614104216e-10,0.0
7.491933592798812e-12,0.0
1.2811796673706254e-10,0.0
1.1894686743668454e-10,0.0
6.75751298571115e-11,0.0
8.042624341168134e-11,0.0
6.868724342298324e-11,0.0
1.427228569048579e-10,0.0
1.1535205024013141e-10,0.0
1.0974503154019511e-10,0.0
1.23478241250697e-10,0.0
1.272002473634037e-10,0.0
1.1723971841724128e-10,0.0
7.48489540072813e-11,0.0
6.193494753670397e-11,0.0
9.029936992510113e-11,0.0
9.345125085085339e-11,0.0
1.521065021363941e-10,0.0
1.076842088368259e-10,0.0
1.0296576110231994e-10,0.0
9.516815183224604e-11,0.0
6.780376777631496e-11,0.0
9.354770285907757e-11,0.0
7.474419360282647e-11,0.0
1.183190604913391e-10,0.0
1.0251406399601416e-10,0.0
7.470366316200384e-11,0.0
9.569695458885379e-11,0.0
8.30268279601096e-11,0.0
7.241206806330348e-11,0.0
8.690250670248506e-11,0.0
1.1706005271542154e-10,0.0
7.107754690810058e-11,0.0
9.269924790984407e-11,0.0
6.323349763337614e-11,0.0
9.309923231793825e-11,0.0
1.1224440333200001e-10,0.0
6.796856403679082e-11,0.0
1.0071290820645091e-10,0.0
8.99082793320306e-11,0.0
4.958768133483707e-11,0.0
6.130935169895008e-11,0.0
1.184215068621535e-10,0.0
3.9550539071367117e-11,0.0
9.579188641932906e-11,0.0
7.497286299840643e-11,0.0
7.49834239837894e-11,0.0
9.356592125457522e-11,0.0
7.265472427503747e-11,0.0
1.1447212366005466e-10,0.0
8.910410336825546e-11,0.0
8.447776562470691e-11,0.0
6.549687260131421e-11,0.0
9.07222968747347e-11,0.0
3.553013151984811e-11,0.0
7.334156338809915e-11,0.0
1.2697287905285236e-10,0.0
9.240420502430223e-11,0.0
1.361034942124364e-11,0.0
1.438527344941896e-10,0.0
1.579929089169793e-10,0.0
8.966991347188726e-11,0.0
1.1084389544178294e-10,0.0
1.0195166528540909e-10,0.0
9.854617107893083e-12,0.0
7.976925809089964e-11,0.0
9.436654758682006e-11,0.0
1.2193296800087603e-10,0.0
1.0270047061228495e-10,0.0
8.393025358656925e-11,0.0
8.981809407953496e-11,0.0
1.0141456717823884e-10,0.0
8.47651620195822e-11,0.0
1.208996875016822e-10,0.0
1.0195803149442332e-10,0.0
9.248522699274745e-11,0.0
8.176228635517411e-11,0.0
7.921978257505784e-11,0.0
7.865631680557638e-11,0.0
8.925060874417474e-11,0.0
1.138852620789081e-10,0.0
6.909523916510951e-11,0.0
8.032719745610306e-11,0.0
6.369762522793466e-11,0.0
8.320240065651112e-11,0.0
1.1841486068628704e-10,0.0
1.0774034353667529e-10,0.0
7.532665203796363e-11,0.0
6.668948999118138e-11,0.0
1.0383273185142088e-10,0.0
8.655059093333265e-11,0.0
1.1936589796638586e-10,0.0
6.944905014022465e-11,0.0
1.0822988964014368e-10,0.0
1.1277369612701912e-10,0.0
1.034023024520094e-10,0.0
1.0506500934777639e-10,0.0
1.1472368096485076e-10,0.0
1.2084606838043756e-10,0.0
1.1839217896924642e-10,0.0
1.1347356741832398e-10,0.0
8.207370237867716e-11,0.0
9.767541395472955e-11,0.0
3.125457797169452e-11,0.0
1.0472069148447776e-10,0.0
1.0001139166277631e-10,0.0
7.00110702988212e-11,0.0
6.311610094292401e-11,0.0
7.474575664670642e-11,0.0
1.1261078441436677e-10,0.0
1.0293490981466599e-10,0.0
9.810949902952606e-11,0.0
8.137852905810647e-11,0.0
1.3884829770873635e-10,0.0
1.0020199096663044e-10,0.0
7.165362399575054e-11,0.0
9.883132625022128e-11,0.0
1.1585081783725132e-10,0.0
7.523533597446655e-11,0.0
6.034409676631089e-11,0.0
1.1098817416585147e-10,0.0
1.1594020356119098e-10,0.0
1.1042772590336537e-10,0.0
7.22406393282953e-11,0.0
6.382050211279143e-11,0.0
1.0711281702005353e-10,0.0
9.104684750196563e-11,0.0
1.08074074590929e-10,0.0
9.300592316720739e-11,0.0
6.834650195242914e-11,0.0
1.2632965612430371e-10,0.0
8.968541587418867e-11,0.0
1.0404172164444666e-10,0.0
1.3000605392734152e-10,0.0
1.3464032229245858e-10,0.0
6.105696124174701e-11,0.0
1.2829458326351022e-10,0.0
6.987636835953781e-11,0.0
1.533211738850288e-10,0.0
9.281096394254753e-11,0.0
9.415317688303317e-11,0.0
7.369628715086091e-11,0.0
9.318820297384016e-11,0.0
8.894251170133823e-11,0.0
1.278839193983287e-10,0.0
1.3000449451001425e-10,0.0
7.071404057454255e-11,0.0
1.171555123329287e-10,0.0
1.0184945915918074e-10,0.0
6.816518536240861e-11,0.0
9.238580115572987e-11,0.0
9.657243538478328e-11,0.0
8.705118135531625e-11,0.0
1.223415091035202e-10,0.0
8.924043532314357e-11,0.0
2.8514504300850205e-11,0.0
8.582824733357056e-11,0.0
1.4956333811243654e-10,0.0
8.759348896106267e-11,0.0
1.1315799624931219e-10,0.0
1.0501770256910457e-10,0.0
1.2633562447711373e-10,0.0
7.337656213344538e-11,0.0
9.374580621330936e-11,0.0
9.495263280230768e-11,0.0
1.185812471428729e-10,0.0
1.0761402627236082e-10,0.0
9.856988893360102e-11,0.0
1.161869489173083e-10,0.0
8.94635484665549e-11,0.0
1.1484574589975106e-10,0.0
1.1540275250963879e-10,0.0
1.1748949406671822e-10,0.0
9.878240162365003e-11,0.0
8.888513702551341e-11,0.0
8.4921537583919e-11,0.0
1.1062718029887743e-10,0.0
1.3172035265303793e-10,0.0
1.1773033639117286e-10,0.0
1.0911189187437902e-10,0.0
9.477922096938045e-11,0.0
6.804186388298376e-11,0.0
8.437523949583926e-11,0.0
1.0472416034061858e-10,0.0
1.26602027952978e-10,0.0
9.577303754161053e-11,0.0
1.1095513508618755e-10,0.0
8.052591730348263e-11,0.0
1.1395217948833728e-10,0.0
4.50862378233265e-11,0.0
9.931457365367865e-11,0.0
9.355731912367082e-11,0.0
8.254263164639801e-11,0.0
5.651358242221586e-11,0.0
1.187193879478695e-10,0.0
9.30425739493631e-11,0.0
1.2678002036947794e-10,0.0
8.600568450094875e-11,0.0
9.292945222897869e-11,0.0
8.370224304592326e-11,0.0
9.925448547950788e-11,0.0
1.0381217866647943e-10,0.0
7.818809505896398e-11,0.0
8.698507001150812e-11,0.0
7.74052842390713e-11,0.0
8.348996963631316e-11,0.0
9.063688795878703e-11,0.0
9.782705823116553e-11,0.0
9.142181250637383e-11,0.0
7.487407249936313e-11,0.0
1.0948752912834555e-10,0.0
1.4040608028878193e-10,0.0
1.1276407153964831e-10,0.0
9.346248474083423e-11,0.0
1.1065045461983623e-10,0.0
4.6860589208122996e-11,0.0
5.189925749997401e-10,0.0
4.2213472340238546e-10,0.0
7.860383242426808e-11,0.0
1.4063546802972604e-10,0.0
1.0409261555215151e-10,0.0
6.522541751399423e-11,0.0
4.854643451236412e-11,0.0
1.5164325723633573e-10,0.0
6.500916227882353e-11,0.0
1.3820102681413495e-10,0.0
1.0039047174837713e-10,0.0
6.576848456992593e-11,0.0
1.0907474669058316e-10,0.0
1.253316883351437e-10,0.0
8.006693223566566e-11,0.0
1.0941278436591925e-10,0.0
2.07809065682586e-11,0.0
7.196726680359969e-11,0.0
7.97939111143079e-11,0.0
1.0315321815372305e-10,0.0
1.2442297561835113e-10,0.0
5.371304781942845e-11,0.0
5.967072155024383e-11,0.0
1.1623438789362187e-10,0.0
8.184314976432824e-11,0.0
7.327268728368131e-11,0.0
1.2722978039871547e-10,0.0
6.773971674548157e-11,0.0
7.646147001804123e-11,0.0
1.079367961932492e-10,0.0
1.3828247395465035e-10,0.0
1.1629436501673784e-10,0.0
9.660960068862868e-11,0.0
7.356474524609251e-11,0.0
8.223490632252631e-11,0.0
6.367570290297648e-11,0.0
5.729565052185032e-11,0.0
8.406579351797299e-11,0.0
1.061016464008174e-10,0.0
9.45056496938501e-11,0.0
7.454328597108498e-11,0.0
1.1339969473254312e-10,0.0
6.034655582337817e-11,0.0
1.173559673312484e-10,0.0
1.6210753515629472e-10,0.0
7.216443089589873e-11,0.0
1.244177908502736e-10,0.0
7.813876230492108e-11,0.0
1.2199178958642895e-11,0.0
1.1841368961085066e-10,0.0
4.6299049039051964e-11,0.0
1.4498231107477456e-10,0.0
1.2592004507347802e-10,0.0
1.0638291987739279e-10,0.0
1.3777854785407273e-10,0.0
1.2885193298369466e-10,0.0
1.3282023450616997e-10,0.0
1.1653257240502583e-10,0.0
1.1622489294039695e-10,0.0
9.700769730158331e-11,0.0
9.604958350901882e-11,0.0
8.977676948521844e-11,0.0
7.711194810853592e-11,0.0
1.2677032135495906e-10,0.0
1.0516784275371739e-10,0.0
1.3211460251023928e-10,0.0
9.252608467016469e-11,0.0
1.2669694628246824e-10,0.0
8.831016834740315e-11,0.0
8.87321535773547e-11,0.0
9.093395827332202e-11,0.0
9.6458090670299e-11,0.0
9.6911340539723e-11,0.0
9.892466880161384e-11,0.0
7.891823916952348e-11,0.0
1.0294619518882433e-10,0.0
1.1498835394234303e-10,0.0
1.0953470495831752e-10,0.0
7.98313063338068e-11,0.0
6.843762257968078e-11,0.0
8.313016769415017e-11,0.0
8.243911131125993e-11,0.0
8.840029546474154e-11,0.0
9.843126368454187e-11,0.0
1.1862313742068911e-10,0.0
7.957821847781124e-11,0.0
1.0985269826834349e-10,0.0
1.2851563203835947e-10,0.0
1.1441389744749898e-10,0.0
1.3097673201619793e-10,0.0
1.2799592303652936e-10,0.0
8.109596095584047e-11,0.0
1.1412220567000424e-10,0.0
6.546657113352163e-11,0.0
9.153540908003998e-11,0.0
1.0491603354629111e-10,0.0
8.582540946896459e-11,0.0
1.2149672434649041e-10,0.0
1.0430648879460081e-10,0.0
1.6166851727481405e-10,0.0
1.1520032005502847e-10,0.0
2.1180321481398255e-12,1.0
1.1764078253093223e-10,1.0
6.653173123656082e-11,1.0
1.0667504132202892e-10,1.0
3.1594313924324407e-09,1.0
7.503878483807933e-11,1.0
6.138207347031497e-11,1.0
9.305533826132414e-11,1.0
8.713481287457078e-11,1.0
1.0686388910339335e-10,1.0
1.0250385947287073e-10,1.0
1.1581867181476642e-10,1.0
1.1339202872843863e-10,1.0
1.166327351652011e-10,1.0
8.31661131716452e-11,1.0
1.0974366589904661e-10,1.0
1.1650496300908618e-10,1.0
8.582785292120998e-11,1.0
9.540818661589512e-11,1.0
6.368977644487883e-11,1.0
8.637394874942695e-11,1.0
1.1902258736654513e-10,1.0
1.6444078613023784e-12,1.0
1.2768900858214978e-10,1.0
6.11331150578628e-13,1.0
0.00031109687824323185,1.0
6.02315468004928e-11,1.0
0.1233257330343898,1.0
0.20611263786215625,1.0
0.8003692237394783,1.0
1.1987946650614915e-10,1.0
0.30456880631051314,1.0
4.639969183067038e-14,1.0
0.8651109267544551,1.0
1.5766659298099267e-13,1.0
5.084630562086483e-13,1.0
9.755723711742786e-11,1.0
0.03469980371498622,1.0
1.4347780221235362e-10,1.0
8.691302465312957e-15,1.0
1.0,1.0
9.50554024933291e-23,1.0
6.71126757802549e-16,1.0
1.8584102571432477e-26,1.0
0.9999849261215196,1.0
4.381363756573681e-93,1.0
4.381363756573681e-93,1.0
1.6507475186988772e-15,1.0
1.0,1.0
4.381363756573681e-93,1.0
4.381363756573681e-93,1.0
4.381363756573681e-93,1.0
3.653894108522654e-92,1.0
4.381363756573681e-93,1.0
1.0,1.0
4.381363756573681e-93,1.0
4.381363756573681e-93,1.0
1.0,1.0
4.381363756573681e-93,1.0
3.361716696660331e-34,1.0
1.6805510153289303e-50,1.0
5.268924636226631e-57,1.0
0.9999999999998515,1.0
3.870865819936049e-19,1.0
8.233272406015404e-16,1.0
0.6932004837206073,1.0
3.9237117422610704e-14,1.0
4.381363756573681e-93,1.0
2.4179994414914424e-14,1.0
4.381363756573681e-93,1.0
3.404073917698265e-17,1.0
8.787779081907256e-16,1.0
3.36178700407921e-32,1.0
2.8329977946443783e-18,1.0
1.0,1.0
1.0,1.0
0.9918036746849221,1.0
5.091613710184332e-83,1.0
1.7608780149407755e-17,1.0
8.973729154221524e-15,1.0
0.9999999999635467,1.0
4.381363756573681e-93,1.0
5.987520785462688e-15,1.0
3.931068388980028e-15,1.0
3.0868867419544953e-15,1.0
1.3711868219645354e-14,1.0
3.0542920965579433e-39,1.0
5.015204147714913e-16,1.0
1.2211656224556388e-13,1.0
0.8674764816032313,1.0
0.2959307859967118,1.0
7.283956428347477e-11,0.0
9.863321633158732e-11,0.0
9.51999774716203e-11,0.0
9.79202708009029e-11,0.0
9.723200396652986e-11,0.0
9.763549980916417e-11,0.0
9.968003007090609e-11,0.0
9.699522091935802e-11,0.0
9.483162611733879e-11,0.0
9.626795999540786e-11,0.0
9.427976542303614e-11,0.0
9.460087597716942e-11,0.0
9.515264426964046e-11,0.0
9.322220091727469e-11,0.0
9.43335897342011e-11,0.0
9.34188235508144e-11,0.0
9.37182636957771e-11,0.0
9.369538251498485e-11,0.0
9.554574968213165e-11,0.0
9.372651090867945e-11,0.0
9.15941739973171e-11,0.0
9.304484416741836e-11,0.0
9.216769749283867e-11,0.0
9.347456918171936e-11,0.0
9.27134536703492e-11,0.0
9.382557679293224e-11,0.0
9.075677027307316e-11,0.0
9.609827743582371e-11,0.0
8.999995312060546e-11,0.0
9.030249783130982e-11,0.0
9.129154247015685e-11,0.0
9.102010995568238e-11,0.0
9.208609095683498e-11,0.0
9.3644313975163e-11,0.0
8.923884379355804e-11,0.0
8.622882365224323e-11,0.0
9.310840784736173e-11,0.0
9.3613046127925e-11,0.0
9.565819879631998e-11,0.0
9.367635036979554e-11,0.0
1.1885056161825634e-10,0.0
9.191461044560064e-11,0.0
9.682811945973693e-11,0.0
9.802766090446517e-11,0.0
9.92246672349881e-11,0.0
8.731436256176798e-11,0.0
1.0179115127005094e-10,0.0
9.757323038850601e-11,0.0
9.013934444029433e-11,0.0
9.590532656366106e-11,0.0
1.0822874697791012e-10,0.0
9.538256899352319e-11,0.0
1.009898935721983e-10,0.0
1.0386524512663402e-10,0.0
9.369172226545185e-11,0.0
1.0538015491622027e-10,0.0
9.414570426610417e-11,0.0
9.174259744150516e-11,0.0
8.79236927637468e-11,0.0
1.0505294478799433e-10,0.0
1.045411929164754e-10,0.0
1.0015433862935569e-10,0.0
8.6410411714269e-11,0.0
9.14959234612013e-11,0.0
9.234632282924405e-11,0.0
9.809395588275616e-11,0.0
9.940282602552645e-11,0.0
9.475168264928331e-11,0.0
9.844519293992777e-11,0.0
9.214298783706399e-11,0.0
9.528765341739536e-11,0.0
1.0174422672477864e-10,0.0
9.401021525135153e-11,0.0
9.514313997579413e-11,0.0
9.2928389850937e-11,0.0
9.855382897377511e-11,0.0
1.0603936725215287e-10,0.0
9.719195553767434e-11,0.0
9.453946936060476e-11,0.0
9.356966266441047e-11,0.0
8.236407115658514e-11,0.0
1.0004828179702434e-10,0.0
1.1492107934274077e-10,0.0
9.441739884421087e-11,0.0
9.27663956800572e-11,0.0
9.348728470670015e-11,0.0
9.652240512440608e-11,0.0
9.422210516141487e-11,0.0
8.904799074607101e-11,0.0
1.0150366746748428e-10,0.0
1.1589213632836282e-10,0.0
9.756704115291933e-11,0.0
8.512514176267155e-11,0.0
9.79753273596356e-11,0.0
9.437836816191536e-11,0.0
8.753870824481596e-11,0.0
1.029948545582548e-10,0.0
9.447174485321247e-11,0.0
9.893903095614988e-11,0.0
6.195225278802483e-11,0.0
9.968237206473873e-11,0.0
8.481113056331175e-11,0.0
1.1224403305916091e-10,0.0
9.873812767427285e-11,0.0
1.2114526599575856e-10,0.0
9.573507147022433e-11,0.0
9.94324337916281e-11,0.0
1.0399868927433024e-10,0.0
9.112804299125824e-11,0.0
9.624515201051076e-11,0.0
9.972234536567005e-11,0.0
1.1017276542309476e-10,0.0
1.1443203077824189e-10,0.0
9.625463157030847e-11,0.0
1.0195901176901867e-10,0.0
2.9750842215387655e-11,0.0
9.967020171105825e-11,0.0
1.3175623946394343e-10,0.0
1.0519435679177894e-10,0.0
1.0777749484424191e-10,0.0
9.523402727913814e-11,0.0
1.0301730385868033e-10,0.0
9.506437541908483e-11,0.0
1.0068496946039967e-10,0.0
9.348922539009612e-11,0.0
9.228260519084426e-11,0.0
1.3381826968828333e-10,0.0
1.1746581148103967e-10,0.0
8.118891232665369e-11,0.0
6.763480184418135e-11,0.0
1.4640703943420361e-10,0.0
1.1041201659010511e-10,0.0
5.560216382467002e-11,0.0
1.0181925167475974e-10,0.0
1.3925854479875427e-10,0.0
1.2591549422147442e-10,0.0
8.837767577206646e-11,0.0
9.523933300793523e-11,0.0
8.498732666702203e-11,0.0
1.2439203226752244e-10,0.0
9.337072367166239e-11,0.0
8.324660089383472e-11,0.0
9.584495706005745e-11,0.0
1.0023357477318983e-10,0.0
1.1955611117254213e-10,0.0
1.3630539464014692e-10,0.0
1.0735841142274465e-10,0.0
5.768380151204686e-11,0.0
1.8725508941526384e-11,0.0
1.18942967928696e-10,0.0
1.3636426764559668e-10,0.0
1.1126806393686468e-10,0.0
1.4867355199703405e-11,0.0
8.763238223756427e-11,0.0
1.3764429660730013e-10,0.0
7.054780267046057e-11,0.0
1.2521072814312965e-10,0.0
1.021007822491595e-10,0.0
1.108071634333618e-10,0.0
1.0627353690826914e-10,0.0
1.1893262591951088e-10,0.0
9.817552612828968e-11,0.0
1.512275708088688e-10,0.0
1.2095468813839037e-10,0.0
1.0829950062762479e-10,0.0
5.51227791104037e-11,0.0
1.459835074261355e-10,0.0
8.094041470293136e-11,0.0
1.1970072539877846e-10,0.0
4.051713171326115e-10,0.0
1.0515068243971912e-10,0.0
1.1258268383216477e-10,0.0
8.406976189855746e-11,0.0
1.0827558606735756e-10,0.0
1.1246035297717904e-10,0.0
7.073284312744703e-11,0.0
1.1089752397632872e-10,0.0
5.775544437595822e-11,0.0
8.396967938839592e-11,0.0
1.1221574840878164e-10,0.0
1.1664591798891786e-10,0.0
7.63402325096554e-11,0.0
1.1331249922625279e-10,0.0
1.2991548809671037e-10,0.0
1.4365213752820275e-10,0.0
7.198903271572777e-11,0.0
8.646255515280376e-11,0.0
5.490582227791342e-11,0.0
1.0116001828279308e-09,0.0
5.889440406640045e-11,0.0
1.0750162683849573e-10,0.0
1.3086054608932687e-10,0.0
5.906960496604684e-11,0.0
1.256710652597681e-10,0.0
7.689998457220491e-11,0.0
9.303273645597614e-11,0.0
9.809988705617163e-11,0.0
1.3806524543825413e-10,0.0
9.573855449552459e-11,0.0
8.386814019799226e-11,0.0
7.973694241658976e-11,0.0
7.995241914791878e-11,0.0
9.960347466821702e-11,0.0
7.161769442668952e-11,0.0
9.072901697502416e-11,0.0
9.425346114199404e-11,0.0
8.459204363541971e-11,0.0
9.458514277270766e-11,0.0
1.0770200856461024e-10,0.0
9.626649658851451e-11,0.0
6.007252175967944e-11,0.0
1.5162848398797031e-10,0.0
1.3740777718971775e-10,0.0
8.477960322414599e-11,0.0
9.591990619528448e-11,0.0
6.684624285462751e-11,0.0
1.052203789805376e-10,0.0
6.63050793887918e-11,0.0
7.371012882032391e-11,0.0
9.491419016982358e-11,0.0
9.997531368694063e-11,0.0
1.0934211530708962e-10,0.0
1.7354821370143728e-10,0.0
2.0112903076044518e-11,0.0
1.0976295091191693e-10,0.0
6.739651396433194e-11,0.0
1.1603218948441913e-10,0.0
9.51667665177222e-11,0.0
1.092875624452489e-10,0.0
5.342448172564887e-11,0.0
1.323935396301717e-10,0.0
7.483010799539455e-11,0.0
5.7455415457402655e-11,0.0
8.828966078946808e-11,0.0
1.171508332467114e-10,0.0
9.381796815402742e-11,0.0
1.4352708127559144e-10,0.0
1.1564279934306237e-10,0.0
1.4354185537771855e-10,0.0
8.163583836455257e-11,0.0
7.909871542509006e-11,0.0
1.1242665433838471e-10,0.0
1.176425986018523e-10,0.0
1.1168561501768993e-10,0.0
9.259607903932751e-11,0.0
9.955220758806138e-11,0.0
9.083340692151922e-11,0.0
1.1281928602127267e-10,0.0
1.2449853408825612e-10,0.0
1.1716844543012587e-10,0.0
1.0556629879534733e-10,0.0
7.975158123817754e-11,0.0
9.361737724988163e-11,0.0
1.1488088980312568e-10,0.0
8.62764721201506e-11,0.0
9.368959409197619e-11,0.0
8.014275704589139e-11,0.0
1.22074231041735e-10,0.0
1.024854783923171e-10,0.0
1.003822883158937e-10,0.0
1.0895969308014425e-10,0.0
7.26448580230614e-11,0.0
1.0259673554996524e-10,0.0
8.412489751040518e-11,0.0
1.3278341280188045e-10,0.0
1.0797774741421847e-10,0.0
7.791967915278241e-11,0.0
1.2793861420793037e-10,0.0
7.729637035479168e-11,0.0
9.471260005236565e-11,0.0
1.0217029890472825e-10,0.0
7.740711127083508e-11,0.0
1.0423189611217273e-10,0.0
7.73852724705112e-11,0.0
1.2509877016359494e-10,0.0
6.925551878455298e-11,0.0
8.585646675231888e-11,0.0
6.288134093899804e-11,0.0
6.715002755684001e-11,0.0
7.507854114572167e-11,0.0
1.2504466268051043e-10,0.0
8.475105995228536e-11,0.0
1.2470603691770396e-10,0.0
1.0870116629423158e-10,0.0
9.733517901248464e-11,0.0
7.768277957455777e-11,0.0
8.764449013746321e-11,0.0
1.1761749869272692e-10,0.0
1.1490737969925824e-10,0.0
6.198414346205475e-11,0.0
6.736678492071016e-11,0.0
1.482318726790933e-10,0.0
8.361072544636658e-11,0.0
1.3891815296491636e-10,0.0
1.1379036963688722e-10,0.0
1.424455794163533e-10,0.0
9.684102458940393e-11,0.0
9.168374940791614e-11,0.0
1.0813477963094112e-10,0.0
1.1711350240700273e-10,0.0
2.022815870207245e-11,0.0
6.097620608970916e-11,0.0
9.549409678560185e-11,0.0
8.127568380528376e-11,0.0
7.72118480255923e-11,0.0
1.2180923582770114e-10,0.0
8.102484174500414e-11,0.0
9.040952597447535e-11,0.0
8.987605364613719e-11,0.0
1.1092210216263642e-10,0.0
7.825451896360706e-11,0.0
8.199727349800366e-11,0.0
8.017165270248897e-11,0.0
9.535512186893363e-11,0.0
7.40113917102038e-11,0.0
1.0405402634618465e-10,0.0
1.2714176878911058e-10,0.0
9.562663876219784e-11,0.0
7.620156511174919e-11,0.0
1.0768207827579388e-10,0.0
1.0099578543719016e-10,0.0
1.1000010846256623e-10,0.0
1.0409496239791816e-10,0.0
9.134155948523341e-11,0.0
7.924510423440514e-11,0.0
8.01720007048998e-11,0.0
1.4252055432138235e-10,0.0
1.4820479864868711e-10,0.0
1.1613584111574355e-10,0.0
8.380764572077303e-11,0.0
1.166282641555821e-10,0.0
1.2963163507914197e-10,0.0
8.84157429310769e-11,0.0
9.985261789632909e-11,0.0
1.512439709974339e-10,0.0
1.2199379410234648e-10,0.0
8.965283313542647e-11,0.0
1.0390289861505284e-10,0.0
8.986611312074819e-11,0.0
8.424681709114124e-11,0.0
1.2807229024745387e-10,0.0
1.0786950487445522e-10,0.0
6.138780032693966e-11,0.0
7.823636529378374e-11,0.0
8.691653228147163e-11,0.0
1.0204732137561104e-10,0.0
8.072446600781578e-11,0.0
1.1091426918947462e-10,0.0
8.4990889838647e-11,0.0
1.0829151790296668e-10,0.0
9.024657814405172e-11,0.0
7.064115520879564e-11,0.0
1.2941215582586956e-10,0.0
2.4956444500714494e-10,0.0
9.561525193997334e-11,0.0
8.585164165506148e-11,0.0
1.0732535893314245e-10,0.0
8.867439783911648e-11,0.0
1.2169271615557836e-10,0.0
1.2814523818055956e-10,0.0
9.341641044905263e-11,0.0
1.2350156234346284e-10,0.0
6.758262968649623e-11,0.0
1.0995726147437471e-10,0.0
8.19696347169207e-11,0.0
1.190277781745357e-10,0.0
1.0666758180120066e-10,0.0
1.1057955136818851e-10,0.0
9.570517424393545e-11,0.0
9.512084152645244e-11,0.0
7.420583138855549e-11,0.0
1.2305853369820861e-10,0.0
1.0672309243316499e-10,0.0
7.400539349143253e-11,0.0
1.0558583704761782e-10,0.0
7.259123346748777e-11,0.0
9.726026727468821e-11,0.0
7.746076394531303e-11,0.0
1.2440483707263786e-10,0.0
1.2042296352072645e-10,0.0
9.534684042443836e-11,0.0
7.178951580303041e-12,0.0
1.1397140031559016e-10,0.0
1.2126277837588815e-10,0.0
9.658789692654785e-11,0.0
1.6193419098242052e-10,0.0
5.381978575225878e-10,0.0
1.2119996670488873e-10,0.0
1.0952487083703266e-10,0.0
1.2940763352888622e-10,0.0
6.821608388534632e-11,0.0
1.204583644146148e-10,0.0
1.364520359167193e-10,0.0
1.1660839712065895e-10,0.0
8.001779857537858e-11,0.0
1.5025850716536928e-10,0.0
1.3520216886995076e-10,0.0
6.360796763725698e-11,0.0
9.32744072765627e-11,0.0
8.561634509480879e-11,0.0
1.463837597106367e-10,0.0
8.015197184839773e-11,0.0
7.967279577770687e-11,0.0
7.135442435213245e-11,0.0
1.3340930488801076e-08,0.0
1.420777410622053e-10,0.0
6.260910849806216e-11,0.0
1.2374963606410028e-10,0.0
1.262199766731517e-10,0.0
1.220886868078616e-10,0.0
1.0711417759264284e-10,0.0
8.737693701826814e-11,0.0
6.346524567777319e-11,0.0
7.769486708777187e-11,0.0
7.111756374289991e-11,0.0
8.802495473589259e-11,0.0
9.948707630258616e-11,0.0
1.5051407895968892e-10,0.0
7.557400408862496e-11,0.0
9.535949391704651e-11,0.0
9.101959275360022e-11,0.0
8.304901464316467e-11,0.0
7.878015731173594e-11,0.0
5.0745599623722595e-11,0.0
9.3090306022343e-11,0.0
1.1276868782646953e-10,0.0
1.179719837201765e-10,0.0
1.1591712595731984e-10,0.0
6.539314784131561e-11,0.0
9.015417541213458e-11,0.0
6.910182096423838e-11,0.0
6.583143745470605e-11,0.0
5.609734157068039e-11,0.0
1.203104729529056e-10,0.0
2.6306921348170705e-11,0.0
8.913047575694069e-11,0.0
7.003891768244927e-11,0.0
9.636557110308946e-11,0.0
1.138201957252975e-10,0.0
5.835862879563695e-11,0.0
8.237380168492548e-11,0.0
1.4000220682618086e-10,0.0
7.205181894456045e-11,0.0
7.01603731234674e-11,0.0
8.648179758629948e-11,0.0
8.221591766873118e-10,0.0
1.1395204151941028e-10,0.0
9.287871575411755e-11,0.0
7.192209411050307e-11,0.0
1.0321770410116941e-10,0.0
8.014533258657145e-11,0.0
1.1221626728655152e-10,0.0
2.6586655852562003e-11,0.0
9.56117805029692e-11,0.0
5.5144708043538005e-11,0.0
8.753144668956904e-11,0.0
1.0409429426988721e-10,0.0
1.2026686073893682e-10,0.0
1.464871845257199e-10,0.0
1.0157092238267561e-10,0.0
1.1957668453046148e-10,0.0
9.996374059485012e-11,0.0
7.888295003845695e-11,0.0
5.8099212194016327e-11,0.0
9.344624345767886e-11,0.0
1.261074972165397e-10,0.0
1.3605772887498356e-10,0.0
9.713616938103553e-11,0.0
9.869800403961813e-11,0.0
1.2147148924614385e-10,0.0
1.1742338656213142e-10,0.0
1.329655406972149e-10,0.0
1.1421585034616944e-10,0.0
5.71941290271906e-11,0.0
8.223985379609783e-11,0.0
1.3929366637512126e-10,0.0
1.3255103036399613e-10,0.0
7.73967999211113e-11,0.0
1.1350464936164505e-10,0.0
8.780794628057511e-11,0.0
8.188273642275766e-11,0.0
8.55793916070251e-11,0.0
1.0161348080352705e-10,0.0
8.494811460959963e-11,0.0
8.956356547260509e-11,0.0
1.1401366070814454e-10,0.0
1.1985621846355663e-10,0.0
9.470218938747475e-11,0.0
1.1075726127567602e-10,0.0
1.0885585435872299e-10,0.0
8.993673120590762e-11,0.0
1.1648011594200418e-10,0.0
6.111799964059009e-11,0.0
6.737600306090498e-11,0.0
6.483616370231528e-11,0.0
5.588321893517563e-11,0.0
1.3392688436143107e-10,0.0
7.535648730491638e-11,0.0
8.624548528231921e-11,0.0
4.713391174503484e-11,0.0
6.254518360587711e-11,0.0
8.331040358970175e-11,0.0
9.89515649917797e-11,0.0
9.283147776135301e-11,0.0
1.1509066975209631e-10,0.0
1.1380817550059338e-10,0.0
1.2568689665186258e-10,0.0
1.1250884891771538e-10,0.0
7.23606142977716e-11,0.0
1.0119530360124546e-10,0.0
1.0253842637956477e-10,0.0
1.1223988336990095e-10,0.0
1.2198140025303978e-10,0.0
1.338353636557169e-10,0.0
1.1274494169043915e-10,0.0
1.1738918618554574e-10,0.0
9.365746566755902e-11,0.0
9.988710831991832e-11,0.0
1.1997677742325922e-10,0.0
8.517281640397538e-11,0.0
1.09951694738514e-10,0.0
8.188431108571569e-11,0.0
1.0908842284693569e-10,0.0
1.179063647443242e-10,0.0
1.2129139511248608e-10,0.0
6.07109657904389e-11,0.0
8.624569075405304e-11,0.0
6.452099245581614e-11,0.0
1.0663037194650554e-10,0.0
1.1254949755365989e-10,0.0
9.49784763444923e-11,0.0
1.0046620238245153e-10,0.0
8.604522929169835e-11,0.0
1.5157204782210684e-10,0.0
1.0315130183561433e-10,0.0
9.97745154318329e-11,0.0
3.0967749015443155e-11,0.0
6.041574914951307e-11,0.0
1.521900211426222e-10,0.0
1.0237663695628356e-10,0.0
6.725585721671202e-11,0.0
9.036139932433683e-11,0.0
5.814853286512439e-11,0.0
5.913138980662502e-11,0.0
9.739675819126932e-11,0.0
1.1887011554577896e-10,0.0
1.1457465341064175e-10,0.0
9.263886517097034e-11,0.0
1.1555163565695659e-10,0.0
7.744169175692069e-11,0.0
6.15772038394899e-11,0.0
8.049372369897859e-11,0.0
8.026234165762219e-11,0.0
8.952518264640467e-11,0.0
9.513737362475396e-11,0.0
9.456485316117423e-11,0.0
5.979871754992862e-11,0.0
9.674048718891024e-11,0.0
9.542372475112029e-11,0.0
9.837321341638682e-11,0.0
1.1776040508648541e-10,0.0
6.32838607183435e-11,0.0
7.65073955132125e-11,0.0
1.3480242735780613e-10,0.0
8.921922721090085e-11,0.0
7.94752413336947e-11,0.0
1.0869500151416382e-10,0.0
8.774388443440265e-11,0.0
1.2873807776539716e-10,0.0
5.339322797538856e-11,0.0
1.1369509607344793e-10,0.0
1.0714670603629421e-10,0.0
9.321748444468569e-11,0.0
9.736783243955655e-11,0.0
8.811492782543318e-11,0.0
9.72438033188888e-11,0.0
6.680690280663816e-11,0.0
4.5779368147145104e-11,0.0
9.043351549974105e-11,0.0
6.393866984085836e-11,0.0
8.724953007283561e-11,0.0
1.228221609488765e-10,0.0
8.706548817195946e-11,0.0
8.065864398739452e-11,0.0
1.37127452170853e-10,0.0
8.185426298772181e-11,0.0
1.1178608827231665e-10,0.0
1.1121610354167852e-10,0.0
9.534112844581091e-11,0.0
8.317916569549467e-11,0.0
9.745787354028453e-11,0.0
8.913771244952192e-11,0.0
1.1297983974375991e-10,0.0
9.259356304111193e-11,0.0
6.848471649531238e-11,0.0
1.1585187484865634e-10,0.0
1.3896294964313155e-10,0.0
9.764944854429114e-11,0.0
9.613283063997089e-11,0.0
1.042318828059066e-10,0.0
3.171751340366466e-11,0.0
1.3743040363779745e-10,0.0
1.396316241349239e-10,0.0
8.41177123053277e-11,0.0
9.756597830552855e-11,0.0
9.246323883599476e-11,0.0
8.58811216288777e-11,0.0
8.160082938577604e-11,0.0
8.949678441117485e-11,0.0
1.0018265296818691e-10,0.0
5.997121420501033e-11,0.0
1.1739398514100505e-10,0.0
8.867467240937093e-11,0.0
1.1430816097671296e-10,0.0
7.774714974763906e-11,0.0
9.339443514094922e-11,0.0
3.593295231495498e-11,0.0
8.10595464730621e-11,0.0
1.2206096292877723e-10,0.0
1.239561033340942e-10,0.0
1.4798529699873696e-10,0.0
1.1399793187523065e-10,0.0
6.596742455444345e-11,0.0
7.058057989433337e-11,0.0
1.0638499862520905e-10,0.0
5.9900755250578e-11,0.0
1.13754017644828e-10,0.0
1.0933597981652105e-10,0.0
8.126808783487889e-11,0.0
7.399849359631802e-11,0.0
1.3484209998282232e-10,0.0
9.83784689632457e-11,0.0
2.2982589208994435e-11,0.0
7.098383368874256e-11,0.0
1.0106078419249817e-10,0.0
9.990941842692193e-11,0.0
1.0680707694131017e-10,0.0
6.779356076295797e-11,0.0
9.959884211458393e-11,0.0
1.1735563504646823e-10,0.0
8.272151137696769e-11,0.0
7.491922848428979e-11,0.0
9.909514781711382e-11,0.0
8.889863876417874e-11,0.0
8.460113556131587e-11,0.0
6.906323984402175e-11,0.0
9.378003152455093e-11,0.0
9.980982260108082e-11,0.0
7.504120741777164e-11,0.0
3.258895253659548e-11,0.0
2.0220736941586406e-11,0.0
1.0553774034718436e-10,0.0
1.15831989183079e-10,0.0
9.443194165390823e-11,0.0
8.481171387571474e-11,0.0
1.206863480082712e-10,0.0
8.619496381290971e-11,0.0
6.786840126297697e-11,0.0
9.790503403494694e-11,0.0
1.1964339168104697e-10,0.0
1.083293477525909e-10,0.0
4.5494945941765405e-09,0.0
1.5334661370507539e-10,0.0
9.87232073900967e-11,0.0
7.586270234901011e-11,0.0
8.333104678983821e-11,0.0
1.223542497105635e-10,0.0
6.77114374660617e-11,0.0
1.1239524620856408e-10,0.0
7.903448878148696e-11,0.0
6.114599845968454e-11,0.0
8.433510134556837e-11,0.0
1.201759849170106e-10,0.0
8.99587481676978e-11,0.0
1.0741783380027081e-10,0.0
6.71112188550076e-11,0.0
1.2606230360715948e-10,0.0
1.071112983187507e-10,0.0
1.2157660984210376e-10,0.0
3.2652337133182185e-08,0.0
1.310786683873387e-10,0.0
8.929724183817293e-11,0.0
1.017166526953439e-10,0.0
7.395358825339127e-11,0.0
7.396200282518662e-11,0.0
5.597476642189135e-11,0.0
1.0196062506839215e-10,0.0
1.0188299299471283e-10,0.0
1.1949278839523287e-10,0.0
7.703534434430453e-11,0.0
1.1245872201597565e-10,0.0
6.50138934689725e-11,0.0
1.4190331162506299e-10,0.0
1.4964373201352952e-10,0.0
9.306761455199927e-11,0.0
1.5130868440308409e-10,0.0
5.822638946112019e-11,0.0
1.2303731810451697e-10,0.0
7.061176309152551e-11,0.0
9.408208758336495e-11,0.0
4.037329290447845e-11,0.0
8.473178440716969e-11,0.0
1.5559972394356856e-10,0.0
2.3237727677066132e-11,0.0
8.119266096605855e-11,0.0
7.002104044232292e-11,0.0
8.7059655707767e-11,0.0
6.900036310069837e-11,0.0
5.836070538151128e-11,0.0
1.0362192410987383e-10,0.0
9.945342644661515e-11,0.0
5.235611509258679e-11,0.0
7.553784739190164e-11,0.0
9.138832219407281e-11,0.0
1.1647662688474636e-10,0.0
9.653361603721166e-11,0.0
5.877171248391638e-11,0.0
1.14195026716122e-10,0.0
1.0777460450974999e-10,0.0
6.195007398180591e-11,0.0
9.522717707240094e-11,0.0
1.455924421450682e-10,0.0
7.311397706748885e-11,0.0
9.083725320413056e-11,0.0
9.273375254173319e-11,0.0
1.1009793255417378e-10,0.0
8.846828693749331e-11,0.0
1.1063517955469965e-10,0.0
7.615460237168046e-11,0.0
1.0491012984645117e-10,0.0
9.784988112405737e-11,0.0
9.761584184109326e-11,0.0
1.2851885759931887e-10,0.0
1.250658169736553e-10,0.0
1.407542169507578e-10,0.0
1.0985236129610926e-10,0.0
8.593682268358101e-11,0.0
9.912194895173376e-11,0.0
1.0587037333310038e-10,0.0
1.1249942167095712e-10,0.0
7.220061619801679e-11,0.0
9.852673059123448e-11,0.0
8.842862457218387e-11,0.0
6.938612658968755e-11,0.0
9.614277724960922e-11,0.0
7.609527286719255e-11,0.0
1.0334195514894978e-10,0.0
9.652831843427087e-11,0.0
1.0369164560554185e-10,0.0
7.942918376475112e-11,0.0
7.537685451252079e-11,0.0
9.180015048884127e-11,0.0
1.1323631905680156e-10,0.0
5.633134713554819e-11,0.0
1.5434141287523908e-10,0.0
1.3829374855009807e-10,0.0
1.1416030937172304e-10,0.0
8.418122896984988e-11,0.0
1.1632261580476909e-10,0.0
8.029104276337846e-11,0.0
8.76819863070303e-11,0.0
8.198796524385027e-11,0.0
9.467648036414022e-11,0.0
4.603346375233409e-11,0.0
1.3563267979520985e-10,0.0
1.4290510169657475e-10,0.0
1.3769295120147348e-10,0.0
6.536623332759782e-11,0.0
7.491710230615387e-11,0.0
1.211832702841992e-10,0.0
8.796544477852403e-11,0.0
8.810657252062389e-11,0.0
1.1890545489947282e-10,0.0
1.0632321756651898e-10,0.0
1.0763084968394113e-10,0.0
1.1435180884738146e-10,0.0
7.095799836170122e-11,0.0
9.572170455566073e-11,0.0
3.6910293828870717e-11,0.0
1.3521241216592528e-10,0.0
6.928953543558567e-11,0.0
7.401570261370052e-11,0.0
7.570778706501876e-11,0.0
8.793190519645604e-11,0.0
6.439618566234381e-11,0.0
8.761827277996606e-11,0.0
1.0886561019685192e-10,0.0
1.3887441992964663e-10,0.0
1.1960119108673144e-10,0.0
1.0648571893282959e-10,0.0
8.526195902717375e-11,0.0
1.5727129925921798e-10,0.0
8.878046405635672e-11,0.0
1.2615268048354341e-10,0.0
7.193683056077352e-11,0.0
1.1611966335790389e-10,0.0
1.1357380776059239e-10,0.0
1.2554441107405338e-10,0.0
1.4443521655758774e-10,0.0
7.079875626957024e-11,0.0
9.21660451528624e-11,0.0
7.646399001520911e-11,0.0
1.1314901074067836e-10,0.0
9.542889424195966e-11,0.0
7.375946546757571e-11,0.0
1.037281291355283e-10,0.0
9.391781089728036e-11,0.0
7.92795769770629e-11,0.0
1.0427453320548206e-10,0.0
9.385236121263265e-11,0.0
8.040946148374289e-11,0.0
1.349151997722996e-10,0.0
9.470623668891764e-11,0.0
8.606575703834011e-11,0.0
5.820340797916696e-11,0.0
1.2838515345432016e-10,0.0
9.142023743679798e-11,0.0
9.527641203057627e-11,0.0
7.959000526199182e-11,0.0
1.255992077061206e-10,0.0
8.582311009231273e-11,0.0
1.895219431412263e-10,0.0
9.446677352323527e-11,0.0
7.169535624384443e-11,0.0
1.1812977133291558e-10,0.0
7.397006956069735e-11,0.0
6.311608172263986e-11,0.0
8.501244845254112e-11,0.0
9.95827723756252e-11,0.0
7.068860627963979e-11,0.0
1.1489421204215712e-10,0.0
1.5050363289577366e-10,0.0
9.650435049438801e-11,0.0
1.0157519571722371e-10,0.0
1.044285282326751e-10,0.0
9.921732280301628e-11,0.0
6.530698029423382e-11,0.0
9.273777730380059e-11,0.0
7.892791686653598e-11,0.0
1.1884535385618436e-10,0.0
9.894540684282736e-11,0.0
8.162057320626412e-11,0.0
9.366544346099591e-11,0.0
7.466562053799588e-11,0.0
9.149607949258552e-11,0.0
7.408545942980657e-11,0.0
1.2132629730048934e-10,0.0
1.1504595598924478e-10,0.0
8.780146783623926e-11,0.0
1.2422715699058317e-10,0.0
1.1628229208711568e-10,0.0
8.224343379399794e-11,0.0
9.081052988638438e-11,0.0
1.0679308534974379e-10,0.0
7.173394203685191e-11,0.0
1.0868493218248368e-11,0.0
7.83838052337636e-11,0.0
1.0559531800160481e-10,0.0
7.9276969566254e-11,0.0
8.295974117122488e-11,0.0
1.0915126338278158e-10,0.0
7.912336439782648e-11,0.0
8.085992464623612e-11,0.0
9.168752688031022e-11,0.0
1.165552887938476e-10,0.0
9.055448792102919e-11,0.0
6.281442127871323e-11,0.0
1.124562721407063e-10,0.0
1.356368248889015e-10,0.0
1.1605137892336736e-10,0.0
6.28796876100749e-11,0.0
1.1243430586256745e-10,0.0
1.5221323497562324e-10,0.0
8.304601079746201e-11,0.0
7.925062582167261e-11,0.0
1.0953788846703932e-10,0.0
7.997890443321345e-11,0.0
1.1063770762313238e-10,0.0
1.204002809945972e-10,0.0
7.625092899096584e-11,0.0
3.984402160107366e-11,0.0
1.5610676219665192e-10,0.0
1.0242877724110604e-10,0.0
1.2824811632630706e-10,0.0
1.133078411558822e-10,0.0
7.814650529243085e-11,0.0
6.194805065787735e-11,0.0
8.743167482339296e-11,0.0
6.093543897426059e-11,0.0
6.594796251309782e-11,0.0
9.045739992258886e-11,0.0
9.705039504513848e-11,0.0
1.2751623722974425e-10,0.0
1.3881264137163504e-10,0.0
5.737019732796099e-11,0.0
7.82667506759223e-11,0.0
6.628916313932443e-11,0.0
1.26896195341977e-10,0.0
8.757499781006032e-11,0.0
7.455276300691475e-11,0.0
6.419016391944771e-11,0.0
1.2535272591316668e-10,0.0
6.445178935344966e-11,0.0
8.958281932058011e-11,0.0
6.059869757629013e-11,0.0
1.0584691040340592e-10,0.0
6.964172385877254e-11,0.0
1.0647440911077453e-10,0.0
1.0859350286502361e-10,0.0
1.078640007188927e-10,0.0
1.0571305247876376e-10,0.0
1.298003252482444e-10,0.0
6.154780708375043e-11,0.0
7.121461619180813e-11,0.0
5.654830467727149e-11,0.0
7.835537085996036e-11,0.0
6.939134563979024e-11,0.0
1.0545089792704229e-10,0.0
1.0952991789934892e-10,0.0
5.906466183273275e-11,0.0
1.1665005606480398e-10,0.0
1.285921453475636e-10,0.0
6.655250828061481e-11,0.0
5.264752836241317e-11,0.0
1.393389931414927e-10,0.0
1.2705393404849584e-10,0.0
1.243211788428297e-10,0.0
8.417928331492235e-11,0.0
6.936562019728908e-11,0.0
1.3163509405102564e-10,0.0
8.485105406230592e-11,0.0
1.1307770224122809e-10,0.0
1.1045261440121244e-10,0.0
9.259425213309787e-11,0.0
7.219057937059137e-11,0.0
1.292130634835279e-10,0.0
1.5483681856311418e-10,0.0
8.724083341791624e-11,0.0
7.764348886330461e-09,0.0
7.831978033026187e-11,0.0
6.467724977578253e-11,0.0
8.65561310577465e-11,0.0
1.4947153248870509e-10,0.0
1.1037041763842495e-10,0.0
3.57865675639007e-11,0.0
1.6081493671548056e-10,0.0
9.163299404435304e-11,0.0
7.250394294037164e-11,0.0
8.228416771350513e-11,0.0
1.0063186455187112e-10,0.0
8.073381424922575e-11,0.0
1.0933818433672397e-10,0.0
8.95069009201345e-11,0.0
1.118941539365584e-10,0.0
1.6168071154459212e-10,0.0
9.772325165014846e-11,0.0
7.707449526640112e-11,0.0
1.0664550588566465e-10,0.0
1.564911943749187e-10,0.0
1.1850701839087397e-10,0.0
1.1524562887580367e-10,0.0
1.3097295916996496e-10,0.0
6.933878238960301e-11,0.0
1.2348187440874058e-10,0.0
9.321652466765649e-11,0.0
8.921847060247987e-11,0.0
1.1648899486156514e-10,0.0
1.1274828677006016e-10,0.0
1.3213082880669393e-10,0.0
6.030577952491246e-11,0.0
7.770837584326438e-11,0.0
1.2006039468875636e-10,0.0
6.650688836902488e-11,0.0
2.7248213172597795e-10,0.0
1.1847357397837095e-10,0.0
1.0099364301134332e-10,0.0
1.3761878815003462e-10,0.0
1.128603304807056e-10,0.0
8.353000671026738e-11,0.0
8.511785437589535e-11,0.0
6.109089277396373e-11,0.0
1.1534132449931989e-10,0.0
6.620813119855872e-11,0.0
8.835877453913362e-11,0.0
6.0277763131997e-11,0.0
1.4990838745913586e-10,0.0
1.1884343580283408e-10,0.0
1.2255021656408259e-10,0.0
7.289918906752379e-11,0.0
1.260203643661926e-10,0.0
2.247582130053851e-08,0.0
1.0269259296966515e-10,0.0
1.2674593690613778e-10,0.0
1.0804973993523312e-10,0.0
9.03557390957074e-11,0.0
1.257138352133475e-10,0.0
1.3154586237740273e-10,0.0
1.1401931130301945e-10,0.0
1.308221707396415e-10,0.0
8.53794688193911e-11,0.0
1.1758580993182468e-10,0.0
5.687565852011092e-11,0.0
1.1337833982046372e-10,0.0
6.950780574003046e-11,0.0
9.291008989048791e-11,0.0
1.141738397097463e-10,0.0
9.959894261903502e-11,0.0
6.990759599942334e-11,0.0
1.403102394361772e-10,0.0
9.308580386584915e-11,0.0
8.022899154070534e-11,0.0
1.286301463722625e-10,0.0
1.3719230349689265e-11,0.0
8.207567751249996e-11,0.0
1.2778223951355948e-10,0.0
1.350061813575263e-10,0.0
1.0367995259769301e-10,0.0
7.1828914957668e-11,0.0
7.286922947577788e-11,0.0
6.259439889902193e-11,0.0
7.821810051193206e-11,0.0
7.046202306288027e-11,0.0
1.6670011018317716e-11,0.0
8.206357428719005e-11,0.0
1.1307859567883658e-10,0.0
8.500982395649404e-11,0.0
1.2119680197009738e-10,0.0
7.042671989736626e-11,0.0
1.3300967737956134e-10,0.0
9.786316611720125e-11,0.0
6.465620154894868e-11,0.0
1.264365453136338e-10,0.0
8.572346066253695e-11,0.0
1.1357367354825883e-10,0.0
7.058925512699408e-11,0.0
8.361130601927473e-11,0.0
8.774284159908936e-11,0.0
1.396965473032501e-10,0.0
6.428487950840311e-11,0.0
7.687256639548434e-11,0.0
1.1731797092735148e-10,0.0
7.69876589553092e-11,0.0
9.66660455999131e-11,0.0
8.465191908660349e-11,0.0
1.0175649548933264e-10,0.0
6.047068578228382e-11,0.0
6.281528473353331e-11,0.0
1.0182785216832197e-10,0.0
1.370325304212287e-10,0.0
8.130087910188379e-11,0.0
1.3356259206744846e-10,0.0
1.1052541524281375e-10,0.0
1.1962549885994372e-10,0.0
1.0359576013025566e-10,0.0
6.198763282909207e-11,0.0
9.249848376386587e-11,0.0
1.2950515731711537e-10,0.0
9.824534517629667e-11,0.0
1.0585518927139862e-10,0.0
1.1406999842252895e-10,0.0
1.2770004301632864e-10,0.0
1.829994848577906e-10,0.0
1.3545223112035267e-10,0.0
9.043270010883859e-11,0.0
8.555331326836728e-11,0.0
1.4520861026978017e-10,0.0
9.241857559752155e-11,0.0
1.0212851344286912e-10,0.0
7.043272718853319e-11,0.0
1.1037301962192747e-10,0.0
8.40308820784513e-11,0.0
1.0688131504955766e-10,0.0
1.1177336687346116e-10,0.0
1.0399935428182282e-10,0.0
1.0868782457308273e-10,0.0
1.2246720385609475e-10,0.0
9.01315572987995e-11,0.0
1.1608533531483691e-10,0.0
6.518806591674779e-11,0.0
9.155054640600812e-11,0.0
9.367633321649661e-11,0.0
1.1782885344441155e-10,0.0
1.0750521707802447e-10,0.0
5.7186377256408956e-11,0.0
1.2953358845760003e-10,0.0
1.228197384520852e-10,0.0
7.204081517271287e-11,0.0
8.217638744720881e-11,0.0
9.872759774522735e-11,0.0
7.519318064265656e-11,0.0
1.0986859867081755e-10,0.0
1.1777351723141526e-10,0.0
1.0520662168895466e-10,0.0
9.154301435245588e-11,0.0
7.477300358441685e-11,0.0
1.117110103088402e-10,0.0
7.644495322978045e-11,0.0
1.0177898018543425e-10,0.0
8.45870513629637e-11,0.0
1.0123580639731669e-10,0.0
1.1602924386670609e-10,0.0
8.589824731888408e-11,0.0
9.318697622014567e-11,0.0
1.2156423851177168e-10,0.0
7.883682200108186e-11,0.0
7.800060946183587e-11,0.0
1.0052470585272405e-10,0.0
1.1566452381758967e-10,0.0
9.00507737239075e-11,0.0
5.396879377412161e-11,0.0
6.649867497395368e-11,0.0
7.500241889951792e-11,0.0
1.0698325221732323e-10,0.0
1.2380653601541847e-10,0.0
9.544720876000076e-11,0.0
1.3095417615745696e-10,0.0
1.316225537759213e-10,0.0
6.711631351517118e-11,0.0
1.0970409988922663e-10,0.0
1.125340395487883e-10,0.0
1.2026360364091373e-10,0.0
1.1196164738923301e-10,0.0
8.993783297169367e-11,0.0
1.3177560794625514e-10,0.0
1.2067189218211057e-10,0.0
7.724288497540408e-11,0.0
9.960953636704384e-11,0.0
5.701421899918758e-11,0.0
1.0287820809319568e-10,0.0
1.172505942453963e-10,0.0
1.224080363332519e-10,0.0
6.699760797286416e-11,0.0
1.1103979550725846e-10,0.0
1.0816730142466404e-10,0.0
1.5660553767503508e-10,0.0
9.394569955790493e-11,0.0
5.973255719365773e-11,0.0
8.469797385793215e-11,0.0
1.2917706443883058e-10,0.0
1.0999256223401973e-10,0.0
1.1774146551124263e-10,0.0
1.1219419338410395e-10,0.0
6.654953332750141e-11,0.0
1.0206232990069325e-10,0.0
1.2845880680855497e-10,0.0
8.258508366713317e-11,0.0
3.417184583665967e-11,0.0
1.0042847608626415e-10,0.0
9.491993280822669e-11,0.0
7.44353724778778e-11,0.0
1.2570270061283847e-10,0.0
1.1116208512281549e-10,0.0
7.977758281351645e-11,0.0
8.32676927494827e-11,0.0
9.591965534507034e-11,0.0
8.808461673014352e-11,0.0
8.345682943003533e-11,0.0
9.32229046274054e-11,0.0
1.327878805597116e-10,0.0
8.34106897761277e-11,0.0
1.2449225134436722e-10,0.0
9.354488657326586e-11,0.0
1.1483228280679845e-10,0.0
8.583691197553312e-11,0.0
6.195781708531283e-11,0.0
1.8109920671381488e-10,0.0
6.776567977275006e-11,0.0
1.0200996816728089e-10,0.0
1.0855878700602192e-10,0.0
1.181227852036109e-10,0.0
9.711523472651498e-11,0.0
7.343601124213422e-11,0.0
1.2727471501461515e-10,0.0
9.453237637113263e-11,0.0
2.1662106212388045e-11,0.0
1.3358912037760282e-10,0.0
6.53418317895155e-11,0.0
1.0524145928834896e-10,0.0
8.381687448412974e-11,0.0
1.199321951775109e-10,0.0
1.184065059348543e-10,0.0
1.0288581545645366e-10,0.0
8.795622813060366e-11,0.0
8.100389266887317e-11,0.0
1.1868222739183116e-10,0.0
9.941232235308051e-11,0.0
1.0211875052449176e-10,0.0
2.4503529812066166e-09,0.0
8.060397485900414e-11,0.0
1.0877687073467834e-10,0.0
9.694972797493071e-11,0.0
6.584720976615426e-11,0.0
7.704511952837373e-11,0.0
7.371024854658908e-11,0.0
1.1564261038189576e-10,0.0
2.8225893447808566e-10,0.0
1.281842425328899e-10,0.0
7.017618017706079e-11,0.0
1.3071513268403527e-10,0.0
1.0943842572878533e-10,0.0
8.422788944557581e-11,0.0
9.607008240728864e-11,0.0
1.0606105170662559e-10,0.0
6.256442309900902e-11,0.0
1.020103029631416e-10,0.0
9.614779873449775e-11,0.0
9.102597560894868e-11,0.0
7.655787637307654e-11,0.0
8.781791342425823e-11,0.0
1.008075041517849e-10,0.0
6.349849816293605e-11,0.0
1.5015642725839407e-10,0.0
6.660414526422274e-11,0.0
1.5093339595597882e-09,0.0
1.0392218667538232e-10,0.0
1.163050839544491e-10,0.0
8.856236476290661e-11,0.0
9.847374709241565e-11,0.0
1.3329704709414965e-10,0.0
8.068811740254083e-11,0.0
1.1784154286320022e-10,0.0
1.0915646720834127e-10,0.0
1.336669226486201e-10,0.0
7.209995929966767e-11,0.0
7.117533849447145e-11,0.0
7.850472237481806e-11,0.0
6.011927353322108e-11,0.0
1.104966411244289e-10,0.0
7.99551893527797e-11,0.0
1.0009237378399983e-10,0.0
6.598319997774317e-11,0.0
1.1364418495483365e-10,0.0
1.3147910668346083e-10,0.0
1.785973105828156e-10,0.0
1.4833846684880054e-10,0.0
6.729377129601704e-11,0.0
1.2042234737642092e-10,0.0
5.2222384375868836e-11,0.0
8.578067215140321e-11,0.0
1.1948511381812206e-10,0.0
6.53230241826986e-11,0.0
8.78962142850963e-11,0.0
1.1901498301809088e-10,0.0
9.568885062149647e-11,0.0
1.1961797728536665e-10,0.0
1.139828521827774e-10,0.0
1.2475787357592721e-10,0.0
9.886771006958918e-11,0.0
1.496364184465854e-10,0.0
9.00971325644039e-11,0.0
1.1309522883883101e-10,0.0
1.250629632100382e-10,0.0
1.488814556782664e-10,0.0
1.1258354186684913e-10,0.0
6.61583289428776e-11,0.0
9.527299329990065e-11,0.0
1.140024932930051e-10,0.0
1.0382049398791013e-10,0.0
