0.03818378,0.0
0.037547052,0.0
0.041101426,0.0
0.035562813,0.0
0.03973341,0.0
2.344521e-06,0.0
5.2070686e-37,0.0
0.043001026,0.0
0.042740166,0.0
0.037283152,0.0
0.037287503,0.0
0.041850686,0.0
0.015753299,0.0
0.04932359,0.0
0.04341793,0.0
0.040784597,0.0
0.036063552,0.0
0.03858331,0.0
0.04300803,0.0
0.040443093,0.0
0.039534897,0.0
0.039792895,0.0
0.042744905,0.0
0.038264662,0.0
0.040381342,0.0
0.04048446,0.0
0.0368993,0.0
0.04413548,0.0
0.055345148,0.0
0.046307147,0.0
0.041648775,0.0
0.034187317,0.0
0.043875307,0.0
0.041161954,0.0
0.0382666,0.0
0.049105853,0.0
0.046522647,0.0
0.0367423,0.0
0.04387942,0.0
0.041116983,0.0
0.04526502,0.0
0.037842512,0.0
0.010780901,0.0
0.04509303,0.0
0.04210913,0.0
0.03522432,0.0
0.042434573,0.0
0.03522262,0.0
0.05963266,0.0
0.04343182,0.0
0.066274285,0.0
0.040392667,0.0
0.03940603,0.0
0.054891586,0.0
0.033439636,0.0
0.038111,0.0
0.035257638,0.0
0.044920385,0.0
0.04950902,0.0
0.04735422,0.0
0.040107787,0.0
0.039322704,0.0
0.041421086,0.0
0.04752332,0.0
0.05725503,0.0
0.043897122,0.0
0.033611983,0.0
0.045377344,0.0
0.028738111,0.0
0.041060388,0.0
0.046587855,0.0
0.034828603,0.0
0.033590287,0.0
0.06587759,0.0
0.032233477,0.0
0.04348728,0.0
0.043370813,0.0
0.037620008,0.0
0.028144866,0.0
0.03801459,0.0
0.041039914,0.0
0.03879088,0.0
0.037807524,0.0
0.025413543,0.0
0.033317894,0.0
0.042558163,0.0
0.038427442,0.0
0.03778279,0.0
0.036570996,0.0
0.038951308,0.0
0.041329414,0.0
0.04024747,0.0
0.037662923,0.0
0.042004764,0.0
0.03658572,0.0
0.035278916,0.0
0.041602284,0.0
0.040114433,0.0
0.03999442,0.0
0.036220193,0.0
0.04203731,0.0
0.041703433,0.0
0.04038626,0.0
0.038051903,0.0
0.036082387,0.0
0.041618884,0.0
0.038402587,0.0
0.042278558,0.0
0.03794709,0.0
0.04185474,0.0
0.037922263,0.0
0.039639026,0.0
0.041402042,0.0
0.03860596,0.0
0.04072231,0.0
0.0393866,0.0
0.034370065,0.0
0.037280023,0.0
0.042201966,0.0
0.043655872,0.0
0.04302135,0.0
0.043664724,0.0
0.038766503,0.0
0.039423376,0.0
0.03778708,0.0
0.036708117,0.0
0.03827262,0.0
0.045405358,0.0
0.040959716,0.0
0.036754996,0.0
0.037607342,0.0
0.036982715,0.0
0.040521204,0.0
0.041404128,0.0
0.03813106,0.0
0.03822738,0.0
0.04112941,0.0
0.0403454,0.0
0.034595013,0.0
0.038568377,0.0
0.03866926,0.0
0.039069057,0.0
0.040377825,0.0
0.040252715,0.0
0.037164867,0.0
0.03844601,0.0
0.04395044,0.0
0.03794551,0.0
0.044080347,0.0
0.042074263,0.0
0.041006,0.0
0.03897831,0.0
0.04056683,0.0
0.040258527,0.0
0.043517172,0.0
0.03638959,0.0
0.035666764,0.0
0.03877738,0.0
0.039411336,0.0
0.037219673,0.0
0.043074638,0.0
0.03615606,0.0
0.04137644,0.0
0.040376604,0.0
0.04271862,0.0
0.040554583,0.0
0.040439993,0.0
0.037349164,0.0
0.04244733,0.0
0.041535705,0.0
0.04181519,0.0
0.039699256,0.0
0.04001388,0.0
0.035645515,0.0
0.045416623,0.0
0.049330413,0.0
3.4859093e-09,0.0
0.043022573,0.0
0.038000047,0.0
0.037606508,0.0
0.03889346,0.0
0.03695166,0.0
0.035339147,0.0
0.04253319,0.0
0.038222402,0.0
0.037915736,0.0
0.041523755,0.0
0.03812331,0.0
0.03555119,0.0
0.044811875,0.0
0.038816035,0.0
0.0376817,0.0
0.031458586,0.0
0.057849318,0.0
0.039485216,0.0
0.038165778,0.0
0.041954726,0.0
0.037420034,0.0
0.042586774,0.0
0.0405581,0.0
0.039800763,0.0
0.038665384,0.0
0.037668675,0.0
0.041784465,0.0
0.037630707,0.0
0.039536476,0.0
0.03776312,0.0
0.0409967,0.0
0.039722145,0.0
0.03907758,0.0
0.039020836,0.0
0.04073119,0.0
0.041780174,0.0
0.038684368,0.0
0.035505116,0.0
0.042705685,0.0
0.036065906,0.0
0.04144737,0.0
0.03777677,0.0
0.034631968,0.0
0.039176553,0.0
0.039836228,0.0
0.039944977,0.0
0.037932456,0.0
0.04207313,0.0
0.03852296,0.0
0.04436636,0.0
0.037990272,0.0
0.036506623,0.0
0.039090484,0.0
0.039733738,0.0
0.036990613,0.0
0.037503958,0.0
0.04104364,0.0
0.040623605,0.0
0.04200244,0.0
0.039070845,0.0
0.040513307,0.0
0.04071504,0.0
0.041026354,0.0
0.03760022,0.0
0.037923068,0.0
0.039794087,0.0
0.03887257,0.0
0.03899741,0.0
0.039273262,0.0
0.039498717,0.0
0.03698352,0.0
0.036074698,0.0
0.038484335,0.0
0.037566245,0.0
0.03812644,0.0
0.039770514,0.0
0.040968776,0.0
0.042129397,0.0
0.039852202,0.0
0.036854178,0.0
0.03773734,0.0
0.033996493,0.0
0.03899741,0.0
0.048466116,0.0
0.04577431,0.0
0.039310247,0.0
0.039336264,0.0
0.037443757,0.0
0.045004368,0.0
0.038666606,0.0
0.039595664,0.0
0.040847957,0.0
0.04195398,0.0
0.03919226,0.0
0.037377447,0.0
0.042499572,0.0
0.0392448,0.0
0.039381325,0.0
0.039348364,0.0
0.03770128,0.0
0.042093366,0.0
0.037885696,0.0
0.04238829,0.0
0.038424194,0.0
0.036766082,0.0
0.041613877,0.0
0.041358262,0.0
0.04448545,0.0
0.03679827,0.0
0.03999263,0.0
0.036181867,0.0
0.044420183,0.0
0.040848672,0.0
0.03678924,0.0
0.049570322,0.0
0.04157898,0.0
0.040008396,0.0
0.03948936,0.0
0.036050856,0.0
0.042745978,0.0
0.03797391,0.0
0.042823076,0.0
0.04227549,0.0
0.039672017,0.0
0.044238895,0.0
0.038199008,0.0
0.038770795,0.0
0.041302174,0.0
0.039107144,0.0
0.039913267,0.0
0.04316932,0.0
0.03887534,0.0
0.041392267,0.0
0.045661718,0.0
0.0340631,0.0
0.038043946,0.0
0.041071355,0.0
0.042157978,0.0
0.03926882,0.0
0.041712344,0.0
0.041128635,0.0
0.038811922,0.0
0.0370768,0.0
0.044689238,0.0
0.037642837,0.0
0.039330333,0.0
0.042063475,0.0
0.04914522,0.0
0.04090798,0.0
0.039939344,0.0
0.038802683,0.0
0.0475609,0.0
0.039384007,0.0
0.040432274,0.0
0.041540533,0.0
0.03992507,0.0
0.039837778,0.0
0.040870935,0.0
0.03826505,0.0
0.037808567,0.0
0.038259894,0.0
0.03946778,0.0
0.039874822,0.0
0.042767435,0.0
0.038668513,0.0
0.04168129,0.0
0.041089922,0.0
0.039314747,0.0
0.044977188,0.0
0.038469136,0.0
0.043351263,0.0
0.03909862,0.0
0.042591155,0.0
0.03867042,0.0
0.04483816,0.0
0.03873819,0.0
0.03577569,0.0
0.03655055,0.0
0.038432807,0.0
0.037370056,0.0
0.041412026,0.0
0.040627718,0.0
0.036965102,0.0
0.041738182,0.0
0.03900081,0.0
0.03956896,0.0
0.038416237,0.0
0.038119912,0.0
0.04303676,0.0
0.03609979,0.0
0.040268302,0.0
0.041380227,0.0
0.039494783,0.0
0.039535284,0.0
0.04084763,0.0
0.0401749,0.0
0.041135937,0.0
0.03614968,0.0
0.041072786,0.0
0.03933364,0.0
0.03636214,0.0
0.040612936,0.0
0.0386571,0.0
0.03909406,0.0
0.03923127,0.0
0.042655557,0.0
0.039407074,0.0
0.0422875,0.0
0.039353848,0.0
0.0379124,0.0
0.039952636,0.0
0.036724865,0.0
0.039015055,0.0
0.0014578104,0.0
0.034311414,0.0
0.051811337,0.0
0.03545165,0.0
0.031507224,0.0
0.024670303,0.0
0.039310634,0.0
0.035159796,0.0
0.036684185,0.0
0.03931871,0.0
0.039267927,0.0
0.06964725,0.0
0.039376646,0.0
0.04003474,0.0
0.03529659,0.0
0.040218174,0.0
0.03727284,0.0
0.04582563,0.0
0.033817023,0.0
0.043872476,0.0
0.040797383,0.0
0.040832818,0.0
0.03788814,0.0
0.040044993,0.0
0.027379721,0.0
0.04271972,0.0
0.039236665,0.0
0.06772277,0.0
0.04390055,0.0
0.04388699,0.0
0.044041455,0.0
0.01644975,0.0
0.0396159,0.0
0.05949074,0.0
0.04583341,0.0
0.050826102,0.0
0.040597618,0.0
0.038158506,0.0
0.04039046,0.0
0.066533506,0.0
0.042130917,0.0
0.04019472,0.0
0.040961027,0.0
0.04061109,0.0
0.03605181,0.0
0.03940788,0.0
0.038599223,0.0
0.036812216,0.0
0.038755953,0.0
0.036510885,0.0
0.041398197,0.0
0.039451033,0.0
0.030097723,0.0
0.04173714,0.0
0.042836756,0.0
0.039123982,0.0
0.043864578,0.0
0.039988637,0.0
0.041798204,0.0
0.042699218,0.0
0.03717956,0.0
0.03781408,0.0
0.035612673,0.0
0.046987146,0.0
0.04150656,0.0
0.03590381,0.0
0.036649138,0.0
0.038830668,0.0
0.043846518,0.0
0.03903517,0.0
0.044913918,0.0
0.03706184,0.0
0.0420146,0.0
0.041449726,0.0
0.04428813,0.0
0.04002747,0.0
0.04189682,0.0
0.039890826,0.0
0.037174046,0.0
0.04126805,0.0
0.037644386,0.0
0.042408794,0.0
0.038335085,0.0
0.037462562,0.0
0.037506998,0.0
0.04226309,0.0
0.04218051,0.0
0.04309085,0.0
0.03616059,0.0
0.040441155,0.0
0.041513085,0.0
0.03732574,0.0
0.04088998,0.0
0.047142625,0.0
0.036729485,0.0
0.03804323,0.0
0.039913774,0.0
0.039590955,0.0
0.03520462,0.0
0.03897208,0.0
0.039417803,0.0
0.044552684,0.0
0.038906217,0.0
0.04206127,0.0
0.046812028,0.0
0.038422912,0.0
0.038903534,0.0
0.041136086,0.0
0.04016131,0.0
0.040870607,0.0
0.03657937,0.0
0.04118213,0.0
0.04348129,0.0
0.04145375,0.0
0.046167642,0.0
0.041721642,0.0
0.042129427,0.0
0.03820747,0.0
0.042019606,0.0
0.0400075,0.0
0.04390648,0.0
0.041335255,0.0
0.04359868,0.0
0.039572567,0.0
0.034626156,0.0
0.044418216,0.0
0.03912142,0.0
0.040543795,0.0
0.037374854,0.0
0.03752026,0.0
0.03670916,0.0
0.04116711,0.0
0.035366803,0.0
0.0413661,0.0
0.03791496,0.0
0.036993116,0.0
0.03543353,0.0
0.038753808,0.0
0.038462788,0.0
0.037138104,0.0
0.03931141,0.0
0.036987513,0.0
0.039864093,0.0
0.038175732,0.0
0.039489865,0.0
0.036702216,0.0
0.040446967,0.0
0.039144993,0.0
0.03993857,0.0
0.03917733,0.0
0.040230036,0.0
0.039358288,0.0
0.036886096,0.0
0.04008305,0.0
0.036741376,0.0
0.04189059,0.0
0.04076931,0.0
0.038064152,0.0
0.040788203,0.0
0.04132399,0.0
0.03882909,0.0
0.042657793,0.0
0.038656265,0.0
0.04116857,0.0
0.042774886,0.0
0.04387912,0.0
0.04262805,0.0
0.042617917,0.0
0.039049327,0.0
0.037684858,0.0
0.04484123,0.0
0.039397657,0.0
0.038808733,0.0
0.03768292,0.0
0.04799506,0.0
0.037771285,0.0
0.04082319,0.0
0.043201536,0.0
0.045369238,0.0
0.047634542,0.0
0.03671646,0.0
0.03746316,0.0
0.04010126,0.0
0.03938198,0.0
0.0368509,0.0
0.04493314,0.0
0.03968206,0.0
0.04355201,0.0
0.03782484,0.0
0.037624866,0.0
0.038531363,0.0
0.04097277,0.0
0.048180014,0.0
0.039301306,0.0
0.042375386,0.0
0.044136584,0.0
0.046806633,0.0
0.03531477,0.0
0.04517135,0.0
0.041027814,0.0
0.03831041,0.0
0.038036227,0.0
0.037763536,0.0
0.04004848,0.0
0.04067424,0.0
0.039438933,0.0
0.038449943,0.0
0.038830876,0.0
0.048235893,0.0
0.0448744,0.0
0.040629268,0.0
0.04090759,0.0
0.040136218,0.0
0.038526535,0.0
0.040248543,0.0
0.04491052,0.0
0.036236733,0.0
0.038110614,0.0
0.039260954,0.0
0.039592147,0.0
0.039731503,0.0
0.04024586,0.0
0.039427042,0.0
0.043189317,0.0
0.041974634,0.0
0.040924758,0.0
0.037447363,0.0
0.04651296,0.0
0.034331024,0.0
0.040213823,0.0
0.04086739,0.0
0.037931263,0.0
0.04005757,0.0
0.046178013,0.0
0.048974067,0.0
0.049796373,0.0
0.04856223,0.0
0.035542756,0.0
0.06352979,0.0
0.040716857,0.0
0.03887245,0.0
0.03852898,0.0
0.041621268,0.0
0.09418845,0.0
0.039613873,0.0
0.037772477,0.0
0.03693667,0.0
0.037985325,0.0
0.044403523,0.0
0.045544237,0.0
0.040290922,0.0
0.039825886,0.0
0.037516445,0.0
0.030186057,0.0
0.038498998,0.0
0.04047072,0.0
0.03535521,0.0
0.038292944,0.0
0.05052197,0.0
0.04501921,0.0
0.035785794,0.0
0.040816903,0.0
0.04179132,0.0
0.042051017,0.0
0.040382504,0.0
0.044114083,0.0
0.05887276,0.0
0.04196936,0.0
0.044053018,0.0
0.04350871,0.0
0.04672259,0.0
0.032818526,0.0
0.041371673,0.0
0.049545586,0.0
0.055233896,0.0
0.0376195,0.0
0.037853688,0.0
0.033044666,0.0
0.039960623,0.0
0.04177037,0.0
0.034916252,0.0
0.042200923,0.0
0.047525615,0.0
0.041936576,0.0
0.0402202,0.0
0.039753407,0.0
0.041567177,0.0
0.033641905,0.0
0.041368872,0.0
0.036878914,0.0
0.04243362,0.0
0.04449457,0.0
0.046846896,0.0
0.042982787,0.0
0.041586757,0.0
0.040590584,0.0
0.043551117,0.0
0.04440692,0.0
0.045975864,0.0
0.04543394,0.0
0.037430704,0.0
0.03930989,0.0
0.037006497,0.0
0.046209186,0.0
0.041327715,0.0
0.042711556,0.0
0.044510365,0.0
0.05918008,0.0
0.038900524,0.0
0.039468825,0.0
0.037795454,0.0
0.044561446,0.0
0.048196435,0.0
0.038507223,0.0
0.041863978,0.0
0.0385924,0.0
0.03937766,0.0
0.05425036,0.0
0.04436931,0.0
0.037901103,0.0
0.039966583,0.0
0.03664249,0.0
0.050137132,0.0
0.05145386,0.0
0.03767395,0.0
0.036133826,0.0
0.037394613,0.0
0.04185325,0.0
0.035912722,0.0
0.044007033,0.0
0.03866893,0.0
0.05034992,0.0
0.040616453,0.0
0.045872092,0.0
0.03816697,0.0
0.039318085,0.0
0.036960155,0.0
0.040279597,0.0
0.0447329,0.0
0.04503694,0.0
0.04127541,0.0
0.04687813,0.0
0.047204345,0.0
0.040747315,0.0
0.040103883,0.0
0.0349226,0.0
0.04168704,0.0
0.04122618,0.0
0.04052621,0.0
0.039348155,0.0
0.043379575,0.0
0.041757792,0.0
0.033780307,0.0
0.037816316,0.0
0.03813666,0.0
0.056450456,0.0
0.053471923,0.0
0.03382483,0.0
0.04851505,0.0
0.039140105,0.0
0.055946052,0.0
0.03945315,0.0
0.035741746,0.0
0.039098054,0.0
0.04368505,0.0
0.036554724,0.0
0.040125012,0.0
0.04018444,0.0
0.044855297,0.0
0.038133144,0.0
0.033040255,0.0
0.03231314,0.0
0.031398177,0.0
0.0,0.0
0.0,0.0
0.028320253,0.0
0.17323104,0.0
2.1297073e-07,0.0
3.2005045e-07,0.0
4.3868842e-10,0.0
7.3308415e-11,0.0
4.5109402e-12,0.0
0.0,0.0
0.0,0.0
0.0,0.0
3.344218e-31,0.0
0.0,0.0
0.0,0.0
0.0,0.0
0.0,0.0
1.3133676e-15,0.0
0.03284961,0.0
0.037455708,0.0
0.034469545,0.0
0.033195764,0.0
0.033212304,0.0
0.034842044,0.0
0.03509456,0.0
0.035130143,0.0
0.034086496,0.0
0.031070024,0.0
0.032528043,0.0
0.029403567,0.0
0.024589539,0.0
0.043343604,0.0
0.040433913,0.0
0.043408185,0.0
0.040988594,0.0
0.026895314,0.0
0.0520851,0.0
0.04008785,0.0
0.03247398,0.0
0.039456367,0.0
0.043040037,0.0
0.047020882,0.0
0.05108115,0.0
0.044172555,0.0
0.052222252,0.0
0.036296785,0.0
0.046470344,0.0
0.046143383,0.0
0.0577074,0.0
0.045409948,0.0
0.0007355809,0.0
3.8847888e-12,0.0
3.615727e-05,0.0
0.0014943779,0.0
0.036934108,0.0
9.779977e-06,0.0
3.488397e-24,0.0
0.001247406,0.0
0.03133151,0.0
0.001794368,0.0
4.5651607e-11,0.0
3.0546502e-22,0.0
6.079587e-20,0.0
0.00020992756,0.0
0.00526309,0.0
0.0006259382,0.0
5.888497e-11,0.0
1.3508317e-07,0.0
2.442336e-13,0.0
2.2926417e-14,0.0
9.920282e-17,0.0
4.3481322e-21,0.0
7.965221e-15,0.0
3.3705008e-11,0.0
5.0411657e-08,0.0
2.6575584e-18,0.0
6.3825084e-08,0.0
7.7360855e-09,0.0
3.7241965e-20,0.0
1.399931e-13,0.0
8.542446e-09,0.0
0.028030574,0.0
2.868505e-15,0.0
1.9338663e-11,0.0
6.357534e-10,0.0
0.0016416013,0.0
0.06809333,0.0
1.3812122e-08,0.0
0.014011443,0.0
0.00036090612,0.0
2.1732097e-11,0.0
1.9731833e-10,0.0
0.02315098,0.0
0.03891042,0.0
8.427112e-08,0.0
1.4459218e-07,0.0
9.9789865e-08,0.0
0.0004812777,0.0
3.8394074e-07,0.0
0.024452358,0.0
1.8844217e-08,0.0
0.07239291,0.0
0.12809128,0.0
0.03669715,0.0
2.002139e-05,0.0
0.0023128688,0.0
0.00013625622,0.0
0.0030653179,0.0
0.033236474,0.0
0.0021664202,0.0
0.00023242831,0.0
0.0037963986,0.0
1.3973377e-06,0.0
0.0012812316,0.0
0.064564526,0.0
4.522312e-08,0.0
0.020022452,0.0
0.013276249,0.0
0.0027211905,0.0
0.043093324,0.0
0.03345698,0.0
0.033786565,0.0
0.04868275,0.0
0.045513332,0.0
0.033001453,0.0
0.044921666,0.0
0.023334265,0.0
0.040071517,0.0
0.06979549,0.0
0.026060224,0.0
0.003232181,0.0
0.054244757,0.0
0.031818867,0.0
0.04386708,0.0
0.0389027,0.0
7.784265e-05,0.0
0.04971531,0.0
0.012283504,0.0
0.026379257,0.0
0.019104898,0.0
0.00012046758,0.0
0.012403816,0.0
0.0054635406,0.0
0.050061285,0.0
0.04761356,0.0
0.040693015,0.0
0.03563574,0.0
6.248378e-06,0.0
0.034255564,0.0
0.021423876,0.0
0.121144444,0.0
0.039405018,0.0
0.037927777,0.0
0.03269565,0.0
0.04861337,0.0
0.021251202,0.0
0.039200723,0.0
0.03244987,0.0
0.06940183,0.0
0.033142567,0.0
0.032773644,0.0
0.068228275,0.0
0.008548737,0.0
0.07113692,0.0
0.022133946,0.0
0.13584441,0.0
0.06206718,0.0
0.0456917,0.0
0.01281929,0.0
0.005023271,0.0
0.048253387,0.0
0.042496055,0.0
0.040732086,0.0
0.031184763,0.0
0.04177469,0.0
0.05248636,0.0
0.045538157,0.0
0.044386894,0.0
0.046449006,0.0
0.0448699,0.0
0.043165654,0.0
0.041193902,0.0
0.042566597,0.0
0.047464967,0.0
0.04187402,0.0
0.038670123,0.0
0.034742266,0.0
0.041151166,0.0
0.039560914,0.0
0.047353476,0.0
0.03820309,0.0
0.047097296,0.0
0.059708595,0.0
0.042202383,0.0
0.034424067,0.0
0.052051395,0.0
0.044581205,0.0
0.032983035,0.0
0.05202791,0.0
0.050914735,0.0
0.047709703,0.0
0.03647816,0.0
0.041223973,0.0
0.039847553,0.0
0.03767118,0.0
0.051135182,0.0
0.044933707,0.0
0.044696867,0.0
0.04705286,0.0
0.044273615,0.0
0.04245788,0.0
0.044914663,0.0
0.03900513,0.0
0.029626817,0.0
0.040047288,0.0
0.043183744,0.0
0.04246214,0.0
0.04424268,0.0
0.018889755,0.0
0.039111257,0.0
0.041992784,0.0
0.058517188,0.0
0.03369364,0.0
0.039147437,0.0
0.037801445,0.0
0.052394092,0.0
0.03940162,0.0
0.050314695,0.0
0.03948486,0.0
0.037610143,0.0
0.0429886,0.0
0.039765447,0.0
0.051273018,0.0
0.045824528,0.0
0.037243903,0.0
0.05276522,0.0
0.04987529,0.0
0.04093206,0.0
0.046512842,0.0
0.036656886,0.0
0.038817495,0.0
0.04883778,0.0
0.055481315,0.0
0.04140711,0.0
0.04463482,0.0
0.043385923,0.0
0.05719322,0.0
0.031582803,0.0
0.0474993,0.0
0.050233483,0.0
0.04655388,0.0
0.043425173,0.0
0.041015774,0.0
0.047861993,0.0
0.04713276,0.0
0.037871957,0.0
0.040714055,0.0
0.04655096,0.0
0.030718684,0.0
0.038198024,0.0
0.039062172,0.0
0.037270218,0.0
0.049162835,0.0
0.04891354,0.0
0.031188965,0.0
0.03717166,0.0
0.036456108,0.0
0.045701295,0.0
0.04069811,0.0
0.036624283,0.0
0.035674304,0.0
0.044550836,0.0
0.04773107,0.0
0.04265043,0.0
0.059605688,0.0
0.041098356,0.0
0.049337506,0.0
0.054769814,0.0
0.043672413,0.0
0.052748173,0.0
0.03686154,0.0
0.07666668,0.0
0.034273714,0.0
0.051026314,0.0
0.049030602,0.0
0.061528623,0.0
0.055725217,0.0
0.035207123,0.0
0.04797095,0.0
0.04374695,0.0
0.03379196,0.0
0.056979835,0.0
0.040357083,0.0
0.037072897,0.0
0.055454344,0.0
0.049485445,0.0
0.04626316,0.0
0.042623103,0.0
0.04272923,0.0
0.069149494,0.0
0.051944405,0.0
0.042666852,0.0
0.04471162,0.0
0.049405396,0.0
0.040490955,0.0
0.03984964,0.0
0.037473172,0.0
0.04638788,0.0
0.041249692,0.0
0.0635016,0.0
0.045809925,0.0
0.044917613,0.0
0.049448162,0.0
0.053908497,0.0
0.039390296,0.0
0.040769964,0.0
0.04261735,0.0
0.04656291,0.0
0.046622485,0.0
0.04218191,0.0
0.045034766,0.0
0.06460261,0.0
0.08995083,0.0
0.052455425,0.0
0.044085354,0.0
0.046116024,0.0
0.048511773,0.0
0.050489455,0.0
0.056429297,0.0
0.043527007,0.0
0.051374853,0.0
0.063886106,0.0
0.04087594,0.0
0.05891171,0.0
0.05112782,0.0
0.0721581,0.0
0.04956886,0.0
0.05035892,0.0
0.039601654,0.0
0.034617066,0.0
0.07006326,0.0
0.037965298,0.0
0.045060933,0.0
0.0469788,0.0
0.04840958,0.0
0.041522056,0.0
0.05636248,0.0
0.03679374,0.0
0.04389316,0.0
0.03806755,0.0
0.05690646,0.0
0.049907476,0.0
0.103129864,0.0
0.05053565,0.0
0.038157165,0.0
0.04832056,0.0
0.04452005,0.0
0.03580925,0.0
0.056768835,0.0
0.13165364,0.0
0.039144605,0.0
0.039073884,0.0
0.05881813,0.0
0.03580004,0.0
0.04012221,0.0
0.04952702,0.0
0.053120643,0.0
0.08782333,0.0
0.049475998,0.0
0.04280418,0.0
0.038398474,0.0
0.062812746,0.0
0.05438763,0.0
0.05000463,0.0
0.033321828,0.0
0.042996526,0.0
0.053851157,0.0
0.12129879,0.0
0.034291536,0.0
0.05242482,0.0
0.03292504,0.0
0.045898676,0.0
0.039345622,0.0
0.040498555,0.0
0.037532687,0.0
0.070563406,0.0
0.05264312,0.0
0.051432878,0.0
0.037076414,0.0
0.04579386,0.0
0.047525167,0.0
0.03973201,0.0
0.038781613,0.0
0.04127541,0.0
0.049027085,0.0
0.04902506,0.0
0.047889978,0.0
0.040472895,0.0
0.041579694,0.0
0.042034,0.0
0.031917214,0.0
0.04068929,0.0
0.031331748,0.0
0.028248996,0.0
0.04097876,0.0
0.03686562,0.0
0.046122313,0.0
0.04269585,0.0
0.043595433,0.0
0.047400534,0.0
0.043153763,0.0
0.034501255,0.0
0.03858912,0.0
0.049497515,0.0
0.037065715,0.0
0.040009648,0.0
0.06710163,0.0
0.056750894,0.0
0.056014568,0.0
0.040662676,0.0
0.050992638,0.0
0.0606561,0.0
0.037402123,0.0
0.034044445,0.0
0.05626431,0.0
0.048187047,0.0
0.04645899,0.0
0.05443278,0.0
0.048623532,0.0
0.041507363,0.0
0.045066357,0.0
0.049949974,0.0
0.051743895,0.0
0.042711794,0.0
0.03505519,0.0
0.040347725,0.0
0.05500406,0.0
0.066026,0.0
0.06508857,0.0
0.06858617,0.0
0.067804694,0.0
0.06928685,0.0
1.8543705e-09,0.0
1.624464e-19,0.0
0.051567078,0.0
0.06863624,0.0
0.06425163,0.0
0.055473596,0.0
0.06070128,0.0
0.005434394,0.0
0.05630642,0.0
0.07080895,0.0
0.06913561,0.0
0.05782488,0.0
0.069126874,0.0
0.07055083,0.0
0.06791031,0.0
0.06528956,0.0
0.054010153,0.0
0.05378467,0.0
0.065906286,0.0
0.06604895,0.0
0.050797492,0.0
0.06373787,0.0
0.07005483,0.0
0.052243143,0.0
0.03288755,0.0
0.05919814,0.0
0.04520756,0.0
0.06714994,0.0
0.06778243,0.0
0.058915645,0.0
0.059562355,0.0
0.07325336,0.0
0.07496095,0.0
0.06997064,0.0
0.045319945,0.0
0.06476882,0.0
0.042710364,0.0
0.0052649677,0.0
0.05228269,0.0
0.061410308,0.0
0.060031235,0.0
0.06894824,0.0
0.06531361,0.0
0.059326142,0.0
0.06941131,0.0
0.06558275,0.0
0.06840864,0.0
0.06355265,0.0
0.06752518,0.0
0.05253172,0.0
0.051961154,0.0
0.048878014,0.0
0.0524818,0.0
0.049375176,0.0
0.05836892,0.0
0.06663737,0.0
0.05138874,0.0
0.06687471,0.0
0.05853626,0.0
0.072909415,0.0
0.037743807,0.0
0.064160496,0.0
0.07278314,0.0
0.062005043,0.0
0.07153767,0.0
0.06369904,0.0
0.053129375,0.0
0.06431708,0.0
0.056151927,0.0
0.062432468,0.0
0.07038781,0.0
0.06262052,0.0
0.060956687,0.0
0.03477025,0.0
0.06890905,0.0
0.066613644,0.0
0.06707454,0.0
0.06558192,0.0
0.05365008,0.0
0.050629467,0.0
0.063423336,0.0
0.06277317,0.0
0.06988117,0.0
0.068235755,0.0
0.07098171,0.0
0.06821516,0.0
0.06751186,0.0
0.05837804,0.0
0.06351638,0.0
0.054234624,0.0
0.058450222,0.0
0.06799424,0.0
0.07259306,0.0
0.06043014,0.0
0.06262538,0.0
0.067055404,0.0
0.07158992,0.0
0.06564161,0.0
0.06566402,0.0
0.062461853,0.0
0.065451354,0.0
0.060034573,0.0
0.065490276,0.0
0.06927034,0.0
0.06907305,0.0
0.06635353,0.0
0.06160906,0.0
0.0684838,0.0
0.06766495,0.0
0.06700343,0.0
0.06931484,0.0
0.06605533,0.0
0.06691694,0.0
0.066429704,0.0
0.07020107,0.0
0.06756982,0.0
0.061810732,0.0
0.06994724,0.0
0.068975955,0.0
0.057130456,0.0
0.06358555,0.0
0.069315076,0.0
0.05695787,0.0
0.060640186,0.0
0.0613994,0.0
0.06064409,0.0
0.053905815,0.0
0.06516403,0.0
0.06403956,0.0
0.06292707,0.0
0.059854507,0.0
0.062365204,0.0
0.06584787,0.0
0.06333217,0.0
0.063441545,0.0
0.067691505,0.0
0.06584108,0.0
0.06864312,0.0
0.067396075,0.0
0.07038534,0.0
0.06745666,0.0
0.06733152,0.0
0.07139331,0.0
0.06795606,0.0
0.06693265,0.0
0.07248232,0.0
0.0707773,0.0
0.066957355,0.0
0.07063362,0.0
0.059868604,0.0
0.061228305,0.0
0.06793702,0.0
0.06436974,0.0
0.066957146,0.0
0.06602323,0.0
0.06950736,0.0
0.06544483,0.0
0.0674395,0.0
0.06899783,0.0
0.06900188,0.0
0.070949644,0.0
0.0676626,0.0
0.064037114,0.0
0.064207554,0.0
0.06717664,0.0
0.07027149,0.0
0.058301747,0.0
0.069140345,0.0
0.052875757,0.0
0.027385056,0.0
0.033856034,0.0
0.025183648,0.0
0.061655283,0.0
0.06238988,0.0
0.057768553,0.0
0.064722925,0.0
0.032990426,0.0
0.055414498,0.0
0.07076001,0.0
0.06305584,0.0
0.05788499,0.0
0.072552085,0.0
0.06151125,0.0
0.06625068,0.0
0.04707414,0.0
0.06746006,0.0
0.06903505,0.0
0.05192107,0.0
0.06772718,0.0
0.06799227,0.0
0.06579676,0.0
0.06419495,0.0
0.06557399,0.0
0.066085756,0.0
0.06565672,0.0
0.064834714,0.0
0.06889245,0.0
0.065209806,0.0
0.06427017,0.0
0.068983644,0.0
0.06741756,0.0
0.06983435,0.0
0.06534043,0.0
0.06503859,0.0
0.058329076,0.0
0.06777993,0.0
0.06734085,0.0
0.06553045,0.0
0.0617702,0.0
0.05513969,0.0
0.07080558,0.0
0.06915778,0.0
0.06258491,0.0
0.06364766,0.0
0.06894335,0.0
0.06433168,0.0
0.065653265,0.0
0.06767663,0.0
0.06055537,0.0
0.06394422,0.0
0.06617397,0.0
0.06709808,0.0
0.060388476,0.0
0.0668993,0.0
0.0697656,0.0
0.05837831,0.0
0.067278534,0.0
0.06918466,0.0
0.06725478,0.0
0.06742865,0.0
0.06986728,0.0
0.0677779,0.0
0.06585482,0.0
0.06305331,0.0
0.065163314,0.0
0.06731123,0.0
0.068716764,0.0
0.065047234,0.0
0.06639975,0.0
0.070931226,0.0
0.06744984,0.0
0.065429956,0.0
0.062125683,0.0
0.06440747,0.0
0.067436606,0.0
0.06827617,0.0
0.07081208,0.0
0.065956175,0.0
0.065027475,0.0
0.07065642,0.0
0.06655118,0.0
0.0689213,0.0
0.06274921,0.0
0.066161364,0.0
0.035882264,0.0
0.06788486,0.0
0.06124261,0.0
0.07499218,0.0
0.06912476,0.0
0.053196043,0.0
0.06467834,0.0
0.071905255,0.0
0.027570605,0.0
0.05894491,0.0
0.067552656,0.0
0.0672999,0.0
0.0688431,0.0
0.06708315,0.0
0.06474078,0.0
0.06503877,0.0
0.069161,0.0
0.061552644,0.0
0.07109383,0.0
0.067205906,0.0
0.070465386,0.0
0.06324792,0.0
0.068274885,0.0
0.059336334,0.0
0.06864011,0.0
0.07041621,0.0
0.061683774,0.0
0.053771436,0.0
0.056120247,0.0
0.06486541,0.0
0.0554896,0.0
0.06093988,0.0
0.055635154,0.0
0.06038341,0.0
0.06435621,0.0
0.063154906,0.0
0.061151505,0.0
0.06851596,0.0
0.06673831,0.0
0.06819698,0.0
0.07071251,0.0
0.058368146,0.0
0.06836349,0.0
0.06705582,0.0
0.06635243,0.0
0.06783521,0.0
0.06050068,0.0
0.06912318,0.0
0.05840981,0.0
0.06826988,0.0
0.06422058,0.0
0.06946853,0.0
0.05389291,0.0
0.05754301,0.0
0.064828604,0.0
0.0662179,0.0
0.06518662,0.0
0.06803408,0.0
0.06879696,0.0
0.06609395,0.0
0.06801674,0.0
0.06523654,0.0
0.06499332,0.0
0.06677818,0.0
0.060803205,0.0
0.06406322,0.0
0.064721614,0.0
0.054789513,0.0
0.0656673,0.0
0.06849712,0.0
0.062226027,0.0
0.06585029,0.0
0.071130395,0.0
0.068247944,0.0
0.06811783,0.0
0.06352621,0.0
0.059913814,0.0
0.05536002,0.0
0.06903362,0.0
0.06968254,0.0
0.06446034,0.0
0.05924371,0.0
0.06357694,0.0
0.06583682,0.0
0.06667352,0.0
0.06745219,0.0
0.06120187,0.0
0.06521669,0.0
0.07078403,0.0
0.063198954,0.0
0.07017064,0.0
0.064613044,0.0
0.06777543,0.0
0.066450626,0.0
0.063213944,0.0
0.06449622,0.0
0.06332448,0.0
0.06743541,0.0
0.07171112,0.0
0.069799215,0.0
0.068629414,0.0
0.06340328,0.0
0.059904963,0.0
0.066866726,0.0
0.061081648,0.0
0.0641323,0.0
0.06539461,0.0
0.06375244,0.0
0.06755245,0.0
0.065770894,0.0
0.07052475,0.0
0.06825051,0.0
0.060287595,0.0
0.060442954,0.0
0.06589797,0.0
0.061997414,0.0
0.061652124,0.0
0.060905814,0.0
0.06659642,0.0
0.06619039,0.0
0.067002535,0.0
0.07003632,0.0
0.06886855,0.0
0.05903855,0.0
0.06283474,0.0
0.06621072,0.0
0.063328415,0.0
0.060949236,0.0
0.061747313,0.0
0.064009815,0.0
0.06833774,0.0
0.031690896,0.0
0.06075892,0.0
0.05867064,0.0
0.057116628,0.0
0.063069046,0.0
0.045874834,0.0
0.017984986,0.0
0.05687651,0.0
0.053391874,0.0
0.06160465,0.0
0.062243223,0.0
0.057676107,0.0
0.06931135,0.0
0.06633037,0.0
0.06449029,0.0
0.06708589,0.0
0.06591967,0.0
0.0686931,0.0
0.061568916,0.0
0.06502834,0.0
0.04811418,0.0
0.06460801,0.0
0.045859307,0.0
0.053339392,0.0
0.04484859,0.0
0.052322626,0.0
0.050385714,0.0
0.05031967,0.0
0.04641241,0.0
0.061514765,0.0
0.06859988,0.0
0.045706183,0.0
0.059110343,0.0
0.046375483,0.0
0.06460741,0.0
0.062962234,0.0
0.066649556,0.0
0.06758714,0.0
0.065452516,0.0
0.065324694,0.0
0.033828616,0.0
0.059077173,0.0
0.057932347,0.0
0.06493798,0.0
0.067818314,0.0
0.06726274,0.0
0.065864414,0.0
0.06420308,0.0
0.06593332,0.0
0.062219083,0.0
0.06696808,0.0
0.061234325,0.0
0.04947409,0.0
0.06414926,0.0
0.067852706,0.0
0.06872848,0.0
0.064104825,0.0
0.0636681,0.0
0.06760469,0.0
0.068923175,0.0
0.05797258,0.0
0.059566945,0.0
0.064121544,0.0
0.068458974,0.0
0.064396024,0.0
0.066088945,0.0
0.056414068,0.0
0.056286156,0.0
0.06917292,0.0
0.06707266,0.0
0.074671626,0.0
0.064168096,0.0
0.06790659,0.0
0.06693566,0.0
0.0694505,0.0
0.06423524,0.0
0.06693119,0.0
0.06587008,0.0
0.06903288,0.0
0.0688808,0.0
0.066254884,0.0
0.0659312,0.0
0.06946537,0.0
0.06463802,0.0
0.06266245,0.0
0.06918529,0.0
0.07096878,0.0
0.06793481,0.0
0.06395587,0.0
0.071771055,0.0
0.06674585,0.0
0.068460315,0.0
0.064198405,0.0
0.069113255,0.0
0.06844249,0.0
0.062158644,0.0
0.058672875,0.0
0.05768335,0.0
0.06338018,0.0
0.06311086,0.0
0.06426069,0.0
0.07406923,0.0
0.070729464,0.0
0.06643343,0.0
0.038318902,0.0
0.067469865,0.0
0.06685206,0.0
0.065274835,0.0
0.06222251,0.0
0.06878075,0.0
0.0604755,0.0
0.05575946,0.0
0.07079765,0.0
0.064443976,0.0
0.05173534,0.0
0.07064724,0.0
0.06822634,0.0
0.065501034,0.0
0.066412896,0.0
0.06825656,0.0
0.06635171,0.0
0.06832579,0.0
0.06953436,0.0
0.06833702,0.0
0.061973512,0.0
0.06348157,0.0
0.0698261,0.0
0.062990844,0.0
0.06740749,0.0
0.06607914,0.0
0.061703116,0.0
0.062393993,0.0
0.067489594,0.0
0.06574187,0.0
0.067435175,0.0
0.06529561,0.0
0.05792007,0.0
0.06396696,0.0
0.06869972,0.0
0.06560704,0.0
0.06593293,0.0
0.06563255,0.0
0.06947464,0.0
0.069999695,0.0
0.067230254,0.0
0.0654532,0.0
0.06722906,0.0
0.06429914,0.0
0.06724703,0.0
0.06819397,0.0
0.06898305,0.0
0.07513097,0.0
0.06430739,0.0
0.06182909,0.0
0.061128378,0.0
0.06777555,0.0
0.06845862,0.0
0.06854007,0.0
0.066277,0.0
0.037044495,0.0
0.059749722,0.0
0.07049063,0.0
0.058766514,0.0
0.06007245,0.0
0.06831682,0.0
0.06537512,0.0
0.061134815,0.0
0.06689787,0.0
0.05940336,0.0
0.05933094,0.0
0.0664255,0.0
0.059432,0.0
0.06013027,0.0
0.04833412,0.0
0.053825796,0.0
0.06753641,0.0
0.04575762,0.0
0.07161701,0.0
0.07189286,0.0
0.054365158,0.0
0.062152,0.0
0.06407294,0.0
0.06285539,0.0
0.06726968,0.0
0.062355638,0.0
0.05684024,0.0
0.06622952,0.0
0.06609714,0.0
0.06588572,0.0
0.052270025,0.0
0.0637258,0.0
0.059521586,0.0
0.05031264,0.0
0.052402884,0.0
0.068385154,0.0
0.066113055,0.0
0.062467635,0.0
0.047837406,0.0
0.061354935,0.0
0.059531808,0.0
0.06427908,0.0
0.05869916,0.0
0.059102416,0.0
0.06548801,0.0
0.046456426,0.0
0.06844404,0.0
0.056782514,0.0
0.04459387,0.0
0.06981489,0.0
0.06773102,0.0
0.06095177,0.0
0.066771805,0.0
0.065281,0.0
0.068526685,0.0
0.059733033,0.0
0.067448765,0.0
0.060501486,0.0
0.060885638,0.0
0.06510565,0.0
0.06900221,0.0
0.0675312,0.0
0.06869489,0.0
0.06595734,0.0
0.068225205,0.0
0.054085195,0.0
0.061422706,0.0
0.054350913,0.0
0.043795973,0.0
0.061071575,0.0
0.060801297,0.0
0.06861737,0.0
0.04813686,0.0
0.05414027,0.0
0.03697595,0.0
0.060929686,0.0
0.055129975,0.0
0.057415813,0.0
0.04066488,0.0
0.05091861,0.0
0.06498328,0.0
0.049996406,0.0
0.05691409,0.0
0.036489606,0.0
0.010011554,0.0
0.067678034,0.0
0.05891666,0.0
0.03735298,0.0
0.05488038,0.0
0.06380758,0.0
0.060489267,0.0
0.06642783,0.0
0.05016306,0.0
0.06728327,0.0
0.04810989,0.0
0.04708028,0.0
0.05608642,0.0
0.04113084,0.0
0.04322642,0.0
0.055363595,0.0
0.057860106,0.0
0.048909277,0.0
0.05852747,0.0
0.06694287,0.0
0.051354527,0.0
0.05212444,0.0
0.050434828,0.0
0.030148834,0.0
0.040811986,0.0
0.066278666,0.0
0.058331728,0.0
0.06302425,0.0
0.041407257,0.0
0.051705003,0.0
0.034184813,0.0
0.057494164,0.0
0.05589801,0.0
0.055629224,0.0
0.024769604,0.0
0.06536162,0.0
0.05530992,0.0
0.060770392,0.0
0.061639458,0.0
0.059108883,0.0
0.05999145,0.0
0.06012577,0.0
0.060170323,0.0
0.037135154,0.0
0.05864942,0.0
0.049612492,0.0
0.05502194,0.0
0.041753948,0.0
0.035480022,0.0
0.035723716,0.0
0.054277927,0.0
0.063741684,0.0
0.052172303,0.0
0.066349775,0.0
0.04338646,0.0
0.05060008,0.0
0.06325671,0.0
0.034107536,0.0
0.048470587,0.0
0.036805987,0.0
0.048860908,0.0
0.057762027,0.0
0.054749757,0.0
0.04934156,0.0
0.023586988,0.0
0.07243237,0.0
0.06613007,0.0
0.040931582,0.0
0.046914697,0.0
0.07077682,0.0
0.070773095,0.0
0.05601439,0.0
0.05951971,0.0
0.04025218,0.0
0.052029878,0.0
0.030724317,0.0
0.04452762,0.0
0.029824793,0.0
0.060682386,0.0
0.048258364,0.0
0.050376564,0.0
0.038886517,0.0
0.06789181,0.0
3.987311e-05,0.0
0.06601879,0.0
0.062284023,0.0
0.062330604,0.0
0.058505,0.0
0.06456408,0.0
0.054185957,0.0
0.057719618,0.0
0.05878842,0.0
0.060481012,0.0
0.056364745,0.0
0.042441815,0.0
0.063286364,0.0
0.046262324,0.0
0.053325415,0.0
0.04356557,0.0
0.06312537,0.0
0.06903219,0.0
0.07000959,0.0
0.05398926,0.0
0.05145967,0.0
0.066584855,0.0
0.056297928,0.0
0.06773576,0.0
0.054234058,0.0
0.061597377,0.0
0.050261974,0.0
0.06588632,0.0
0.05441025,0.0
0.040400594,0.0
0.07604295,0.0
0.05031386,0.0
0.048150927,0.0
0.04383731,0.0
0.054382652,0.0
0.06426358,0.0
0.05812472,0.0
0.06468791,0.0
0.060345292,0.0
0.05871731,0.0
0.053413242,0.0
0.04831195,0.0
0.060979396,0.0
0.03758979,0.0
1.0269807e-05,0.0
3.2539444e-09,0.0
0.0073242784,0.0
0.0,0.0
2.0215048e-30,0.0
5.930738e-09,0.0
6.7264425e-14,0.0
3.6438773e-31,0.0
0.0,0.0
0.0,0.0
0.0,0.0
0.0,0.0
0.0,0.0
0.0,0.0
0.0,0.0
0.0,0.0
0.0,0.0
0.0,0.0
0.0,0.0
0.0,0.0
9.266861e-29,0.0
0.07568416,0.0
0.06925163,0.0
0.0690172,0.0
0.07485053,0.0
0.073500335,0.0
0.072038114,0.0
0.07324582,0.0
0.07176581,0.0
0.07264975,0.0
0.07313374,0.0
0.07448852,0.0
0.0723916,0.0
0.08226216,0.0
0.020730436,0.0
0.043496728,0.0
0.00422588,0.0
0.051785916,0.0
0.044703335,0.0
0.00014480948,0.0
0.0013197064,0.0
0.0023278594,0.0
0.035497397,0.0
0.033192247,0.0
0.010879189,0.0
0.06439352,0.0
0.030462831,0.0
1.4489357e-10,0.0
0.051841676,0.0
0.022886395,0.0
1.6180133e-08,0.0
1.6552174e-05,0.0
0.010321677,0.0
1.02141934e-10,0.0
5.289181e-25,0.0
1.1792763e-24,0.0
6.0255456e-17,0.0
1.0911693e-11,0.0
3.9814466e-15,0.0
0.0,0.0
3.9700182e-19,0.0
0.018303782,0.0
3.6867675e-12,0.0
3.9881928e-24,0.0
0.0,0.0
0.0,0.0
3.4373926e-25,0.0
2.6718934e-09,0.0
1.3461318e-12,0.0
5.762672e-20,0.0
1.00961985e-17,0.0
1.880243e-30,0.0
1.272584e-25,0.0
3.7188747e-34,0.0
0.0,0.0
1.0212594e-33,0.0
1.0463143e-28,0.0
1.6473851e-34,0.0
9.572901e-33,0.0
3.518101e-26,0.0
2.732277e-21,0.0
2.56376e-30,0.0
3.5669867e-22,0.0
2.843634e-21,0.0
0.0010002255,0.0
1.4025909e-31,0.0
4.3083632e-26,0.0
1.3342859e-20,0.0
2.548357e-09,0.0
0.0032953024,0.0
2.3074482e-25,0.0
9.343169e-12,0.0
5.7373445e-14,0.0
1.8088404e-22,0.0
1.3284946e-22,0.0
2.0312082e-07,0.0
1.1616784e-08,0.0
6.004068e-10,0.0
2.798107e-13,0.0
7.297873e-23,0.0
2.587616e-15,0.0
3.795192e-14,0.0
2.1487085e-09,0.0
1.7529804e-15,0.0
0.00688982,0.0
2.9446786e-08,0.0
8.319404e-05,0.0
5.871352e-14,0.0
8.314509e-11,0.0
9.469508e-16,0.0
2.8074101e-12,0.0
1.5105603e-07,0.0
9.328016e-12,0.0
2.7119652e-14,0.0
1.2592475e-08,0.0
9.417647e-13,0.0
1.3101497e-08,0.0
5.4433667e-06,0.0
1.5313477e-21,0.0
7.081809e-07,0.0
1.02436344e-10,0.0
9.226802e-06,0.0
0.04479733,0.0
0.022362947,0.0
0.04541087,0.0
0.028674662,0.0
0.029202491,0.0
0.0019260645,0.0
0.03955251,0.0
1.2422776e-06,0.0
0.011806458,0.0
2.1395358e-07,0.0
3.8125748e-07,0.0
3.9575037e-09,0.0
0.0011132061,0.0
7.658893e-06,0.0
0.039919615,0.0
0.065728515,0.0
1.846049e-13,0.0
5.0303872e-05,0.0
1.2381637e-10,0.0
4.4341854e-05,0.0
1.7556133e-08,0.0
3.2725314e-08,0.0
4.6759757e-05,0.0
1.878147e-05,0.0
0.00064235926,0.0
0.040052295,0.0
0.0026194751,0.0
0.030478239,0.0
1.7078301e-10,0.0
0.00028941035,0.0
0.005726099,0.0
0.0017637312,0.0
0.018132657,0.0
0.027890801,0.0
0.026693672,0.0
0.0039820373,0.0
0.019807577,0.0
0.046696395,0.0
0.03997788,0.0
0.030271292,0.0
0.016436458,0.0
0.033723474,0.0
0.031392753,0.0
7.734035e-07,0.0
0.024360836,0.0
7.1187463e-07,0.0
5.9248623e-06,0.0
1.5737728e-06,0.0
0.00022256374,0.0
0.00030824542,0.0
7.777378e-05,0.0
0.030783504,0.0
0.044167638,0.0
0.074415386,0.0
0.050838888,0.0
0.050097555,0.0
0.016166508,0.0
0.050736874,0.0
0.049404055,0.0
0.04839948,0.0
0.06717804,0.0
0.048226267,0.0
0.047326773,0.0
0.0473451,0.0
0.053224325,0.0
0.06078863,0.0
0.045886725,0.0
0.03328368,0.0
0.06241262,0.0
0.05150926,0.0
0.056263,0.0
0.054327667,0.0
0.031066358,0.0
0.046836257,0.0
0.052951664,0.0
0.04643777,0.0
0.067065686,0.0
0.061851144,0.0
0.055982947,0.0
0.052444458,0.0
0.05008909,0.0
0.042454362,0.0
0.042721987,0.0
0.02575916,0.0
0.022589236,0.0
0.025347859,0.0
0.058102995,0.0
0.052063197,0.0
0.049723893,0.0
0.040046006,0.0
0.06589651,0.0
0.04485035,0.0
0.032838196,0.0
0.04743254,0.0
0.034991294,0.0
0.049724042,0.0
0.058697373,0.0
0.02090776,0.0
0.042640448,0.0
8.5523914e-07,0.0
0.013869017,0.0
0.04244125,0.0
0.03917575,0.0
0.04805389,0.0
0.05481422,0.0
0.008089572,0.0
0.057148993,0.0
0.052191556,0.0
0.05282134,0.0
0.05365306,0.0
0.06320459,0.0
0.054653227,0.0
0.044088423,0.0
0.060020804,0.0
0.055674672,0.0
0.029238254,0.0
0.037500083,0.0
0.018601626,0.0
0.05674839,0.0
0.037261754,0.0
0.05219394,0.0
0.05277857,0.0
0.0556477,0.0
0.0581398,0.0
0.04900375,0.0
0.05867198,0.0
0.053349555,0.0
0.058838427,0.0
0.010091335,0.0
0.053032786,0.0
0.04750806,0.0
0.048924863,0.0
0.047623664,0.0
0.0698235,0.0
0.029720366,0.0
0.037202686,0.0
0.05362305,0.0
0.05392006,0.0
0.035295963,0.0
0.037995428,0.0
0.05411145,0.0
0.058113635,0.0
0.030570388,0.0
0.041435897,0.0
0.053628266,0.0
0.01780951,0.0
0.04590842,0.0
0.040474802,0.0
0.03920856,0.0
0.036825508,0.0
0.00038847327,0.0
0.025296628,0.0
0.026337743,0.0
0.05371687,0.0
0.043664873,0.0
0.036815286,0.0
0.041765243,0.0
0.035568327,0.0
0.0490067,0.0
0.07043216,0.0
0.027729422,0.0
0.044603765,0.0
0.015832454,0.0
0.059610665,0.0
0.036723852,0.0
0.04698652,0.0
0.007501453,0.0
0.011287391,0.0
0.027832031,0.0
0.04096952,1.0
0.06565252,1.0
0.051373094,1.0
0.04847905,1.0
0.043629676,1.0
0.046527296,1.0
0.026525557,1.0
0.036015958,1.0
0.06470534,1.0
0.04275769,1.0
0.039536744,1.0
0.04764402,1.0
0.035068035,1.0
0.046880007,1.0
0.04618746,1.0
0.054735184,1.0
0.058592767,1.0
0.039848924,1.0
0.042206913,1.0
0.06862384,1.0
0.03871903,1.0
0.009295166,1.0
0.044540107,1.0
0.03749734,1.0
0.06114158,1.0
0.029659837,1.0
0.050216794,1.0
0.041223675,1.0
0.063806295,1.0
0.046770215,1.0
0.051908195,1.0
0.037881672,1.0
0.045766056,1.0
0.029061884,1.0
0.037063062,1.0
0.056991667,1.0
0.055076003,1.0
0.058264524,1.0
0.054945767,1.0
0.01890093,1.0
0.040499717,1.0
0.044364154,1.0
0.042482704,1.0
0.033501714,1.0
0.037344277,1.0
0.029755592,1.0
0.018552363,1.0
0.043564767,1.0
0.009226203,1.0
0.023623407,1.0
0.04313916,1.0
0.04955256,1.0
0.019786954,1.0
0.0351806,1.0
0.034816056,1.0
0.041493595,1.0
0.033225626,1.0
0.034880787,1.0
0.047682703,1.0
0.0533897,1.0
0.04025215,1.0
0.03616497,1.0
0.03895232,1.0
0.016427517,1.0
0.0005413592,1.0
0.026867002,1.0
0.026849747,1.0
0.041417867,1.0
0.036678314,1.0
0.027863175,1.0
0.023881108,1.0
0.042055666,1.0
0.03716463,1.0
0.028118402,1.0
0.056321234,1.0
0.052830964,1.0
0.04761681,1.0
0.023213685,1.0
0.030028522,1.0
0.040911913,1.0
0.033707917,1.0
0.04241699,1.0
0.044723928,1.0
0.060331136,1.0
0.042665303,1.0
0.03689149,1.0
0.033232033,1.0
0.031110615,1.0
0.042090178,1.0
0.03507951,1.0
0.040391296,1.0
0.046440214,0.0
0.04673335,0.0
0.038559526,0.0
0.048676908,0.0
0.043218017,0.0
0.05203569,0.0
0.030351311,0.0
0.0356133,0.0
0.033028394,0.0
0.04276511,0.0
0.06117204,0.0
0.04376641,0.0
0.051236928,0.0
0.011775255,0.0
0.03086868,0.0
0.060180128,0.0
0.0381009,0.0
0.025200337,0.0
0.041437417,0.0
0.037362933,0.0
0.04135859,0.0
0.03644535,0.0
0.0025990307,0.0
0.026371688,0.0
0.0335252,0.0
0.061688513,0.0
0.050989926,0.0
0.048574895,0.0
0.04332128,0.0
0.04690203,0.0
0.027909517,0.0
0.026635319,0.0
0.05906123,0.0
0.03179893,0.0
0.031678617,0.0
0.05030659,0.0
0.049726337,0.0
0.056161106,0.0
0.05656314,0.0
0.048226327,0.0
0.02920422,0.0
0.054855764,0.0
0.039605975,0.0
0.033549935,0.0
0.022506356,0.0
0.0057978034,0.0
0.006829202,0.0
0.04357344,0.0
0.040229052,0.0
0.060841948,0.0
0.023893446,0.0
0.06333396,0.0
0.046485215,0.0
0.037923157,0.0
0.05853188,0.0
0.052797914,0.0
0.03158781,0.0
0.02547431,0.0
0.024273545,0.0
0.021934837,0.0
0.025799006,0.0
0.022029221,0.0
0.024659544,0.0
9.911018e-09,0.0
1.5521204e-28,0.0
0.033189505,0.0
0.027035952,0.0
0.022468,0.0
0.02222243,0.0
0.040504247,0.0
0.045188308,0.0
0.026159048,0.0
0.025320232,0.0
0.02541697,0.0
0.023238301,0.0
0.024106055,0.0
0.029171705,0.0
0.026439935,0.0
0.02053225,0.0
0.030206025,0.0
0.020351887,0.0
0.024670064,0.0
0.026443958,0.0
0.025500983,0.0
0.026284754,0.0
0.02876094,0.0
0.035612553,0.0
0.028668582,0.0
0.023572832,0.0
0.022285998,0.0
0.026709914,0.0
0.025810301,0.0
0.02768585,0.0
0.024480551,0.0
0.031975687,0.0
0.039707065,0.0
0.027368337,0.0
0.0255315,0.0
0.026261061,0.0
0.04055825,0.0
0.0055806637,0.0
0.030196428,0.0
0.023257136,0.0
0.021910578,0.0
0.027198642,0.0
0.023339719,0.0
0.039146632,0.0
0.022987843,0.0
0.035310984,0.0
0.027123481,0.0
0.022231638,0.0
0.024948299,0.0
0.019679993,0.0
0.027850717,0.0
0.021607041,0.0
0.023225814,0.0
0.024020016,0.0
0.05181548,0.0
0.021959364,0.0
0.021117806,0.0
0.036825776,0.0
0.038633615,0.0
0.031877756,0.0
0.023771554,0.0
0.021572858,0.0
0.025211066,0.0
0.021008462,0.0
0.024342358,0.0
0.028869659,0.0
0.020348877,0.0
0.021050751,0.0
0.031146616,0.0
0.02102068,0.0
0.037293673,0.0
0.025321603,0.0
0.024975598,0.0
0.018879145,0.0
0.025768846,0.0
0.02650252,0.0
0.024675995,0.0
0.025233865,0.0
0.017261446,0.0
0.029000401,0.0
0.023575932,0.0
0.024030268,0.0
0.02404651,0.0
0.02213642,0.0
0.027594447,0.0
0.025558412,0.0
0.025968999,0.0
0.023746371,0.0
0.027722329,0.0
0.026815653,0.0
0.021521807,0.0
0.0262205,0.0
0.027620465,0.0
0.023754627,0.0
0.024152905,0.0
0.025808185,0.0
0.026184946,0.0
0.024630487,0.0
0.025453895,0.0
0.021946937,0.0
0.028037935,0.0
0.025526851,0.0
0.027504027,0.0
0.02375117,0.0
0.026010513,0.0
0.024116367,0.0
0.024671912,0.0
0.02573958,0.0
0.025405407,0.0
0.026174724,0.0
0.025260806,0.0
0.022661418,0.0
0.023733586,0.0
0.027134746,0.0
0.027649105,0.0
0.021554857,0.0
0.026111066,0.0
0.023139805,0.0
0.02446273,0.0
0.024686128,0.0
0.023403764,0.0
0.024539322,0.0
0.027509838,0.0
0.026367754,0.0
0.02302429,0.0
0.031737477,0.0
0.02325067,0.0
0.023618639,0.0
0.02518642,0.0
0.024352103,0.0
0.024415523,0.0
0.026001453,0.0
0.024869502,0.0
0.02281326,0.0
0.025372207,0.0
0.024981916,0.0
0.024530888,0.0
0.023965687,0.0
0.026210666,0.0
0.024172962,0.0
0.024390072,0.0
0.026936531,0.0
0.024473757,0.0
0.025639296,0.0
0.02625978,0.0
0.024948329,0.0
0.024855822,0.0
0.025732726,0.0
0.025650293,0.0
0.026288062,0.0
0.023136556,0.0
0.024683982,0.0
0.024293631,0.0
0.025309771,0.0
0.024702072,0.0
0.026171625,0.0
0.022770375,0.0
0.025095314,0.0
0.025561541,0.0
0.0273906,0.0
0.026116788,0.0
0.027226746,0.0
0.023673564,0.0
0.026417047,0.0
0.027538985,0.0
0.0256567,0.0
0.026303053,0.0
0.0260247,0.0
0.022299767,0.0
0.02110678,0.0
0.030998707,0.0
1.3861388e-09,0.0
0.031790674,0.0
0.023784906,0.0
0.02313885,0.0
0.02391705,0.0
0.02492237,0.0
0.023775458,0.0
0.02515167,0.0
0.022684783,0.0
0.024003476,0.0
0.027320653,0.0
0.022770941,0.0
0.021288127,0.0
0.03179556,0.0
0.02348259,0.0
0.024074912,0.0
0.034058988,0.0
0.03839761,0.0
0.025599182,0.0
0.02448824,0.0
0.025818735,0.0
0.022371829,0.0
0.028310478,0.0
0.025122344,0.0
0.023735583,0.0
0.025910378,0.0
0.02265191,0.0
0.026062876,0.0
0.024400383,0.0
0.024749607,0.0
0.02422002,0.0
0.025996596,0.0
0.025499642,0.0
0.02567929,0.0
0.024752706,0.0
0.025600672,0.0
0.027651489,0.0
0.025325239,0.0
0.021978348,0.0
0.027950197,0.0
0.02481711,0.0
0.02443549,0.0
0.022853464,0.0
0.02336061,0.0
0.024698079,0.0
0.02532646,0.0
0.023818135,0.0
0.023390412,0.0
0.026278973,0.0
0.025040627,0.0
0.02863741,0.0
0.024150014,0.0
0.023211122,0.0
0.024781525,0.0
0.02268675,0.0
0.025082707,0.0
0.02260837,0.0
0.025319785,0.0
0.025744915,0.0
0.027493298,0.0
0.023430765,0.0
0.025280267,0.0
0.026031941,0.0
0.025677443,0.0
0.025078535,0.0
0.024489462,0.0
0.026692957,0.0
0.024447083,0.0
0.024618208,0.0
0.025537252,0.0
0.025967568,0.0
0.022917837,0.0
0.024544299,0.0
0.025411934,0.0
0.024744242,0.0
0.02499649,0.0
0.02265048,0.0
0.02522993,0.0
0.026361287,0.0
0.026382387,0.0
0.02486977,0.0
0.023917586,0.0
0.025724173,0.0
0.030755669,0.0
0.0300318,0.0
0.030604005,0.0
0.026176006,0.0
0.025203884,0.0
0.023491949,0.0
0.027125001,0.0
0.024201602,0.0
0.024107933,0.0
0.024870485,0.0
0.026690096,0.0
0.025800616,0.0
0.024855345,0.0
0.02522096,0.0
0.023884982,0.0
0.02396819,0.0
0.02589199,0.0
0.023461044,0.0
0.027258962,0.0
0.025122702,0.0
0.027216464,0.0
0.02482596,0.0
0.023300618,0.0
0.025529832,0.0
0.026854873,0.0
0.029192507,0.0
0.023588985,0.0
0.026153356,0.0
0.022833347,0.0
0.029042423,0.0
0.025099427,0.0
0.023028582,0.0
0.0305112,0.0
0.028980136,0.0
0.023989141,0.0
0.023858368,0.0
0.022108167,0.0
0.026475817,0.0
0.024677515,0.0
0.025957316,0.0
0.026708513,0.0
0.02596438,0.0
0.027044773,0.0
0.023687601,0.0
0.026177406,0.0
0.026549488,0.0
0.02556011,0.0
0.026822954,0.0
0.026174098,0.0
0.025433838,0.0
0.02695024,0.0
0.029146701,0.0
0.02282846,0.0
0.023957968,0.0
0.02529946,0.0
0.028547198,0.0
0.024581641,0.0
0.027290463,0.0
0.025374115,0.0
0.024884254,0.0
0.021900326,0.0
0.026814908,0.0
0.023498297,0.0
0.02504623,0.0
0.026894033,0.0
0.030965626,0.0
0.026152074,0.0
0.024791926,0.0
0.025616169,0.0
0.025243044,0.0
0.024279982,0.0
0.024721503,0.0
0.025092185,0.0
0.024732232,0.0
0.023331374,0.0
0.02633056,0.0
0.024077743,0.0
0.024052382,0.0
0.023287266,0.0
0.025585383,0.0
0.024411589,0.0
0.02790448,0.0
0.02276364,0.0
0.02358365,0.0
0.027195305,0.0
0.024192482,0.0
0.027384162,0.0
0.022437692,0.0
0.026952416,0.0
0.024872214,0.0
0.026850075,0.0
0.023625642,0.0
0.025832593,0.0
0.026381046,0.0
0.022545993,0.0
0.022620767,0.0
0.024191856,0.0
0.02397564,0.0
0.026174277,0.0
0.025811374,0.0
0.023584753,0.0
0.024850428,0.0
0.022902131,0.0
0.026567906,0.0
0.022566706,0.0
0.02307719,0.0
0.027391493,0.0
0.022984654,0.0
0.024526954,0.0
0.0270513,0.0
0.025685072,0.0
0.025485635,0.0
0.024488032,0.0
0.02566567,0.0
0.025660902,0.0
0.022396237,0.0
0.025238812,0.0
0.024935126,0.0
0.023318231,0.0
0.02600497,0.0
0.024513692,0.0
0.024812073,0.0
0.024070501,0.0
0.026378304,0.0
0.024064898,0.0
0.027937233,0.0
0.024475545,0.0
0.02420488,0.0
0.02449724,0.0
0.023300499,0.0
0.02522844,0.0
0.020406306,0.0
0.025256932,0.0
0.028806299,0.0
0.023323685,0.0
0.021826506,0.0
0.021073341,0.0
0.029933125,0.0
0.021141142,0.0
0.023922712,0.0
0.017035931,0.0
0.004942596,0.0
0.038974524,0.0
0.025937289,0.0
0.02353859,0.0
0.022221774,0.0
0.02551797,0.0
0.023666501,0.0
0.02836904,0.0
0.02088958,0.0
0.025981545,0.0
0.025645912,0.0
0.026573747,0.0
0.024226546,0.0
0.026058465,0.0
0.01952222,0.0
0.025247067,0.0
0.02059704,0.0
0.050168306,0.0
0.03907582,0.0
0.026296198,0.0
0.026163846,0.0
0.032319963,0.0
0.022765487,0.0
0.02288261,0.0
0.029537946,0.0
0.03712672,0.0
0.024354279,0.0
0.024166256,0.0
0.028807878,0.0
0.030037612,0.0
0.029400945,0.0
0.025129706,0.0
0.024687141,0.0
0.026203513,0.0
0.023873508,0.0
0.023175746,0.0
0.024090141,0.0
0.023185909,0.0
0.02459389,0.0
0.023293078,0.0
0.025642574,0.0
0.026336491,0.0
0.02439481,0.0
0.028571814,0.0
0.02762258,0.0
0.026962101,0.0
0.02676335,0.0
0.025488645,0.0
0.025055468,0.0
0.025765479,0.0
0.023673415,0.0
0.022403985,0.0
0.027592272,0.0
0.030430794,0.0
0.024652362,0.0
0.022879988,0.0
0.024331123,0.0
0.023115546,0.0
0.025912434,0.0
0.024030924,0.0
0.029630512,0.0
0.022601604,0.0
0.026830852,0.0
0.027142286,0.0
0.029057771,0.0
0.023554772,0.0
0.029689282,0.0
0.025755852,0.0
0.023694664,0.0
0.025499284,0.0
0.02454257,0.0
0.027359962,0.0
0.025060683,0.0
0.023740232,0.0
0.024532378,0.0
0.024927348,0.0
0.025567025,0.0
0.027081162,0.0
0.023735493,0.0
0.024992794,0.0
0.025265664,0.0
0.023985952,0.0
0.025462031,0.0
0.027252674,0.0
0.024394035,0.0
0.023699969,0.0
0.024512053,0.0
0.024391264,0.0
0.020997286,0.0
0.024525046,0.0
0.02523747,0.0
0.028601825,0.0
0.02397114,0.0
0.026525855,0.0
0.025999546,0.0
0.02630511,0.0
0.025952458,0.0
0.021877795,0.0
0.026417106,0.0
0.026292205,0.0
0.022013336,0.0
0.027101308,0.0
0.027357548,0.0
0.026217818,0.0
0.02894777,0.0
0.02778539,0.0
0.02622348,0.0
0.024057478,0.0
0.025922626,0.0
0.024592847,0.0
0.026623785,0.0
0.024987012,0.0
0.027093679,0.0
0.025448054,0.0
0.021710753,0.0
0.028524846,0.0
0.02364099,0.0
0.026213586,0.0
0.023682415,0.0
0.022844106,0.0
0.023664594,0.0
0.026613444,0.0
0.022839487,0.0
0.026273996,0.0
0.02584964,0.0
0.023001254,0.0
0.021196723,0.0
0.025376558,0.0
0.024250448,0.0
0.024127692,0.0
0.024638176,0.0
0.02236858,0.0
0.026216209,0.0
0.025009245,0.0
0.024515659,0.0
0.024033755,0.0
0.026463687,0.0
0.02511996,0.0
0.024770916,0.0
0.025869697,0.0
0.025080055,0.0
0.025804281,0.0
0.023763686,0.0
0.025767863,0.0
0.023733795,0.0
0.02805397,0.0
0.025119215,0.0
0.024295866,0.0
0.0265553,0.0
0.023110777,0.0
0.025918633,0.0
0.026427507,0.0
0.0240601,0.0
0.02441743,0.0
0.027654797,0.0
0.02738282,0.0
0.025102109,0.0
0.026494235,0.0
0.024391532,0.0
0.02528125,0.0
0.02781871,0.0
0.025962323,0.0
0.025845885,0.0
0.024822235,0.0
0.02982071,0.0
0.024504215,0.0
0.026125789,0.0
0.026791483,0.0
0.028992146,0.0
0.03127724,0.0
0.024272501,0.0
0.024212658,0.0
0.025022924,0.0
0.023656964,0.0
0.022986084,0.0
0.027695447,0.0
0.024926037,0.0
0.026267737,0.0
0.022676796,0.0
0.02431506,0.0
0.02648753,0.0
0.02576664,0.0
0.029631913,0.0
0.024632245,0.0
0.025852859,0.0
0.027808487,0.0
0.03117159,0.0
0.022477537,0.0
0.029327095,0.0
0.026717275,0.0
0.024086297,0.0
0.023654789,0.0
0.023071826,0.0
0.025815904,0.0
0.024350256,0.0
0.025494039,0.0
0.02407363,0.0
0.027160108,0.0
0.02740106,0.0
0.02847609,0.0
0.023646802,0.0
0.028125405,0.0
0.025816679,0.0
0.025831223,0.0
0.02569601,0.0
0.027577788,0.0
0.02172035,0.0
0.026138693,0.0
0.024266183,0.0
0.02391085,0.0
0.0243451,0.0
0.027661324,0.0
0.025865376,0.0
0.028780997,0.0
0.022915691,0.0
0.025166988,0.0
0.024102986,0.0
0.030619234,0.0
0.020224571,0.0
0.024799943,0.0
0.025655925,0.0
0.02603507,0.0
0.025950879,0.0
0.027629226,0.0
0.031689882,0.0
0.0340313,0.0
0.02848342,0.0
0.02347073,0.0
0.03690183,0.0
0.02370879,0.0
0.026646227,0.0
0.023433447,0.0
0.026024312,0.0
0.05170554,0.0
0.026794672,0.0
0.023368657,0.0
0.024512827,0.0
0.02435574,0.0
0.02617833,0.0
0.029738158,0.0
0.024100602,0.0
0.026230633,0.0
0.024148494,0.0
0.018273443,0.0
0.026107818,0.0
0.025706112,0.0
0.022946537,0.0
0.023945808,0.0
0.027874947,0.0
0.025786608,0.0
0.020911694,0.0
0.026089579,0.0
0.027107656,0.0
0.02581057,0.0
0.02574861,0.0
0.02905786,0.0
0.03653297,0.0
0.027533323,0.0
0.027810097,0.0
0.025278926,0.0
0.030284762,0.0
0.023663461,0.0
0.025939226,0.0
0.03530091,0.0
0.03432712,0.0
0.023681968,0.0
0.022355229,0.0
0.022825152,0.0
0.024383634,0.0
0.023746878,0.0
0.022918552,0.0
0.024814844,0.0
0.026186287,0.0
0.026803344,0.0
0.024593264,0.0
0.023879975,0.0
0.026973754,0.0
0.021636039,0.0
0.025577664,0.0
0.022533387,0.0
0.025899619,0.0
0.02635914,0.0
0.030796915,0.0
0.024712354,0.0
0.025942355,0.0
0.025235921,0.0
0.028359681,0.0
0.025726467,0.0
0.028110862,0.0
0.027891815,0.0
0.023432463,0.0
0.024654716,0.0
0.025811791,0.0
0.024877846,0.0
0.024998069,0.0
0.028495878,0.0
0.028991073,0.0
0.036839247,0.0
0.025393486,0.0
0.024926037,0.0
0.023845166,0.0
0.029771239,0.0
0.02764979,0.0
0.024699599,0.0
0.026071489,0.0
0.025216341,0.0
0.024748892,0.0
0.03659457,0.0
0.029533237,0.0
0.022975206,0.0
0.025156528,0.0
0.022350013,0.0
0.03155318,0.0
0.032453477,0.0
0.023843318,0.0
0.023117453,0.0
0.031608462,0.0
0.025079817,0.0
0.021546721,0.0
0.027605563,0.0
0.024309993,0.0
0.02993831,0.0
0.02543202,0.0
0.026600033,0.0
0.02314207,0.0
0.025864005,0.0
0.024787277,0.0
0.023603499,0.0
0.027385801,0.0
0.027388602,0.0
0.025926918,0.0
0.028756022,0.0
0.028444141,0.0
0.026879907,0.0
0.024693549,0.0
0.022975832,0.0
0.02763477,0.0
0.024151474,0.0
0.026414841,0.0
0.024028152,0.0
0.024548262,0.0
0.026475817,0.0
0.0226129,0.0
0.022033244,0.0
0.02320081,0.0
0.038381845,0.0
0.03073275,0.0
0.021472394,0.0
0.029982507,0.0
0.02525726,0.0
0.032239586,0.0
0.025213331,0.0
0.022174,0.0
0.023124427,0.0
0.02662006,0.0
0.021732807,0.0
0.025543928,0.0
0.024343044,0.0
0.026884794,0.0
0.02845323,0.0
0.032828838,0.0
0.02500856,0.0
0.020936549,0.0
0.0,0.0
0.00026723742,0.0
0.08232421,0.0
0.1335654,0.0
0.00010402539,0.0
1.7835654e-09,0.0
8.908392e-09,0.0
1.582089e-11,0.0
4.2120533e-11,0.0
0.0,0.0
0.0,0.0
0.0,0.0
0.0,0.0
0.0,0.0
0.0,0.0
0.0,0.0
0.0,0.0
3.35242e-15,0.0
0.022299558,0.0
0.023261279,0.0
0.022601187,0.0
0.0205625,0.0
0.020451218,0.0
0.022013575,0.0
0.022054046,0.0
0.022330672,0.0
0.023040593,0.0
0.020426482,0.0
0.019773543,0.0
0.017915606,0.0
0.013254732,0.0
0.028297096,0.0
0.023988605,0.0
0.02673164,0.0
0.020883083,0.0
0.015299827,0.0
0.033714622,0.0
0.027222663,0.0
0.017406434,0.0
0.025838614,0.0
0.027124137,0.0
0.029380858,0.0
0.029966831,0.0
0.02488783,0.0
0.023299754,0.0
0.024265379,0.0
0.027869284,0.0
0.035529792,0.0
0.038066447,0.0
0.029874086,0.0
0.0009820163,0.0
1.4261876e-12,0.0
8.637127e-07,0.0
9.981486e-05,0.0
0.017525554,0.0
1.7879236e-05,0.0
3.2895261e-28,0.0
1.0957725e-05,0.0
0.02003643,0.0
0.0025267303,0.0
1.6974558e-12,0.0
1.4743725e-24,0.0
2.9173374e-22,0.0
7.187012e-06,0.0
0.01056686,0.0
0.0028066635,0.0
4.2217372e-11,0.0
1.5961735e-06,0.0
6.758835e-15,0.0
5.5042745e-14,0.0
1.2769797e-18,0.0
7.424829e-22,0.0
2.8338088e-16,0.0
2.1050687e-12,0.0
2.0829721e-10,0.0
1.21105446e-20,0.0
1.2318473e-08,0.0
5.5106435e-09,0.0
6.129941e-18,0.0
5.299304e-12,0.0
3.781511e-08,0.0
0.034310818,0.0
1.1528555e-16,0.0
8.017988e-12,0.0
3.8952637e-09,0.0
0.0030068457,0.0
0.048977643,0.0
7.605174e-09,0.0
0.0066868365,0.0
0.00031518936,0.0
1.0045097e-11,0.0
5.6553517e-09,0.0
0.049731195,0.0
0.063067615,0.0
1.939989e-06,0.0
7.672414e-07,0.0
8.314311e-09,0.0
0.00054600835,0.0
3.399923e-06,0.0
0.029246032,0.0
1.8313907e-08,0.0
0.056442052,0.0
0.08630803,0.0
0.03191781,0.0
2.1662885e-05,0.0
0.011839539,0.0
0.00055009127,0.0
0.0047499835,0.0
0.024459869,0.0
0.0018248856,0.0
6.389046e-05,0.0
0.010128289,0.0
6.4965107e-06,0.0
0.0031878352,0.0
0.049119353,0.0
1.3517563e-08,0.0
0.018963635,0.0
0.029250234,0.0
0.0034317076,0.0
0.027972132,0.0
0.024743825,0.0
0.022110164,0.0
0.032085836,0.0
0.028349668,0.0
0.026863098,0.0
0.02992469,0.0
0.022280276,0.0
0.026091963,0.0
0.07042426,0.0
0.020403922,0.0
0.004262656,0.0
0.032498717,0.0
0.03275007,0.0
0.027537167,0.0
0.02212727,0.0
0.000118196695,0.0
0.041060448,0.0
0.0049163997,0.0
0.018406361,0.0
0.020929694,0.0
0.0006148815,0.0
0.010504395,0.0
0.010264754,0.0
0.047864735,0.0
0.02618584,0.0
0.028421849,0.0
0.026301056,0.0
7.4411723e-06,0.0
0.025185704,0.0
0.022107393,0.0
0.059770465,0.0
0.025335103,0.0
0.03081739,0.0
0.020707428,0.0
0.026016653,0.0
0.02536583,0.0
0.023697197,0.0
0.021979779,0.0
0.033163756,0.0
0.02177301,0.0
0.02311477,0.0
0.0411883,0.0
0.010177195,0.0
0.051819503,0.0
0.02227369,0.0
0.10591075,0.0
0.015650123,0.0
0.030194074,0.0
0.009945571,0.0
0.0104497075,0.0
0.024733156,0.0
0.024902105,0.0
0.024941325,0.0
0.023434907,0.0
0.025213897,0.0
0.034795254,0.0
0.024925023,0.0
0.027373463,0.0
0.028069317,0.0
0.026250213,0.0
0.027693868,0.0
0.02471432,0.0
0.028006136,0.0
0.034336597,0.0
0.026721299,0.0
0.025328308,0.0
0.020881385,0.0
0.026987493,0.0
0.027221352,0.0
0.028775692,0.0
0.024749637,0.0
0.030563593,0.0
0.031968743,0.0
0.026280344,0.0
0.022239089,0.0
0.02995187,0.0
0.02578345,0.0
0.022052556,0.0
0.029076219,0.0
0.029352963,0.0
0.027972996,0.0
0.024567187,0.0
0.024714619,0.0
0.023947597,0.0
0.024146706,0.0
0.02924338,0.0
0.02772963,0.0
0.028941393,0.0
0.030364752,0.0
0.026788414,0.0
0.025668085,0.0
0.031529278,0.0
0.027181089,0.0
0.022856712,0.0
0.026145905,0.0
0.028376073,0.0
0.03133145,0.0
0.024154782,0.0
0.020758748,0.0
0.025764912,0.0
0.029957592,0.0
0.031707495,0.0
0.023025334,0.0
0.022745699,0.0
0.02804935,0.0
0.029891014,0.0
0.024764717,0.0
0.030220717,0.0
0.027086467,0.0
0.022670478,0.0
0.028871417,0.0
0.02450803,0.0
0.0302369,0.0
0.028576374,0.0
0.025069594,0.0
0.032166034,0.0
0.03130415,0.0
0.025440037,0.0
0.02965489,0.0
0.024381101,0.0
0.025836378,0.0
0.02854839,0.0
0.031128228,0.0
0.027143776,0.0
0.028151453,0.0
0.027642488,0.0
0.033073336,0.0
0.019857883,0.0
0.03247139,0.0
0.03068024,0.0
0.027596086,0.0
0.027397126,0.0
0.021876693,0.0
0.031404078,0.0
0.027529567,0.0
0.022680223,0.0
0.02578345,0.0
0.027642071,0.0
0.021641672,0.0
0.02547872,0.0
0.025500089,0.0
0.023577929,0.0
0.029587716,0.0
0.026939332,0.0
0.017709643,0.0
0.02566576,0.0
0.021485656,0.0
0.027540624,0.0
0.029970199,0.0
0.031029731,0.0
0.026346982,0.0
0.028260648,0.0
0.029233813,0.0
0.027967364,0.0
0.04036355,0.0
0.022559822,0.0
0.030543923,0.0
0.03524944,0.0
0.026587725,0.0
0.030644119,0.0
0.023401529,0.0
0.046339512,0.0
0.021211892,0.0
0.032993376,0.0
0.03095311,0.0
0.041587085,0.0
0.03000328,0.0
0.023684353,0.0
0.031451434,0.0
0.024058014,0.0
0.022170395,0.0
0.03263393,0.0
0.026216477,0.0
0.02179876,0.0
0.039979994,0.0
0.034322172,0.0
0.02680105,0.0
0.027506381,0.0
0.026109576,0.0
0.042148203,0.0
0.026448756,0.0
0.027492732,0.0
0.02651462,0.0
0.028002083,0.0
0.023078859,0.0
0.026030838,0.0
0.025460929,0.0
0.02744916,0.0
0.029768467,0.0
0.042167634,0.0
0.027872533,0.0
0.027773827,0.0
0.029678524,0.0
0.035265207,0.0
0.022395879,0.0
0.027333051,0.0
0.029804826,0.0
0.030414492,0.0
0.029139757,0.0
0.026572108,0.0
0.028784066,0.0
0.044607043,0.0
0.054799706,0.0
0.033504218,0.0
0.02801615,0.0
0.027206063,0.0
0.029269993,0.0
0.037789434,0.0
0.03441724,0.0
0.028585225,0.0
0.030471295,0.0
0.043708086,0.0
0.022473127,0.0
0.037510395,0.0
0.028981954,0.0
0.040503085,0.0
0.035933077,0.0
0.040284574,0.0
0.024404794,0.0
0.020898342,0.0
0.04559675,0.0
0.025341183,0.0
0.028568774,0.0
0.032236457,0.0
0.027127802,0.0
0.029034913,0.0
0.03174171,0.0
0.023572057,0.0
0.02584681,0.0
0.022170156,0.0
0.03575021,0.0
0.046121538,0.0
0.07902485,0.0
0.032185018,0.0
0.026605338,0.0
0.03170812,0.0
0.02749741,0.0
0.026237547,0.0
0.034982383,0.0
0.08183417,0.0
0.02621752,0.0
0.023662448,0.0
0.038081437,0.0
0.023217708,0.0
0.02616939,0.0
0.033483952,0.0
0.0304479,0.0
0.053459436,0.0
0.030183643,0.0
0.023949832,0.0
0.027148634,0.0
0.032723367,0.0
0.039308935,0.0
0.02971986,0.0
0.025421739,0.0
0.026667207,0.0
0.035561174,0.0
0.06806213,0.0
0.023892075,0.0
0.03258723,0.0
0.02206108,0.0
0.026708245,0.0
0.023065627,0.0
0.029352725,0.0
0.021950126,0.0
0.03777346,0.0
0.034418046,0.0
0.030042052,0.0
0.026311964,0.0
0.026957005,0.0
0.030686796,0.0
0.023893028,0.0
0.026644796,0.0
0.030704081,0.0
0.029369414,0.0
0.029325247,0.0
0.03663045,0.0
0.028775573,0.0
0.023750186,0.0
0.026608557,0.0
0.01980865,0.0
0.02962923,0.0
0.02285418,0.0
0.021127343,0.0
0.025971502,0.0
0.022736669,0.0
0.027024418,0.0
0.0266456,0.0
0.026442051,0.0
0.03557384,0.0
0.02835986,0.0
0.022177488,0.0
0.022835344,0.0
0.036528915,0.0
0.022251606,0.0
0.028039515,0.0
0.037100285,0.0
0.033797503,0.0
0.033135056,0.0
0.029913485,0.0
0.031767666,0.0
0.035912663,0.0
0.024745941,0.0
0.026017547,0.0
0.038407534,0.0
0.02722919,0.0
0.027174711,0.0
0.03611365,0.0
0.030782908,0.0
0.026579112,0.0
0.028085917,0.0
0.030931443,0.0
0.029349178,0.0
0.02481544,0.0
0.021319687,0.0
0.025662422,0.0
0.03789231,0.0
