-0.025378287,0.0
-0.02658227,0.0
-0.030967265,0.0
0.026454657,0.0
-0.024373919,0.0
0.006180674,0.0
0.00789845,0.0
-0.003364116,0.0
0.006006688,0.0
-0.01341936,0.0
0.003492117,0.0
0.022391409,0.0
0.024478823,0.0
0.032313347,0.0
0.01961863,0.0
0.010989755,0.0
0.02488625,0.0
-0.0032282174,0.0
0.026710331,0.0
-0.009306103,0.0
0.06788075,0.0
0.0040042996,0.0
0.03492248,0.0
-0.0001411736,0.0
0.017875463,0.0
0.007933974,0.0
-0.022857517,0.0
0.018181086,0.0
-0.025075257,0.0
-0.0359219,0.0
0.042321682,0.0
0.026380926,0.0
0.010570645,0.0
0.0054717064,0.0
0.007929027,0.0
-0.004871428,0.0
-0.0028215349,0.0
0.031134337,0.0
0.039245963,0.0
-0.0038713217,0.0
0.036164463,0.0
0.026389807,0.0
0.014559597,0.0
0.010933936,0.0
-0.076250315,0.0
0.005251646,0.0
0.019318074,0.0
0.013664693,0.0
-0.04843259,0.0
0.0052727163,0.0
-0.011526674,0.0
-0.03844902,0.0
0.015913099,0.0
-0.03106609,0.0
0.05879864,0.0
0.047895193,0.0
0.011086583,0.0
0.084620774,0.0
0.054656684,0.0
-0.031628937,0.0
0.026206523,0.0
-0.00079262257,0.0
0.02310121,0.0
-0.04107499,0.0
0.013590097,0.0
-0.017923266,0.0
0.092939675,0.0
0.02775529,0.0
0.013163388,0.0
0.024030626,0.0
0.044098258,0.0
0.007152647,0.0
0.003253132,0.0
-0.037512004,0.0
0.027827084,0.0
-0.02485156,0.0
-0.025734901,0.0
-0.013709962,0.0
0.06894374,0.0
0.022898197,0.0
0.013931721,0.0
0.04560706,0.0
0.005251348,0.0
0.0028645992,0.0
0.009383827,0.0
0.0062880814,0.0
-0.024459332,0.0
-0.0068398714,0.0
0.007461101,0.0
-0.0027091205,0.0
-0.012197167,0.0
-0.039875835,0.0
-0.011993915,0.0
0.052326173,0.0
0.016593724,0.0
-0.037126422,0.0
-0.009028733,0.0
0.07617238,0.0
-0.034699827,0.0
0.014688402,0.0
0.0087996125,0.0
-0.026562601,0.0
0.07781133,0.0
0.005915791,0.0
0.013244957,0.0
-0.040935844,0.0
0.036210895,0.0
0.04978901,0.0
0.030128568,0.0
0.07931286,0.0
0.016047716,0.0
0.035856545,0.0
0.05824566,0.0
0.0068365335,0.0
0.019816369,0.0
0.027253538,0.0
-0.022143364,0.0
0.041570514,0.0
-0.00041750073,0.0
0.019245386,0.0
-0.012787968,0.0
0.00032517314,0.0
0.017897666,0.0
-0.008263528,0.0
-0.061012626,0.0
0.009552449,0.0
-0.0035718083,0.0
-0.023137271,0.0
0.029343814,0.0
0.011248618,0.0
0.04728812,0.0
0.04034242,0.0
0.011833042,0.0
-0.0028556287,0.0
-0.0066921115,0.0
0.0148714185,0.0
0.002514124,0.0
0.0384323,0.0
-0.044496596,0.0
0.019204468,0.0
0.015693665,0.0
0.004538864,0.0
-0.027660966,0.0
0.05585441,0.0
-0.004119277,0.0
0.0401794,0.0
-0.018020988,0.0
0.025402129,0.0
-0.022746056,0.0
0.044396073,0.0
0.010795474,0.0
0.022878557,0.0
0.01930216,0.0
0.026043862,0.0
0.009103835,0.0
0.027110994,0.0
0.027429998,0.0
-0.00039082766,0.0
-0.009835243,0.0
-0.0089432895,0.0
-0.024086446,0.0
-0.022974104,0.0
-0.02514416,0.0
0.015352875,0.0
0.07052606,0.0
-0.03535703,0.0
0.012582958,0.0
-0.04519579,0.0
-0.014318794,0.0
0.016079485,0.0
0.019703835,0.0
-0.00813359,0.0
0.03832349,0.0
0.051656097,0.0
-0.011305749,0.0
0.027111858,0.0
-0.006703496,0.0
0.029409349,0.0
-0.0035014153,0.0
0.043376654,0.0
-0.003697276,0.0
-0.0105371475,0.0
0.0751462,0.0
-0.017004937,0.0
0.01595229,0.0
0.027256697,0.0
-0.010275006,0.0
0.047267884,0.0
-0.003318578,0.0
0.04240325,0.0
0.008121818,0.0
-0.02634728,0.0
0.05161947,0.0
0.038507998,0.0
-0.0059438944,0.0
0.0003773272,0.0
0.018979788,0.0
0.0063757896,0.0
0.03954968,0.0
0.059488147,0.0
-0.03461194,0.0
-0.036903113,0.0
0.021327943,0.0
0.061432153,0.0
0.052407384,0.0
-0.0077493787,0.0
0.040910274,0.0
0.044982105,0.0
-0.012959778,0.0
-0.015449882,0.0
0.0074210465,0.0
-0.02620536,0.0
0.050127596,0.0
-0.005817324,0.0
0.105300546,0.0
0.06410879,0.0
-0.004815668,0.0
0.06715962,0.0
0.07887015,0.0
0.014370948,0.0
-0.005535066,0.0
0.057885796,0.0
0.026584238,0.0
-0.00092709064,0.0
-0.005178064,0.0
0.023369461,0.0
0.04080847,0.0
0.01656273,0.0
0.0070970654,0.0
0.011742324,0.0
0.023159891,0.0
0.02972418,0.0
0.046290904,0.0
0.010062695,0.0
0.05357656,0.0
0.0018753707,0.0
0.02831453,0.0
0.032509923,0.0
-0.025262535,0.0
0.035904944,0.0
-0.007154256,0.0
0.0109960735,0.0
0.016064703,0.0
0.032732874,0.0
0.043172807,0.0
0.04045281,0.0
0.052930206,0.0
0.01627925,0.0
0.07827982,0.0
0.048677593,0.0
0.063795894,0.0
0.046756595,0.0
0.010686129,0.0
0.012397468,0.0
0.013850957,0.0
0.025009423,0.0
0.05047083,0.0
0.013263911,0.0
0.039413393,0.0
0.010100931,0.0
0.0036098063,0.0
0.052503288,0.0
0.035011113,0.0
0.01661539,0.0
0.011500806,0.0
0.029601097,0.0
-0.035674363,0.0
0.019105405,0.0
0.036085725,0.0
-0.021516204,0.0
0.040029347,0.0
0.09236279,0.0
0.053349853,0.0
0.032646537,0.0
0.05186546,0.0
0.037263393,0.0
-0.017236859,0.0
-0.010849923,0.0
0.034148455,0.0
0.04452738,0.0
0.02654031,0.0
0.031297475,0.0
0.020007938,0.0
0.013137132,0.0
0.03420788,0.0
-0.00021931529,0.0
0.012504578,0.0
0.03632918,0.0
0.056810677,0.0
0.026733428,0.0
0.04801148,0.0
-0.012376368,0.0
-0.033596188,0.0
0.02984348,0.0
0.021118313,0.0
0.028281331,0.0
0.013036221,0.0
0.039238185,0.0
0.024331331,0.0
0.0053504705,0.0
0.0292691,0.0
0.012357682,0.0
0.050376922,0.0
0.035734326,0.0
0.05046624,0.0
0.03350994,0.0
0.062330514,0.0
-0.027736157,0.0
0.004991472,0.0
0.03666529,0.0
-0.015753418,0.0
0.0023396015,0.0
0.0423584,0.0
0.019139975,0.0
0.01853466,0.0
0.036905497,0.0
0.0441311,0.0
-0.007810205,0.0
0.017310143,0.0
0.016786605,0.0
0.031367272,0.0
-0.016602099,0.0
0.008486748,0.0
0.081585795,0.0
0.030338138,0.0
0.054841787,0.0
0.014324278,0.0
-0.02884829,0.0
0.020974994,0.0
-0.008053273,0.0
0.04544729,0.0
0.030555815,0.0
0.02632922,0.0
0.0074563622,0.0
-0.028256774,0.0
0.016189039,0.0
-0.011855036,0.0
-0.0051718354,0.0
0.03594631,0.0
0.028259993,0.0
-0.03679791,0.0
0.009016603,0.0
0.019358903,0.0
0.0017407238,0.0
0.03082186,0.0
-0.03982812,0.0
0.0056675375,0.0
-0.006070882,0.0
0.029024124,0.0
0.01987642,0.0
0.034955025,0.0
-0.0119256675,0.0
0.0329414,0.0
0.040849566,0.0
0.002752751,0.0
0.06460446,0.0
-0.044142038,0.0
0.025019735,0.0
-0.02594331,0.0
-0.033887386,0.0
0.05820018,0.0
-0.019646019,0.0
0.022727579,0.0
0.019877046,0.0
0.03612405,0.0
0.0062283874,0.0
0.03546056,0.0
-0.054418653,0.0
0.03954935,0.0
0.002981186,0.0
-0.023094356,0.0
0.0019961,0.0
0.041983724,0.0
-0.018626004,0.0
0.0245637,0.0
0.011021316,0.0
0.028371632,0.0
0.042760134,0.0
0.07619107,0.0
-0.01622957,0.0
0.008454174,0.0
-0.011729479,0.0
-0.009453088,0.0
0.028167874,0.0
0.09167576,0.0
0.042245537,0.0
-0.00966835,0.0
0.0068229735,0.0
0.054158032,0.0
0.035271943,0.0
-0.015356123,0.0
0.027851969,0.0
-0.014995933,0.0
-0.039252013,0.0
0.009239525,0.0
0.03390485,0.0
-0.030431062,0.0
-0.0077495873,0.0
0.03020069,0.0
-0.0018670559,0.0
0.022159189,0.0
-0.02214709,0.0
-0.01063177,0.0
0.003834933,0.0
-0.029734164,0.0
-0.023206979,0.0
0.029075205,0.0
0.017243236,0.0
-0.006480634,0.0
-0.011106849,0.0
-0.009800136,0.0
0.027162313,0.0
0.018189728,0.0
-0.03364426,0.0
0.031600654,0.0
-0.008317292,0.0
0.020523578,0.0
0.0403395,0.0
0.015105635,0.0
-0.023564696,0.0
-0.016369194,0.0
0.007938176,0.0
-0.020232677,0.0
0.0036287904,0.0
0.03610304,0.0
0.024553865,0.0
0.0145790875,0.0
0.013463438,0.0
0.004220575,0.0
-0.0075737536,0.0
0.0066615045,0.0
0.032226503,0.0
0.0042419136,0.0
-0.01890546,0.0
-0.016150385,0.0
0.0011524558,0.0
0.052714825,0.0
0.0072343647,0.0
0.041472137,0.0
0.0066488385,0.0
0.053165227,0.0
0.026834011,0.0
0.03650686,0.0
0.038954884,0.0
-0.0021663904,0.0
0.015788227,0.0
0.022012442,0.0
-0.014417738,0.0
0.006784767,0.0
0.013666034,0.0
0.06228417,0.0
0.0042724013,0.0
0.013584822,0.0
-0.029813796,0.0
0.022637218,0.0
-0.03839612,0.0
0.030075103,0.0
0.009743065,0.0
0.035246402,0.0
0.019458145,0.0
-0.015028536,0.0
0.0077725947,0.0
0.035169244,0.0
0.007238269,0.0
-0.011446446,0.0
0.0048057735,0.0
0.056628674,0.0
-0.03095743,0.0
0.051005572,0.0
0.038790375,0.0
0.014494896,0.0
0.009257615,0.0
0.048015565,0.0
-0.010671884,0.0
0.03457415,0.0
-0.0016103089,0.0
0.048520654,0.0
0.06909427,0.0
-0.044281155,0.0
0.04160142,0.0
0.028198808,0.0
0.016037732,0.0
0.028891712,0.0
0.027976573,0.0
0.02436024,0.0
-0.021761507,0.0
0.034428596,0.0
-0.017065972,0.0
0.0036274195,0.0
0.04294023,0.0
0.018785,0.0
-0.013103515,0.0
0.039316267,0.0
0.04204604,0.0
-0.014230877,0.0
0.024814188,0.0
-0.051627576,0.0
0.01042819,0.0
0.023436993,0.0
0.034356922,0.0
0.0056194365,0.0
0.06779215,0.0
0.008610815,0.0
0.008036166,0.0
-0.03525272,0.0
0.029925615,0.0
0.03825453,0.0
0.04462418,0.0
0.05719939,0.0
-0.015314192,0.0
0.024029166,0.0
0.016550452,0.0
0.018383175,0.0
0.004981905,0.0
0.048083454,0.0
0.0037394166,0.0
-0.01898536,0.0
0.045226514,0.0
0.011688232,0.0
-0.009382576,0.0
-0.017183393,0.0
0.0068419576,0.0
-0.02892831,0.0
-0.005111158,0.0
-0.008308023,0.0
0.013881713,0.0
0.06520164,0.0
0.029888391,0.0
-0.0038273633,0.0
0.01972261,0.0
0.037827224,0.0
0.059924692,0.0
0.063079774,0.0
0.042879164,0.0
-0.0009883046,0.0
-0.02624029,0.0
0.024718314,0.0
0.051965892,0.0
0.002287358,0.0
0.004116833,0.0
0.02513355,0.0
0.028398603,0.0
-0.055273354,0.0
-0.07516569,0.0
-0.017750531,0.0
0.07269317,0.0
0.07444072,0.0
0.008245945,0.0
0.048523813,0.0
0.0055627227,0.0
0.0004891455,0.0
0.009111077,0.0
0.021987408,0.0
0.0026687682,0.0
-0.02142176,0.0
-0.00023797154,0.0
0.026611,0.0
-0.06429008,0.0
0.031983227,0.0
-0.010240942,0.0
0.006035,0.0
0.040558606,0.0
0.05617246,0.0
-0.05860576,0.0
-0.011955947,0.0
-0.0158405,0.0
0.058714867,0.0
0.036455005,0.0
0.06244725,0.0
0.028112948,0.0
0.025711387,0.0
0.0443694,0.0
0.012718916,0.0
0.038971156,0.0
-0.0016409159,0.0
0.06401241,0.0
0.025533408,0.0
0.032755435,0.0
0.04285252,0.0
0.03775096,0.0
0.048463136,0.0
-0.015477389,0.0
0.0025385916,0.0
0.021751314,0.0
-0.027637988,0.0
0.0521439,0.0
0.024343312,0.0
-0.03957361,0.0
0.059762448,0.0
0.019546986,0.0
-0.037187934,0.0
0.054887235,0.0
0.022179723,0.0
-0.019504339,0.0
0.050030768,0.0
0.056993425,0.0
-0.020475239,0.0
-0.006013572,0.0
0.018255204,0.0
0.005043268,0.0
0.027174234,0.0
0.025712967,0.0
0.022474319,0.0
0.019088626,0.0
0.016973436,0.0
-0.033420116,0.0
0.044012845,0.0
-0.045568675,0.0
0.021915823,0.0
0.026022375,0.0
-0.00018185377,0.0
-0.05728975,0.0
0.0092704,0.0
0.017468572,0.0
0.04849434,0.0
-0.03075701,0.0
0.014784187,0.0
0.014246017,0.0
0.03499338,0.0
-0.0074113905,0.0
-0.020820469,0.0
0.0021736026,0.0
-0.081029296,0.0
0.028497547,0.0
0.03604877,0.0
0.034437925,0.0
0.02505809,0.0
0.03450951,0.0
0.06280348,0.0
-0.025825769,0.0
0.021163672,0.0
0.014043689,0.0
0.062326968,0.0
0.004560709,0.0
0.022207648,0.0
0.026321918,0.0
0.028730601,0.0
0.03464499,0.0
0.004256487,0.0
0.0055978894,0.0
0.015857726,0.0
0.0034494698,0.0
0.028702289,0.0
0.06905502,0.0
-5.2511692e-05,0.0
-0.009575337,0.0
-0.027477145,0.0
0.0050575733,0.0
0.036453843,0.0
-0.011168718,0.0
0.004470259,0.0
0.003053546,0.0
0.003142953,0.0
0.032730877,0.0
0.055314362,0.0
-0.0001116693,0.0
0.02437666,0.0
0.03494069,0.0
0.037404,0.0
0.035182536,0.0
-0.007513404,0.0
0.028960764,0.0
0.043886423,0.0
0.019308388,0.0
0.031339347,0.0
0.0027811825,0.0
-0.004434854,0.0
0.016508877,0.0
-0.0033584237,0.0
-0.0056206584,0.0
0.03482023,0.0
-0.010770023,0.0
0.01877731,0.0
0.01775363,0.0
0.008565694,0.0
-0.045065105,0.0
-0.03719142,0.0
-0.0229446,0.0
0.03412047,0.0
-0.023035914,0.0
0.013430029,0.0
-0.024185866,0.0
-0.020042658,0.0
0.02431655,0.0
-0.011560649,0.0
0.007822305,0.0
0.061267763,0.0
0.042693973,0.0
-0.0004003942,0.0
-0.024709761,0.0
0.046357572,0.0
-0.029578984,0.0
-0.001263231,0.0
0.00058194995,0.0
-0.018328547,0.0
-0.0059642196,0.0
0.0015791953,0.0
0.04253292,0.0
0.073002994,0.0
0.042358488,0.0
-0.008948207,0.0
-0.019069493,0.0
0.014923692,0.0
-0.020008296,0.0
0.019307822,0.0
-0.04282704,0.0
0.05342135,0.0
0.060876727,0.0
0.063453645,0.0
0.0124929845,0.0
0.028182179,0.0
0.016222775,0.0
0.009430736,0.0
0.010474503,0.0
-0.00556916,0.0
0.036366165,0.0
0.04787126,0.0
0.016210258,0.0
-0.022149324,0.0
-0.012798905,0.0
-0.021390468,0.0
0.018881172,0.0
-0.0011329055,0.0
0.015491009,0.0
0.0041202605,0.0
0.02717197,0.0
-0.03153518,0.0
0.041015208,0.0
0.0529162,0.0
-0.006151408,0.0
-0.024067849,0.0
0.060231775,0.0
0.042573452,0.0
0.036637038,0.0
0.01321131,0.0
0.037372082,0.0
0.014309764,0.0
0.020828903,0.0
0.034861267,0.0
-0.05460137,0.0
0.03095451,0.0
0.049925625,0.0
-0.027262568,0.0
0.03915021,0.0
-0.009110689,0.0
0.025799364,0.0
0.029746473,0.0
0.036478847,0.0
-0.0030871928,0.0
-0.0113708675,0.0
-0.025234103,0.0
0.046460122,0.0
-0.009285003,0.0
-0.007899404,0.0
0.026806772,0.0
-0.011009425,0.0
-0.005489975,0.0
0.015136182,0.0
-0.0024057925,0.0
-0.038455725,0.0
0.0017029941,0.0
0.032769054,0.0
-0.015975118,0.0
0.02052766,0.0
0.047530323,0.0
0.021478564,0.0
0.028535634,0.0
0.041388154,0.0
0.0066227913,0.0
0.0435822,0.0
0.03292778,0.0
0.06559709,0.0
0.023522347,0.0
0.008719623,0.0
0.07322952,0.0
-0.01628521,0.0
0.025876135,0.0
0.061234236,0.0
0.027286679,0.0
-0.011342913,0.0
-0.0180659,0.0
-0.03211388,0.0
-0.008635074,0.0
-0.019373745,0.0
0.025754124,0.0
-0.020972282,0.0
0.0042975247,0.0
0.0020349324,0.0
0.02784419,0.0
0.044713408,0.0
0.018590182,0.0
-0.02374354,0.0
-0.017566055,0.0
0.03133744,0.0
-0.032582402,0.0
-0.054010004,0.0
-0.03586477,0.0
0.014079988,0.0
-0.008405358,0.0
0.022560984,0.0
0.029363722,0.0
-0.054843575,0.0
-0.0023187697,0.0
0.049313635,0.0
-0.0078004897,0.0
0.048510253,0.0
0.015687317,0.0
0.038630128,0.0
-0.017053664,0.0
0.03155446,0.0
0.023144603,0.0
0.06756815,0.0
-0.021802574,0.0
-0.024308473,0.0
0.0065998733,0.0
0.035547882,0.0
-0.02558723,0.0
-0.025820553,0.0
0.026557028,0.0
0.0254561,0.0
-0.011829466,0.0
-0.009949654,0.0
0.013683975,0.0
-0.024174452,0.0
0.014952004,0.0
0.052303225,0.0
0.039221495,0.0
0.047242194,0.0
0.07178298,0.0
0.01517424,0.0
-0.013854712,0.0
-0.0011660755,0.0
0.00492689,0.0
-0.040301383,0.0
0.042247206,0.0
-0.019650787,0.0
0.023731977,0.0
0.04194203,0.0
0.002251178,0.0
0.013658673,0.0
-0.0028718114,0.0
-0.0190278,0.0
0.024879843,0.0
0.023482472,0.0
-0.0020447671,0.0
0.026222646,0.0
0.026183665,0.0
-0.015607089,0.0
-0.049950927,0.0
0.037058532,0.0
0.014981687,0.0
-0.014544576,0.0
-0.030484378,0.0
0.017401576,0.0
0.028129995,0.0
-0.014457762,0.0
-0.025571525,0.0
-0.035052657,0.0
-0.027768403,0.0
-0.00092563033,0.0
-0.0183703,0.0
-0.002849698,0.0
0.03724289,0.0
-0.017712414,0.0
0.0057249367,0.0
-0.0020620227,0.0
0.030282766,0.0
0.026474178,0.0
0.067866415,0.0
-0.047327936,0.0
0.010698736,0.0
0.0037671626,0.0
-0.0036509335,0.0
-0.016809136,0.0
0.008885771,0.0
0.030667692,0.0
0.008172303,0.0
0.0015696883,0.0
0.0049702227,0.0
0.03369388,0.0
0.013607234,0.0
-0.015264481,0.0
0.04466024,0.0
0.08611247,0.0
0.0465993,0.0
0.04063666,0.0
0.032306343,0.0
-0.00023007393,0.0
-0.018883526,0.0
0.020963222,0.0
-0.0032224953,0.0
0.016757369,0.0
0.040657878,0.0
0.021710128,0.0
-0.0071842372,0.0
-0.003031075,0.0
0.054880053,0.0
0.022559553,0.0
-0.0006517768,0.0
0.023433834,0.0
0.011128724,0.0
0.027555466,0.0
0.030329257,0.0
0.068739146,0.0
0.000731796,0.0
-0.0040978193,0.0
0.051291287,0.0
-0.0062430203,0.0
0.03990093,0.0
0.020881027,0.0
0.02697298,0.0
-0.0033349693,0.0
-0.0070644617,0.0
0.057882696,0.0
-0.011749566,0.0
-0.0043016374,0.0
0.06556803,0.0
-0.0020083487,0.0
-0.016800493,0.0
-0.01420489,0.0
0.019084364,0.0
-0.011393696,0.0
0.01893568,0.0
-0.011181414,0.0
0.046384126,0.0
0.04654029,0.0
0.026411146,0.0
0.051774323,0.0
0.040570706,0.0
-0.031664014,0.0
0.0677591,0.0
0.025134623,0.0
0.05956751,0.0
0.026912302,0.0
0.07599804,0.0
-0.014766365,0.0
-0.0023452044,0.0
0.00080242753,0.0
-0.0016497672,0.0
-0.008805901,0.0
0.009146243,0.0
-0.0014317036,0.0
-0.00846222,0.0
0.01053825,0.0
0.061392903,0.0
0.02439043,0.0
0.06758043,0.0
0.02795282,0.0
0.026616454,0.0
0.021651298,0.0
0.026838183,0.0
-0.019079149,0.0
0.07087234,0.0
0.046067655,0.0
0.007499546,0.0
0.0071933866,0.0
0.06277117,0.0
0.066372514,0.0
0.02570045,0.0
0.066780716,0.0
0.019445091,0.0
0.0322873,0.0
0.037374377,0.0
-0.0124595165,0.0
0.04249209,0.0
-0.022240222,0.0
-0.026417345,0.0
0.027256072,0.0
0.0056025386,0.0
0.057933748,0.0
-0.031197757,0.0
0.053569347,0.0
-0.01994285,0.0
-0.048591673,0.0
0.02730444,0.0
0.039678425,0.0
-0.00245744,0.0
-0.048218906,0.0
0.012903959,0.0
-0.018051475,0.0
0.036981493,0.0
-0.009967715,0.0
0.038710266,0.0
-0.009071529,0.0
0.019724697,0.0
0.025721282,0.0
0.002712071,0.0
-0.0098288655,0.0
0.042696267,0.0
0.01902628,0.0
0.053067327,0.0
-0.0031851828,0.0
-0.035327584,0.0
0.012697518,0.0
0.0063270926,0.0
-0.002760619,0.0
-0.009301931,0.0
0.023720771,0.0
0.007003784,0.0
0.0011330843,0.0
0.03248006,0.0
0.009320825,0.0
0.016362786,0.0
-0.02124405,0.0
0.03883493,0.0
0.02271384,0.0
0.011212021,0.0
-0.017962009,0.0
0.08298379,0.0
-0.019120485,0.0
0.02850622,0.0
0.00872156,0.0
-0.042696893,0.0
0.01789245,0.0
-0.0144144,0.0
0.008913904,0.0
0.06547952,0.0
0.030981332,0.0
0.0044394433,0.0
0.012731761,0.0
-0.0036033988,0.0
0.009207308,0.0
0.015224725,0.0
0.047845215,0.0
0.005705029,0.0
0.025647819,0.0
0.017190337,0.0
0.041218907,0.0
0.016464472,0.0
0.063967615,0.0
0.004842758,0.0
0.027806342,0.0
0.008084416,0.0
0.042107612,0.0
-0.020028234,0.0
0.029865235,0.0
0.040427953,0.0
0.0502052,0.0
-0.027522475,0.0
0.027343094,0.0
-0.008627176,0.0
0.0071030855,0.0
-0.028408289,0.0
0.0032962859,0.0
0.06182322,0.0
-0.0051719844,0.0
0.031801134,0.0
-0.044386446,0.0
-0.013454407,0.0
0.045303404,0.0
0.048574716,0.0
-0.0028949082,0.0
0.0064151287,0.0
0.059610456,0.0
0.008904785,0.0
-0.010735452,0.0
0.022508234,0.0
0.030572385,0.0
0.0021434724,0.0
0.01108411,0.0
-0.0041265488,0.0
0.029047936,0.0
0.009514809,0.0
-0.018319607,0.0
0.033631086,0.0
0.022338718,0.0
-0.022716612,0.0
0.022901058,0.0
0.010936707,0.0
0.017189413,0.0
-0.013118982,0.0
0.08724189,0.0
0.01361689,0.0
0.010799676,0.0
0.04989806,0.0
-0.009448975,0.0
0.029872268,0.0
0.01864922,0.0
-0.0105449855,0.0
-0.038532317,0.0
0.03731686,0.0
-0.012765944,0.0
-0.015164077,0.0
0.034705877,0.0
0.03629613,0.0
0.036056936,0.0
0.06464365,0.0
-0.017929375,0.0
0.06152013,0.0
0.0077468455,0.0
-0.04799074,0.0
0.016103625,0.0
0.021508485,0.0
0.032451957,0.0
0.03709036,0.0
-0.0121432245,0.0
0.028951675,0.0
0.048385233,0.0
-0.0010890663,0.0
0.02169767,0.0
-0.042556554,0.0
0.0093539655,0.0
-0.0299699,0.0
0.020988017,0.0
0.024834603,0.0
0.014468968,0.0
-0.0044826865,0.0
0.01571101,0.0
0.006175101,0.0
-0.021059543,0.0
0.028541088,0.0
0.0028143823,0.0
0.0059800446,0.0
0.01902318,0.0
-0.014968216,0.0
0.00039687753,0.0
-0.017563224,0.0
0.047718853,0.0
0.027917594,0.0
-0.02020514,0.0
0.021793306,0.0
-0.0026395023,0.0
0.09667298,0.0
0.020091027,0.0
-0.04289058,0.0
-0.01713553,0.0
0.025323719,0.0
-0.011357576,0.0
-0.042063653,0.0
-0.018237114,0.0
-0.0111089945,0.0
0.05223587,0.0
0.05351141,0.0
0.018890887,0.0
-0.0088763535,0.0
-0.007843345,0.0
-0.00091427565,0.0
0.024738729,0.0
0.025988698,0.0
0.042681754,0.0
-0.0099597275,0.0
0.020553708,0.0
-0.012792885,0.0
-0.018256962,0.0
-0.0024602711,0.0
0.007836938,0.0
0.079515845,0.0
0.007344842,0.0
0.061166257,0.0
-0.01124081,0.0
0.0048488975,0.0
0.0094611645,0.0
0.012169719,0.0
0.0052376688,0.0
0.058939815,0.0
0.028615117,0.0
0.021646619,0.0
-0.04449907,0.0
0.014264137,0.0
0.0035730004,0.0
-0.0050388873,0.0
0.019156694,0.0
0.04088393,0.0
0.022328258,0.0
0.06690702,0.0
0.019007862,0.0
-0.0116941035,0.0
0.04910323,0.0
0.014364481,0.0
0.03587249,0.0
0.025120944,0.0
-0.002240926,0.0
0.03878641,0.0
-0.009043813,0.0
0.027356386,0.0
0.03423491,0.0
0.042660326,0.0
0.018340498,0.0
-0.021698684,0.0
0.011435956,0.0
0.035894006,0.0
0.025975287,0.0
-0.0070421696,0.0
-0.019456506,0.0
0.024796933,0.0
-0.013342142,0.0
-0.00227049,0.0
0.037270933,0.0
0.030026525,0.0
0.01836732,0.0
0.017699808,0.0
0.028072357,0.0
0.054332525,0.0
-0.048984915,0.0
-0.0041651726,0.0
-0.053920984,0.0
-0.0034347773,0.0
0.05894816,0.0
-0.010722369,0.0
0.040094882,0.0
0.040890127,0.0
0.06138566,0.0
-0.024527162,0.0
0.05504927,0.0
-0.03579232,0.0
0.038580716,0.0
-0.02307412,0.0
0.01140368,0.0
0.03334108,0.0
0.05317384,0.0
0.087328345,0.0
0.069334656,0.0
0.0035487115,0.0
0.059698343,0.0
0.04756847,0.0
0.04031694,0.0
0.03775227,0.0
-0.008566886,0.0
-0.016904175,0.0
-0.0039121807,0.0
0.010243267,0.0
0.06402689,0.0
0.011142075,0.0
0.023427874,0.0
0.05851814,0.0
0.01759705,0.0
0.024209619,0.0
0.014017791,0.0
0.025593847,0.0
-0.009627968,0.0
0.025233835,0.0
0.017412812,0.0
0.024044424,0.0
0.00571543,0.0
-0.035141855,0.0
0.06502059,0.0
-0.004487425,0.0
0.03110215,0.0
-0.016162813,0.0
0.021910787,0.0
0.019735575,0.0
-0.00830242,0.0
0.061545134,0.0
0.013489187,0.0
-0.017974675,0.0
-0.03331721,0.0
0.02969724,0.0
0.029993385,0.0
0.025633812,0.0
0.010687083,0.0
0.0506503,0.0
0.002441436,0.0
0.040160865,0.0
0.055797607,0.0
0.0032332838,0.0
0.036483765,0.0
0.04949957,0.0
0.033141375,0.0
0.030374885,0.0
0.0052550733,0.0
-0.011032343,0.0
0.0033402443,0.0
0.033939213,0.0
-0.045298964,0.0
0.033544928,0.0
-0.00017741323,0.0
-0.015219986,0.0
-0.004217446,0.0
-0.015805453,0.0
0.002611041,0.0
0.015711337,0.0
-0.022909015,0.0
0.014023989,0.0
0.025586665,0.0
0.07715601,0.0
-0.0006598532,0.0
0.083091915,0.0
0.069645405,0.0
-0.0030855834,0.0
0.036257237,0.0
0.06386098,0.0
-0.03648445,0.0
0.006399989,0.0
0.046515375,0.0
0.055214345,0.0
0.021570832,0.0
0.01372093,0.0
-0.018639296,0.0
-0.0010023713,0.0
0.022655934,0.0
0.041327447,0.0
-0.01485455,0.0
0.017424017,0.0
0.021004379,0.0
0.0075984,0.0
0.06850979,0.0
0.0017066598,0.0
0.023675889,0.0
0.06136459,0.0
-0.008800119,0.0
-0.041588783,0.0
0.028721988,0.0
0.023193538,0.0
0.040316284,0.0
0.011787891,0.0
0.07322967,0.0
0.046321094,0.0
-0.036005348,0.0
-0.021493167,0.0
0.006433487,0.0
0.0051504374,0.0
-0.0036830008,0.0
-0.036625177,0.0
0.040557206,0.0
0.040057868,0.0
0.081266046,0.0
0.0041339695,0.0
0.01573059,0.0
0.064510345,0.0
0.007969171,0.0
0.04412332,0.0
0.0144512355,0.0
0.011284262,0.0
0.060812384,0.0
0.0076446533,0.0
-0.016586572,0.0
0.021887422,0.0
0.022289008,0.0
0.02841422,0.0
0.02641806,0.0
0.03607127,0.0
0.023675054,0.0
0.017504662,0.0
0.07095766,0.0
0.06739974,0.0
0.009138107,0.0
0.0005646944,0.0
0.04306844,0.0
0.009668946,0.0
-0.0063141286,0.0
-0.02308479,0.0
0.05566448,0.0
-0.010584891,0.0
0.042746514,0.0
0.020643592,0.0
0.0078016818,0.0
0.027163833,0.0
0.0014439225,0.0
0.014288932,0.0
0.023376465,0.0
0.0061858296,0.0
0.028394014,0.0
0.0347794,0.0
0.018062174,0.0
0.0046220124,0.0
-0.008435905,0.0
-0.030137599,0.0
-0.0046431124,0.0
0.090765834,0.0
0.05324796,0.0
-0.021443158,0.0
0.06650707,0.0
0.010280609,0.0
0.022319406,0.0
-0.0032311082,0.0
0.055690646,0.0
0.049319267,0.0
0.026147008,0.0
0.058015585,0.0
0.07165563,0.0
-0.0135009885,0.0
0.0025133789,0.0
-0.02078405,0.0
0.003693968,0.0
-0.011425585,0.0
0.006755203,0.0
0.027521819,0.0
-0.013672143,0.0
0.024573594,0.0
0.08134046,0.0
0.015179068,0.0
0.0054267645,0.0
-0.021787196,0.0
-0.023410738,0.0
0.02040115,0.0
0.033363283,0.0
0.038522035,0.0
-0.028797656,0.0
0.028486222,0.0
0.030114174,0.0
-0.020483375,0.0
-0.010138929,0.0
0.020605832,0.0
-0.011323988,0.0
0.034561604,0.0
0.015714794,0.0
-0.00320369,0.0
-0.0073089004,0.0
0.032919854,0.0
0.042691857,0.0
-0.024749428,0.0
0.0027737617,0.0
0.004933089,0.0
0.08603281,0.0
-0.00046172738,0.0
0.04542628,0.0
-0.009142667,0.0
-0.012665391,0.0
0.029630035,0.0
0.055318654,0.0
0.0061537623,0.0
0.04805389,0.0
-0.013182342,0.0
0.005660504,0.0
-0.026097745,0.0
-0.00046384335,0.0
0.021025509,0.0
0.09023005,0.0
0.08077973,0.0
0.04303071,0.0
0.017994463,0.0
0.0044151545,0.0
0.025171548,0.0
0.054253757,0.0
0.0129006505,0.0
-0.017683685,0.0
0.051949143,0.0
0.017315805,0.0
-0.026075989,0.0
-0.006997794,0.0
0.026080906,0.0
-0.0027019083,0.0
0.0034540296,0.0
0.021272838,0.0
0.024415523,0.0
0.030209273,0.0
-0.009817839,0.0
0.02873224,0.0
-0.008869112,0.0
0.072329015,0.0
0.032821268,0.0
0.03397891,0.0
0.0349755,0.0
-0.015592873,0.0
0.014772862,0.0
-0.022039592,0.0
0.02919355,0.0
-0.04902962,0.0
-0.0140324235,0.0
0.03670284,0.0
-0.037809342,0.0
-0.01417765,0.0
0.031014532,0.0
0.011648983,0.0
0.0053322613,0.0
0.02868238,0.0
0.05249399,0.0
0.016687274,0.0
0.08896449,0.0
-0.02716887,0.0
-0.00708881,0.0
0.0035303235,0.0
0.04326895,0.0
-0.012223303,0.0
-0.016318023,0.0
-0.055045098,0.0
-0.0031917691,0.0
0.051629424,0.0
-0.004756123,0.0
0.0011288822,0.0
0.004522115,0.0
0.04940921,0.0
0.0068409443,0.0
-0.013208151,0.0
-0.0047449768,0.0
0.030396432,0.0
-0.0041853487,0.0
0.002674371,0.0
-0.004843116,0.0
0.024705797,0.0
-0.013527006,0.0
-0.012889713,0.0
0.05264631,0.0
-0.0069048107,0.0
-0.01618278,0.0
0.023480535,0.0
0.0048218966,0.0
0.049277097,0.0
0.043617368,0.0
0.028809845,0.0
0.0325689,0.0
0.036943197,0.0
-0.009129077,0.0
-0.007954836,0.0
-0.029959857,0.0
-0.0058687627,0.0
-0.02068001,0.0
-0.02921781,0.0
0.032797366,0.0
0.03970146,0.0
-0.010911673,0.0
-0.055027723,0.0
0.03785819,0.0
-0.032470644,0.0
0.0031928122,0.0
0.028269023,0.0
0.03066963,0.0
0.0073222816,0.0
0.04796794,0.0
0.05444941,0.0
-0.050940335,0.0
0.0028210878,0.0
-0.04508099,0.0
-0.024691552,0.0
0.002429545,0.0
-0.073129565,0.0
0.007099718,0.0
0.009424299,0.0
0.02431786,0.0
-0.011553347,0.0
0.015999377,0.0
0.041577697,0.0
0.038875163,0.0
0.010120064,0.0
0.018367916,0.0
-0.040399343,0.0
0.03563723,0.0
0.04763052,0.0
0.004958451,0.0
0.007586628,0.0
0.036910415,0.0
-0.040322304,0.0
0.07416585,0.0
0.027880788,0.0
0.01923278,0.0
0.008671433,0.0
0.05707109,0.0
0.027086228,0.0
0.0417732,0.0
0.031820774,0.0
0.025532573,0.0
0.0037105083,0.0
-0.009326756,0.0
-0.029594928,0.0
0.008911192,0.0
0.023086041,0.0
0.022238314,0.0
0.0076815784,0.0
-7.838011e-05,0.0
0.009270668,0.0
0.019748151,0.0
0.03489366,0.0
0.008318931,0.0
-0.0072473288,0.0
0.020258605,0.0
0.033655882,0.0
-0.02313459,0.0
0.04060191,0.0
0.006915003,0.0
0.056555808,0.0
0.027252942,0.0
0.00726974,0.0
0.0049516857,0.0
0.03487876,0.0
0.015116543,0.0
0.023118615,0.0
-0.05106789,0.0
0.062084973,0.0
0.052979022,0.0
0.024428964,0.0
-0.043865263,0.0
0.07399577,0.0
0.022056878,0.0
0.0024276674,0.0
-0.02727136,0.0
0.045897067,0.0
0.031381845,0.0
-0.02288735,0.0
-0.094275266,0.0
-0.0337089,0.0
0.038126677,0.0
0.00583449,0.0
-0.00336954,0.0
-0.0040943325,0.0
0.077650696,0.0
0.001667887,0.0
0.0029281676,0.0
0.0332959,0.0
-0.0035254061,0.0
0.039736867,0.0
-0.013079345,0.0
0.016254038,0.0
0.03489846,0.0
-0.0075711906,0.0
-0.0026541054,0.0
-0.008808851,0.0
0.009331733,0.0
0.05744323,0.0
-0.016689152,0.0
-0.023703188,0.0
0.030782014,0.0
-0.0054439604,0.0
0.009451419,0.0
0.021493018,0.0
0.06321186,0.0
0.048876822,0.0
0.04416251,0.0
-0.004751414,0.0
0.034558147,0.0
0.04190302,0.0
-0.009154171,0.0
0.01412797,0.0
-0.011375159,0.0
-0.003759861,0.0
-0.01851365,0.0
-0.0030432045,0.0
0.03275329,0.0
-0.042514592,0.0
0.030038267,0.0
0.046752572,0.0
-0.0072562993,0.0
0.023840874,0.0
0.007942975,0.0
0.08717045,0.0
0.0042611957,0.0
0.04827559,0.0
0.042915493,0.0
0.036543638,0.0
0.047661066,0.0
0.06256083,0.0
0.05615297,0.0
0.015799582,0.0
0.00060224533,0.0
0.0057629943,0.0
0.041429162,0.0
0.0042406023,0.0
0.022963017,0.0
0.03736058,0.0
-0.029010445,0.0
0.07053706,0.0
0.008991897,0.0
0.028386742,0.0
0.033139765,0.0
0.08445418,0.0
-0.034173846,0.0
0.032226175,0.0
0.0029698312,0.0
0.05152887,0.0
0.024351418,0.0
-0.0093021095,0.0
0.052739054,0.0
0.02196756,0.0
0.04076639,0.0
0.03961104,0.0
0.012556881,0.0
-0.06859419,0.0
0.016170084,0.0
0.021114439,0.0
-0.002355963,0.0
-0.0017901361,0.0
0.037117302,0.0
0.024420947,0.0
0.07414511,0.0
0.05774799,0.0
-0.011496216,0.0
0.024517208,0.0
0.020611852,0.0
0.010165691,0.0
0.08335188,0.0
0.05191526,0.0
0.040170908,0.0
0.027203888,0.0
0.029509515,0.0
-0.03144747,0.0
0.02630642,0.0
-0.053759813,0.0
0.061360568,0.0
0.06994867,0.0
0.077706724,0.0
-0.0021550953,0.0
-0.015365899,0.0
0.005030066,0.0
0.007041484,0.0
0.036513805,0.0
0.038632184,0.0
0.04404989,0.0
0.07872349,0.0
0.030411482,0.0
0.03613493,0.0
0.012306035,0.0
-0.05191368,0.0
0.03908962,0.0
-0.013380319,0.0
-0.030796677,0.0
0.042297333,0.0
0.02038467,0.0
-0.0042639375,0.0
-0.0045253336,0.0
0.028596193,0.0
0.032429963,0.0
0.04509324,0.0
0.0045591295,0.0
0.017306387,0.0
0.047338903,0.0
-0.0034494996,0.0
0.027869254,0.0
-0.0274705,0.0
-0.0141429305,0.0
0.009952843,0.0
-0.01594147,0.0
0.03615755,0.0
-7.0631504e-06,0.0
0.0069485903,0.0
0.016874313,0.0
0.020136327,0.0
0.020236433,0.0
0.014750004,0.0
0.051830947,0.0
0.027338952,0.0
-0.028238326,0.0
0.019897044,0.0
0.010802567,0.0
0.019747555,0.0
0.03780365,0.0
0.0037826598,0.0
0.06430954,0.0
0.041316986,0.0
0.04257092,0.0
0.023708254,0.0
0.00963369,0.0
-0.030777812,0.0
0.055249065,0.0
0.009747684,0.0
0.0049272776,0.0
0.06531522,0.0
0.016779006,0.0
-0.012406975,0.0
0.0464935,0.0
0.039144248,0.0
0.0012115836,0.0
0.026007086,0.0
0.019989163,0.0
0.0073102117,0.0
-0.025962502,0.0
-0.022513568,0.0
0.023466349,0.0
0.105846256,0.0
0.013759762,0.0
-0.02316925,0.0
-0.00035956502,0.0
0.03557557,0.0
0.049315214,0.0
0.0075162053,0.0
0.010655731,0.0
0.04145506,0.0
0.038569838,0.0
0.046643168,0.0
0.018877298,0.0
-0.020785093,0.0
0.056590587,0.0
0.01082325,0.0
-0.008203387,0.0
0.0337452,0.0
0.023375958,0.0
-0.012712568,0.0
0.033943683,0.0
-0.0050857067,0.0
-0.0062898695,0.0
0.017718941,0.0
-0.00568521,0.0
0.025916815,0.0
-0.0313527,0.0
0.051896334,0.0
0.018807024,0.0
-0.00278607,0.0
0.052995473,0.0
0.008426338,0.0
-0.00806576,0.0
0.005684316,0.0
-0.071671635,0.0
0.035939723,0.0
0.017896652,0.0
0.028155178,0.0
0.0027891695,0.0
-0.0018951297,0.0
-0.0086945,0.0
0.0018402934,0.0
-0.022637546,0.0
-0.007729262,0.0
0.06295717,0.0
0.005438328,0.0
-0.025766432,0.0
0.012348056,0.0
-0.016881466,0.0
0.01628974,0.0
0.019985259,0.0
0.053098977,0.0
0.024089962,0.0
-0.016012073,0.0
-0.02238521,0.0
0.0024510622,0.0
0.014488786,0.0
0.010137171,0.0
-0.014619023,0.0
0.0006515682,0.0
0.042533666,0.0
0.064260066,0.0
0.037697554,0.0
-0.00020197034,0.0
0.0014032722,0.0
-0.0028979778,0.0
0.037350863,0.0
0.017291754,0.0
0.021572292,0.0
-0.0014172494,0.0
-0.013849944,0.0
-0.0124569535,0.0
0.023236394,0.0
-0.011353403,0.0
-0.009350926,0.0
0.039353907,0.0
0.066563725,0.0
0.036221296,0.0
0.004285991,0.0
-0.00027376413,0.0
-0.027615696,0.0
-0.06408697,0.0
-0.016046613,0.0
0.0060970187,0.0
0.06898481,0.0
-0.014475107,0.0
-0.010186493,0.0
-0.008314222,0.0
0.0041550696,0.0
-0.020896196,0.0
0.061579913,0.0
-0.012896508,0.0
0.01393801,0.0
0.013326615,0.0
0.023567855,0.0
0.0261119,0.0
0.01508072,0.0
0.011921495,0.0
0.052411854,0.0
0.042293042,0.0
0.06697139,0.0
0.026639134,0.0
0.0024639368,0.0
0.00729087,0.0
0.056266963,0.0
0.024689406,0.0
-0.0040837526,0.0
-0.021790624,0.0
0.065483004,0.0
0.05068186,0.0
0.032929808,0.0
-0.007761687,0.0
-0.006049961,0.0
0.03246841,0.0
0.013325274,0.0
0.0031698942,0.0
0.005726546,0.0
0.023468226,0.0
-0.01469025,0.0
0.03322324,0.0
0.009972304,0.0
0.006996542,0.0
0.031665444,0.0
-0.012472421,0.0
-0.0067361295,0.0
0.04197204,0.0
0.013621062,0.0
-0.0049802363,0.0
-0.0037165284,0.0
0.024676383,0.0
0.04290408,0.0
0.022182167,0.0
0.017958969,0.0
0.010415047,0.0
0.035256654,0.0
0.032738864,0.0
0.014449149,0.0
0.01350683,0.0
0.009678721,0.0
0.027748466,0.0
0.022819161,0.0
0.016937017,0.0
0.0022740662,0.0
0.031937152,0.0
0.02744791,0.0
-0.00969252,0.0
-0.0646649,0.0
0.00084766746,0.0
0.013834566,0.0
-0.020785391,0.0
0.087955534,0.0
-0.027846813,0.0
-0.0020076632,0.0
-0.020148277,0.0
0.053412855,0.0
0.025925636,0.0
-0.014600426,0.0
0.037801534,0.0
-0.019637585,0.0
0.02809465,0.0
-0.010616541,0.0
-0.029868007,0.0
-0.0021149814,0.0
-0.011590749,0.0
0.02007252,0.0
0.024282157,0.0
0.003613472,0.0
-0.022194117,0.0
0.042167425,0.0
-0.002185762,0.0
0.014138937,0.0
0.02140975,0.0
0.041974485,0.0
0.017749667,0.0
0.03150481,0.0
-0.0035530627,0.0
-0.015987188,0.0
-0.012325078,0.0
0.062431633,0.0
-0.05179569,0.0
0.048006564,0.0
0.035855234,0.0
-0.04274243,0.0
0.08305907,0.0
0.027121156,0.0
-0.03821227,0.0
-0.0100132525,0.0
0.03029406,0.0
-0.012712032,0.0
-0.012485892,0.0
0.008271903,0.0
0.033601165,0.0
0.036816537,0.0
0.011835635,0.0
0.07109535,0.0
-0.0076815784,0.0
-0.0035372376,0.0
0.009088993,0.0
0.009696484,0.0
0.039975315,0.0
-0.0022375882,0.0
0.05713427,0.0
0.034400403,0.0
-0.01138863,0.0
0.029923767,0.0
-0.051591158,0.0
0.054750443,0.0
-0.026127577,0.0
-0.0452711,0.0
-0.0072984695,0.0
0.03126788,0.0
-0.015569091,0.0
-0.022137463,0.0
0.0028845668,0.0
0.036593527,0.0
0.022094578,0.0
0.0043059886,0.0
0.001095295,0.0
0.10787618,0.0
0.035408825,0.0
0.025967866,0.0
0.043201596,0.0
0.013128459,0.0
0.016505152,0.0
0.020602405,0.0
-0.019813567,0.0
0.04194984,0.0
-0.022594303,0.0
0.07249251,0.0
0.056600183,0.0
-0.027451545,0.0
0.02242747,0.0
-0.0079164505,0.0
-0.013594687,0.0
-0.009756267,0.0
-0.00070264935,0.0
-0.0053251386,0.0
0.015262902,0.0
-0.020763487,0.0
-0.02913168,0.0
0.04672706,0.0
0.025941312,0.0
0.028042704,0.0
-0.019004107,0.0
0.06382012,0.0
-0.0016160607,0.0
-0.003937006,0.0
0.0037478209,0.0
0.011851162,0.0
0.011264741,0.0
0.048009127,0.0
0.023471445,0.0
0.0077008605,0.0
0.029631466,0.0
-0.0005144179,0.0
0.007627189,0.0
0.017861634,0.0
0.04251778,0.0
0.05335477,0.0
0.044035167,0.0
0.0047551394,0.0
0.048924714,0.0
0.08382088,0.0
0.070064306,0.0
0.016115278,0.0
-0.03919995,0.0
0.08580351,0.0
0.01269263,0.0
0.027773917,0.0
0.03688422,0.0
0.011040002,0.0
0.022356331,0.0
-0.022451252,0.0
0.050705463,0.0
0.042731702,0.0
0.01567182,0.0
0.030764312,0.0
-0.042132437,0.0
0.04355964,0.0
0.015102118,0.0
0.012858301,0.0
0.02050826,0.0
-0.014502019,0.0
0.039512366,0.0
0.0029188693,0.0
0.020544559,0.0
-0.004237801,0.0
0.005508125,0.0
-0.00895229,0.0
0.057480693,0.0
0.023143798,0.0
0.016061634,0.0
0.038101405,0.0
0.019687057,0.0
0.0069117844,0.0
-0.029626042,0.0
0.023287296,0.0
0.047073215,0.0
0.059776545,0.0
0.046779573,0.0
0.018435895,0.0
-0.0004312992,0.0
-0.023839742,0.0
-0.01852113,0.0
-0.011363089,0.0
-0.00061422586,0.0
0.020709246,0.0
-0.006117463,0.0
0.05620241,0.0
0.058310688,0.0
0.04040292,0.0
-0.022160143,0.0
-0.015463233,0.0
0.0143817365,0.0
0.026128083,0.0
0.0018636286,0.0
0.011769205,0.0
0.0060077608,0.0
0.014992714,0.0
0.043740034,0.0
-0.017880142,0.0
0.023288935,0.0
0.003017038,0.0
0.07044369,0.0
0.023542643,0.0
0.05265534,0.0
0.046176195,0.0
0.010167986,0.0
0.012085706,0.0
-0.018874288,0.0
-0.0012499392,0.0
0.03170365,0.0
-0.008691072,0.0
-0.0031974912,0.0
0.032033503,0.0
0.008518398,0.0
-0.004303038,0.0
-0.007586807,0.0
-0.027054459,0.0
0.013251752,0.0
0.026479334,0.0
-0.01712358,0.0
0.003362149,0.0
-0.020262152,0.0
0.029750317,0.0
-0.026397794,0.0
-0.0012285113,0.0
0.06537205,0.0
-0.06469253,0.0
0.023377746,0.0
0.013832182,0.0
-0.020021588,0.0
-0.010318756,0.0
0.06531286,0.0
0.006791383,0.0
-0.0065460503,0.0
-0.03117013,0.0
0.061490715,0.0
-0.02785027,0.0
0.03210345,0.0
-0.011202753,0.0
0.016858041,0.0
0.036645234,0.0
0.069072336,0.0
-0.010582745,0.0
0.015019953,0.0
0.02295798,0.0
-0.04927063,0.0
0.07364258,0.0
0.016728252,0.0
-0.025343359,0.0
0.006374806,0.0
0.01113686,0.0
0.021903336,0.0
0.040616035,0.0
0.049598694,0.0
0.04817304,0.0
0.05981013,0.0
0.033260882,0.0
0.014293343,0.0
-0.026685387,0.0
0.060184777,0.0
0.01624915,0.0
0.027551442,0.0
0.03947261,0.0
-0.03355643,0.0
0.07552943,0.0
-0.00020572543,0.0
0.030055583,0.0
0.027592927,0.0
-0.0063702166,0.0
0.031621248,0.0
-0.012217492,0.0
0.055702567,0.0
0.03292188,0.0
-0.018453687,0.0
-0.024605095,0.0
-0.014713168,0.0
-0.008874625,0.0
-0.00048694015,0.0
0.018175304,0.0
-0.0076660514,0.0
0.001553446,0.0
-0.005117178,0.0
0.03512159,0.0
0.035496622,0.0
-0.0018695891,0.0
0.01207608,0.0
-0.002719909,0.0
-0.009437948,0.0
-0.04801041,0.0
-0.0012360513,0.0
0.046132,0.0
0.038387924,0.0
0.028557807,0.0
0.068828344,0.0
-0.014419347,0.0
0.030119896,0.0
-0.005756855,0.0
0.017283171,0.0
0.029564649,0.0
-0.012622237,0.0
0.02808559,0.0
-0.004378438,0.0
0.048381835,0.0
0.03343165,0.0
0.0081219375,0.0
0.033508807,0.0
0.043123126,0.0
-0.009722441,0.0
0.050702393,0.0
0.04830739,0.0
0.046393752,0.0
0.06693339,0.0
0.013044983,0.0
0.008781999,0.0
0.019236952,0.0
0.0023454726,0.0
0.039678603,0.0
0.032496452,0.0
0.032166094,0.0
-0.014347196,0.0
0.048157215,0.0
0.014566302,0.0
0.014983505,0.0
0.022269517,0.0
0.03182164,0.0
0.0319179,0.0
0.049690932,0.0
0.012162268,0.0
0.053318053,0.0
0.016723126,0.0
-0.010383368,0.0
0.087105036,0.0
0.005361736,0.0
0.003929466,0.0
-0.0086529255,0.0
0.022791505,0.0
-0.021192938,0.0
0.06657526,0.0
0.010984808,0.0
0.039213896,0.0
0.019900173,0.0
-0.03243959,0.0
-0.00086051226,0.0
0.0112679005,0.0
-0.024741799,0.0
0.009323299,0.0
0.048361957,0.0
0.01035127,0.0
-0.005892098,0.0
-0.0106551945,0.0
0.05289939,0.0
0.030422926,0.0
0.01906991,0.0
0.019501984,0.0
-0.004947722,0.0
0.022197574,0.0
0.02151829,0.0
0.047958344,0.0
-0.0018529296,0.0
0.040272236,0.0
-0.013017386,0.0
0.09228712,0.0
0.033099115,0.0
0.07274279,0.0
-0.0051826537,0.0
0.03293261,0.0
0.06130123,0.0
0.024880528,0.0
0.029943258,0.0
0.024029166,0.0
0.021511585,0.0
0.027202636,0.0
0.012253493,0.0
-0.010964781,0.0
0.04611981,0.0
0.05438873,0.0
0.011408031,0.0
0.048277557,0.0
-0.012888998,0.0
0.021631747,0.0
-0.008603215,0.0
-0.0103471875,0.0
0.005962014,0.0
0.03528413,0.0
0.95956266,1.0
0.31818074,1.0
1.034069,1.0
0.9948319,1.0
1.0075744,1.0
0.3317058,1.0
1.0853621,1.0
1.0673187,1.0
0.9643781,1.0
0.9544307,1.0
0.28332296,1.0
0.99230814,1.0
0.31010985,1.0
0.85512406,1.0
0.29137772,1.0
0.27092814,1.0
1.006547,1.0
1.0413288,1.0
0.98393536,1.0
0.90922165,1.0
0.4074017,1.0
1.0060955,1.0
0.9019359,1.0
1.0256511,1.0
1.0128545,1.0
0.40645877,1.0
0.35062662,1.0
0.9942881,1.0
0.35676157,1.0
0.9580257,1.0
0.9842212,1.0
0.26439512,1.0
0.95105374,1.0
0.7094261,1.0
0.9088851,1.0
0.3426526,1.0
0.33976263,1.0
1.1132693,1.0
0.9506403,1.0
1.0141026,1.0
0.872592,1.0
0.76284724,1.0
1.002145,1.0
0.94894063,1.0
0.87375194,1.0
0.72567755,1.0
0.97231746,1.0
1.0340546,1.0
0.97884715,1.0
1.0473287,1.0
0.72779787,1.0
1.0165218,1.0
0.7753621,1.0
0.7765541,1.0
0.8286413,1.0
0.9970176,1.0
0.7480041,1.0
0.90891886,1.0
0.8150066,1.0
0.98228526,1.0
1.0333159,1.0
0.89509857,1.0
0.8144641,1.0
0.9989096,1.0
0.2366698,1.0
0.9116112,1.0
0.39890283,1.0
1.040712,1.0
0.9530525,1.0
0.8756839,1.0
0.95458174,1.0
1.0736432,1.0
0.30316848,1.0
0.99825346,1.0
1.6178495,1.0
0.9765688,1.0
0.77406263,1.0
1.1991156,1.0
0.4074017,1.0
1.0378054,1.0
0.9644979,1.0
0.4074017,1.0
0.9022329,1.0
0.9073859,1.0
1.040539,1.0
0.884042,1.0
0.93907356,1.0
0.38572437,1.0
0.4074017,1.0
1.1718781,1.0
0.38718095,1.0
-0.028293312,0.0
0.007961214,0.0
0.0064310133,0.0
0.08908799,0.0
0.03644547,0.0
0.012139112,0.0
0.02383259,0.0
0.027561158,0.0
0.01769206,0.0
0.00030985475,0.0
-0.00643456,0.0
0.03717801,0.0
0.049158424,0.0
0.015586734,0.0
-0.02273795,0.0
-0.026900738,0.0
0.027944893,0.0
-0.015624195,0.0
0.04553321,0.0
0.01420024,0.0
0.05825898,0.0
0.007204294,0.0
0.046545357,0.0
0.02036348,0.0
0.100672275,0.0
-0.037616253,0.0
0.021965444,0.0
0.04434344,0.0
0.0146690905,0.0
0.0028571486,0.0
0.053870827,0.0
0.027029037,0.0
-0.004044354,0.0
0.026834905,0.0
-0.026832491,0.0
0.022772819,0.0
0.009148568,0.0
-0.031557977,0.0
0.026534766,0.0
0.0017540753,0.0
0.015863031,0.0
0.10866609,0.0
0.017402738,0.0
0.013676316,0.0
0.0657343,0.0
-0.029544562,0.0
0.09595063,0.0
0.014837712,0.0
0.0028513968,0.0
0.016179472,0.0
-0.027675092,0.0
0.060968697,0.0
0.023842007,0.0
0.0018442571,0.0
0.008455753,0.0
0.0007391274,0.0
0.015027374,0.0
0.038030088,0.0
0.035827756,0.0
0.0334996,0.0
0.030160755,0.0
0.09605011,0.0
0.03827426,0.0
-0.0059544146,0.0
0.021914512,0.0
0.00028136373,0.0
0.032864958,0.0
0.048175067,0.0
-0.048398674,0.0
0.06751993,0.0
0.026436895,0.0
0.055566758,0.0
0.028315037,0.0
0.02389893,0.0
0.02124092,0.0
0.059392035,0.0
0.0025022626,0.0
0.003362447,0.0
0.034465462,0.0
0.022933453,0.0
-0.0099104345,0.0
0.03306362,0.0
0.028928995,0.0
0.052603304,0.0
0.066633075,0.0
-0.0050502717,0.0
0.049620688,0.0
0.00017878413,0.0
0.035106003,0.0
0.0149258375,0.0
-0.057264686,0.0
-0.025524825,0.0
0.01662898,0.0
0.062769026,0.0
-0.033161968,0.0
-0.010754496,0.0
-0.049881995,0.0
0.007110387,0.0
0.054540187,0.0
-0.035095006,0.0
-0.04877749,0.0
-0.0045521557,0.0
0.050167054,0.0
0.033599883,0.0
0.041769087,0.0
0.035971195,0.0
0.003725201,0.0
0.05328974,0.0
-0.004779905,0.0
0.05843237,0.0
0.03936869,0.0
0.048766077,0.0
0.03083247,0.0
0.016183615,0.0
0.04956445,0.0
-0.0028220117,0.0
0.07845241,0.0
0.03132385,0.0
0.037122607,0.0
0.011582822,0.0
0.041768104,0.0
0.018856049,0.0
0.023388594,0.0
0.056131095,0.0
0.005710572,0.0
0.038556516,0.0
0.012340188,0.0
0.06385842,0.0
0.035849273,0.0
0.0014400482,0.0
0.015669614,0.0
0.025615811,0.0
0.0688726,0.0
-0.03369376,0.0
0.030621618,0.0
0.01563403,0.0
0.029364496,0.0
-0.058414012,0.0
0.027802825,0.0
0.0063212514,0.0
0.04448718,0.0
0.061134607,0.0
0.0147052705,0.0
0.029793948,0.0
0.028832465,0.0
-0.005051434,0.0
-0.036689043,0.0
0.0017839372,0.0
0.009757668,0.0
0.06900376,0.0
-0.023873866,0.0
0.021245837,0.0
-0.0015205741,0.0
0.0058145225,0.0
0.0465388,0.0
0.0017914772,0.0
0.004585296,0.0
-0.03073603,0.0
0.047970444,0.0
-0.003270954,0.0
-0.011778593,0.0
0.011028141,0.0
0.010172218,0.0
-0.01942873,0.0
0.025655955,0.0
-0.03996727,0.0
-0.008523971,0.0
0.0065047443,0.0
-0.008242935,0.0
0.025170147,0.0
0.024095595,0.0
0.02936092,0.0
-0.017071486,0.0
-0.019809008,0.0
0.038562566,0.0
0.01628825,0.0
0.0073650777,0.0
-0.026592523,0.0
-0.010158062,0.0
0.027190417,0.0
-0.007037312,0.0
0.053068876,0.0
0.039407164,0.0
0.009749413,0.0
0.003481537,0.0
-0.012875348,0.0
0.03306991,0.0
-0.0065765977,0.0
0.05136767,0.0
0.013105482,0.0
0.019886643,0.0
-0.01495567,0.0
-0.004137635,0.0
0.0027647614,0.0
-0.0038630366,0.0
-0.0135213435,0.0
-0.03467402,0.0
0.034397274,0.0
0.036801368,0.0
0.023888886,0.0
0.044593483,0.0
0.06043592,0.0
0.029480904,0.0
-0.0019716918,0.0
-0.025647968,0.0
-0.007261157,0.0
-0.023368627,0.0
-0.006617993,0.0
-0.004916936,0.0
-0.030623257,0.0
0.0027619898,0.0
-0.0029577613,0.0
-0.012363046,0.0
-0.0051469803,0.0
-0.032598287,0.0
0.027431339,0.0
0.01663518,0.0
-0.016205728,0.0
0.017506212,0.0
0.009641498,0.0
-0.09002009,0.0
-0.004663646,0.0
0.020493478,0.0
0.022133023,0.0
0.018448532,0.0
-0.019963652,0.0
-0.0027648509,0.0
-0.028467923,0.0
0.060903966,0.0
0.013634294,0.0
0.059421718,0.0
-0.0014861524,0.0
0.032081544,0.0
0.03026697,0.0
0.036062926,0.0
0.040286988,0.0
0.01822722,0.0
0.0104652345,0.0
0.0027338862,0.0
0.031359702,0.0
-0.014514625,0.0
0.017752796,0.0
0.005407512,0.0
0.011122614,0.0
0.020081729,0.0
0.015177399,0.0
0.05703011,0.0
0.015099555,0.0
0.023257196,0.0
-0.039124697,0.0
-0.0057100356,0.0
0.007610023,0.0
0.038159966,0.0
-0.006531626,0.0
0.019321054,0.0
-0.012440443,0.0
0.055395007,0.0
0.03944704,0.0
-0.013228089,0.0
0.016061574,0.0
0.05635065,0.0
-0.024558961,0.0
0.039820254,0.0
0.026201725,0.0
0.028415322,0.0
0.015509903,0.0
0.06564036,0.0
-0.048689425,0.0
0.0061080456,0.0
0.0111038685,0.0
0.07242596,0.0
0.05111611,0.0
0.029423982,0.0
0.031944245,0.0
-0.03964886,0.0
-0.004200995,0.0
0.05093324,0.0
-0.02401939,0.0
0.0062625706,0.0
0.057893246,0.0
0.032759935,0.0
0.029010892,0.0
-0.0011630654,0.0
0.026455969,0.0
0.011188924,0.0
0.050515562,0.0
-0.037864447,0.0
0.027118921,0.0
0.007349491,0.0
-0.0051721632,0.0
0.047677547,0.0
0.01369831,0.0
0.019785762,0.0
0.013270646,0.0
0.032507837,0.0
0.020032346,0.0
0.048398405,0.0
0.009413868,0.0
0.0034391284,0.0
0.021691978,0.0
0.014226705,0.0
0.0051507354,0.0
0.004062593,0.0
-0.010466278,0.0
0.02228877,0.0
-0.014059514,0.0
0.048998475,0.0
0.03307101,0.0
0.04304585,0.0
-0.08021861,0.0
0.049102575,0.0
0.005439222,0.0
0.015821636,0.0
0.016583443,0.0
0.039851367,0.0
0.043068886,0.0
0.11948863,0.0
0.060325384,0.0
0.0051343143,0.0
0.044008076,0.0
0.022734463,0.0
-0.01453197,0.0
0.01160568,0.0
0.034564883,0.0
-0.013255656,0.0
0.00909251,0.0
0.012256086,0.0
0.0007543564,0.0
0.006382644,0.0
0.0062530935,0.0
0.054042667,0.0
0.02236557,0.0
0.01509586,0.0
0.07162061,0.0
0.08253905,0.0
-0.02280286,0.0
0.02710706,0.0
0.048068732,0.0
0.026348501,0.0
0.010843754,0.0
0.053408742,0.0
0.043824196,0.0
0.06166628,0.0
0.0072722137,0.0
0.0108422935,0.0
0.055959493,0.0
0.05822295,0.0
-0.015343338,0.0
0.0030441582,0.0
0.007949293,0.0
-0.018747568,0.0
-0.017897576,0.0
-0.015774906,0.0
0.031781763,0.0
0.028566718,0.0
0.0115605,0.0
0.045175105,0.0
0.02715984,0.0
0.07426196,0.0
0.018903881,0.0
0.019117117,0.0
0.01272437,0.0
0.07596299,0.0
0.006415069,0.0
0.0012600124,0.0
0.013056219,0.0
0.050127357,0.0
0.025164485,0.0
0.051730752,0.0
0.012385726,0.0
0.0022789836,0.0
0.012086153,0.0
0.019806504,0.0
-0.025934696,0.0
0.071534395,0.0
0.016046643,0.0
-0.042069912,0.0
0.10268101,0.0
0.08822644,0.0
0.036093086,0.0
0.050317615,0.0
0.092630535,0.0
0.055256218,0.0
0.07234779,0.0
-0.0065213144,0.0
0.088036716,0.0
0.066072136,0.0
0.0054669976,0.0
0.025212318,0.0
-0.028633237,0.0
0.016249001,0.0
0.012767643,0.0
0.019523382,0.0
0.032357574,0.0
-0.0014814734,0.0
0.022546291,0.0
-0.034664065,0.0
0.0046438873,0.0
0.0003311634,0.0
-0.008269966,0.0
0.00019925833,0.0
-0.01030308,0.0
0.047257572,0.0
0.03839162,0.0
0.04957497,0.0
0.01048401,0.0
0.035520643,0.0
-0.014250934,0.0
0.008694172,0.0
0.031234056,0.0
0.008277237,0.0
0.011611581,0.0
-0.0033275783,0.0
0.02167973,0.0
-0.03904614,0.0
0.058787674,0.0
-0.012886256,0.0
0.037766665,0.0
-0.03162715,0.0
-0.044986874,0.0
0.029657155,0.0
0.021167815,0.0
0.02872634,0.0
0.026731819,0.0
-0.01334101,0.0
0.005535871,0.0
0.045141637,0.0
0.04981196,0.0
0.03946218,0.0
0.022820354,0.0
-0.00872618,0.0
-0.0060694516,0.0
0.0035476387,0.0
-0.00055503845,0.0
0.03073284,0.0
0.011430502,0.0
-0.0006379783,0.0
0.0054620504,0.0
0.0070050955,0.0
0.01810968,0.0
0.023231238,0.0
-0.005916208,0.0
0.021027237,0.0
0.08129549,0.0
-0.021739662,0.0
0.02526337,0.0
0.04553336,0.0
-0.0061331093,0.0
0.019803017,0.0
0.029831588,0.0
0.02799061,0.0
0.0034673214,0.0
-0.06215638,0.0
0.0024540424,0.0
0.02721095,0.0
-0.013368428,0.0
-0.0012331605,0.0
0.02815479,0.0
0.04285997,0.0
-0.03294739,0.0
0.020698726,0.0
0.036613733,0.0
0.009958565,0.0
0.04631695,0.0
0.048325002,0.0
0.05562082,0.0
0.0406335,0.0
0.045221627,0.0
-0.0005976856,0.0
0.018204004,0.0
0.009790093,0.0
-0.0039381385,0.0
0.06117028,0.0
0.023124963,0.0
0.010198861,0.0
0.019977063,0.0
0.019232333,0.0
-0.014380008,0.0
-0.04542741,0.0
-0.06640911,0.0
0.05092773,0.0
0.013903677,0.0
0.027034163,0.0
-0.024823219,0.0
0.04527062,0.0
0.021709055,0.0
-0.010000467,0.0
0.0351035,0.0
0.047842354,0.0
0.01091066,0.0
0.009618729,0.0
0.0029044747,0.0
0.0044780076,0.0
0.021338642,0.0
0.032268614,0.0
-0.027149916,0.0
-0.022995234,0.0
0.012196034,0.0
0.008770078,0.0
0.013249725,0.0
0.024027646,0.0
0.03665659,0.0
0.06142971,0.0
0.0044328272,0.0
0.021824628,0.0
-0.007440299,0.0
0.008391976,0.0
0.0048784316,0.0
-0.022076875,0.0
0.023332149,0.0
0.013092458,0.0
0.022818178,0.0
0.03675863,0.0
-0.0037214458,0.0
0.05274722,0.0
0.016133696,0.0
-0.010161668,0.0
-0.010088593,0.0
0.024059206,0.0
0.06382564,0.0
-0.010082066,0.0
0.036666393,0.0
0.0061445236,0.0
0.010042399,0.0
0.072151214,0.0
0.05783066,0.0
0.018769413,0.0
0.056155175,0.0
0.005199164,0.0
0.00075003505,0.0
0.0073741972,0.0
0.01282239,0.0
0.050739497,0.0
-0.010000646,0.0
0.005919367,0.0
0.04256001,0.0
0.0107314885,0.0
0.018590033,0.0
0.03254509,0.0
-0.02056092,0.0
0.044118643,0.0
0.01992333,0.0
0.008161604,0.0
-0.029458761,0.0
0.028864235,0.0
-0.0030871034,0.0
0.043004572,0.0
0.03675869,0.0
-0.0047751367,0.0
0.06761572,0.0
0.002397269,0.0
0.015530556,0.0
0.055684566,0.0
-0.0111557245,0.0
-0.043060064,0.0
-0.0052708685,0.0
0.0026096106,0.0
0.061195582,0.0
0.030160159,0.0
0.017814368,0.0
0.021026522,0.0
0.016475797,0.0
0.0038242936,0.0
-0.012137055,0.0
0.053225636,0.0
0.036797076,0.0
0.017609447,0.0
0.022968352,0.0
0.029780298,0.0
0.034043223,0.0
0.032777935,0.0
0.012278765,0.0
0.0098211765,0.0
0.09566271,0.0
0.090340704,0.0
0.048298568,0.0
0.06522924,0.0
0.03037718,0.0
-0.019111842,0.0
0.058273196,0.0
0.0059886277,0.0
0.03412497,0.0
0.050642967,0.0
0.099054754,0.0
0.020728946,0.0
0.033537656,0.0
0.032722354,0.0
0.077864766,0.0
0.050708532,0.0
0.08627918,0.0
0.07232872,0.0
0.0006079078,0.0
-0.02092266,0.0
0.02442053,0.0
0.07059467,0.0
0.051303625,0.0
0.09498158,0.0
0.10097602,0.0
0.060688138,0.0
0.0028012395,0.0
0.023099601,0.0
0.033268094,0.0
0.009270132,0.0
-0.00092345476,0.0
0.0021461248,0.0
-0.025156677,0.0
-0.013826251,0.0
0.026839137,0.0
-0.009169966,0.0
0.048845798,0.0
0.024032056,0.0
0.031246513,0.0
0.0019820035,0.0
0.026392132,0.0
0.023968697,0.0
0.023442686,0.0
0.025774866,0.0
-0.053972244,0.0
-0.020899057,0.0
-0.02082935,0.0
0.021471411,0.0
-0.053017914,0.0
0.0016067922,0.0
0.028530478,0.0
0.060544133,0.0
-0.010111034,0.0
0.009578645,0.0
0.023114502,0.0
0.039423436,0.0
0.005153209,0.0
0.04142028,0.0
0.06128493,0.0
0.043652803,0.0
0.022087634,0.0
0.010359883,0.0
0.049223572,0.0
-0.004347831,0.0
-0.032574773,0.0
0.027926564,0.0
0.034809142,0.0
-0.003081739,0.0
0.027577758,0.0
0.00019446015,0.0
0.002872616,0.0
-0.0213992,0.0
0.024594009,0.0
-0.011690587,0.0
0.0034017265,0.0
0.02432245,0.0
0.028971791,0.0
-0.009374112,0.0
-0.013022304,0.0
0.0066604614,0.0
-0.0069923103,0.0
0.02168876,0.0
0.026750863,0.0
0.047840744,0.0
0.030563205,0.0
0.040656894,0.0
0.02364859,0.0
0.009849399,0.0
0.049349517,0.0
0.064503014,0.0
0.043786347,0.0
-0.020098686,0.0
0.011048645,0.0
-0.0010003746,0.0
0.02989474,0.0
0.02828455,0.0
0.049940288,0.0
0.035577446,0.0
0.0430474,0.0
0.0013931394,0.0
0.017383724,0.0
0.02398321,0.0
0.07385102,0.0
-0.0038641393,0.0
0.0183011,0.0
0.01572612,0.0
-0.019644737,0.0
0.04359764,0.0
0.038936913,0.0
-0.017121494,0.0
-0.021089315,0.0
0.019882947,0.0
0.025796533,0.0
0.025043279,0.0
-0.018312126,0.0
-0.005580932,0.0
-0.032379746,0.0
-0.01138562,0.0
-0.00562194,0.0
-0.012109101,0.0
0.05408153,0.0
0.010828614,0.0
0.11436635,0.0
-0.02332303,0.0
0.028665274,0.0
0.010409504,0.0
0.028993368,0.0
-0.023040503,0.0
0.046047658,0.0
0.016559273,0.0
0.049018383,0.0
0.030508995,0.0
0.02527517,0.0
-0.02602902,0.0
-0.01975739,0.0
0.00479275,0.0
-0.018418282,0.0
0.027975231,0.0
0.024456829,0.0
0.06606239,0.0
0.030055434,0.0
-0.01690951,0.0
-0.011550099,0.0
0.0327197,0.0
0.042907685,0.0
0.023082107,0.0
0.0143965185,0.0
0.035743624,0.0
-0.0007556975,0.0
0.040338397,0.0
0.065779984,0.0
0.016055912,0.0
0.015390784,0.0
-0.004163116,0.0
0.025848716,0.0
0.024971396,0.0
-0.016703635,0.0
0.006100267,0.0
0.028169185,0.0
0.00017401576,0.0
0.013612777,0.0
-0.02515158,0.0
0.045673132,0.0
0.0076886117,0.0
-0.01276204,0.0
-0.0057843924,0.0
0.03998968,0.0
0.0104388,0.0
0.030807525,0.0
0.0486497,0.0
0.056063592,0.0
0.024495035,0.0
-0.041080445,0.0
0.028678209,0.0
0.04187271,0.0
0.017056614,0.0
-0.02126965,0.0
-0.01312694,0.0
0.02815479,0.0
0.043631613,0.0
0.00024122,0.0
-0.004860759,0.0
0.0051576793,0.0
0.005372137,0.0
-0.009461522,0.0
-0.003833264,0.0
-0.024571747,0.0
0.042375147,0.0
-0.015067726,0.0
-0.012053221,0.0
-0.03421566,0.0
-0.0009986162,0.0
-0.03217566,0.0
0.011991024,0.0
0.007676095,0.0
-0.029039323,0.0
0.0067752004,0.0
0.02665031,0.0
-0.012345195,0.0
-0.0067169666,0.0
-0.028209746,0.0
0.0030560791,0.0
0.08291522,0.0
0.016938865,0.0
0.00096192956,0.0
0.022616982,0.0
0.019844294,0.0
-0.009657115,0.0
0.040664673,0.0
-0.027478397,0.0
0.027985603,0.0
0.038136125,0.0
0.015984148,0.0
0.02156946,0.0
0.033800423,0.0
-0.006232679,0.0
0.0016025305,0.0
-0.049099356,0.0
0.009971619,0.0
0.041505724,0.0
0.011242539,0.0
0.02378574,0.0
0.00590533,0.0
0.003676027,0.0
0.046330392,0.0
0.04719636,0.0
0.00041124225,0.0
-0.019722015,0.0
0.056642264,0.0
0.022019327,0.0
0.012966722,0.0
-0.0022813082,0.0
0.012634069,0.0
0.0077367723,0.0
0.029403508,0.0
0.05749345,0.0
0.015301049,0.0
-0.03719178,0.0
0.033309013,0.0
0.02196604,0.0
0.050449967,0.0
-0.013223261,0.0
-0.039397597,0.0
0.008454561,0.0
-0.012381226,0.0
0.029130042,0.0
-0.011244118,0.0
-0.029688627,0.0
0.032937974,0.0
0.023498476,0.0
0.0071529746,0.0
0.041953802,0.0
0.00081947446,0.0
0.0567773,0.0
0.015518099,0.0
0.009908587,0.0
-0.014126629,0.0
0.026463062,0.0
0.03088823,0.0
0.020959169,0.0
-0.06703904,0.0
0.042537868,0.0
0.05914715,0.0
0.059743196,0.0
0.009240031,0.0
0.007598549,0.0
0.020430505,0.0
0.023313552,0.0
0.016869426,0.0
-0.03323409,0.0
0.043261677,0.0
0.006109625,0.0
0.023572743,0.0
-0.0044035017,0.0
0.07691127,0.0
0.033815175,0.0
0.053637326,0.0
0.100865036,0.0
0.0415785,0.0
0.00791648,0.0
-0.0018745065,0.0
0.04210314,0.0
0.07644814,0.0
-0.025047421,0.0
0.039393038,0.0
0.057294697,0.0
0.020477891,0.0
-0.008938462,0.0
0.04259166,0.0
0.023005813,0.0
-0.0012355745,0.0
0.028577238,0.0
0.04044631,0.0
0.03945285,0.0
0.020264655,0.0
-0.0072287917,0.0
0.0044849515,0.0
0.07187635,0.0
0.017799348,0.0
0.006728828,0.0
-0.0010723472,0.0
0.04634723,0.0
0.048798054,0.0
0.058781832,0.0
0.009755403,0.0
0.015523732,0.0
0.029018104,0.0
0.05270037,0.0
0.01693514,0.0
0.018469423,0.0
0.0016758442,0.0
0.04200968,0.0
0.02397886,0.0
0.032657206,0.0
0.015738517,0.0
0.0038203,0.0
0.026755482,0.0
-0.014160156,0.0
0.0065208375,0.0
0.05084175,0.0
0.010404944,0.0
0.02492088,0.0
0.04475203,0.0
-0.010080367,0.0
0.010751396,0.0
-0.044650167,0.0
-0.018962115,0.0
0.019426316,0.0
0.05216524,0.0
0.03914857,0.0
0.041872233,0.0
0.06258088,0.0
-0.02761048,0.0
0.017276764,0.0
-0.0023530424,0.0
0.014584839,0.0
-0.011615843,0.0
0.038446218,0.0
0.0071857274,0.0
0.055907756,0.0
0.024744123,0.0
0.024861723,0.0
-0.00927037,0.0
0.06619933,0.0
0.034131765,0.0
-0.00759238,0.0
0.056955874,0.0
0.028394192,0.0
-0.0069067776,0.0
0.0247356,0.0
0.0043928623,0.0
0.0010487437,0.0
0.040002853,0.0
0.012905508,0.0
0.028748631,0.0
0.008379996,0.0
0.0013014376,0.0
0.020705849,0.0
-0.03776884,0.0
0.024551779,0.0
0.057233453,0.0
0.006592691,0.0
-0.014887005,0.0
-0.0153335035,0.0
-0.014253348,0.0
0.015773892,0.0
0.024811327,0.0
0.007851571,0.0
-0.0100596845,0.0
0.018645078,0.0
0.039085925,0.0
0.043141216,0.0
0.01601538,0.0
0.018514514,0.0
0.0067085326,0.0
0.009819269,0.0
0.03872183,0.0
0.0022943616,0.0
0.027099103,0.0
-0.020544052,0.0
-0.015016913,0.0
0.010429919,0.0
0.017216533,0.0
-0.025981396,0.0
-0.014299333,0.0
-0.056234926,0.0
-0.08050904,0.0
0.006673664,0.0
-0.0055487156,0.0
0.0064181983,0.0
0.013284773,0.0
0.04849899,0.0
0.005705446,0.0
0.049064934,0.0
0.0046391785,0.0
0.013822228,0.0
0.06368831,0.0
-0.06350964,0.0
-0.028594345,0.0
-0.037039608,0.0
-0.0055763125,0.0
-0.0152976215,0.0
-0.012169659,0.0
-0.008588523,0.0
-0.027455658,0.0
0.010045737,0.0
-0.005065173,0.0
-0.057509482,0.0
-0.0012570322,0.0
0.06586778,0.0
0.04545766,0.0
0.0035870373,0.0
0.05931309,0.0
-0.014418215,0.0
0.027729899,0.0
-0.0022680461,0.0
0.0053513944,0.0
0.0016572773,0.0
0.030540675,0.0
0.025978953,0.0
0.031034619,0.0
0.025464624,0.0
0.018746167,0.0
-0.024136692,0.0
-0.03359866,0.0
0.053275734,0.0
0.0012910962,0.0
-0.034466356,0.0
0.022729337,0.0
0.07703343,0.0
0.0011020005,0.0
-0.007013172,0.0
0.001521498,0.0
0.0003015101,0.0
-0.015443206,0.0
0.039168835,0.0
-0.0056063533,0.0
0.029083312,0.0
-0.0042793155,0.0
-0.0021360517,0.0
0.040946394,0.0
-0.022376329,0.0
-0.013171375,0.0
-0.032890588,0.0
-0.032721817,0.0
0.07175663,0.0
-0.00018042326,0.0
0.03329259,0.0
-0.019051611,0.0
0.045465052,0.0
0.014340013,0.0
-0.04892397,0.0
0.019659162,0.0
-0.05606842,0.0
0.011427313,0.0
0.028085858,0.0
0.004810989,0.0
0.0077972114,0.0
0.046590984,0.0
0.031237185,0.0
0.026534379,0.0
0.01538682,0.0
0.03982514,0.0
0.035827428,0.0
-0.02294609,0.0
0.03871712,0.0
0.0020246506,0.0
0.006180346,0.0
0.034605265,0.0
0.016566217,0.0
-0.039827257,0.0
0.055278957,0.0
0.078832835,0.0
0.037623018,0.0
0.03048551,0.0
-0.014518291,0.0
0.028492957,0.0
0.044837415,0.0
0.002886057,0.0
0.02361992,0.0
-0.006079942,0.0
-0.017313331,0.0
0.03635019,0.0
0.05419889,0.0
-0.00055375695,0.0
0.03850606,0.0
-0.013623118,0.0
0.037966937,0.0
0.035767168,0.0
0.07952893,0.0
0.023355335,0.0
0.026290506,0.0
0.037377954,0.0
0.013605952,0.0
-0.009105086,0.0
-0.036711514,0.0
-0.0332945,0.0
-0.026448041,0.0
0.018415302,0.0
0.023555696,0.0
0.008409023,0.0
0.07279384,0.0
0.04369414,0.0
0.0020116568,0.0
-0.010780752,0.0
0.013493061,0.0
-0.010843843,0.0
0.013719529,0.0
-0.010318309,0.0
0.0034345686,0.0
-0.003643781,0.0
-0.023622483,0.0
-0.030832231,0.0
-0.011961162,0.0
0.0103826225,0.0
0.03948891,0.0
0.035011232,0.0
0.010840714,0.0
0.001969099,0.0
-0.046723515,0.0
-0.005350083,0.0
0.0060132444,0.0
0.0074614584,0.0
0.021671444,0.0
-0.0039401352,0.0
0.021414697,0.0
-0.005531013,0.0
0.03442672,0.0
0.001203388,0.0
0.0143274665,0.0
0.02978459,0.0
0.033876628,0.0
0.04698682,0.0
-0.034065336,0.0
-0.022939026,0.0
0.011657298,0.0
0.03843692,0.0
0.036936104,0.0
-0.010998815,0.0
0.01834178,0.0
0.05153808,0.0
0.015094221,0.0
0.04060945,0.0
0.04718104,0.0
0.039646327,0.0
-0.05154851,0.0
0.055395186,0.0
0.05945891,0.0
0.026455194,0.0
0.030884385,0.0
0.013048887,0.0
-0.0047612786,0.0
-0.025578499,0.0
0.023636907,0.0
0.0034210682,0.0
0.03773129,0.0
0.039771706,0.0
-0.028278142,0.0
0.0200679,0.0
-0.014124602,0.0
0.05862382,0.0
-0.023159802,0.0
0.08534539,0.0
-0.022247553,0.0
0.0032560825,0.0
0.049188256,0.0
0.081073195,0.0
0.015607685,0.0
-0.002892226,0.0
0.047895193,0.0
0.023111433,0.0
-0.012192637,0.0
-0.025689244,0.0
-0.002893865,0.0
0.043602884,0.0
-0.017355412,0.0
0.04921636,0.0
-0.007588953,0.0
-0.015815556,0.0
-0.0026334822,0.0
-0.013655424,0.0
-0.02546665,0.0
-0.045144618,0.0
-0.009598702,0.0
0.018009424,0.0
0.00750044,0.0
-0.011155069,0.0
0.035858482,0.0
0.023685038,0.0
0.058237135,0.0
-0.010857761,0.0
0.014976978,0.0
-0.013712198,0.0
0.0047571063,0.0
-0.03206098,0.0
-0.016278803,0.0
0.017673403,0.0
-0.0071050227,0.0
0.050142586,0.0
0.043120533,0.0
0.063988954,0.0
-0.01403451,0.0
0.0026583076,0.0
0.0029942095,0.0
0.04696089,0.0
0.021387428,0.0
0.053866565,0.0
0.054118454,0.0
0.039196998,0.0
-0.059862703,0.0
0.01891172,0.0
0.026516408,0.0
-0.0026366413,0.0
-0.01456809,0.0
-0.03284034,0.0
0.032077253,0.0
-0.008683413,0.0
0.017096132,0.0
-0.0026836991,0.0
-0.049173832,0.0
-0.04394132,0.0
0.04925224,0.0
0.02917558,0.0
0.04315728,0.0
-0.043031126,0.0
-0.023542613,0.0
0.050738215,0.0
-0.021190464,0.0
-0.029040098,0.0
0.004546374,0.0
0.08830199,0.0
-0.0013706982,0.0
0.020957738,0.0
0.029842764,0.0
0.009761125,0.0
0.026692092,0.0
-0.036117017,0.0
-0.018496811,0.0
0.051703274,0.0
0.032793522,0.0
-0.020664841,0.0
0.07692689,0.0
0.05834052,0.0
0.024039835,0.0
0.07340932,0.0
0.024785548,0.0
0.057545334,0.0
0.032613903,0.0
0.021610558,0.0
0.014644831,0.0
0.015684694,0.0
0.012281686,0.0
0.058846086,0.0
0.019046336,0.0
-0.0054593384,0.0
0.07858083,0.0
0.0027134717,0.0
0.001650244,0.0
0.060344964,0.0
0.026071072,0.0
0.037923098,0.0
0.030973583,0.0
0.004837483,0.0
0.006159514,0.0
0.04415348,0.0
0.030832797,0.0
0.031972557,0.0
-0.0044909418,0.0
0.057100922,0.0
0.0074124336,0.0
0.053112864,0.0
-0.0023702085,0.0
-0.051283658,0.0
-0.025492042,0.0
0.03247845,0.0
0.005247742,0.0
0.042680174,0.0
-0.023931056,0.0
-0.015449882,0.0
0.041046023,0.0
-0.02281046,0.0
-0.029901147,0.0
0.010409534,0.0
0.020130008,0.0
0.0070588887,0.0
