8.982827555784616e-13,0.0
4.689876000523598e-13,0.0
1.2087157939725816e-12,0.0
2.3733614857393957e-12,0.0
5.490368613234159e-13,0.0
1.2662650981523778e-12,0.0
9.036003310797662e-13,0.0
1.7277610021529095e-12,0.0
1.5419479624162736e-12,0.0
1.171595413634381e-12,0.0
1.149302422356576e-12,0.0
1.3406406468521565e-12,0.0
6.717210199168234e-13,0.0
1.709270611393732e-12,0.0
2.2403037674985795e-12,0.0
1.7013327813647697e-12,0.0
1.0034411733058712e-12,0.0
1.4877926987593917e-12,0.0
1.004545962576029e-12,0.0
7.648246394919921e-13,0.0
1.8048077321157547e-12,0.0
1.966547107529948e-12,0.0
5.135761950359969e-13,0.0
2.3409990918388803e-12,0.0
2.717608873398635e-12,0.0
8.564959442707248e-13,0.0
1.2904392006965905e-12,0.0
8.092053848836813e-13,0.0
1.969737903287287e-12,0.0
1.7814622281203897e-12,0.0
2.7679487354381467e-12,0.0
1.6034497787544977e-12,0.0
8.952436162320163e-13,0.0
2.0756478857141812e-12,0.0
8.245559263896263e-13,0.0
1.2444425551296036e-12,0.0
1.0025567455586343e-12,0.0
2.0080318003332594e-12,0.0
5.179799886826112e-12,0.0
8.76519095330255e-13,0.0
1.5925739836888003e-12,0.0
1.3487775334024304e-12,0.0
1.0873664177384011e-12,0.0
1.067935731742597e-12,0.0
1.1477606972566106e-12,0.0
1.9143889479247663e-12,0.0
9.914788662687642e-13,0.0
2.5720266166906617e-12,0.0
8.647454920026792e-13,0.0
2.7386450377216713e-12,0.0
7.78442983226902e-13,0.0
8.370429372175653e-13,0.0
1.2387538842290362e-12,0.0
6.01686129846245e-13,0.0
1.4838615851547796e-12,0.0
1.3006292267414279e-12,0.0
1.5333715287309649e-12,0.0
1.355660473068348e-12,0.0
1.6958948121958965e-12,0.0
1.965767713534019e-12,0.0
1.3799001756504123e-11,0.0
1.7274207755397902e-12,0.0
2.2069801967082914e-12,0.0
1.752406829332496e-12,0.0
1.7062040315970003e-12,0.0
1.2583264535715495e-12,0.0
1.324494581981108e-12,0.0
1.5010678506829143e-12,0.0
8.033588596431281e-13,0.0
9.218821884152715e-13,0.0
1.0704695436980943e-12,0.0
1.840508324171545e-12,0.0
2.5185241090241414e-12,0.0
1.7008271996349853e-12,0.0
9.67959685381019e-13,0.0
2.7936255780760144e-12,0.0
5.901738007618503e-13,0.0
2.0662437083763908e-12,0.0
1.2922995679621303e-12,0.0
1.3905567454246455e-12,0.0
1.647056928410106e-12,0.0
2.969229345128836e-12,0.0
4.707712691525177e-13,0.0
1.7944158088839296e-12,0.0
1.1839705995614745e-12,0.0
1.9072582620453018e-12,0.0
2.012192639279709e-12,0.0
2.2531220439414275e-12,0.0
9.37363269268247e-13,0.0
2.9388722420727474e-12,0.0
2.5447215280374486e-12,0.0
1.784606974595798e-12,0.0
1.898773847202712e-12,0.0
1.0494219584203746e-12,0.0
1.7935030455773308e-12,0.0
1.7896633087407983e-12,0.0
1.6184625530559126e-12,0.0
7.966186266045228e-13,0.0
1.5798987067849256e-12,0.0
1.427310782873658e-12,0.0
8.276669850046688e-13,0.0
1.171311757200426e-12,0.0
8.99435315872391e-13,0.0
1.4243615760467584e-12,0.0
9.72512648072971e-13,0.0
2.2183328695528734e-12,0.0
1.3940222098453424e-12,0.0
1.4375066231974283e-12,0.0
1.1789342884030649e-12,0.0
7.240605360950826e-13,0.0
1.6907123179209299e-12,0.0
9.648899750462778e-13,0.0
9.792774171781773e-13,0.0
1.4622969829163982e-12,0.0
1.2494540246236744e-12,0.0
2.3680281195594644e-12,0.0
2.6942203302438505e-12,0.0
6.16487181022377e-13,0.0
2.640477981655527e-12,0.0
1.218455731430454e-12,0.0
1.1660648801540135e-12,0.0
1.2030732106163503e-12,0.0
2.416912110095735e-12,0.0
3.295885303751261e-12,0.0
1.258397791595845e-12,0.0
4.540544812600945e-12,0.0
2.508173714218119e-12,0.0
1.2993336965146187e-12,0.0
1.2600716144023658e-12,0.0
1.1567258154504905e-12,0.0
9.551086296439278e-13,0.0
6.164042906456222e-13,0.0
5.622842887465324e-13,0.0
2.4608343878882456e-12,0.0
1.1867023755849937e-12,0.0
7.538366666043511e-13,0.0
1.9004603943990038e-12,0.0
2.089899715272506e-12,0.0
1.240436916361472e-12,0.0
1.794778613695906e-12,0.0
2.351316745059715e-12,0.0
2.1005272320923182e-12,0.0
8.006943289065747e-13,0.0
1.4187794704866896e-12,0.0
8.684192261185305e-13,0.0
7.68872680138598e-13,0.0
8.467327951352217e-13,0.0
1.9680650084698037e-12,0.0
1.6702165870071199e-12,0.0
2.173249184735631e-12,0.0
1.2539224248421064e-12,0.0
2.255084515372104e-12,0.0
1.9979638857820237e-12,0.0
7.280398334749021e-13,0.0
1.2687658075893117e-12,0.0
2.345183368035598e-12,0.0
1.6951675219223648e-12,0.0
1.0631255679475387e-12,0.0
2.2484117133097293e-12,0.0
1.9748239667920198e-12,0.0
8.663670753632574e-13,0.0
3.2860705795586884e-12,0.0
1.022071339225595e-12,0.0
1.444851977174949e-12,0.0
1.7049272383284152e-12,0.0
9.805545989143326e-13,0.0
8.896380962669429e-13,0.0
5.125859701103398e-12,0.0
1.541833456861701e-12,0.0
2.3729662597566147e-12,0.0
2.3957919102089094e-12,0.0
1.7331185010114984e-12,0.0
7.696466505696033e-13,0.0
2.5705822475517888e-12,0.0
1.2520876784508618e-12,0.0
9.61031775380659e-13,0.0
1.3718588517379914e-12,0.0
3.2869945943911433e-12,0.0
1.2041126174263506e-12,0.0
1.2516349917711653e-12,0.0
2.106493739963767e-12,0.0
1.9322497231479695e-12,0.0
9.962251350638292e-13,0.0
1.3392424593122324e-12,0.0
2.0955436249692144e-12,0.0
1.6726692543310134e-12,0.0
2.2997210558826137e-12,0.0
1.5452690303440625e-12,0.0
2.0609758450886466e-12,0.0
1.3446836096653009e-12,0.0
1.2269816022523918e-12,0.0
1.3884617315981422e-12,0.0
2.0042511958518354e-12,0.0
1.5076854505872756e-12,0.0
1.784142645562793e-12,0.0
2.636417462094673e-12,0.0
8.604042962381443e-13,0.0
1.6529309362385866e-12,0.0
1.0595662821142133e-12,0.0
7.277986992893738e-13,0.0
1.7256049385734697e-12,0.0
1.2614436456457366e-12,0.0
1.7628563515478023e-12,0.0
1.7913260959888622e-12,0.0
1.0091873738644539e-12,0.0
1.1303229390565518e-12,0.0
1.1046820892435862e-12,0.0
2.251583977055034e-12,0.0
3.16573487032123e-12,0.0
1.1553656308239061e-12,0.0
1.143695734140911e-12,0.0
1.9000630662314243e-12,0.0
2.2163469660391183e-12,0.0
2.246108170608867e-12,0.0
1.666411625595667e-12,0.0
2.7071484181691584e-12,0.0
1.8548574089489287e-12,0.0
1.5801726907204806e-12,0.0
1.0452099159786773e-12,0.0
3.554661428655527e-13,0.0
9.96009616231835e-13,0.0
3.2231515092015383e-12,0.0
8.972415092985349e-13,0.0
4.559381012293149e-13,0.0
1.8846829087443727e-12,0.0
8.726167506514277e-13,0.0
1.331257622255381e-12,0.0
1.2975720700292288e-12,0.0
1.9443316214033373e-12,0.0
1.3642428701863112e-12,0.0
1.7445222689081783e-12,0.0
1.7003181000811579e-12,0.0
2.023719849645151e-12,0.0
1.5942273369102738e-12,0.0
3.9985677053112345e-13,0.0
8.378659431408869e-13,0.0
2.3580143344026303e-12,0.0
1.7069917011106824e-12,0.0
1.0821527140009664e-12,0.0
1.4379642611309168e-12,0.0
1.6177190763444379e-12,0.0
8.034093567897825e-13,0.0
2.4608972865683226e-12,0.0
1.6530902185380026e-12,0.0
1.1042460627237334e-12,0.0
2.6544602972503133e-12,0.0
3.3677434275964936e-12,0.0
1.4419622133678279e-12,0.0
1.558005398243582e-12,0.0
2.490759476449652e-12,0.0
9.92154459575829e-13,0.0
1.7789631194614271e-12,0.0
2.3533195771291876e-12,0.0
2.7807934967151534e-12,0.0
2.4926862448749745e-12,0.0
1.0197500219547677e-12,0.0
1.9755493392167496e-12,0.0
1.030816466082921e-12,0.0
6.732948144459888e-13,0.0
1.3432062951916502e-12,0.0
2.3404212667508943e-12,0.0
1.3807008235148887e-12,0.0
1.7099258960886638e-12,0.0
1.9321532299435305e-12,0.0
1.5380147918651344e-12,0.0
6.513066411935965e-13,0.0
2.06061083015589e-12,0.0
1.3151359593228226e-12,0.0
1.644933336700387e-12,0.0
1.1944295508801613e-12,0.0
1.5680918009677303e-12,0.0
1.372313259202477e-12,0.0
1.655001362164972e-12,0.0
3.598603633282575e-12,0.0
1.340970620037687e-12,0.0
1.595343229368734e-12,0.0
4.548167157391654e-13,0.0
2.1682647711934495e-12,0.0
1.1467932648378425e-12,0.0
1.2283796092432872e-12,0.0
8.511375374645829e-13,0.0
1.6069465018645698e-12,0.0
2.3007282383623615e-12,0.0
1.2846280711365811e-12,0.0
1.1575214821752198e-12,0.0
1.9632978592343312e-12,0.0
9.805133891577951e-13,0.0
2.1443918745037043e-12,0.0
1.2744537821158647e-12,0.0
2.3568535648836438e-12,0.0
1.73595364506157e-12,0.0
2.9790054692781838e-12,0.0
1.8065702633786605e-12,0.0
3.1144138192671012e-12,0.0
1.4362523934307744e-12,0.0
1.952533972804307e-12,0.0
3.7524677757502855e-12,0.0
2.269801862805584e-12,0.0
1.2614328472692971e-12,0.0
2.5154800872681464e-12,0.0
1.1464769423829538e-12,0.0
1.2757948948012445e-12,0.0
1.8245590264671348e-12,0.0
5.99114155531661e-13,0.0
1.736545236033059e-12,0.0
2.0848080216321244e-12,0.0
1.4590036456861372e-12,0.0
8.395211716645283e-13,0.0
9.16773499201239e-13,0.0
1.345098947377924e-12,0.0
3.1082905761656342e-12,0.0
8.249351317853873e-13,0.0
9.295402281531277e-13,0.0
1.9340966148198984e-12,0.0
1.3633800683199806e-12,0.0
3.5348433269911023e-12,0.0
8.598907388937979e-13,0.0
2.0820749028417073e-12,0.0
3.705670449339893e-13,0.0
1.7988746071872714e-12,0.0
1.2474213954750144e-12,0.0
2.057473779424881e-12,0.0
7.480146565185193e-13,0.0
9.483533161346974e-13,0.0
9.804234881496906e-13,0.0
2.2916468443088904e-12,0.0
1.9037011241956164e-12,0.0
7.786938688550804e-13,0.0
2.3245061163278364e-12,0.0
8.365505097220436e-13,0.0
1.2896594024544345e-12,0.0
2.3464753344788816e-12,0.0
9.221370167678342e-13,0.0
3.651207049301712e-12,0.0
1.4354430275862673e-12,0.0
9.30102198441829e-13,0.0
2.098486750057821e-12,0.0
1.4909860316595324e-12,0.0
2.728070294817397e-12,0.0
1.0156726006125201e-12,0.0
1.251019399858684e-12,0.0
1.24710752223991e-12,0.0
1.988062275087722e-12,0.0
1.2991894043451532e-12,0.0
1.0805962090198643e-12,0.0
1.1909845181579098e-12,0.0
1.6512182635306692e-12,0.0
1.248757372630799e-12,0.0
2.636063835880685e-12,0.0
5.431717029981689e-13,0.0
2.0703312600956603e-12,0.0
1.3741204593065704e-12,0.0
8.002741187601094e-13,0.0
1.4767748727660675e-12,0.0
2.46155861061381e-12,0.0
1.6000485717372057e-12,0.0
2.418830047758537e-12,0.0
3.338161060278502e-12,0.0
1.2815436911431237e-12,0.0
1.4131985343623866e-12,0.0
3.1861289591155502e-12,0.0
1.2964884731378728e-12,0.0
3.318127706777506e-12,0.0
1.1028667727885751e-12,0.0
1.1915835946757842e-12,0.0
1.4041362722654186e-12,0.0
1.790147786724644e-12,0.0
7.218884841801418e-13,0.0
1.129017266528719e-12,0.0
2.1753083504794515e-12,0.0
2.032123544664004e-12,0.0
1.1777555732954959e-12,0.0
1.4815598907582668e-12,0.0
1.443636962654486e-12,0.0
2.075684575046432e-12,0.0
1.1641399553651547e-12,0.0
2.9220062616348384e-12,0.0
5.54954629100158e-13,0.0
6.149759000044628e-13,0.0
1.3972180369287167e-12,0.0
7.54890048639896e-13,0.0
9.80247979948848e-13,0.0
2.0322138850733777e-12,0.0
2.8630322321632365e-12,0.0
1.3779897534079907e-12,0.0
2.506058108527437e-12,0.0
1.359175421414607e-12,0.0
1.3640784168310986e-12,0.0
1.3627924307901684e-12,0.0
1.9768027442161017e-12,0.0
5.550923549087834e-13,0.0
2.5628800600106195e-12,0.0
2.0277563680629214e-12,0.0
1.512644277099071e-12,0.0
2.3210194191303666e-12,0.0
2.1475418016496213e-12,0.0
1.7417531073279538e-12,0.0
1.0086690582981956e-12,0.0
2.3720989121973566e-12,0.0
1.535939008169188e-12,0.0
2.244771499717471e-12,0.0
1.4467597985863228e-12,0.0
1.5898465884186564e-12,0.0
1.2830638876465285e-12,0.0
1.7793363556554535e-12,0.0
2.31116635746597e-13,0.0
8.123824488718095e-13,0.0
1.0690188098521629e-12,0.0
9.37435926414405e-13,0.0
1.5053282368293999e-12,0.0
9.336824258467713e-13,0.0
1.238885966619933e-12,0.0
2.433424697298005e-12,0.0
1.4248842447412828e-12,0.0
2.192888514292524e-12,0.0
1.8738456459345788e-13,0.0
2.315225819942984e-12,0.0
1.033034697545849e-12,0.0
9.820351463545534e-13,0.0
2.204499608693567e-12,0.0
1.4660547715949083e-12,0.0
8.054148408012875e-13,0.0
1.4132846575478105e-12,0.0
2.9422737810300912e-12,0.0
1.5691470207827601e-12,0.0
6.174360764707409e-13,0.0
2.680669308162675e-12,0.0
9.066455814452127e-13,0.0
1.8483281675839153e-12,0.0
1.745914688762611e-12,0.0
9.748729983444206e-13,0.0
2.4087292585112e-12,0.0
2.068528598745994e-12,0.0
1.0584426183352903e-12,0.0
1.2128811091499678e-12,0.0
1.1734637381892738e-12,0.0
1.5952346908128707e-13,0.0
2.074471986570367e-12,0.0
2.0611501901172957e-12,0.0
1.2888828508942779e-12,0.0
2.9903842955793752e-12,0.0
6.039044302533827e-13,0.0
1.39264014701324e-12,0.0
2.19349716083908e-12,0.0
9.586273463463531e-13,0.0
1.6970928894656383e-12,0.0
1.053391655088693e-12,0.0
1.1558970588687735e-12,0.0
1.0502593743091322e-12,0.0
1.8476916867175994e-12,0.0
1.3008396823322852e-12,0.0
1.4495513333802609e-12,0.0
1.8148219216349744e-12,0.0
1.5569513596279743e-12,0.0
7.60596985857434e-13,0.0
9.999477159436921e-13,0.0
3.198229285948022e-12,0.0
5.582426772446426e-13,0.0
7.675915329824946e-13,0.0
6.318434072227785e-13,0.0
1.8237864834007763e-12,0.0
1.6665528541923761e-12,0.0
4.106005923652602e-12,0.0
1.21918097312251e-12,0.0
2.257196536939376e-12,0.0
6.503674243946084e-13,0.0
2.856308090611787e-12,0.0
8.50214017008503e-13,0.0
8.51112994541846e-13,0.0
1.3292109107383445e-12,0.0
3.811556850999113e-12,0.0
9.704626909340446e-13,0.0
1.4999128885462109e-12,0.0
7.454103241981892e-13,0.0
4.918929551076994e-13,0.0
1.1516412848666663e-12,0.0
1.4908721241644094e-12,0.0
2.588317070496929e-12,0.0
9.894456488468782e-13,0.0
1.950884604184595e-12,0.0
4.659855512872366e-12,0.0
2.9463110773488302e-12,0.0
1.4732559401007657e-12,0.0
1.9703907260858414e-12,0.0
1.27333971086476e-12,0.0
2.68528405487736e-12,0.0
1.5041210010311725e-12,0.0
1.5374955894337594e-12,0.0
1.337295535770459e-12,0.0
1.0226958060853102e-12,0.0
1.471805734702686e-12,0.0
1.2923533707513835e-12,0.0
2.3171160724147757e-12,0.0
7.156108272299385e-13,0.0
7.393920762065843e-13,0.0
2.516793901099417e-12,0.0
2.8441183066542258e-12,0.0
1.6336566021367565e-12,0.0
2.8266127653148183e-12,0.0
2.747981216908862e-12,0.0
1.5609072341901996e-12,0.0
1.829827501529139e-12,0.0
1.3212061102591418e-12,0.0
3.647298400467026e-12,0.0
6.3884636345151e-13,0.0
3.4847378047431246e-12,0.0
9.910342856156342e-13,0.0
1.7928957979762216e-12,0.0
1.1710945050752444e-12,0.0
3.257654706683575e-12,0.0
3.1708854212793317e-12,0.0
2.9211907462808453e-12,0.0
1.1845091108956366e-12,0.0
1.251787417712996e-12,0.0
8.0002349456507e-13,0.0
1.1513724625425364e-12,0.0
9.712524089604957e-13,0.0
2.749814073720743e-12,0.0
2.7666934460171635e-12,0.0
1.1975241650687715e-12,0.0
1.350515381408243e-12,0.0
1.7080073593702666e-12,0.0
1.5960886835148671e-12,0.0
1.1116732923768726e-12,0.0
6.562584669340108e-13,0.0
2.236751014967982e-12,0.0
3.686240206444585e-12,0.0
1.4385493104122876e-12,0.0
4.674356457513637e-13,0.0
9.134868741012509e-13,0.0
1.3253566517484841e-12,0.0
4.025278804932814e-12,0.0
1.3021694075668097e-12,0.0
6.222335424126988e-13,0.0
1.3018222579206686e-12,0.0
1.9418933041784853e-12,0.0
1.0270442803914421e-12,0.0
1.3944952405818319e-12,0.0
1.647724057975828e-12,0.0
9.14465147598441e-13,0.0
1.007279008887664e-12,0.0
1.4494528276488866e-12,0.0
1.5926474338566887e-12,0.0
1.2255237943659046e-12,0.0
2.150363590745955e-12,0.0
1.4243208588301914e-12,0.0
6.162557409069415e-13,0.0
1.5794481928024122e-12,0.0
1.6550499229418965e-12,0.0
1.3221878195055824e-12,0.0
1.548090607898332e-12,0.0
2.072565745509745e-12,0.0
9.772961771049106e-13,0.0
2.2533134423474224e-12,0.0
1.6465237032449096e-12,0.0
1.3638719796218887e-12,0.0
1.1731155511744079e-12,0.0
1.909239984065583e-12,0.0
1.006018390759862e-12,0.0
1.6813763254057492e-12,0.0
1.649622598014232e-12,0.0
6.620683019890144e-13,0.0
1.5066921812448388e-12,0.0
1.1799891922824807e-12,0.0
3.068868630198208e-12,0.0
1.232064725330296e-12,0.0
2.819392637350318e-12,0.0
7.614670115306985e-13,0.0
7.135993106637694e-13,0.0
1.7631394914196058e-12,0.0
1.782854104305292e-12,0.0
1.389357014862802e-12,0.0
7.493497402562549e-13,0.0
1.580946177782552e-12,0.0
2.1386215509914367e-12,0.0
1.1108102205336077e-12,0.0
1.4333852961678898e-12,0.0
2.354775902096627e-12,0.0
1.4451040634890631e-12,0.0
6.435707050143537e-13,0.0
2.375292974304772e-12,0.0
9.161023776328649e-13,0.0
3.298855796987239e-12,0.0
7.419023297172974e-13,0.0
1.6979879759766733e-12,0.0
1.7902429320682094e-12,0.0
1.0405538788353557e-12,0.0
2.7810928490271163e-12,0.0
1.4945696317230346e-12,0.0
2.1936331233301675e-12,0.0
1.4426419460718117e-12,0.0
1.5206505497445328e-12,0.0
1.029640918034615e-12,0.0
1.157109021180533e-12,0.0
1.5201591375901935e-12,0.0
6.388370270102367e-13,0.0
1.0186766869116367e-12,0.0
1.7768187519655461e-12,0.0
2.2835951596749857e-12,0.0
6.874902939729917e-13,0.0
1.4807723705761718e-12,0.0
4.002433573569153e-12,0.0
6.085707026505619e-13,0.0
1.771312450591011e-12,0.0
4.768829805710662e-13,0.0
2.355719239350576e-12,0.0
1.5509536998318316e-12,0.0
2.0722197950566448e-12,0.0
2.210344837108884e-12,0.0
1.0804737486449904e-12,0.0
2.0213225132111402e-12,0.0
6.966431274139284e-13,0.0
2.4420405976234458e-12,0.0
2.083197091392914e-12,0.0
1.1605929779630416e-12,0.0
2.2888347398834684e-12,0.0
1.6300128655257304e-12,0.0
1.7013329372486753e-12,0.0
1.188990453871905e-12,0.0
2.3052766518197393e-12,0.0
7.831073281728454e-13,0.0
1.1718006924684603e-12,0.0
2.9009285276121392e-12,0.0
1.5040907708936496e-12,0.0
2.0319485427095076e-12,0.0
1.202224451172403e-12,0.0
1.3994958371753654e-12,0.0
3.9217199148008193e-13,0.0
1.164101201447178e-12,0.0
1.0579290186810905e-12,0.0
2.2465379464126157e-12,0.0
1.27895857548721e-12,0.0
2.774498210616992e-12,0.0
1.156478898272113e-12,0.0
8.679649885234777e-13,0.0
1.0016814737560945e-12,0.0
1.3112931633665892e-12,0.0
1.3209477204122015e-12,0.0
1.1752390853744155e-12,0.0
1.443555363601303e-12,0.0
1.660300302259473e-12,0.0
1.2988383216885232e-12,0.0
9.821328225580164e-13,0.0
2.966704465602777e-12,0.0
2.5700164619463475e-12,0.0
1.568735977500315e-12,0.0
1.1941268575867845e-12,0.0
1.8199520631422885e-12,0.0
8.002259686757076e-13,0.0
2.5414191503225728e-12,0.0
1.6816305028565041e-12,0.0
1.3666242450861884e-12,0.0
1.625275953566618e-12,0.0
1.9284014242437353e-12,0.0
1.6717710745531666e-12,0.0
1.56318934415592e-12,0.0
1.2780302118341623e-12,0.0
2.7184833661321305e-12,0.0
1.6719202769672948e-12,0.0
2.2863311958402552e-12,0.0
1.054269477087264e-12,0.0
1.3136489693575664e-12,0.0
7.781700922554636e-13,0.0
1.1651491030174234e-12,0.0
3.2734052582309063e-12,0.0
2.0500335885370304e-12,0.0
1.962704195128846e-12,0.0
9.330231272050906e-13,0.0
1.2289217375628104e-12,0.0
7.512666000408506e-13,0.0
2.156142687022329e-12,0.0
1.2576316096833548e-12,0.0
2.0782760829914158e-12,0.0
2.3169295324049423e-12,0.0
2.2113558035893814e-12,0.0
1.4509104360219252e-12,0.0
1.3604923520989774e-12,0.0
1.4179281523506867e-12,0.0
2.809245886675037e-12,0.0
1.0764918576095308e-12,0.0
2.457055359958938e-12,0.0
1.2510044140283272e-12,0.0
9.108675536764795e-13,0.0
1.9260744401605673e-12,0.0
5.136612759091391e-12,0.0
2.5524491354447583e-12,0.0
1.6206463853088435e-12,0.0
7.704557499434412e-13,0.0
2.075438981475295e-12,0.0
1.846671961970847e-12,0.0
1.2244480714097918e-12,0.0
1.0395610123193754e-12,0.0
1.2074676279705017e-12,0.0
1.8473099476156435e-12,0.0
1.3567654194162375e-12,0.0
1.1054054815190173e-12,0.0
3.4980998358319254e-12,0.0
2.7433230680263232e-12,0.0
2.331616161664264e-12,0.0
1.836308373793125e-12,0.0
1.6875379614603779e-12,0.0
1.6381826192001612e-12,0.0
1.0880461461233268e-12,0.0
1.306866876302016e-12,0.0
7.43130561069657e-13,0.0
1.2607247058002787e-12,0.0
1.0089081460423329e-12,0.0
2.2032995497305845e-12,0.0
8.118740766224016e-13,0.0
1.841457445817487e-12,0.0
1.3793078878896175e-12,0.0
5.635201387421454e-13,0.0
1.6003582585747819e-12,0.0
1.2655799569691638e-12,0.0
1.2982995129774698e-12,0.0
1.1134255535379536e-12,0.0
1.210014358864704e-12,0.0
1.0836670731069666e-12,0.0
1.652581728226861e-12,0.0
1.316267771834958e-12,0.0
1.4207439566344469e-12,0.0
1.3796137712318142e-12,0.0
1.0574264917403914e-12,0.0
1.6512295994068289e-12,0.0
1.3241974270019632e-12,0.0
2.225147915881224e-12,0.0
1.573287951261345e-12,0.0
1.44746999341586e-12,0.0
1.3107697401597606e-12,0.0
1.1980341205208322e-12,0.0
1.0114310496781474e-12,0.0
9.226041910998807e-13,0.0
1.2975825474789129e-12,0.0
1.717592326372631e-12,0.0
1.6295268718425282e-12,0.0
1.8382193962283806e-12,0.0
9.89675920790355e-13,0.0
7.823243855566491e-13,0.0
1.5957574357271714e-12,0.0
1.2282914494772851e-12,0.0
1.6558707358214184e-12,0.0
1.1032224858820447e-12,0.0
4.365797288136258e-12,0.0
2.1005716847496963e-12,0.0
1.3052289426678045e-12,0.0
1.4701586007905079e-12,0.0
1.7926729757147343e-12,0.0
9.280744969488024e-13,0.0
1.0906196972439243e-12,0.0
1.222320813536314e-12,0.0
1.930581091384582e-12,0.0
2.1135806056132237e-12,0.0
1.2865958563882278e-12,0.0
1.8498911442649142e-12,0.0
1.935196534056056e-12,0.0
1.4866860072670647e-12,0.0
7.123695128365796e-13,0.0
1.3434153875799208e-12,0.0
7.291744126633456e-13,0.0
3.1697137439434974e-12,0.0
1.931678506641246e-12,0.0
1.0885473274571232e-12,0.0
1.3155857703163281e-12,0.0
1.8288278308291547e-12,0.0
2.748068660060415e-12,0.0
6.153387210776633e-13,0.0
2.7717330238105006e-12,0.0
8.992655319822319e-13,0.0
1.2047272252290017e-12,0.0
1.0886156035978362e-12,0.0
1.399847578550785e-12,0.0
1.3987972666086066e-12,0.0
1.0813915354396952e-12,0.0
1.9450132452641724e-12,0.0
3.912778731612594e-12,0.0
2.335499881320274e-12,0.0
1.8543751587386955e-12,0.0
5.971320439972642e-13,0.0
1.052234130569758e-12,0.0
9.320404035433707e-13,0.0
2.1413226558674545e-12,0.0
8.901537819529538e-13,0.0
1.5496147513014885e-12,0.0
1.376684734044828e-12,0.0
1.890351929612975e-12,0.0
1.1123297924084676e-12,0.0
1.8390121504422774e-12,0.0
1.6568257334451383e-12,0.0
1.8971491071631787e-12,0.0
1.4963577162423884e-12,0.0
2.1134110684546456e-12,0.0
2.2034109776512067e-12,0.0
1.6622318820589228e-12,0.0
1.6807777259619183e-12,0.0
1.400470566204688e-12,0.0
2.1783601295600275e-12,0.0
1.327955596933861e-12,0.0
1.4749924845784887e-12,0.0
1.588142191193488e-12,0.0
8.909469512979662e-13,0.0
2.382039525830714e-12,0.0
1.6941667891760424e-12,0.0
2.692749314528457e-12,0.0
6.57047824351997e-13,0.0
2.06257702101908e-12,0.0
1.0137923932386017e-12,0.0
1.954768986885203e-12,0.0
9.549239482569945e-13,0.0
1.4257410071582933e-12,0.0
1.0948950603253778e-12,0.0
1.5647495031039323e-12,0.0
2.28143204900425e-12,0.0
6.901229072259268e-13,0.0
5.21767132705064e-13,0.0
7.379126498913048e-13,0.0
7.590477825663675e-13,0.0
2.1193486013765803e-12,0.0
1.1633419012037494e-12,0.0
7.801454100898065e-13,0.0
1.2166510755505142e-12,0.0
9.894343503804225e-13,0.0
1.6921922158534477e-12,0.0
4.1409689386951987e-13,0.0
1.6266705298970046e-12,0.0
8.573255244783792e-13,0.0
2.1514014024388983e-12,0.0
1.2266361210440569e-12,0.0
1.715072766347384e-12,0.0
1.6653764597134298e-12,0.0
1.0114959927399947e-12,0.0
5.252509619068633e-13,0.0
1.1582488468569204e-12,0.0
1.833992456671483e-12,0.0
8.087138311327731e-13,0.0
1.2481388840628549e-12,0.0
2.525874459529036e-12,0.0
2.474632348638201e-12,0.0
1.60369827676531e-12,0.0
2.7610882808548725e-12,0.0
3.1208035135236625e-12,0.0
1.838962986099507e-12,0.0
1.0681839116341287e-12,0.0
1.4610344916409284e-12,0.0
1.1864645388659528e-12,0.0
9.73112100019741e-13,0.0
1.5742416051329621e-12,0.0
3.671731370260905e-12,0.0
2.2510405865028237e-12,0.0
1.3605243623197534e-12,0.0
1.100280479349348e-12,0.0
2.698173595021119e-12,0.0
1.6188126357300588e-12,0.0
1.4656755886527105e-12,0.0
8.815709506745453e-13,0.0
1.483469018751301e-12,0.0
1.6163367602770463e-12,0.0
2.135255876062564e-12,0.0
1.781925241316445e-12,0.0
2.5877356485232754e-12,0.0
1.263430670566807e-12,0.0
1.7178318713662665e-12,0.0
2.6760622752689936e-12,0.0
1.385996459769536e-12,0.0
1.1699249689061545e-12,0.0
4.2044432036485604e-12,0.0
1.2664463028190095e-12,0.0
1.273551173326663e-12,0.0
1.213857684229996e-12,0.0
1.631865488974448e-12,0.0
1.9925054281706472e-12,0.0
1.123102673200783e-12,0.0
2.1725645848378876e-12,0.0
8.039852692058331e-13,0.0
1.6585658035634358e-12,0.0
1.1102675648177539e-12,0.0
1.3672388656668035e-12,0.0
8.079396622285603e-13,0.0
2.535518365539357e-12,0.0
1.5695626111959055e-12,0.0
2.725743348228481e-12,0.0
1.1235659590540875e-12,0.0
3.1034489977732196e-12,0.0
5.039269137544993e-12,0.0
2.2619236871484513e-12,0.0
2.1635932481107315e-12,0.0
1.6489734204656648e-12,0.0
1.1658008878913128e-12,0.0
3.0845896233919303e-12,0.0
1.8542850707360788e-12,0.0
2.1729887248783896e-12,0.0
1.222037374648969e-12,0.0
2.5622785467114674e-12,0.0
1.4347257089291944e-12,0.0
1.422937668302297e-12,0.0
1.0066586097142282e-12,0.0
1.382414012985353e-12,0.0
9.983365300387228e-13,0.0
1.3059085668543068e-12,0.0
1.5877947392897676e-12,0.0
1.4048367800030976e-12,0.0
1.4732417671470513e-12,0.0
1.2095062112206812e-12,0.0
2.94090359375938e-12,0.0
1.9266983084457646e-12,0.0
2.854592141577257e-12,0.0
1.2713610674745484e-12,0.0
2.3299774689427138e-12,0.0
9.065109408126222e-13,0.0
2.9088257696948475e-12,0.0
1.011726936577371e-12,0.0
7.692969607365494e-13,0.0
2.023776043366621e-12,0.0
1.929233534759411e-12,0.0
9.333687620975223e-13,0.0
1.9199334954110846e-12,0.0
1.3315736293073853e-12,0.0
2.109898198744861e-12,0.0
1.6132808754292307e-12,0.0
1.6691447257489109e-12,0.0
1.661650112453192e-12,0.0
1.5743651738405134e-12,0.0
1.7172289022621682e-12,0.0
1.539572450567268e-12,0.0
8.919174466222735e-13,0.0
1.4440242940977737e-12,0.0
2.59263120784073e-12,0.0
1.172646707645694e-12,0.0
2.062284675906068e-12,0.0
1.4583595783346779e-12,0.0
1.056696696151035e-12,0.0
9.88260097384051e-13,0.0
7.204315598934617e-13,0.0
1.66547438446893e-12,0.0
2.026385745697197e-12,0.0
1.0982904437471418e-12,0.0
1.0349897884119358e-12,0.0
2.111555222653344e-12,0.0
1.6745808838871286e-12,0.0
3.420272292893347e-12,0.0
8.268499210146383e-13,0.0
9.725141133962987e-13,0.0
2.1952078386122015e-12,0.0
6.722550687869176e-13,0.0
2.051128819959716e-12,0.0
2.366608159540411e-12,0.0
2.65005472104378e-12,0.0
1.197379989929983e-12,0.0
4.175558682398199e-12,0.0
1.2947596121754617e-12,0.0
1.89802983909102e-12,0.0
2.1332927487606315e-12,0.0
1.6543317485141462e-12,0.0
1.1039378022247406e-12,0.0
1.2162780396848752e-12,0.0
1.652103881531129e-12,0.0
1.4963398589835637e-12,0.0
1.6052134536287518e-12,0.0
2.571565042148889e-12,0.0
1.0445230385491916e-12,0.0
2.092225017745918e-12,0.0
1.2696316299900184e-12,0.0
1.3516560981481955e-12,0.0
2.372185790271837e-12,0.0
2.560044628427878e-12,0.0
1.674224227156423e-12,0.0
1.6742187391713225e-12,0.0
9.440321301437746e-13,0.0
1.5995954235252379e-12,0.0
1.7176472899234317e-12,0.0
1.1427238724905035e-12,0.0
1.5791767489980723e-12,0.0
2.2079662213787428e-12,0.0
1.5878407850960612e-12,0.0
1.351413907245929e-12,0.0
6.695460067798699e-13,0.0
1.6317685063646016e-12,0.0
3.0707240488853188e-12,0.0
8.100766692007214e-13,0.0
1.6224000337444825e-12,0.0
1.22573184289169e-12,0.0
8.296763692022398e-13,0.0
6.130067043953322e-13,0.0
1.5450018902179328e-12,0.0
1.5620190334558894e-12,0.0
1.7901228401245391e-12,0.0
1.0014229904732e-12,0.0
1.49897044708406e-12,0.0
1.255467126923276e-12,0.0
5.437692858883829e-13,0.0
1.2778210242579585e-12,0.0
1.840874544448861e-12,0.0
2.053042908294308e-12,0.0
2.229060647052776e-12,0.0
1.862008831385571e-12,0.0
1.4329122666267527e-12,0.0
1.3526937641326194e-12,0.0
2.719056255578813e-12,0.0
2.6311111487487196e-12,0.0
2.771024352552529e-12,0.0
1.1607089832218423e-12,0.0
1.8233639131845593e-12,0.0
2.4525372397638718e-12,0.0
1.3066153626305363e-13,0.0
6.511635454271574e-13,0.0
1.0151657627080797e-12,0.0
1.4540159494046709e-12,0.0
7.207468675307924e-13,0.0
2.1752577706830547e-12,0.0
1.3100742915527251e-12,0.0
3.4714784131198293e-12,0.0
2.5085762757905735e-12,0.0
8.138875394690607e-13,0.0
6.879524881999483e-13,0.0
1.2059028538614346e-12,0.0
1.2421326108348234e-12,0.0
1.4687358249267286e-12,0.0
1.2004402688263935e-12,0.0
8.469904726833489e-13,0.0
1.238041081869179e-12,0.0
4.697646947794962e-12,0.0
1.884443261879543e-12,0.0
4.09111634580689e-13,0.0
1.8029431956515467e-12,0.0
2.028343128568405e-12,0.0
1.3762078525505086e-12,0.0
1.8099765089539871e-12,0.0
3.2877616041909003e-12,0.0
1.9992933340612797e-12,0.0
1.2658138702901441e-12,0.0
7.995396323308655e-13,0.0
9.53219896850213e-13,0.0
2.1476334459466803e-12,0.0
1.042962678171131e-12,0.0
2.039880497904063e-12,0.0
9.3473713373364e-13,0.0
1.742187594183126e-12,0.0
1.2638545916149432e-12,0.0
2.072947932707345e-12,0.0
1.4205659095957001e-12,0.0
1.4339151077304845e-12,0.0
8.384209511116358e-13,0.0
1.47200320946532e-12,0.0
2.274723146163067e-12,0.0
2.5398505171148255e-12,0.0
1.6071775964619698e-12,0.0
2.5985330248392987e-12,0.0
7.821221073557832e-13,0.0
2.718352760630427e-12,0.0
1.6923330651367302e-12,0.0
1.1865736766242515e-12,0.0
2.6890872175268212e-12,0.0
2.787621359435624e-12,0.0
1.4088497840524383e-12,0.0
1.9499326831957183e-12,0.0
1.5547877979997878e-12,0.0
2.189375622765676e-12,0.0
1.1250224285956975e-12,0.0
1.2849541893678563e-12,0.0
1.401779049697784e-12,0.0
2.2911990837749844e-12,0.0
9.277393965068865e-13,0.0
2.5643867200929036e-12,0.0
1.4956592617650996e-12,0.0
1.2215223285877953e-12,0.0
1.081407948947455e-12,0.0
2.2323592714772603e-12,0.0
7.348499077165002e-13,0.0
2.0150093835080033e-12,0.0
2.939460317343298e-12,0.0
8.801785982095164e-13,0.0
1.0643816752836538e-12,0.0
7.439383445310356e-13,0.0
1.231573180186497e-12,0.0
1.147449334723253e-12,0.0
3.06909919553895e-11,0.0
6.997946616784065e-13,0.0
1.5633604549727364e-12,0.0
1.51710927482536e-12,0.0
2.499846548875104e-12,0.0
1.8560110964725845e-12,0.0
2.417231315243648e-12,0.0
1.7284394692299713e-12,0.0
1.6244967925548732e-12,0.0
2.2074783942949366e-12,0.0
6.97248216827133e-13,0.0
1.9291367679032485e-12,0.0
1.0242069624680802e-12,0.0
1.1524780172527001e-12,0.0
1.3409655590448504e-12,0.0
1.419453455980327e-12,0.0
2.093975292475778e-12,0.0
8.187603837186087e-13,0.0
8.674627246187953e-13,0.0
9.393209820529347e-13,0.0
1.2217044931502033e-12,0.0
9.394598867051465e-13,0.0
3.925194347636805e-12,0.0
1.347373077204248e-12,0.0
1.207856428168494e-12,0.0
2.2459908230781734e-12,0.0
2.7942412643224016e-12,0.0
9.170794527269231e-13,0.0
1.2111410557457561e-12,0.0
2.1174622168446363e-12,0.0
1.7160255098784243e-12,0.0
1.0695497933089272e-12,0.0
2.674421233534248e-12,0.0
1.0738985400626026e-12,0.0
1.6434846188102434e-12,0.0
1.8750509732892317e-12,0.0
9.090975426793166e-13,0.0
1.547639799559985e-12,0.0
9.378458817340549e-13,0.0
8.826310904783725e-13,0.0
1.617983286749111e-12,0.0
1.7989377099415052e-12,0.0
7.784778480859024e-13,0.0
1.9847892937636803e-12,0.0
1.7096615081017988e-12,0.0
1.6490454067517427e-12,0.0
1.4781244442866184e-12,0.0
9.459677707859687e-13,0.0
1.5905515873383476e-12,0.0
1.4269391067230983e-12,0.0
1.8229878968601796e-12,0.0
1.647284544269311e-12,0.0
8.687703467828302e-13,0.0
1.6129544895713413e-12,0.0
1.5055595621365188e-12,0.0
1.3213224425301766e-12,0.0
2.0424053727065914e-12,0.0
2.295587075180977e-12,0.0
1.7887508613205086e-12,0.0
2.346108586418634e-12,0.0
1.31956817623232e-12,0.0
1.239861095701385e-12,0.0
1.8059022860921621e-12,0.0
1.7557594379665937e-12,0.0
2.439093607620139e-12,0.0
1.1545909456335407e-12,0.0
1.8815309780886574e-12,0.0
1.2342283131247347e-12,0.0
1.5463573542368708e-12,0.0
1.6951810119186888e-12,0.0
1.4568316170510398e-12,0.0
1.865242407575037e-12,0.0
1.419169494428741e-12,0.0
3.199789470065688e-12,0.0
1.4272567010820886e-12,0.0
2.0970434767072496e-12,0.0
5.071132858265275e-13,0.0
1.7283808869426883e-12,0.0
8.390450560852226e-13,0.0
2.992177980467385e-12,0.0
1.1900468935085364e-12,0.0
1.4741237019392546e-12,0.0
1.6413171241913058e-12,0.0
2.2437168322274157e-12,0.0
1.2224341378746773e-12,0.0
1.4827524527481152e-12,0.0
2.3114463097113622e-12,0.0
9.441663150778043e-13,0.0
1.4472537384240482e-12,0.0
2.971527137434328e-12,0.0
2.442978279565242e-12,0.0
7.984331832182079e-13,0.0
5.278418683382701e-13,0.0
8.228916007609692e-13,0.0
3.3090231032183786e-12,0.0
1.4218920641672361e-12,0.0
1.0981429419589166e-12,0.0
2.496572681366829e-12,0.0
8.967371948837507e-13,0.0
1.2306472985366931e-12,0.0
1.3450883291476101e-12,0.0
1.8989617239523544e-12,0.0
8.198777706717522e-13,0.0
2.955494296612064e-12,0.0
1.2131002649002945e-12,0.0
8.110969634975542e-13,0.0
8.589390346766592e-13,0.0
8.013222582561876e-13,0.0
1.1652517905486448e-12,0.0
1.5964252760075258e-12,0.0
1.348746599736239e-12,0.0
1.879978651825183e-12,0.0
1.005935827768104e-12,0.0
2.795974184747349e-12,0.0
1.710334422005446e-12,0.0
1.2257626446435717e-12,0.0
1.2526069736909824e-12,0.0
2.6648980903746927e-12,0.0
1.3145566692971352e-12,0.0
1.2830685141819971e-12,0.0
1.4421020542468869e-12,0.0
1.2718194316477378e-12,0.0
1.443045270923268e-12,0.0
2.7142588203883464e-12,0.0
2.6937494892215317e-12,0.0
1.3160421669808115e-12,0.0
1.1223000957446554e-12,0.0
1.1420195658725678e-12,0.0
8.797460906717314e-13,0.0
1.163156628590326e-12,0.0
1.547372397069886e-12,0.0
1.8188452190636076e-12,0.0
1.851593022649635e-12,0.0
1.964296003771117e-12,0.0
2.976629467253297e-12,0.0
8.476353924972026e-13,0.0
1.1283723089929694e-12,0.0
1.7747818269636616e-12,0.0
5.810576829230144e-13,0.0
1.2824307384161157e-12,0.0
2.0283340391107254e-12,0.0
2.003094818147892e-12,0.0
2.096377059839232e-12,0.0
1.0765224545784933e-12,0.0
2.1507538770336814e-12,0.0
2.0792656624461935e-12,0.0
1.5270251980787531e-12,0.0
1.3767195223861292e-12,0.0
8.250396874265344e-13,0.0
1.0127365929960086e-12,0.0
1.4039822294557787e-12,0.0
1.5693012552389584e-12,0.0
2.496293108726091e-12,0.0
8.193725804308771e-13,0.0
1.6985789029047255e-12,0.0
5.1964302659648e-12,0.0
1.7909217635440494e-12,0.0
2.240272270628552e-12,0.0
3.207352735072566e-12,0.0
1.0168370499897368e-12,0.0
2.067449271643496e-12,0.0
8.476903701233819e-13,0.0
1.4606399099040553e-12,0.0
7.171600474985791e-13,0.0
2.347970000471686e-12,0.0
4.660900866677678e-12,0.0
1.2665629921470588e-12,0.0
9.21091579971064e-13,0.0
7.740819666064314e-13,0.0
3.519965574743958e-12,0.0
3.2929506129018437e-12,0.0
1.2194327020709084e-12,0.0
1.7595138486914522e-12,0.0
1.2944083019466445e-12,0.0
1.5863664422657322e-12,0.0
7.480840948862267e-13,0.0
2.5446133283626717e-12,0.0
1.060750110843597e-12,0.0
1.6508538817994406e-12,0.0
2.7610560488221026e-12,0.0
7.951888315491796e-13,0.0
2.5038300446466897e-12,0.0
6.457697516095905e-13,0.0
2.052919619331891e-12,0.0
2.5262009857645315e-12,0.0
1.1078792880608441e-12,0.0
1.0229920256984636e-12,0.0
2.9426688792115446e-12,0.0
1.751207902383759e-12,0.0
1.3344832957732235e-12,0.0
8.486761817608335e-13,0.0
5.312742044303372e-12,0.0
2.909521640199291e-13,0.0
1.9047531496727896e-12,0.0
5.839588026046025e-13,0.0
7.516329300142696e-13,0.0
8.307969610820547e-13,0.0
1.9278612909097037e-12,0.0
8.676328766282184e-13,0.0
1.7539394467060272e-12,0.0
2.652348089766285e-12,0.0
6.106075745112164e-13,0.0
1.2539120995363863e-12,0.0
1.3207648582240228e-12,0.0
3.097503383973536e-12,0.0
1.3365065330464922e-12,0.0
1.3400461884717282e-12,0.0
1.3365734580090173e-12,0.0
6.98052424183493e-13,0.0
1.2440134632037336e-12,0.0
6.154308081009333e-13,0.0
7.370447180553401e-13,0.0
4.354268327182578e-12,0.0
7.667700371606221e-13,0.0
7.477332581096092e-13,0.0
3.1136821408837985e-12,0.0
1.672647450822949e-12,0.0
1.4405147909970965e-12,0.0
1.232981783743694e-12,0.0
1.6691523731265924e-12,0.0
2.6971779786089705e-12,0.0
1.1410606604152334e-12,0.0
1.7723221573681793e-12,0.0
1.018950417337209e-12,0.0
5.537339284964551e-13,0.0
7.446173007249086e-12,0.0
1.4312486629403014e-12,0.0
8.79701864419295e-13,0.0
2.142090136515161e-12,0.0
1.406875042310029e-12,0.0
1.606507455962462e-12,0.0
4.831039398245555e-13,0.0
5.32824609674543e-13,0.0
3.55555432360824e-12,0.0
2.5788825261533772e-12,0.0
6.587425961179945e-13,0.0
1.1356245023153968e-12,0.0
1.467258922269645e-12,0.0
1.1039062235398943e-12,0.0
1.0526344886478433e-12,0.0
1.3351578778294786e-12,0.0
1.3525016257347883e-12,0.0
8.07300558142021e-13,0.0
1.5268765655935346e-12,0.0
1.4618549689260965e-12,0.0
2.701476109055268e-12,0.0
1.5618929363118112e-12,0.0
1.2597776600007656e-12,0.0
1.866375304627183e-12,0.0
1.3704995941205531e-12,0.0
2.0108323717887403e-12,0.0
4.134727062551295e-12,0.0
1.3421561115551404e-12,0.0
9.12693577685621e-13,0.0
1.5099838344508852e-12,0.0
1.0747579083246552e-12,0.0
1.9576666462909744e-12,0.0
1.4979467903553544e-12,0.0
1.3291677813801842e-12,0.0
2.6130414488729397e-12,0.0
2.1238075730640236e-12,0.0
2.1552851709032723e-12,0.0
1.3858706187964067e-12,0.0
1.9023348120046864e-12,0.0
2.128228698479006e-12,0.0
7.697641718864117e-13,0.0
1.7938198859094333e-12,0.0
9.404611664622118e-13,0.0
6.70227609221077e-13,0.0
2.1067192876309204e-12,0.0
2.2274080526374e-12,0.0
1.068330246960699e-12,0.0
2.263687399555119e-12,0.0
5.632452760552007e-13,0.0
2.0380295900900476e-12,0.0
1.4879727274925994e-12,0.0
3.13760080326956e-13,0.0
1.333236932122026e-12,0.0
2.303557005604965e-12,0.0
1.1200757546860925e-12,0.0
2.1695177843521866e-12,0.0
1.1105297019199146e-12,0.0
1.2587455327836986e-12,0.0
1.2364209914547647e-12,0.0
1.3271113333247422e-12,0.0
1.5876988481248637e-12,0.0
1.1132031385669014e-12,0.0
2.1256356051728952e-12,0.0
1.1338910318673236e-12,0.0
1.7152573995907752e-12,0.0
6.089051242408842e-13,0.0
1.5549684613246354e-12,0.0
1.9403825252075845e-12,0.0
2.8148032051654827e-12,0.0
1.5963995892682138e-12,0.0
1.612309961334562e-12,0.0
1.378050486403264e-12,0.0
1.9463715206577525e-12,0.0
1.0620780875962504e-12,0.0
8.065164305997274e-13,0.0
5.78284312690605e-11,0.0
1.4977128744373247e-12,0.0
1.4932423807830694e-12,0.0
1.2843289102229683e-12,0.0
1.091443892261995e-12,0.0
1.544911283047717e-12,0.0
1.165193610079951e-12,0.0
1.4196924995598929e-12,0.0
1.2949335779070367e-12,0.0
1.201287925559234e-12,0.0
1.6054071847013288e-12,0.0
1.1479287044362342e-12,0.0
1.4066795281321953e-12,0.0
1.7176363476866348e-12,0.0
1.839328260877287e-12,0.0
7.070635401847001e-13,0.0
1.2712236484748264e-12,0.0
5.114390788607305e-12,0.0
1.1546356641290788e-12,0.0
1.835274746184244e-12,0.0
2.0787131375064215e-12,0.0
4.840755334635027e-13,0.0
2.6275735065989495e-12,0.0
9.44005496379836e-13,0.0
6.831464524594522e-13,0.0
2.727617928690067e-12,0.0
2.0230324327447615e-12,0.0
5.128631005361328e-12,0.0
1.4434063247792107e-12,0.0
2.0025871249786082e-12,0.0
1.2469407867405278e-12,0.0
3.493901099662589e-12,0.0
2.098264473786231e-12,0.0
3.8828478290402147e-13,0.0
9.872457104988492e-13,0.0
2.604866637815023e-12,0.0
1.310661028907855e-12,0.0
1.0841096112443195e-12,0.0
1.0041013645010896e-12,0.0
1.788619301848934e-12,0.0
3.3432914045746817e-13,0.0
2.519839612014889e-12,0.0
1.317688123833424e-12,0.0
2.4284112778336486e-12,0.0
2.0201329851156582e-12,0.0
1.0497581856517699e-12,0.0
4.552121951054429e-13,0.0
1.338692768819613e-12,0.0
1.5530530702504021e-12,0.0
1.8633230288539644e-12,0.0
1.504751704655716e-12,0.0
2.047570277595836e-12,0.0
1.1257245781440353e-12,0.0
1.3644700696321988e-12,0.0
1.0550536700960031e-12,0.0
2.86359069261291e-12,0.0
1.8766315949131664e-12,0.0
1.3519011743439482e-12,0.0
1.5429848618173911e-12,0.0
1.6404375000399391e-12,0.0
2.7366595895674943e-12,0.0
1.277269034412184e-12,0.0
3.0264912836690583e-12,0.0
1.4274658911310269e-12,0.0
1.3929407494523393e-12,0.0
2.6374073889319925e-12,0.0
1.885772380226506e-12,0.0
7.489711212826054e-13,0.0
1.7812296391924698e-12,0.0
1.2480122902550165e-12,0.0
1.2639194850098096e-12,0.0
1.6059684987801267e-12,0.0
1.3177930170055525e-12,0.0
1.2386486910531899e-12,0.0
1.1299985363506602e-12,0.0
1.7461147838474815e-12,0.0
1.6309153878508508e-12,0.0
1.1960926452830873e-12,0.0
2.2460570752689094e-12,0.0
1.19836602278813e-12,0.0
1.1343658352170394e-12,0.0
2.1699274810625703e-12,0.0
8.950018131415408e-13,0.0
3.484295232834908e-12,0.0
2.1988302095774513e-12,0.0
8.751792167788473e-13,0.0
1.8365525092945028e-12,0.0
1.254242839619038e-12,0.0
1.3479287104847101e-12,0.0
1.2744427818387395e-12,0.0
5.96252555280792e-13,0.0
1.3424184216738491e-12,0.0
2.702317008990635e-12,0.0
2.496214448071636e-12,0.0
2.5779427785261888e-12,0.0
2.6118020922025257e-12,0.0
1.3559804385752608e-12,0.0
1.012350367240799e-12,0.0
1.6255234511774386e-12,0.0
6.597599184228408e-13,0.0
2.9017774028867625e-13,0.0
2.4444904131154713e-12,0.0
1.933142835610044e-12,0.0
2.1709085777473076e-12,0.0
1.8369902383417027e-12,0.0
7.22054166265384e-12,0.0
1.2736783333854864e-12,0.0
1.7965046933752847e-12,0.0
2.282154187275433e-13,0.0
1.420673313903004e-12,0.0
9.73015888485334e-13,0.0
9.976293686369603e-13,0.0
1.1832977075443092e-12,0.0
1.2551699506617384e-12,0.0
5.173618981621804e-13,0.0
2.239125435889742e-11,0.0
8.828513725152982e-13,0.0
4.0795954505420796e-13,0.0
9.229622410067417e-12,0.0
1.5553851880949738e-12,0.0
2.2550643988525575e-12,0.0
3.0658462400835643e-12,0.0
1.683279542251422e-12,0.0
1.2601689576527675e-12,0.0
7.63546055519068e-13,0.0
6.312608280299198e-13,0.0
1.3060640193311064e-12,0.0
1.0104380906409031e-12,0.0
5.042848059307418e-12,0.0
1.6735156784414266e-12,0.0
1.967197879794686e-12,0.0
7.062142961175525e-13,0.0
8.287528556333983e-13,0.0
1.5641916791759815e-12,0.0
2.070926754253174e-12,0.0
2.605743678808896e-12,0.0
4.6382349492599573e-10,0.0
1.1509174488427673e-12,0.0
6.682344796144733e-13,0.0
3.1141056259100217e-12,0.0
2.132690690286351e-12,0.0
6.602606735107881e-13,0.0
1.4545748579780164e-12,0.0
1.349424250023085e-12,0.0
1.1750478748469497e-12,0.0
2.4753563947028598e-12,0.0
2.1218540992854927e-12,0.0
6.864730778738477e-13,0.0
4.277406796452002e-12,0.0
1.0160168385089771e-12,0.0
1.732934211868371e-12,0.0
1.8289870787410202e-12,0.0
1.1185828233166461e-12,0.0
8.442506060878604e-13,0.0
7.582599351015331e-13,0.0
2.362873495990067e-12,0.0
6.483886827970896e-13,0.0
2.0441116098913316e-12,0.0
1.1106541149943874e-12,0.0
1.390813096688611e-12,0.0
1.6433993793138045e-12,0.0
1.5313698471460872e-12,0.0
2.2907786942838052e-12,0.0
1.8585336798522946e-12,0.0
1.5664126057387265e-12,0.0
1.175241523397416e-12,0.0
2.349451593889014e-12,0.0
2.053199701599135e-12,0.0
1.5717992687628647e-12,0.0
2.7303781858154157e-12,0.0
1.4974946437037136e-12,0.0
2.8552221145167504e-12,0.0
3.0510287899319274e-12,0.0
1.6786416307607703e-12,0.0
1.331926065300598e-12,0.0
1.232014888590447e-12,0.0
1.5960272667432021e-12,0.0
2.151070302488316e-12,0.0
2.593357254790057e-12,0.0
2.1299392831527136e-12,0.0
2.106781561951227e-12,0.0
1.022473712781563e-12,0.0
1.263271727240036e-12,0.0
1.913131171908133e-12,0.0
1.5849604642669325e-12,0.0
1.2370408120800168e-12,0.0
1.6754612036493913e-12,0.0
6.717591338330757e-13,0.0
8.48273719210213e-13,0.0
7.858370602790519e-13,0.0
2.416125552048847e-12,0.0
1.786209392404433e-12,0.0
1.208497465239618e-12,0.0
6.900539223239292e-13,0.0
1.4175309765044944e-12,0.0
2.8919827657274757e-12,0.0
1.573122197181681e-12,0.0
2.4439089262904016e-13,0.0
1.0217122279361391e-12,0.0
2.1412431381948487e-12,0.0
1.2516824514484057e-12,0.0
1.7079034775435243e-12,0.0
1.868550162209516e-12,0.0
1.9334901327240075e-12,0.0
6.709158784368394e-13,0.0
3.60970065401895e-12,0.0
7.840718461027848e-13,0.0
1.2512207851919494e-12,0.0
2.681009764699783e-12,0.0
1.0327162983014284e-12,0.0
1.5877854715714121e-12,0.0
1.8126946265767026e-12,0.0
1.7445712745865236e-12,0.0
1.3262783262951664e-12,0.0
1.8225276505280217e-12,0.0
1.0986858253716214e-12,0.0
2.749442399659534e-12,0.0
1.551496086268214e-12,0.0
2.452361958490736e-12,0.0
2.7139015960635534e-12,0.0
9.724753649885273e-13,0.0
2.179852872333103e-12,0.0
2.537374151519918e-12,0.0
1.0100497645363056e-12,0.0
9.549208420190428e-13,0.0
1.8795789426573432e-12,0.0
2.566458959238733e-12,0.0
2.169042391861771e-12,0.0
9.17839774274338e-13,0.0
1.6268389300529145e-12,0.0
2.104756629666602e-12,0.0
3.9386241341304386e-12,0.0
9.1349493364016e-13,0.0
8.762891822501331e-13,0.0
2.0441139746646034e-12,0.0
1.081505417820566e-12,0.0
1.5536283193021878e-12,0.0
8.648990927126828e-13,0.0
1.9694929944255426e-12,0.0
3.1283193044276617e-12,0.0
8.155019497946318e-13,0.0
8.723000969132444e-13,0.0
2.411211664388979e-12,0.0
1.484982848611205e-12,0.0
1.788774782439424e-12,0.0
1.1848452276304346e-12,0.0
8.579912273920046e-13,0.0
1.9941470222454823e-12,0.0
1.2413469326187983e-12,0.0
1.512734020718951e-12,0.0
1.1013994353954993e-12,0.0
1.2912843388066528e-12,0.0
1.0313228232820599e-12,0.0
1.4386872815914334e-12,0.0
5.1359233130519925e-12,0.0
1.3653519899679093e-12,0.0
2.468709904845282e-12,0.0
1.3489120358241037e-12,0.0
1.6421499295547436e-12,0.0
1.021787079536731e-12,0.0
2.1603112580040157e-12,0.0
1.3213753430353082e-12,0.0
3.908202855885042e-12,0.0
1.0047000506087302e-12,0.0
3.7892629409470113e-13,0.0
7.876349981890136e-13,0.0
9.833245790422763e-13,0.0
1.3517625655245063e-12,0.0
8.154163327140687e-13,0.0
1.85998330561582e-12,0.0
2.2170496207533504e-12,0.0
7.633478749032335e-13,0.0
3.4776310441238973e-12,0.0
1.263444527233752e-12,0.0
7.78839289758066e-13,0.0
7.706545329134449e-13,0.0
6.265170996779697e-13,0.0
6.204932179702405e-13,0.0
7.712622189832646e-13,0.0
8.588812772863291e-13,0.0
2.3999895055471397e-12,0.0
8.497458843600496e-13,0.0
7.648977508587284e-12,0.0
1.2837680011709539e-12,0.0
1.9540028737809385e-12,0.0
1.990373344693315e-12,0.0
2.2104353126446978e-12,0.0
1.1388277190991052e-12,0.0
9.200075973140822e-13,0.0
1.089526946554339e-12,0.0
2.4093279569873386e-12,0.0
2.4739860223716503e-12,0.0
1.4569818164988629e-12,0.0
4.011877875627819e-13,0.0
1.7860271155303563e-13,0.0
1.2362155749365236e-12,0.0
4.387583578354742e-12,0.0
3.715095129590554e-12,0.0
2.025035432249168e-12,0.0
1.1740027197531582e-12,0.0
1.0982463563656867e-13,0.0
4.694930918134197e-12,0.0
1.118168062625694e-12,0.0
5.012023036197522e-11,0.0
5.074692173767559e-12,0.0
9.103661771748534e-13,0.0
1.3756805200065386e-12,0.0
1.7191207128291767e-12,0.0
3.78653531128314e-12,0.0
2.5859574911612926e-12,0.0
2.9653330911820584e-12,0.0
3.9845252804350764e-13,0.0
5.006038156292428e-12,0.0
1.9060305684802852e-12,0.0
1.0935251056377534e-13,0.0
2.4228924933068314e-13,0.0
1.5034005960725808e-12,0.0
1.147892555744292e-12,0.0
1.1101728435520937e-12,0.0
1.8965341675820973e-12,0.0
5.222407792115342e-13,0.0
1.162103684152874e-12,0.0
2.930538149843216e-12,0.0
5.387678020249185e-13,0.0
8.382113350353639e-11,0.0
2.494697498258756e-12,0.0
2.0989700569605184e-12,0.0
1.0118525048105708e-12,0.0
2.2529151788523494e-12,0.0
3.645357488519493e-12,0.0
1.4433650862445912e-12,0.0
6.512658985942369e-14,0.0
1.6802602085430261e-12,0.0
5.216084483463853e-13,0.0
6.384108272974444e-14,0.0
1.1188479530443343e-12,0.0
1.6827438348038996e-13,0.0
7.635438941567039e-13,0.0
5.394385513470916e-13,0.0
4.031996762104285e-12,0.0
2.003563970352473e-12,0.0
1.0442138795001875e-12,0.0
2.2547477841537117e-12,0.0
1.1137284737794959e-12,0.0
2.071794955553121e-12,0.0
2.1931423609304476e-12,0.0
3.3035118175972075e-13,0.0
8.569029184585329e-13,0.0
3.5903669815667882e-12,0.0
1.930043466639457e-12,0.0
1.0979496953732723e-12,0.0
1.4362063530292555e-12,0.0
7.614991925371771e-13,0.0
1.9856663414942527e-12,0.0
1.4950495616694995e-12,0.0
1.30871798247179e-12,0.0
7.126447939056562e-13,0.0
1.624262320722676e-08,0.0
3.838150463310655e-13,0.0
1.0896482213771063e-12,0.0
1.8169593649769669e-12,0.0
4.498325317045784e-13,0.0
1.3045305454347157e-12,0.0
1.6387781746752106e-12,0.0
2.707876659978239e-12,0.0
5.536096241300127e-12,0.0
1.6126796517219798e-12,0.0
1.4874723613789444e-12,0.0
9.16280476021625e-13,0.0
3.469503989294443e-12,0.0
2.2682334052673616e-12,0.0
1.1018130358468073e-12,0.0
1.4236620723760258e-12,0.0
1.870099965996326e-12,0.0
1.0255103601396702e-11,0.0
3.4762112141146546e-12,0.0
2.2863985220187615e-12,0.0
2.4324616320469363e-12,0.0
1.381581467964921e-12,0.0
6.284466522411428e-12,0.0
2.096706115155299e-12,0.0
2.6136704600539635e-12,0.0
8.530767215830174e-13,0.0
1.6238394990899892e-12,0.0
4.7207273898192266e-12,0.0
1.605967153916312e-12,0.0
2.8426882304695885e-12,0.0
2.0383803331599225e-12,0.0
2.679951978358986e-12,0.0
7.002380748954708e-13,0.0
7.829767682388178e-13,0.0
1.8729663873111655e-12,0.0
1.5323042395720172e-12,0.0
3.4689281522275517e-12,0.0
1.4084913508170577e-12,0.0
1.5963309227939843e-12,0.0
2.9906778377104445e-13,0.0
2.7056732975398585e-13,0.0
9.052204693793869e-13,0.0
8.710410198304867e-13,0.0
1.6643772643117284e-12,0.0
2.7485642175552805e-12,0.0
1.6595801434682464e-12,0.0
3.793585818458197e-12,0.0
3.278325394581689e-13,0.0
6.211910083827274e-13,0.0
3.062190867612337e-12,0.0
2.5953222012642813e-12,0.0
7.990744307503757e-13,0.0
2.215325255537813e-12,0.0
1.3982321272073335e-12,0.0
5.028631011566998e-13,0.0
2.1172914588515008e-12,0.0
3.444111375634137e-12,0.0
1.0436473746052184e-12,0.0
1.571526428804562e-12,0.0
8.894666072238966e-13,0.0
9.79134099967021e-13,0.0
1.0771943066245802e-12,0.0
2.992469460481177e-12,0.0
1.519093767889048e-12,0.0
1.1723559692179497e-12,0.0
4.430123501270351e-13,0.0
2.2440092021129305e-12,0.0
1.0983804007992243e-12,0.0
1.6499898156153262e-12,0.0
4.920711119135354e-12,0.0
1.817514015564507e-12,0.0
3.1886492153597226e-10,0.0
1.4217451429408904e-12,0.0
2.407674654203392e-12,0.0
7.625575517356668e-13,0.0
2.1820907638797357e-12,0.0
7.407775056807255e-13,0.0
6.902580232000236e-13,0.0
7.714637109730606e-13,0.0
1.0757779726941015e-12,0.0
9.610061778088232e-13,0.0
9.357840126855502e-13,0.0
2.8626205367122865e-13,0.0
2.0723022541708127e-12,0.0
2.1360012354488317e-12,0.0
1.361372080433692e-12,0.0
7.5726984022621e-12,0.0
2.2608829942011518e-12,0.0
1.403769935627454e-12,0.0
9.069246922507064e-13,0.0
1.5320936996386902e-12,0.0
1.2516862897919393e-12,0.0
1.2190849349802791e-12,0.0
1.0491863716733056e-12,0.0
1.6164425970391337e-12,0.0
2.310760020371651e-12,0.0
2.9143494179802966e-12,0.0
1.9499825516687533e-12,0.0
1.1340175960013274e-12,0.0
1.6854011996316598e-12,0.0
1.280782258216998e-12,0.0
1.3208990865637396e-12,0.0
1.5262181234723429e-12,0.0
6.117314610588937e-13,0.0
8.382088112937536e-13,0.0
1.202077439399213e-12,0.0
6.955616141994115e-13,0.0
7.64449105892104e-13,0.0
7.908640656363685e-13,0.0
1.0990450758519967e-12,0.0
2.8978282934772764e-12,0.0
2.122907660091913e-12,0.0
2.416448571017778e-12,0.0
4.552378498882449e-13,0.0
5.4775278364421385e-12,0.0
8.758828178955214e-13,0.0
9.875240332838723e-13,0.0
1.9822063047818424e-12,0.0
2.680708182344714e-12,0.0
9.36460727880431e-13,0.0
2.9394894760118848e-12,0.0
1.7585559668767994e-12,0.0
1.8911614767902485e-12,0.0
5.955066041983805e-13,0.0
2.3375374388611967e-12,0.0
1.684204559827792e-12,0.0
1.670421366108545e-12,0.0
2.1344547571885262e-12,0.0
3.526497313871622e-12,0.0
1.5014724251405198e-12,0.0
2.40346320277114e-12,0.0
1.4175650883214846e-12,0.0
1.3589324422328493e-12,0.0
9.707616379490708e-13,0.0
2.49427485216362e-12,0.0
2.19477641143125e-12,0.0
3.0188717358574595e-12,0.0
7.819714020718596e-13,0.0
2.2924398529326693e-11,0.0
1.7985418197095333e-12,0.0
3.2673665530867275e-12,0.0
3.736863056730453e-12,0.0
1.3954245318909482e-12,0.0
8.043580768512296e-13,0.0
1.35913060908723e-12,0.0
2.5872968870334357e-12,0.0
2.304149218615817e-12,0.0
1.680972668937291e-12,0.0
2.7569815808274102e-12,0.0
6.150963790268516e-13,0.0
5.884524448561387e-13,0.0
1.6123446124257561e-12,0.0
3.3399220048393886e-13,0.0
1.5167633340249365e-12,0.0
4.3640731824604973e-13,0.0
2.986889407577766e-13,0.0
3.3342430248141888e-12,0.0
4.617381746084629e-13,0.0
8.385783155880259e-13,0.0
2.4518107128140183e-12,0.0
2.1190501795799072e-12,0.0
1.3408727761939032e-12,0.0
3.558342212924281e-12,0.0
2.316209235465997e-12,0.0
1.981503048877628e-12,0.0
1.428295519750209e-12,0.0
3.2519527817558786e-12,0.0
2.4062689015618727e-12,0.0
1.4073391285103722e-12,0.0
8.773645067034833e-13,0.0
7.398410548981694e-13,0.0
1.758686928611913e-12,0.0
1.63863221535415e-12,0.0
4.768275190137387e-12,0.0
2.2811761824471353e-12,0.0
9.18794758544937e-13,0.0
1.2377780921357378e-12,0.0
1.5207253971982786e-13,0.0
1.503533722730926e-12,0.0
1.139475377855327e-12,0.0
1.4343740723629832e-12,0.0
4.0643784451567496e-13,0.0
3.3626490859489446e-12,0.0
1.5477550057833336e-12,0.0
8.128373802545799e-13,0.0
6.621406575213045e-13,0.0
1.1039025260600043e-12,0.0
8.955523561163043e-13,0.0
2.1950643795321426e-12,0.0
5.695003865902596e-12,0.0
3.2093488286798115e-12,0.0
7.598945237454048e-13,0.0
3.84413172800182e-12,0.0
7.75093703154043e-13,0.0
1.1728239666864095e-12,0.0
4.1743478969593557e-13,0.0
2.0933119500123185e-12,0.0
1.3693522816808984e-12,0.0
2.2849910735927555e-12,0.0
4.554469838702859e-12,0.0
3.312966874462631e-12,0.0
2.1412636739966592e-12,0.0
1.4791863353851708e-11,0.0
4.218868020195158e-12,0.0
7.121314772468226e-14,0.0
3.05173351055845e-12,0.0
2.278176986318936e-12,0.0
5.943320569925325e-13,0.0
8.161670631087034e-13,0.0
7.194008489191961e-13,0.0
3.96889525292332e-12,0.0
1.6673726784562913e-12,0.0
2.1790157703404053e-12,0.0
3.187980515304169e-12,0.0
4.072871011460516e-12,0.0
3.09484372214202e-12,0.0
7.946065501702293e-13,0.0
4.5106999093747036e-13,0.0
1.1740902648807282e-12,0.0
1.8205628093602705e-12,0.0
3.57973328308285e-11,0.0
1.848396935285214e-12,0.0
2.0918948321016637e-12,0.0
1.3498376098743784e-12,0.0
5.778905487104968e-13,0.0
1.5686610910372985e-12,0.0
1.1222842096982823e-12,0.0
2.641457826617171e-12,0.0
1.6798380440114896e-12,0.0
8.164025187687934e-13,0.0
1.23074191857456e-12,0.0
1.1401347636130653e-12,0.0
6.730495410403751e-13,0.0
1.17811061589269e-12,0.0
2.5098196399747734e-12,0.0
6.725968604986045e-13,0.0
1.4759247231636337e-12,0.0
3.4901591332410097e-13,0.0
1.3744339517254714e-12,0.0
2.5356859322651416e-12,0.0
6.994864219861828e-13,0.0
2.0539228681518636e-12,0.0
1.4984368259761915e-12,0.0
4.587648904445128e-13,0.0
3.151760943368779e-13,0.0
2.2186908295037187e-12,0.0
3.029231018341891e-13,0.0
1.5740784174740182e-12,0.0
7.353509792862316e-13,0.0
9.755056212307464e-13,0.0
1.2710210883013593e-12,0.0
7.185387600724112e-13,0.0
2.7767756930669026e-12,0.0
1.8991808953226884e-12,0.0
1.0805534575304625e-12,0.0
7.147639887810934e-13,0.0
1.2000394370789672e-12,0.0
2.879557256393312e-13,0.0
9.139001198929522e-13,0.0
2.288533683681991e-12,0.0
1.2396129056019043e-12,0.0
9.504140274703712e-14,0.0
4.171257950721879e-12,0.0
3.9899614276022804e-12,0.0
1.340162993699428e-12,0.0
2.4019501601983376e-12,0.0
1.4881765086001474e-12,0.0
6.249482461999683e-14,0.0
1.3561970417473559e-12,0.0
1.3524998596711308e-12,0.0
3.650849975086788e-12,0.0
1.6830869795559932e-12,0.0
1.0399539570340043e-12,0.0
1.3904137824138115e-12,0.0
1.6313174050463257e-12,0.0
8.163363875727083e-13,0.0
3.078574751855409e-12,0.0
1.7914923886296573e-12,0.0
1.1954854391717437e-12,0.0
1.175859226960878e-12,0.0
1.0211129320525584e-12,0.0
1.1140420617130592e-12,0.0
1.523850942531314e-12,0.0
1.8098352540502553e-12,0.0
5.17029492494633e-13,0.0
8.961680852323647e-13,0.0
2.96343055681722e-13,0.0
7.534873624381566e-13,0.0
2.9454759579733027e-12,0.0
2.0188934007737536e-12,0.0
8.576118401087168e-13,0.0
6.501086557289314e-13,0.0
1.6167619302126396e-12,0.0
1.0963348826454796e-12,0.0
2.4967748409982284e-12,0.0
7.800211422616193e-13,0.0
1.4689873168215377e-12,0.0
2.5024289823925265e-12,0.0
1.6564336341743873e-12,0.0
1.8166209157971865e-12,0.0
2.239330966948079e-12,0.0
2.963289811750119e-12,0.0
2.859955209102306e-12,0.0
2.8576166897186194e-12,0.0
9.263528151796471e-13,0.0
1.978373046388017e-12,0.0
2.5276869852818386e-13,0.0
1.8128241380940426e-12,0.0
1.992235589032596e-12,0.0
6.961591362599156e-13,0.0
5.324063411187306e-13,0.0
7.809403892078269e-13,0.0
2.0123855692311628e-12,0.0
1.5455442126014594e-12,0.0
1.2930389784425998e-12,0.0
8.415763337434975e-13,0.0
4.704444343578406e-12,0.0
1.7385762224899373e-12,0.0
6.142143640784042e-13,0.0
1.5266266651955833e-12,0.0
2.7658130283954965e-12,0.0
9.749178436739351e-13,0.0
2.9057230368803495e-13,0.0
2.3035068366530393e-12,0.0
2.5065781449898096e-12,0.0
1.8860633367215407e-12,0.0
9.317159697818455e-13,0.0
7.152867810677877e-13,0.0
1.7230974592191874e-12,0.0
1.3837968076442085e-12,0.0
2.1405200556348423e-12,0.0
1.406440686232588e-12,0.0
5.402519019130298e-13,0.0
3.135163749204546e-12,0.0
1.1620486759198258e-12,0.0
2.0261134894438948e-12,0.0
3.1110748185839146e-12,0.0
2.6529408250742353e-12,0.0
4.720060225433306e-13,0.0
3.235771314681373e-12,0.0
6.913948619963909e-13,0.0
4.944201887034019e-12,0.0
1.393151872485739e-12,0.0
1.3427937642730418e-12,0.0
9.136623332967727e-13,0.0
1.3509642019396908e-12,0.0
1.016172067413284e-12,0.0
3.2392581262391394e-12,0.0
2.8949011505833707e-12,0.0
9.638724956079985e-13,0.0
2.1672417628923447e-12,0.0
1.8902645313046538e-12,0.0
7.237701474826798e-13,0.0
1.7214905732723566e-12,0.0
1.5364029162674588e-12,0.0
1.3327852861235435e-12,0.0
3.0387858448520857e-12,0.0
1.4496147075884209e-12,0.0
1.3121422844773253e-13,0.0
1.3435730198802543e-12,0.0
4.873081040673567e-12,0.0
1.105142318479561e-12,0.0
1.7030623914266867e-12,0.0
1.9115545333249537e-12,0.0
3.4257455870388867e-12,0.0
1.0903711976696588e-12,0.0
1.5445022467639947e-12,0.0
1.354347868131745e-12,0.0
2.291332235355392e-12,0.0
2.2906443433370607e-12,0.0
1.8293891167668674e-12,0.0
2.3189925316452005e-12,0.0
1.3666937801125532e-12,0.0
2.5395501620712944e-12,0.0
2.6919338904837306e-12,0.0
3.2098816685191552e-12,0.0
1.2305275004743905e-12,0.0
1.033749412224897e-12,0.0
1.2506599153651836e-12,0.0
2.255793955448276e-12,0.0
4.479999694285443e-12,0.0
2.5275903537876066e-12,0.0
2.2597700778983236e-12,0.0
8.835290809567102e-13,0.0
4.0308423448039157e-13,0.0
9.235376554046707e-13,0.0
1.7867026754891e-12,0.0
3.133824455041109e-12,0.0
1.3048104535224632e-12,0.0
2.323562732462126e-12,0.0
1.3614377828269088e-12,0.0
2.3580510996529625e-12,0.0
3.6657833005399466e-13,0.0
2.1813061909548676e-12,0.0
1.5088834480338956e-12,0.0
1.0428630871044645e-12,0.0
3.981761720175453e-13,0.0
3.0751275125095374e-12,0.0
1.3589284203643797e-12,0.0
3.2764257121095764e-12,0.0
1.0061133998252635e-12,0.0
9.769835996659715e-13,0.0
1.0873107154189434e-12,0.0
1.6186903409683243e-12,0.0
2.2456312794516457e-12,0.0
8.145161820045359e-13,0.0
1.179264826481632e-12,0.0
7.656141419572748e-13,0.0
9.772791726377993e-13,0.0
9.578449159148949e-13,0.0
1.2553854338883161e-12,0.0
1.3984372579366522e-12,0.0
9.310831383872993e-13,0.0
2.1310864739555592e-12,0.0
9.387696570471776e-12,0.0
2.5664475494706246e-12,0.0
1.3254783022071878e-12,0.0
2.2277320218291944e-12,0.0
4.3978591427784525e-13,0.0
2.5875975067906127e-09,0.0
3.551303925459833e-10,0.0
6.080922383924371e-13,0.0
5.166675130101965e-12,0.0
2.0000603692825713e-12,0.0
4.0248960232519825e-13,0.0
2.815663813448002e-13,0.0
3.086631457906736e-11,0.0
6.661921505974389e-13,0.0
3.323968819945955e-12,0.0
1.4835826278320072e-12,0.0
6.448278981878176e-13,0.0
3.4407631403922186e-12,0.0
3.2132230934695315e-12,0.0
7.037916773773399e-13,0.0
1.3223783327443219e-12,0.0
9.135693128628514e-14,0.0
7.811101398209652e-13,0.0
1.0847131360723324e-12,0.0
1.909032040331084e-12,0.0
2.672084211193055e-12,0.0
2.933561201665168e-13,0.0
3.1054336399597434e-13,0.0
2.3646338459068522e-12,0.0
1.1052950424735314e-12,0.0
6.259631317919245e-13,0.0
3.362022641345981e-12,0.0
5.979019105482348e-13,0.0
8.655994384728538e-13,0.0
1.399867692590701e-12,0.0
4.206214224985447e-12,0.0
2.216222410409756e-12,0.0
1.7365273265408482e-12,0.0
7.315947929146991e-13,0.0
1.030064870620571e-12,0.0
5.7690396199421e-13,0.0
4.5053634761562167e-13,0.0
1.2012959969780784e-12,0.0
1.544059591738497e-12,0.0
1.5622542576767405e-12,0.0
1.1136846885415408e-12,0.0
2.125084406475483e-12,0.0
5.011064197377491e-13,0.0
2.046734193427918e-12,0.0
4.090231243430357e-11,0.0
6.891117823073653e-13,0.0
3.160547923445893e-12,0.0
8.984621805215831e-13,0.0
5.1160512167320644e-14,0.0
2.39885228379772e-12,0.0
2.677911295632779e-13,0.0
7.325186740639317e-11,0.0
2.4160358562429703e-12,0.0
1.7608201782251973e-12,0.0
5.142951540978692e-12,0.0
2.9535694527717166e-12,0.0
3.784995463967228e-12,0.0
2.71892370234659e-12,0.0
2.3327739460369214e-12,0.0
1.5581846125579434e-12,0.0
1.5756029985738217e-12,0.0
1.1414229810472966e-12,0.0
8.496437493208099e-13,0.0
3.5193727607192677e-12,0.0
1.7906391298977203e-12,0.0
3.6910252981427166e-12,0.0
1.1316024438300299e-12,0.0
3.2511318240998768e-12,0.0
1.2555011111121893e-12,0.0
1.5667915050200263e-12,0.0
1.2871962041294284e-12,0.0
1.8053823336122558e-12,0.0
1.6645850469828652e-12,0.0
1.4771626872145878e-12,0.0
1.0575894985235216e-12,0.0
1.4258460679336503e-12,0.0
2.325558293930542e-12,0.0
2.0426497160096444e-12,0.0
1.157391445946929e-12,0.0
6.995054551036271e-13,0.0
9.12680362583687e-13,0.0
9.311890200883934e-13,0.0
9.76137964685101e-13,0.0
1.753605077045036e-12,0.0
2.259186328118309e-12,0.0
1.0881996387385815e-12,0.0
2.2008628707297762e-12,0.0
3.7056559976899405e-12,0.0
2.262296533448162e-12,0.0
5.541562103529055e-12,0.0
3.680345242304927e-12,0.0
1.2023140190307043e-12,0.0
3.3392241566692305e-12,0.0
5.749445630466434e-13,0.0
1.2863285731021155e-12,0.0
1.9639017826032075e-12,0.0
1.938547301814438e-12,0.0
2.3556147079209097e-12,0.0
1.6269470867994551e-12,0.0
3.392125583512587e-11,0.0
2.014355064635998e-12,0.0
2.1014322548888226e-15,1.0
2.8270615379697844e-12,1.0
6.550426184589517e-13,1.0
1.9438735769278227e-12,1.0
8.032231401488861e-07,1.0
7.758263125959245e-13,1.0
3.164551850514863e-13,1.0
1.2170257234310216e-12,1.0
8.727434491006715e-13,1.0
1.5741960542178834e-12,1.0
1.281588544557076e-12,1.0
2.644564419462599e-12,1.0
2.281165727388558e-12,1.0
2.2272315755919666e-12,1.0
8.79343227937305e-13,1.0
2.2565809092843945e-12,1.0
2.678551057079927e-12,1.0
9.596355814548102e-13,1.0
1.7094048796915578e-12,1.0
6.620661291301939e-13,1.0
1.305533740734761e-12,1.0
2.898037540861444e-12,1.0
1.689689036316551e-15,1.0
3.4381307930540437e-12,1.0
4.672658615471559e-15,1.0
1.0,1.0
3.036783270770659e-16,1.0
1.0,1.0
1.0,1.0
1.0,1.0
0.8517064741763419,1.0
1.0,1.0
5.146277109701804e-16,1.0
1.0,1.0
3.484219833327139e-16,1.0
5.4893054307793915e-16,1.0
9.577002445666258e-13,1.0
1.0,1.0
0.5991718003957166,1.0
6.17867285844458e-17,1.0
1.0,1.0
1.0255329412063866e-18,1.0
1.3464007450708969e-65,1.0
6.7581665153526185e-22,1.0
1.0,1.0
4.947307896023193e-110,1.0
4.947307896023193e-110,1.0
1.774726741422953e-17,1.0
1.0,1.0
4.947307896023193e-110,1.0
4.947307896023193e-110,1.0
4.947307896023193e-110,1.0
4.947307896023193e-110,1.0
4.947307896023193e-110,1.0
1.0,1.0
4.947307896023193e-110,1.0
4.947307896023193e-110,1.0
1.0,1.0
4.947307896023193e-110,1.0
4.947307896023193e-110,1.0
4.947307896023193e-110,1.0
4.2237003314681446e-54,1.0
1.0,1.0
1.7851911271497546e-27,1.0
1.1894102480207774e-17,1.0
1.0,1.0
7.956396308734012e-17,1.0
4.947307896023193e-110,1.0
2.0590080701293902e-16,1.0
4.947307896023193e-110,1.0
1.3476840139184457e-21,1.0
1.842723817807777e-17,1.0
1.0537141626073448e-33,1.0
1.0166580211306121e-49,1.0
1.0,1.0
1.0,1.0
0.9999999999999998,1.0
4.947307896023193e-110,1.0
6.40392842629671e-21,1.0
7.368735967331898e-17,1.0
1.0,1.0
4.947307896023193e-110,1.0
3.980689487991868e-17,1.0
8.652943778699009e-24,1.0
8.3716437184609e-17,1.0
6.304479769139696e-25,1.0
4.305621080016282e-64,1.0
6.594034986456762e-17,1.0
1.4938080490569073e-17,1.0
0.9999999999999976,1.0
0.9999999999999998,1.0
8.240864772730301e-13,0.0
1.532207397552815e-12,0.0
1.4519340422590342e-12,0.0
1.5446847605232877e-12,0.0
1.547723888427758e-12,0.0
1.5287912779636483e-12,0.0
1.603201463877974e-12,0.0
1.449789578950509e-12,0.0
1.3891653722911467e-12,0.0
1.4494994520867318e-12,0.0
1.3793930865752757e-12,0.0
1.3736798348845593e-12,0.0
1.3925196437244097e-12,0.0
1.3353084881603935e-12,0.0
1.376668911888522e-12,0.0
1.3343685133489533e-12,0.0
1.3705170983297136e-12,0.0
1.3609374436847692e-12,0.0
1.4028312775673525e-12,0.0
1.3428884121866216e-12,0.0
1.2750025360152928e-12,0.0
1.3209724151060204e-12,0.0
1.3079761700887256e-12,0.0
1.3621815060777485e-12,0.0
1.3484236983099225e-12,0.0
1.3766476685575477e-12,0.0
1.264675020801876e-12,0.0
1.4412924154653825e-12,0.0
1.2411892878999702e-12,0.0
1.247726768599168e-12,0.0
1.3071949944034233e-12,0.0
1.2930581656981817e-12,0.0
1.3475512090399283e-12,0.0
1.3966274163506798e-12,0.0
1.2415095897175686e-12,0.0
1.175675818140668e-12,0.0
1.3954327281375455e-12,0.0
1.409111005259802e-12,0.0
1.4895511937327287e-12,0.0
1.4125266583642386e-12,0.0
2.3198838857176603e-12,0.0
1.3499006327037506e-12,0.0
1.5288355021129485e-12,0.0
1.6929265311496175e-12,0.0
1.6482503364058145e-12,0.0
1.1757775915113686e-12,0.0
1.838357485984489e-12,0.0
1.5686545096916594e-12,0.0
1.4564122153329297e-12,0.0
1.5204568758551034e-12,0.0
1.962298872579946e-12,0.0
1.5008665483314437e-12,0.0
1.5739548675241518e-12,0.0
1.823656918343041e-12,0.0
1.379341414624533e-12,0.0
1.860861155256722e-12,0.0
1.5448446097162969e-12,0.0
1.3397782579658456e-12,0.0
1.221405924641891e-12,0.0
1.8359990866542762e-12,0.0
1.7461868137700737e-12,0.0
1.8134847519742856e-12,0.0
1.1467304935612085e-12,0.0
1.263663808913202e-12,0.0
1.3904672205405306e-12,0.0
1.348258428991055e-12,0.0
1.5936484444462101e-12,0.0
1.315770263815305e-12,0.0
1.518784848644842e-12,0.0
1.4340648532590615e-12,0.0
1.2960301201088525e-12,0.0
1.5846957293926476e-12,0.0
1.4750961316726237e-12,0.0
1.449763015767132e-12,0.0
1.3821947330490456e-12,0.0
1.4997885874795368e-12,0.0
1.9690506590489277e-12,0.0
1.476239547814661e-12,0.0
1.462755385370313e-12,0.0
1.346674007879336e-12,0.0
9.661802441168501e-13,0.0
1.5416202576915076e-12,0.0
2.554891702382731e-12,0.0
1.4033421670731082e-12,0.0
1.521283738584208e-12,0.0
1.3441322713267829e-12,0.0
1.4825408281250152e-12,0.0
1.4580436690002995e-12,0.0
1.2825824859443215e-12,0.0
1.4608841352189682e-12,0.0
2.2509198567917964e-12,0.0
1.5879553100555467e-12,0.0
1.0499487552874298e-12,0.0
1.6477803632540487e-12,0.0
1.282338684011208e-12,0.0
1.2012681472014858e-12,0.0
1.6819215336089778e-12,0.0
1.6536424880431144e-12,0.0
1.8756610103931753e-12,0.0
5.824316042004241e-13,0.0
1.8885465015262626e-12,0.0
1.1303257389326116e-12,0.0
1.6105792114489103e-12,0.0
1.2610005897674217e-12,0.0
2.5337522363459484e-12,0.0
1.414554291835099e-12,0.0
1.6056760215536005e-12,0.0
1.911856202099092e-12,0.0
1.2949749829361642e-12,0.0
1.5280810894880681e-12,0.0
1.5390962282096868e-12,0.0
1.8771615108699567e-12,0.0
1.6891270319104078e-12,0.0
1.3657759512929259e-12,0.0
2.2104103813492856e-12,0.0
2.830926805525432e-13,0.0
1.528075734523693e-12,0.0
3.1116614046664575e-12,0.0
1.6206345181698896e-12,0.0
1.9301678826453085e-12,0.0
1.5058660774541129e-12,0.0
1.8124706965082572e-12,0.0
1.4191977231690094e-12,0.0
1.3636124892538211e-12,0.0
1.180347103067199e-12,0.0
1.4180076436521384e-12,0.0
3.8621096794989164e-12,0.0
1.99341016182514e-12,0.0
7.347144126889933e-13,0.0
1.0968368391762213e-12,0.0
3.89019522740867e-12,0.0
1.407511688063058e-12,0.0
6.437329203816626e-13,0.0
1.911276524703134e-12,0.0
3.573307845439961e-12,0.0
3.1217716522277328e-12,0.0
1.147231984771968e-12,0.0
1.6207261166144154e-12,0.0
8.383567883201043e-13,0.0
2.676640493847824e-12,0.0
1.2839620481740494e-12,0.0
8.739638272466975e-13,0.0
1.1868845005789835e-12,0.0
9.423343347785909e-13,0.0
2.7306889490144516e-12,0.0
2.8502905897316476e-12,0.0
1.5531337542646207e-12,0.0
5.297365820904807e-13,0.0
1.607210632383324e-13,0.0
1.6596006224949872e-12,0.0
3.0460116889398093e-12,0.0
2.347299507616709e-12,0.0
1.2750114081250728e-13,0.0
1.0785463938005071e-12,0.0
4.843338516214458e-12,0.0
1.1431369946827497e-12,0.0
2.5442187575529756e-12,0.0
1.3723053852501263e-12,0.0
2.470601885741343e-12,0.0
1.8752530842160476e-12,0.0
2.7465241292206857e-12,0.0
1.2388198126411913e-12,0.0
3.1968845234961043e-12,0.0
2.2654151175536243e-12,0.0
1.5781175628495797e-12,0.0
5.302430738510406e-13,0.0
4.738849727785069e-12,0.0
8.285057838491325e-13,0.0
3.5503956884669885e-12,0.0
4.345591001169276e-11,0.0
1.7410839132163333e-12,0.0
2.136455820988204e-12,0.0
7.91023919653747e-13,0.0
1.595966614004197e-12,0.0
2.1186288015780897e-12,0.0
6.707387837304259e-13,0.0
2.7329356844548656e-12,0.0
3.9362483676484223e-13,0.0
9.996850693201578e-13,0.0
2.068005284483602e-12,0.0
2.421093982989066e-12,0.0
1.2606282199691768e-12,0.0
2.0767202903150255e-12,0.0
3.335048037413499e-12,0.0
2.8837938878958802e-12,0.0
1.2310837793177029e-12,0.0
1.5875835442456706e-12,0.0
4.604299281064737e-13,0.0
1.1804235998789808e-09,0.0
5.610604406151447e-13,0.0
1.7165099817149017e-12,0.0
4.127402189976491e-12,0.0
4.2560414553276884e-13,0.0
3.57064726245961e-12,0.0
1.2201077045409752e-12,0.0
2.059215633436679e-12,0.0
1.2737183689625083e-12,0.0
5.010452358530055e-12,0.0
1.344276489180465e-12,0.0
7.514039680775628e-13,0.0
1.0478630298049034e-12,0.0
9.750799948680363e-13,0.0
1.6956155255670948e-12,0.0
6.911558839919843e-13,0.0
1.3394030433249215e-12,0.0
1.368743465190382e-12,0.0
9.570274342830889e-13,0.0
1.6537276560679994e-12,0.0
2.0996600766858773e-12,0.0
1.5125770177569365e-12,0.0
4.1312210402654075e-13,0.0
3.902200698525704e-12,0.0
3.001926757597223e-12,0.0
1.1601983513806276e-12,0.0
1.9549795561011852e-12,0.0
6.636864639787907e-13,0.0
2.0570366003591264e-12,0.0
5.151235979427175e-13,0.0
8.668221783789411e-13,0.0
1.1975051145670016e-12,0.0
1.1383876780582071e-12,0.0
2.524382298689781e-12,0.0
9.842279906889645e-12,0.0
2.850221754221129e-13,0.0
2.2870015783283405e-12,0.0
8.33764664383501e-13,0.0
1.9397250210372412e-12,0.0
1.8869466230744942e-12,0.0
1.583764261629961e-12,0.0
3.1258476560496247e-13,0.0
2.649247682728029e-12,0.0
9.347351635600442e-13,0.0
5.274968267117619e-13,0.0
1.220628151747165e-12,0.0
2.2964978166263906e-12,0.0
1.5456921905655177e-12,0.0
4.454800693231388e-12,0.0
1.503250603931364e-12,0.0
5.468458678862765e-12,0.0
1.133843802600586e-12,0.0
1.58291734414826e-12,0.0
2.4945367489805016e-12,0.0
2.048290006888914e-12,0.0
1.8516950887610476e-12,0.0
1.1102758750752018e-12,0.0
1.5237776893300114e-12,0.0
1.3085873818146641e-12,0.0
1.8185850279121505e-12,0.0
3.201376370120007e-12,0.0
2.3971579212531665e-12,0.0
1.8718423056407303e-12,0.0
1.0672981920621653e-12,0.0
1.6028899442158964e-12,0.0
1.9649840215366875e-12,0.0
1.1726779865133406e-12,0.0
1.7439659696129705e-12,0.0
1.0149714459519026e-12,0.0
3.169056613996712e-12,0.0
2.0915083371073688e-12,0.0
1.907172699280597e-12,0.0
2.1349013519409523e-12,0.0
6.640538941353179e-13,0.0
1.8299863566506612e-12,0.0
1.3545636952821428e-12,0.0
3.6369757185659045e-12,0.0
2.1732352135119196e-12,0.0
1.0261974940379824e-12,0.0
2.9158371788742715e-12,0.0
9.099110833685292e-13,0.0
1.2907502701146213e-12,0.0
2.0308622854589595e-12,0.0
1.0524884092350288e-12,0.0
1.8099531788187793e-12,0.0
1.070108885371313e-12,0.0
2.9688343833872868e-12,0.0
6.340751866974111e-13,0.0
1.0904481002428379e-12,0.0
5.170402201752787e-13,0.0
7.079673469870793e-13,0.0
8.931273866901783e-13,0.0
2.7196313696946814e-12,0.0
1.106602721570646e-12,0.0
2.625808743278588e-12,0.0
1.8731581933077355e-12,0.0
1.9143392110381853e-12,0.0
1.0995999973067493e-12,0.0
1.1906681705861937e-12,0.0
2.5855874763694793e-12,0.0
2.282927709356185e-12,0.0
5.267165957712122e-13,0.0
6.787065157638163e-13,0.0
4.7821936802812e-12,0.0
1.1786426682098232e-12,0.0
4.23048392285948e-12,0.0
2.591624720439899e-12,0.0
3.915862409818687e-12,0.0
1.124502535631351e-12,0.0
1.3243378842998545e-12,0.0
1.3483019176829717e-12,0.0
3.0474151284622476e-12,0.0
2.62429610655033e-13,0.0
6.910885746459306e-13,0.0
1.2006446498708832e-12,0.0
1.061227471432509e-12,0.0
9.524251411831164e-13,0.0
3.2798986791817096e-12,0.0
9.489125595104403e-13,0.0
1.4212351706979976e-12,0.0
1.298414736203563e-12,0.0
1.9769871984821923e-12,0.0
7.528928399441849e-13,0.0
1.045963793282542e-12,0.0
9.626122519890771e-13,0.0
1.3636744387074358e-12,0.0
6.86651207271599e-13,0.0
1.7818647573562278e-12,0.0
3.124341965689776e-12,0.0
1.617870513404564e-12,0.0
7.33765538689222e-13,0.0
1.8159366255104683e-12,0.0
1.9410060579871402e-12,0.0
1.937723244018383e-12,0.0
1.6695223522549013e-12,0.0
1.2928121613757164e-12,0.0
8.812827526426102e-13,0.0
9.778266842571703e-13,0.0
3.795001462204199e-12,0.0
5.0205234482038145e-12,0.0
1.7479023870750449e-12,0.0
1.087685082038361e-12,0.0
2.661735715507083e-12,0.0
3.2071272421387266e-12,0.0
1.1633486085447512e-12,0.0
1.591905696865161e-12,0.0
5.222050352035505e-12,0.0
2.3709290903365753e-12,0.0
1.321303394104998e-12,0.0
1.5372859867717223e-12,0.0
1.4836374007401243e-12,0.0
9.53481381665521e-13,0.0
3.710478935281013e-12,0.0
1.8659888480890253e-12,0.0
5.006350277389805e-13,0.0
1.1440023755272054e-12,0.0
1.2639357438207081e-12,0.0
2.006445844255598e-12,0.0
1.0082907792191645e-12,0.0
1.978656523374392e-12,0.0
1.1782088273865865e-12,0.0
2.03722568412147e-12,0.0
9.819912454427234e-13,0.0
5.729843101115439e-13,0.0
2.9633161403715734e-12,0.0
1.3885453875345637e-11,0.0
1.6436570821156387e-12,0.0
1.0505607719541844e-12,0.0
1.5880480789081866e-12,0.0
1.2794140818058987e-12,0.0
2.2081037350668147e-12,0.0
2.871154032918517e-12,0.0
1.3075925486564563e-12,0.0
3.486372265775499e-12,0.0
8.01122058362642e-13,0.0
2.1035741605879293e-12,0.0
1.1223422578909013e-12,0.0
2.6492587107420037e-12,0.0
2.185160021307559e-12,0.0
1.968692744773509e-12,0.0
1.3123411362810766e-12,0.0
1.2402856112716447e-12,0.0
9.346573290411477e-13,0.0
3.232537563035672e-12,0.0
1.2115953534158397e-12,0.0
8.847919715064094e-13,0.0
2.308352904373489e-12,0.0
6.623983192126493e-13,0.0
1.2282040428468356e-12,0.0
7.202317558474684e-13,0.0
2.268364604938336e-12,0.0
2.426790721345365e-12,0.0
1.4508876859867615e-12,0.0
4.9431089553081037e-14,0.0
2.1250662827843954e-12,0.0
2.273172791003687e-12,0.0
1.555113904401515e-12,0.0
7.309827773352452e-12,0.0
1.0109997583209056e-10,0.0
2.777156273698511e-12,0.0
2.1830672264166776e-12,0.0
3.608161399732236e-12,0.0
5.962949218326124e-13,0.0
2.873165453044829e-12,0.0
3.753962865066783e-12,0.0
2.9866012939801743e-12,0.0
1.2720833081819438e-12,0.0
5.498357106654047e-12,0.0
4.573207266841915e-12,0.0
7.169866928696123e-13,0.0
7.818701282012487e-13,0.0
1.1151026764188683e-12,0.0
5.077472072409189e-12,0.0
1.0888528740210564e-12,0.0
9.515441183540949e-13,0.0
7.274773442935434e-13,0.0
1.4571780727514283e-09,0.0
4.641458227473888e-12,0.0
5.926011151689267e-13,0.0
2.318575062971762e-12,0.0
2.8269456851779987e-12,0.0
3.778791432860561e-12,0.0
2.440116701857425e-12,0.0
1.3442224352811547e-12,0.0
6.262806158890152e-13,0.0
8.111155927084023e-13,0.0
7.145762374118508e-13,0.0
1.4967438369515202e-12,0.0
1.464727627080545e-12,0.0
4.387379613777039e-12,0.0
7.5321898333731e-13,0.0
1.281236284105291e-12,0.0
1.5545187804973315e-12,0.0
1.1331792795703904e-12,0.0
9.97479008870358e-13,0.0
4.145397591802767e-13,0.0
1.6047397584912737e-12,0.0
2.0698448615830905e-12,0.0
3.0609226904182284e-12,0.0
1.987926938360262e-12,0.0
5.617380785350764e-13,0.0
1.1649017248541969e-12,0.0
7.12504393353843e-13,0.0
5.944738335618985e-13,0.0
3.075795137744749e-13,0.0
2.8285136583062187e-12,0.0
1.8853270223841503e-13,0.0
1.407069681815246e-12,0.0
8.018200416107409e-13,0.0
1.2887767285482478e-12,0.0
2.189045309918029e-12,0.0
4.536143870014356e-13,0.0
9.055068351949184e-13,0.0
9.273184635466416e-12,0.0
7.636794369039922e-13,0.0
6.260596632657279e-13,0.0
9.630512443844658e-13,0.0
6.926000718297558e-09,0.0
2.0914952901945924e-12,0.0
1.2944490866387205e-12,0.0
8.341538159042704e-13,0.0
1.6563331866056458e-12,0.0
9.471508833028126e-13,0.0
2.0816691392000313e-12,0.0
1.712021544255572e-13,0.0
1.22651518388713e-12,0.0
4.1563669666115523e-13,0.0
1.3535709096433443e-12,0.0
2.466256321945393e-12,0.0
2.310600701267988e-12,0.0
5.227604824142272e-12,0.0
1.666433694177642e-12,0.0
3.1338338600893053e-12,0.0
1.6682650421345305e-12,0.0
1.0923666813649232e-12,0.0
5.350272380083377e-13,0.0
9.384812937098914e-13,0.0
3.2301770955688425e-12,0.0
4.220648598859558e-12,0.0
1.5884728024018435e-12,0.0
1.8889584225573453e-12,0.0
2.6137666316515925e-12,0.0
2.2681052193567616e-12,0.0
3.5621149702065236e-12,0.0
2.3802873405079096e-12,0.0
3.5176992682494196e-13,0.0
9.193175039245224e-13,0.0
4.551628521216184e-12,0.0
6.418146987840791e-12,0.0
7.361891767852834e-13,0.0
2.272402401491547e-12,0.0
1.2355234075287228e-12,0.0
1.0958988647641692e-12,0.0
1.1988314561852661e-12,0.0
1.659918001518456e-12,0.0
1.3886409897340302e-12,0.0
1.17535792434322e-12,0.0
2.3853322470864554e-12,0.0
2.7651892382823725e-12,0.0
1.280139750737022e-12,0.0
2.1696571432608515e-12,0.0
2.001660738724191e-12,0.0
1.290758769456454e-12,0.0
2.180064383034035e-12,0.0
4.510410555300351e-13,0.0
6.840789218616227e-13,0.0
6.573097409503245e-13,0.0
3.2507370217299323e-13,0.0
3.6161408184161715e-12,0.0
8.734610102000947e-13,0.0
1.1577784566071525e-12,0.0
2.935633266686407e-13,0.0
5.435651654308419e-13,0.0
1.1855343888498039e-12,0.0
1.5772425043589721e-12,0.0
1.2668193648369047e-12,0.0
2.2591161604592973e-12,0.0
2.3491632701437405e-12,0.0
3.1222248945844275e-12,0.0
2.2055057752493323e-12,0.0
7.395272953895106e-13,0.0
2.0208575484080765e-12,0.0
1.8101660797195385e-12,0.0
1.539629166439064e-12,0.0
2.7360206854244955e-12,0.0
3.7781594484608505e-12,0.0
2.3245071822080088e-12,0.0
2.341239738862548e-12,0.0
1.2549580655971821e-12,0.0
1.5421563896437101e-12,0.0
2.6767090192306604e-12,0.0
9.422091163645995e-13,0.0
2.1592181844905573e-12,0.0
1.1628105428699972e-12,0.0
2.176996226807971e-12,0.0
2.429103083728132e-12,0.0
2.7495652095241293e-12,0.0
6.104155908386396e-13,0.0
1.0189699297458949e-12,0.0
4.840332348799541e-13,0.0
1.4407253073873986e-12,0.0
2.2899326764658865e-12,0.0
1.5566118666639267e-12,0.0
1.442805905984685e-12,0.0
1.1751588871358844e-12,0.0
5.523775881062063e-12,0.0
1.804806888933934e-12,0.0
1.542834476367096e-12,0.0
2.4286997839277604e-13,0.0
5.423581815089068e-13,0.0
5.828041646710102e-12,0.0
1.825811921753132e-12,0.0
7.090466346949534e-13,0.0
1.0103896024881194e-12,0.0
5.657175437210557e-13,0.0
3.716270713625895e-13,0.0
1.7635487174476944e-12,0.0
2.7096362493546174e-12,0.0
1.9269045001103983e-12,0.0
1.2617385890507674e-12,0.0
2.4415632054829083e-12,0.0
8.716376176842749e-13,0.0
4.737220640689656e-13,0.0
1.1102077314720563e-12,0.0
9.358602750511408e-13,0.0
1.3780798825241116e-12,0.0
1.5422261915962485e-12,0.0
1.0327815727533002e-12,0.0
5.804094885421907e-13,0.0
1.6386094639009872e-12,0.0
1.5162617855067525e-12,0.0
1.714023888452124e-12,0.0
2.566814787363061e-12,0.0
6.590634907417299e-13,0.0
8.734265280781381e-13,0.0
4.367363065212723e-12,0.0
7.58583250936324e-13,0.0
9.2871116931743e-13,0.0
1.622712586094373e-12,0.0
1.143590406696693e-12,0.0
3.055376429016507e-12,0.0
4.053888912652402e-13,0.0
1.851917903002798e-12,0.0
2.007675609123751e-12,0.0
1.5630529491000531e-12,0.0
1.480681637151583e-12,0.0
9.567784995782031e-13,0.0
1.4681446354389354e-12,0.0
7.939468713431218e-13,0.0
2.19961884810057e-13,0.0
1.1749651535237309e-12,0.0
5.425688728718864e-13,0.0
1.3647665542138619e-12,0.0
2.5932848149549355e-12,0.0
1.2490862341152948e-12,0.0
9.06427425377706e-13,0.0
3.4257551067375478e-12,0.0
1.2829065659014946e-12,0.0
2.3343510037998854e-12,0.0
2.1898083477487187e-12,0.0
1.434971816283804e-12,0.0
1.0036768734170437e-12,0.0
1.5474123294688755e-12,0.0
1.2511243283895197e-12,0.0
2.1015563082527225e-12,0.0
1.2807060162786208e-12,0.0
7.744269611360796e-13,0.0
2.3323807733255714e-12,0.0
4.198491385183886e-12,0.0
1.7669914637666168e-12,0.0
1.4570457498127604e-12,0.0
1.750203969119557e-12,0.0
2.0160632638743403e-13,0.0
4.049877305173527e-12,0.0
3.6341335448100297e-12,0.0
1.0613471810417457e-12,0.0
1.3731932283159861e-12,0.0
1.5408946522950843e-12,0.0
1.3488881896978113e-12,0.0
9.070853385313886e-13,0.0
1.31019743747208e-12,0.0
1.6494728872272211e-12,0.0
3.904662201692959e-13,0.0
2.580638797512435e-12,0.0
1.3291740798650367e-12,0.0
2.175019460348126e-12,0.0
8.454078751244061e-13,0.0
1.653766059602582e-12,0.0
2.2671258053014479e-13,0.0
9.38949035627639e-13,0.0
2.8888597534028443e-12,0.0
2.9524328942490577e-12,0.0
3.981837819702366e-12,0.0
2.5607717357611844e-12,0.0
5.755184424734553e-13,0.0
8.281854375692953e-13,0.0
1.491290469144111e-12,0.0
4.963901958030983e-13,0.0
2.1743694778209664e-12,0.0
1.9219500616969308e-12,0.0
9.34786125089938e-13,0.0
1.1126149420902696e-12,0.0
4.1546594028310835e-12,0.0
1.886805192838768e-12,0.0
2.1366963102686329e-13,0.0
7.784359462368584e-13,0.0
1.5852758290210381e-12,0.0
1.3204684037206061e-12,0.0
1.866619333490926e-12,0.0
6.013593357363295e-13,0.0
1.6121959936404572e-12,0.0
2.783640540217336e-12,0.0
1.0470559127760074e-12,0.0
8.084638540157061e-13,0.0
1.8934336933591413e-12,0.0
1.4163663890357296e-12,0.0
1.3849281388686662e-12,0.0
7.441865995010717e-13,0.0
1.3503186138792413e-12,0.0
1.4371314597463293e-12,0.0
9.103532252244492e-13,0.0
3.346784111392816e-13,0.0
1.068016380152777e-13,0.0
2.1188605199637634e-12,0.0
2.8399071781836487e-12,0.0
1.5550528410337719e-12,0.0
1.2919956472886605e-12,0.0
2.6575482778292884e-12,0.0
1.4440859655585351e-12,0.0
6.890959595380157e-13,0.0
1.9145266237328966e-12,0.0
2.4440318614087193e-12,0.0
1.768172886005383e-12,0.0
2.2853314465021847e-10,0.0
1.8892446508233416e-11,0.0
1.5206170197878155e-12,0.0
7.80164822558558e-13,0.0
8.16892034624052e-13,0.0
3.5117121531085345e-12,0.0
6.898671839595085e-13,0.0
1.910179762960342e-12,0.0
8.287145818064648e-13,0.0
4.341914484397952e-13,0.0
1.0843079039551462e-12,0.0
2.8466050229068373e-12,0.0
1.297274868778272e-12,0.0
1.7768341199978746e-12,0.0
5.850769870466944e-13,0.0
3.3334328206475516e-12,0.0
1.8955751666312145e-12,0.0
2.713241002969708e-12,0.0
3.743068633046618e-05,0.0
2.831845721445556e-12,0.0
1.4599759521135861e-12,0.0
1.57866008600513e-12,0.0
7.161657048855984e-13,0.0
7.852983358931856e-13,0.0
4.5026456334661673e-13,0.0
1.9320848936768674e-12,0.0
1.8607429269783822e-12,0.0
2.5536224288917838e-12,0.0
7.482914196536569e-13,0.0
1.658589529327029e-12,0.0
4.4560273027847107e-13,0.0
4.850627575560985e-12,0.0
4.209342036115911e-12,0.0
1.4330230873119776e-12,0.0
7.105844390780868e-12,0.0
4.507590466962403e-13,0.0
3.1612902148837377e-12,0.0
7.16291324207437e-13,0.0
1.2834294610249653e-12,0.0
3.0510376022531484e-13,0.0
1.1896130861242013e-12,0.0
5.3799852201860646e-12,0.0
1.9777690224292595e-13,0.0
9.446950763215822e-13,0.0
6.836683336120775e-13,0.0
9.332756764861699e-13,0.0
6.422180951229674e-13,0.0
4.515345131617409e-13,0.0
1.2260793904184414e-12,0.0
1.2399850441404854e-12,0.0
4.3669810428005793e-13,0.0
9.314033225793237e-13,0.0
1.1919486441324462e-12,0.0
2.4853153201791347e-12,0.0
1.445132951784408e-12,0.0
3.93648668851779e-13,0.0
2.576547499331922e-12,0.0
1.7980259503523657e-12,0.0
4.356073210755049e-13,0.0
8.704423472104292e-13,0.0
4.908918661766141e-12,0.0
5.879239922238865e-13,0.0
1.3595716312128675e-12,0.0
1.8589562425781626e-12,0.0
1.8750557427885072e-12,0.0
1.3152756377036718e-12,0.0
2.1221353036062605e-12,0.0
8.363899810602723e-13,0.0
1.6252256508310916e-12,0.0
2.0396369691031957e-12,0.0
1.6659975035504546e-12,0.0
2.822427202403988e-12,0.0
2.4488901735962303e-12,0.0
3.775246037238446e-12,0.0
2.3414214909244554e-12,0.0
8.805140459439073e-13,0.0
1.9259667083107646e-12,0.0
1.6854491388385171e-12,0.0
2.169139111235266e-12,0.0
1.0647732909790809e-12,0.0
1.611407832973288e-12,0.0
1.4610393766438987e-12,0.0
6.764834873901346e-13,0.0
1.5555377165633666e-12,0.0
9.025108975810192e-13,0.0
1.6791206365656122e-12,0.0
1.3747399160070495e-12,0.0
1.866593268278911e-12,0.0
9.44531905129369e-13,0.0
7.363208235999793e-13,0.0
1.2251189802580076e-12,0.0
2.1107132211011377e-12,0.0
4.0260768936410277e-13,0.0
4.166554797087481e-12,0.0
4.289166629313399e-12,0.0
2.4880381540346584e-12,0.0
1.058412558353258e-12,0.0
2.580132693303149e-12,0.0
9.387933293702046e-13,0.0
1.1885153658960025e-12,0.0
1.0200630363619771e-12,0.0
1.2300240209999199e-12,0.0
2.554704878175319e-13,0.0
3.4135978526342042e-12,0.0
4.825832365909017e-12,0.0
4.138124167101556e-12,0.0
5.431839971254476e-13,0.0
8.865884723542997e-13,0.0
2.8277154965017217e-12,0.0
1.1856202113091734e-12,0.0
1.099922839705704e-12,0.0
2.558762508758271e-12,0.0
2.1305928465537084e-12,0.0
1.934613415273569e-12,0.0
2.4841481067128294e-12,0.0
7.329436559172333e-13,0.0
1.5194581871043228e-12,0.0
3.06533193934172e-13,0.0
4.690634953726902e-12,0.0
5.595868147440602e-13,0.0
7.7854553863002e-13,0.0
9.507306143538504e-13,0.0
1.2363874409974417e-12,0.0
5.441677122275708e-13,0.0
1.090149624041046e-12,0.0
1.981296055715834e-12,0.0
4.0525860481417645e-12,0.0
3.4597098537252854e-12,0.0
2.6063531635211196e-12,0.0
1.1028868572901218e-12,0.0
3.736993031628328e-12,0.0
9.344889552459233e-13,0.0
2.9377966226572843e-12,0.0
8.07698119781715e-13,0.0
2.115546024578331e-12,0.0
2.4196279026621647e-12,0.0
2.7477764719185133e-12,0.0
6.886518805056904e-12,0.0
6.752360312217998e-13,0.0
1.4247974970026395e-12,0.0
8.394998320838257e-13,0.0
2.21016076132058e-12,0.0
1.2142365718718995e-12,0.0
5.621605367773123e-13,0.0
1.5384398010514768e-12,0.0
1.4548487990927367e-12,0.0
1.0496584627585769e-12,0.0
2.0304334295139935e-12,0.0
1.8084091081415682e-12,0.0
9.517271515569347e-13,0.0
3.333190612667803e-12,0.0
1.7220640520625528e-12,0.0
1.1353352297727953e-12,0.0
5.745043907955964e-13,0.0
4.087968912734437e-12,0.0
1.3354887040428112e-12,0.0
1.1913625067486777e-12,0.0
1.0341283424228958e-12,0.0
2.410535936926989e-12,0.0
9.534024547347941e-13,0.0
2.4693615729836367e-11,0.0
1.6614411256399463e-12,0.0
7.752061551787786e-13,0.0
2.5327480809058904e-12,0.0
9.95097795397659e-13,0.0
3.947735883959121e-13,0.0
1.1877758212985461e-12,0.0
1.631251121026486e-12,0.0
6.327708430808428e-13,0.0
2.564011355957669e-12,0.0
5.4763749386747145e-12,0.0
1.7486264326941004e-12,0.0
1.6155177224189665e-12,0.0
1.793011064496369e-12,0.0
1.5438553103952363e-12,0.0
5.66557439328958e-13,0.0
1.2928372325548645e-12,0.0
9.70582133437388e-13,0.0
2.7025470999101354e-12,0.0
1.6447896344305693e-12,0.0
7.575614679023646e-13,0.0
1.297739878447618e-12,0.0
7.297305515089798e-13,0.0
1.1867403837488982e-12,0.0
8.100007080178529e-13,0.0
2.767753499937397e-12,0.0
3.2990598312038023e-12,0.0
1.1604966247956886e-12,0.0
2.842447621851179e-12,0.0
2.7911150200269557e-12,0.0
1.2239513506617734e-12,0.0
1.0899414100623354e-12,0.0
2.1584739561677717e-12,0.0
7.544704745549713e-13,0.0
1.2824471509358138e-13,0.0
9.218593487080914e-13,0.0
1.8876344865147643e-12,0.0
8.92338546560982e-13,0.0
1.026163419457848e-12,0.0
2.175680255942399e-12,0.0
9.705760290378208e-13,0.0
1.2143107443827996e-12,0.0
1.6765954579772411e-12,0.0
2.447206517776923e-12,0.0
1.3864714983250254e-12,0.0
5.511474738181524e-13,0.0
2.53549388266502e-12,0.0
3.54507756947091e-12,0.0
2.157522152510617e-12,0.0
5.523163163000516e-13,0.0
2.1095049498874e-12,0.0
4.718573264491512e-12,0.0
1.275092278212941e-12,0.0
8.112820264540743e-13,0.0
1.992239010201888e-12,0.0
1.6293995981446433e-12,0.0
2.0131060464912778e-12,0.0
2.0275728529360288e-12,0.0
8.659275455918672e-13,0.0
2.9072212997221473e-13,0.0
2.720657403612318e-11,0.0
1.702164681990116e-12,0.0
3.6375100224507117e-12,0.0
2.732104090428073e-12,0.0
9.148001164140328e-13,0.0
5.583137414586424e-13,0.0
1.1749460488269098e-12,0.0
2.7725193317539885e-13,0.0
6.097790030007403e-13,0.0
1.1317482498707713e-12,0.0
1.4308646810650049e-12,0.0
3.055379588534e-12,0.0
4.3578931146472525e-12,0.0
3.9735826315591746e-13,0.0
8.772129692325188e-13,0.0
6.756010182725327e-13,0.0
2.8292310504859874e-12,0.0
1.2187475288522563e-12,0.0
9.017158610779258e-13,0.0
5.286290862640299e-13,0.0
2.913774227914277e-12,0.0
5.494782341461355e-13,0.0
1.0965172077687503e-12,0.0
4.242458805624907e-13,0.0
1.7324663436225608e-12,0.0
8.367687566919939e-13,0.0
1.8496842964586503e-12,0.0
2.2359287779961122e-12,0.0
1.943910670082214e-12,0.0
1.868168664117434e-12,0.0
3.4836514488430534e-12,0.0
5.546577786239763e-13,0.0
9.147669593959333e-13,0.0
3.0629480820543654e-13,0.0
1.1900894472172153e-12,0.0
7.029384921647615e-13,0.0
1.7858804080963975e-12,0.0
1.8972718599579822e-12,0.0
4.813843105810125e-13,0.0
2.835080905903505e-12,0.0
2.8847378277821764e-12,0.0
5.479143056174924e-13,0.0
2.40804794232334e-13,0.0
3.7695097216223316e-12,0.0
3.009429382371487e-12,0.0
3.1883044352928836e-12,0.0
1.0638358280219128e-12,0.0
6.188257617482633e-13,0.0
4.368459810092776e-12,0.0
1.3282123415013877e-12,0.0
1.9033963267329394e-12,0.0
2.041144762229715e-12,0.0
1.1230906003065158e-12,0.0
7.019535500002021e-13,0.0
3.2238160888905783e-12,0.0
9.440764332737894e-12,0.0
1.0262291131496836e-12,0.0
3.757800695581591e-09,0.0
1.1498484545759685e-12,0.0
5.080384143942214e-13,0.0
1.2630555110707885e-12,0.0
4.687694947236966e-12,0.0
2.2497132704704082e-12,0.0
3.219159053003181e-13,0.0
6.705427889686076e-11,0.0
1.3274400920532075e-12,0.0
6.770122397647802e-13,0.0
1.0493756997241214e-12,0.0
1.4430958792549353e-12,0.0
1.0262059488354852e-12,0.0
1.873044494804467e-12,0.0
1.3153684793287771e-12,0.0
1.8129158887398462e-12,0.0
1.4139574750003673e-10,0.0
1.6793426091224657e-12,0.0
9.340022602369328e-13,0.0
1.7352960401832736e-12,0.0
6.03255152201111e-12,0.0
3.244559899527382e-12,0.0
2.253333846115824e-12,0.0
3.734433588222636e-12,0.0
7.420768364737703e-13,0.0
3.1279080859749502e-12,0.0
1.7294449659094737e-12,0.0
1.1922560095264678e-12,0.0
2.4524313590886876e-12,0.0
2.5826262193088715e-12,0.0
3.2973872903799073e-12,0.0
5.593177377871126e-13,0.0
1.0246654009803289e-12,0.0
2.158489924867407e-12,0.0
8.229797709383436e-13,0.0
1.1437566888356098e-10,0.0
2.508243306532135e-12,0.0
1.5486428275736075e-12,0.0
4.616007526620929e-12,0.0
1.9625744555206474e-12,0.0
1.2202136066917968e-12,0.0
1.159477345007527e-12,0.0
5.316776926135378e-13,0.0
2.0744203499133308e-12,0.0
7.45036635293155e-13,0.0
1.173429477170477e-12,0.0
6.000810896417755e-13,0.0
1.1491662569999296e-11,0.0
2.4446812550600342e-12,0.0
2.7607805649670425e-12,0.0
8.069658021809887e-13,0.0
3.4095008004480407e-12,0.0
4.3568217824555825e-07,0.0
1.4937836067653868e-12,0.0
3.5171162666588154e-12,0.0
1.570431537677171e-12,0.0
1.2953388597009068e-12,0.0
3.012605759945702e-12,0.0
3.874427342727646e-12,0.0
2.056925378283516e-12,0.0
3.3566724393946094e-12,0.0
8.870298051023219e-13,0.0
2.977082023519444e-12,0.0
3.5861848399785883e-13,0.0
2.136812769764848e-12,0.0
7.398889340610663e-13,0.0
1.3849735694255634e-12,0.0
2.6579907703967226e-12,0.0
1.4795419068194188e-12,0.0
8.533072905758247e-13,0.0
4.589566921373404e-12,0.0
1.1117941524235457e-12,0.0
8.737108506758202e-13,0.0
3.287309485055179e-12,0.0
1.4564184207496406e-13,0.0
9.270935496887009e-13,0.0
2.5166435190294625e-12,0.0
3.5600405372464115e-12,0.0
1.7042625538858783e-12,0.0
6.302149058204302e-13,0.0
1.126011841613627e-12,0.0
4.022662400296018e-13,0.0
9.228782303690147e-13,0.0
7.450276726043094e-13,0.0
1.4800900130737907e-13,0.0
7.993469132922087e-13,0.0
2.2969997746432964e-12,0.0
1.0557662852698741e-12,0.0
2.2508744576929383e-12,0.0
6.830767333499571e-13,0.0
3.686884230018227e-12,0.0
1.2914666351130757e-12,0.0
4.512026798746263e-13,0.0
3.039878107692075e-12,0.0
1.1868240657111134e-12,0.0
1.9248338007893995e-12,0.0
7.115873372345214e-13,0.0
1.2079971005098699e-12,0.0
1.1130078610217421e-12,0.0
3.7788371782527905e-12,0.0
6.519724939167453e-13,0.0
7.884974361439068e-13,0.0
2.087149375189484e-12,0.0
8.102037032479413e-13,0.0
1.8627040365961384e-12,0.0
1.1039763796501378e-12,0.0
1.7277210687168769e-12,0.0
4.291872373595111e-13,0.0
6.101031796213676e-13,0.0
1.3975936922703884e-12,0.0
3.989478018765595e-12,0.0
9.912744601754226e-13,0.0
3.282277667012075e-12,0.0
2.565801908089015e-12,0.0
2.6906904710766945e-12,0.0
1.65771179091862e-12,0.0
6.243158274149329e-13,0.0
1.2022967116424518e-12,0.0
3.0766525599706397e-12,0.0
1.7377074429717151e-12,0.0
1.769238144778675e-12,0.0
2.629938962431019e-12,0.0
2.373248478832078e-12,0.0
2.2480854005877756e-11,0.0
3.838775253911773e-12,0.0
1.3058426202422115e-12,0.0
9.414050084907742e-13,0.0
3.92319546923871e-12,0.0
1.2259097035238336e-12,0.0
1.591019985608585e-12,0.0
7.145212405252822e-13,0.0
1.864456815200706e-12,0.0
9.2762073627131e-13,0.0
1.783810769045929e-12,0.0
2.0006943549333344e-12,0.0
2.0411654855354566e-12,0.0
2.0095548190116656e-12,0.0
2.983623673795362e-12,0.0
1.2903322833791562e-12,0.0
2.3845280611322486e-12,0.0
5.978985827813612e-13,0.0
1.1976611817517059e-12,0.0
1.985138752027957e-12,0.0
2.5790280922212225e-12,0.0
1.3714942043905647e-12,0.0
4.764526127185405e-13,0.0
2.6763800965698932e-12,0.0
3.0353527586168737e-12,0.0
8.799792430276509e-13,0.0
7.814449344227532e-13,0.0
1.9373841678121223e-12,0.0
8.158743847143608e-13,0.0
2.1300767438962604e-12,0.0
2.3703860249264113e-12,0.0
1.6281012298400517e-12,0.0
1.4418876702696512e-12,0.0
1.0224215539363802e-12,0.0
2.2552911903867247e-12,0.0
7.63634408270042e-13,0.0
1.712543911935248e-12,0.0
1.3069070785937852e-12,0.0
1.5053669015296618e-12,0.0
2.58774149620288e-12,0.0
1.145964324928011e-12,0.0
1.6194612093935979e-12,0.0
3.7510515419006864e-12,0.0
9.569490234391026e-13,0.0
9.699035767423378e-13,0.0
1.8094060948135366e-12,0.0
2.857229795100823e-12,0.0
1.2786375063342556e-12,0.0
4.909385543141017e-13,0.0
6.693049609999619e-13,0.0
7.353092518255016e-13,0.0
1.9561039524261025e-12,0.0
3.591712317073415e-12,0.0
1.6340692213265734e-12,0.0
3.5663511569078175e-12,0.0
3.856207448096516e-12,0.0
6.772365079746143e-13,0.0
1.8480034180233816e-12,0.0
2.2991702627404708e-12,0.0
2.781477045819962e-12,0.0
1.9725140160685867e-12,0.0
1.4191071328007542e-12,0.0
4.306341472955328e-12,0.0
3.1111585022996637e-12,0.0
9.450730486782464e-13,0.0
1.4277350385013879e-12,0.0
3.285447274022231e-13,0.0
2.141290750796099e-12,0.0
2.675065065933253e-12,0.0
2.6844230328033833e-12,0.0
6.224990069966302e-13,0.0
1.844258323594859e-12,0.0
2.144546958961261e-12,0.0
3.0435378558479076e-11,0.0
1.2771512427333142e-12,0.0
4.4992638653266384e-13,0.0
1.3897402290844341e-12,0.0
3.4274362761705794e-12,0.0
2.1535429527957515e-12,0.0
2.710526670991497e-12,0.0
1.5641277867197397e-12,0.0
6.985946758528341e-13,0.0
1.830110018089001e-12,0.0
4.011631792799265e-12,0.0
8.980285031639323e-13,0.0
2.703944459954567e-13,0.0
1.451164871436094e-12,0.0
1.5860122540950157e-12,0.0
8.73395029447639e-13,0.0
3.1035185570482744e-12,0.0
1.7134720094922708e-12,0.0
1.176333165675224e-12,0.0
1.1106969729119643e-12,0.0
1.55001680030604e-12,0.0
1.017856216545165e-12,0.0
1.0661319888673348e-12,0.0
1.3587325089023452e-12,0.0
4.18748548741995e-12,0.0
9.549463034953724e-13,0.0
3.107717536811748e-12,0.0
1.3963878267949456e-12,0.0
2.2986105870674944e-12,0.0
9.169700832867783e-13,0.0
4.4979708439029324e-13,0.0
1.8242665181199348e-11,0.0
7.014033570986855e-13,0.0
1.9885476597661126e-12,0.0
1.9870986732369153e-12,0.0
2.628886276658574e-12,0.0
1.4136637294136487e-12,0.0
6.145715030483471e-13,0.0
3.1905738886844613e-12,0.0
1.66639364183253e-12,0.0
2.0618929222889356e-13,0.0
3.1965223206068974e-12,0.0
6.107086018943993e-13,0.0
1.4856001301195974e-12,0.0
8.550910061909563e-13,0.0
2.371912121730009e-12,0.0
2.9705000290840196e-12,0.0
1.6849489010793576e-12,0.0
1.1882477276529803e-12,0.0
1.0868770332215097e-12,0.0
2.2274738797548703e-12,0.0
1.5233822442600815e-12,0.0
2.0993234736777186e-12,0.0
1.4171299050008966e-09,0.0
8.426185716134004e-13,0.0
2.638518330662953e-12,0.0
1.5305052124392955e-12,0.0
6.334253347764086e-13,0.0
9.252880860064437e-13,0.0
7.911162219149658e-13,0.0
2.295852595489408e-12,0.0
7.135211851464441e-11,0.0
2.493161525721452e-12,0.0
6.168181587565123e-13,0.0
3.388744528686738e-12,0.0
2.2085918484766825e-12,0.0
1.2406738514343199e-12,0.0
1.1652172019809547e-12,0.0
1.7780016415901781e-12,0.0
4.1198933241654975e-13,0.0
1.5045016389708158e-12,0.0
1.577578349104774e-12,0.0
1.2793341075065832e-12,0.0
1.036985249978009e-12,0.0
1.2939392396168721e-12,0.0
1.6592206914908594e-12,0.0
5.686953360921461e-13,0.0
5.6121359335038675e-12,0.0
6.528940622725374e-13,0.0
3.6117540825469293e-09,0.0
1.6442322552321666e-12,0.0
2.6478721879061365e-12,0.0
1.2209200210579912e-12,0.0
1.097830444598988e-12,0.0
3.810915837971529e-12,0.0
1.2815067476642568e-12,0.0
2.1657799399199355e-12,0.0
2.189165269144919e-12,0.0
3.8480429501828e-12,0.0
7.138411832245351e-13,0.0
7.941276711076088e-13,0.0
8.63872118976439e-13,0.0
4.498566368018558e-13,0.0
1.7419726007652652e-12,0.0
9.402571933156036e-13,0.0
1.6168830185188331e-12,0.0
6.427305214609661e-13,0.0
2.159498509738884e-12,0.0
2.730139979171237e-12,0.0
2.319341593689131e-11,0.0
5.005568550390959e-12,0.0
7.105297998871022e-13,0.0
2.4346980348154885e-12,0.0
3.94335929114116e-13,0.0
1.1877235411106132e-12,0.0
2.648721648806624e-12,0.0
6.010355756356716e-13,0.0
9.88076213554879e-13,0.0
2.425236146214211e-12,0.0
1.7695326198263184e-12,0.0
2.661956812356538e-12,0.0
2.2418883927639498e-12,0.0
2.408070471026028e-12,0.0
1.1679127015130276e-12,0.0
5.460039431202471e-12,0.0
1.4720979608372076e-12,0.0
2.306162641978814e-12,0.0
3.2181425595999546e-12,0.0
5.4715433710975604e-12,0.0
2.0661830467717824e-12,0.0
4.847129479923896e-13,0.0
1.5180075702666727e-12,0.0
2.4919367729921985e-12,0.0
1.5425266041337026e-12,0.0
