4.108019e-15,0.0
3.0594674e-14,0.0
7.150226e-15,0.0
1.0852361e-17,0.0
1.0932602e-16,0.0
2.9742859e-15,0.0
0.0,0.0
4.9811175e-14,0.0
3.70792e-14,0.0
3.4967344e-18,0.0
7.161688e-16,0.0
8.406401e-16,0.0
2.765373e-19,0.0
1.9875943e-13,0.0
4.9446243e-15,0.0
1.9447e-15,0.0
4.658726e-15,0.0
5.83128e-16,0.0
4.8739106e-15,0.0
1.3186947e-14,0.0
2.8066734e-18,0.0
3.074513e-14,0.0
2.73299e-18,0.0
1.6692627e-16,0.0
4.2589345e-14,0.0
2.965762e-14,0.0
3.2757733e-15,0.0
8.899488e-14,0.0
1.1015632e-13,0.0
1.5405388e-16,0.0
1.4303195e-13,0.0
7.74253e-18,0.0
1.7833781e-13,0.0
1.2066036e-14,0.0
2.5853282e-14,0.0
3.4153747e-14,0.0
1.0997645e-16,0.0
4.886216e-15,0.0
2.0010056e-14,0.0
3.902666e-15,0.0
8.639143e-15,0.0
3.858185e-15,0.0
2.8444911e-36,0.0
1.9825999e-17,0.0
6.3611687e-15,0.0
2.8904203e-14,0.0
2.2762575e-15,0.0
2.7457496e-14,0.0
2.0178626e-13,0.0
1.0417605e-16,0.0
4.913799e-10,0.0
3.5462665e-16,0.0
6.642861e-16,0.0
2.1213827e-14,0.0
3.7789433e-16,0.0
3.446987e-20,0.0
1.2045663e-14,0.0
4.651033e-13,0.0
6.6600062e-18,0.0
4.997147e-16,0.0
3.2298888e-14,0.0
2.6027874e-19,0.0
6.5737147e-16,0.0
6.7402124e-17,0.0
1.5564598e-14,0.0
2.6476792e-13,0.0
5.083982e-15,0.0
3.0011448e-14,0.0
2.730299e-20,0.0
9.298301e-15,0.0
1.6503897e-14,0.0
9.5298855e-15,0.0
1.7490395e-15,0.0
7.929088e-14,0.0
8.022015e-26,0.0
3.7911294e-16,0.0
1.719843e-14,0.0
2.480067e-18,0.0
9.818209e-19,0.0
1.3391072e-16,0.0
3.6810985e-15,0.0
5.5632456e-17,0.0
3.1085364e-14,0.0
8.214474e-19,0.0
5.0172845e-14,0.0
1.5314883e-13,0.0
2.4464687e-15,0.0
9.710429e-16,0.0
2.5930605e-15,0.0
4.1740942e-16,0.0
1.1452261e-13,0.0
9.668799e-18,0.0
4.6202856e-15,0.0
7.4878045e-14,0.0
1.5261389e-15,0.0
4.800668e-17,0.0
1.328635e-13,0.0
7.828427e-16,0.0
9.852972e-15,0.0
6.5476555e-14,0.0
3.555316e-15,0.0
1.0441009e-14,0.0
1.2443623e-13,0.0
1.9072816e-16,0.0
7.8611023e-17,0.0
1.3488805e-14,0.0
1.2073708e-13,0.0
4.0862577e-14,0.0
3.7692109e-16,0.0
1.1928278e-15,0.0
4.2652588e-14,0.0
3.7139184e-16,0.0
4.079957e-14,0.0
1.8456924e-14,0.0
4.8213196e-15,0.0
2.1581694e-15,0.0
2.1839581e-16,0.0
5.58685e-14,0.0
3.4214759e-15,0.0
5.5518425e-16,0.0
3.0510627e-15,0.0
9.912197e-15,0.0
7.512034e-15,0.0
1.7241457e-14,0.0
3.4543095e-14,0.0
5.487162e-16,0.0
4.2444245e-15,0.0
1.5823944e-14,0.0
1.10003415e-14,0.0
2.7039272e-15,0.0
2.5100038e-15,0.0
1.445758e-14,0.0
8.732484e-14,0.0
2.055876e-17,0.0
4.2950767e-16,0.0
8.227745e-14,0.0
2.5825573e-15,0.0
1.8764035e-14,0.0
3.180008e-14,0.0
1.4887798e-15,0.0
4.418382e-14,0.0
5.2258148e-14,0.0
4.768766e-16,0.0
3.6785699e-16,0.0
9.6334235e-17,0.0
2.9741156e-15,0.0
6.472221e-15,0.0
9.942493e-15,0.0
2.8540183e-17,0.0
2.1983622e-14,0.0
8.8067125e-15,0.0
1.3152325e-15,0.0
1.30326675e-14,0.0
1.7940114e-14,0.0
1.6372401e-14,0.0
1.3614475e-14,0.0
2.538506e-15,0.0
2.0546808e-13,0.0
1.6733063e-14,0.0
2.935316e-14,0.0
7.959746e-17,0.0
9.026196e-14,0.0
1.02796515e-13,0.0
7.7592514e-14,0.0
4.690899e-14,0.0
4.7097954e-15,0.0
6.016984e-15,0.0
3.4878674e-15,0.0
8.650879e-16,0.0
5.0055846e-14,0.0
1.3979924e-15,0.0
1.737443e-14,0.0
2.2508765e-18,0.0
1.3587098e-19,0.0
2.5515131e-13,0.0
1.1747636e-17,0.0
3.1214583e-18,0.0
4.154446e-15,0.0
2.4788802e-14,0.0
2.7133774e-18,0.0
2.7111363e-15,0.0
5.5594086e-16,0.0
6.0952537e-15,0.0
1.6640247e-15,0.0
4.5740414e-15,0.0
4.3274943e-15,0.0
1.1360966e-14,0.0
1.359465e-14,0.0
3.927752e-14,0.0
3.829212e-15,0.0
5.0700957e-15,0.0
2.7381402e-14,0.0
2.6960767e-24,0.0
3.907957e-14,0.0
8.8139965e-17,0.0
1.3549711e-14,0.0
4.2685508e-16,0.0
2.694372e-15,0.0
1.3159207e-14,0.0
3.0763182e-15,0.0
1.38415915e-14,0.0
3.9745286e-14,0.0
9.3128596e-14,0.0
1.766554e-15,0.0
1.9106022e-16,0.0
6.2692165e-15,0.0
4.3233795e-14,0.0
3.0030686e-14,0.0
1.1020923e-14,0.0
3.8591363e-14,0.0
6.008495e-16,0.0
1.0842198e-14,0.0
4.4673195e-14,0.0
7.1997114e-15,0.0
2.5893612e-17,0.0
5.145382e-15,0.0
2.3473953e-14,0.0
9.0137736e-14,0.0
2.8229332e-16,0.0
2.5007428e-15,0.0
3.0041614e-15,0.0
6.834976e-14,0.0
6.398523e-16,0.0
5.0953233e-14,0.0
7.8108506e-14,0.0
1.4733847e-14,0.0
1.0250669e-14,0.0
1.7354955e-14,0.0
9.249017e-16,0.0
6.94371e-14,0.0
1.6876466e-14,0.0
4.67432e-15,0.0
8.981956e-14,0.0
2.9642348e-14,0.0
1.3412199e-14,0.0
4.7501245e-14,0.0
4.906947e-16,0.0
2.6452295e-14,0.0
1.8735988e-15,0.0
1.8415923e-14,0.0
2.7937605e-17,0.0
2.6172594e-15,0.0
1.2710192e-14,0.0
1.08976786e-14,0.0
6.3186278e-15,0.0
4.4621076e-14,0.0
2.0263379e-15,0.0
6.4955106e-18,0.0
4.9938907e-15,0.0
6.2796905e-18,0.0
1.9531169e-14,0.0
5.1720892e-14,0.0
1.0754335e-14,0.0
6.804109e-14,0.0
1.02655785e-14,0.0
1.049294e-17,0.0
1.4424912e-14,0.0
2.054711e-14,0.0
3.683258e-17,0.0
8.2366675e-17,0.0
2.7413264e-15,0.0
1.4705715e-14,0.0
3.9362262e-18,0.0
3.656202e-15,0.0
4.228621e-14,0.0
1.9407545e-18,0.0
1.4309654e-14,0.0
4.714336e-18,0.0
7.688094e-15,0.0
7.0514436e-14,0.0
1.4314404e-14,0.0
7.877015e-16,0.0
3.085275e-14,0.0
6.255334e-16,0.0
4.792713e-15,0.0
3.548117e-14,0.0
1.5480033e-15,0.0
1.0170942e-13,0.0
4.2332811e-16,0.0
4.2707455e-14,0.0
1.6912613e-15,0.0
1.1656678e-14,0.0
8.359781e-15,0.0
4.8222734e-16,0.0
2.7525176e-15,0.0
2.4056119e-14,0.0
1.5818858e-16,0.0
7.720529e-14,0.0
2.3780755e-14,0.0
5.0656297e-15,0.0
4.8151755e-17,0.0
4.258075e-17,0.0
7.093084e-18,0.0
9.811415e-15,0.0
3.3409446e-14,0.0
5.596435e-15,0.0
2.032663e-15,0.0
4.218517e-15,0.0
3.3342093e-14,0.0
2.4737767e-16,0.0
1.2835993e-15,0.0
9.5813236e-14,0.0
6.279769e-16,0.0
2.4331583e-16,0.0
7.293672e-15,0.0
1.469434e-13,0.0
3.0528889e-16,0.0
5.1049876e-16,0.0
5.775319e-15,0.0
4.2710146e-14,0.0
3.354147e-15,0.0
2.27468e-13,0.0
2.6684946e-14,0.0
6.823461e-14,0.0
2.7759599e-14,0.0
3.0876533e-14,0.0
6.257291e-16,0.0
4.2001793e-15,0.0
2.1956277e-16,0.0
2.4629774e-15,0.0
2.621686e-15,0.0
3.7780042e-17,0.0
1.6311557e-14,0.0
7.1189244e-16,0.0
1.1984618e-13,0.0
4.785116e-14,0.0
2.7798553e-17,0.0
2.5846958e-15,0.0
5.989461e-14,0.0
4.5774058e-17,0.0
9.352551e-15,0.0
3.2312533e-16,0.0
2.114882e-18,0.0
4.762169e-15,0.0
2.5207375e-14,0.0
4.1739825e-16,0.0
5.7646844e-16,0.0
1.558806e-15,0.0
3.566443e-14,0.0
9.350548e-16,0.0
9.8545134e-15,0.0
3.171357e-15,0.0
2.7701813e-16,0.0
8.451807e-15,0.0
6.59419e-14,0.0
3.2203295e-14,0.0
2.2110026e-14,0.0
6.9075876e-16,0.0
3.0015155e-15,0.0
3.5523152e-14,0.0
2.5542812e-15,0.0
9.739853e-15,0.0
4.898739e-15,0.0
1.0034013e-14,0.0
1.0532739e-14,0.0
3.450469e-15,0.0
1.0250938e-15,0.0
3.056312e-14,0.0
6.739757e-15,0.0
7.3290897e-16,0.0
4.962481e-15,0.0
8.3148766e-14,0.0
3.2699162e-16,0.0
8.871244e-16,0.0
4.1999967e-18,0.0
1.6399459e-15,0.0
6.984661e-18,0.0
2.9535344e-14,0.0
5.6817263e-15,0.0
4.0872258e-17,0.0
1.159866e-14,0.0
1.3638958e-14,0.0
1.5114585e-14,0.0
1.1035936e-15,0.0
9.62391e-17,0.0
9.452257e-16,0.0
1.04955636e-13,0.0
2.2713102e-14,0.0
8.091921e-15,0.0
2.3777464e-16,0.0
5.9594426e-15,0.0
5.5505692e-17,0.0
1.0106078e-14,0.0
7.108775e-16,0.0
5.814709e-16,0.0
2.2841131e-14,0.0
5.4336533e-15,0.0
6.548364e-15,0.0
5.9080828e-15,0.0
6.22442e-14,0.0
8.3191516e-16,0.0
2.2882825e-21,0.0
6.828157e-15,0.0
1.9258673e-15,0.0
5.5898423e-15,0.0
2.3680845e-19,0.0
4.5952207e-15,0.0
2.1469976e-19,0.0
1.7644366e-18,0.0
2.193788e-14,0.0
3.4688265e-15,0.0
1.7673646e-13,0.0
4.845217e-14,0.0
1.6439114e-14,0.0
5.0388767e-16,0.0
9.226188e-15,0.0
1.5169052e-14,0.0
1.0901154e-17,0.0
3.032266e-15,0.0
8.995083e-15,0.0
1.40702955e-14,0.0
3.0208475e-15,0.0
6.834189e-19,0.0
6.5390996e-16,0.0
1.012219e-17,0.0
8.452227e-15,0.0
3.4705472e-15,0.0
2.9368953e-14,0.0
6.1183706e-20,0.0
3.1912915e-14,0.0
1.97921e-14,0.0
3.963727e-17,0.0
1.7973404e-14,0.0
7.589508e-17,0.0
1.3304874e-15,0.0
1.406271e-13,0.0
1.6449771e-15,0.0
2.385817e-14,0.0
6.1873915e-15,0.0
6.3997527e-13,0.0
2.6992033e-14,0.0
2.186657e-18,0.0
1.5092904e-16,0.0
6.4419947e-16,0.0
4.677174e-15,0.0
1.085908e-15,0.0
2.5872507e-15,0.0
1.1977795e-15,0.0
4.3237817e-15,0.0
1.650628e-15,0.0
1.0924431e-16,0.0
2.873277e-17,0.0
1.2546866e-13,0.0
6.429652e-14,0.0
6.6203714e-16,0.0
1.737514e-16,0.0
2.8005777e-14,0.0
1.5933624e-16,0.0
4.4164794e-17,0.0
1.4248206e-15,0.0
4.5337245e-14,0.0
7.484802e-15,0.0
8.86787e-14,0.0
2.414272e-14,0.0
7.244913e-14,0.0
7.772926e-17,0.0
4.7044827e-14,0.0
2.1191077e-16,0.0
2.4793126e-16,0.0
7.804581e-14,0.0
2.1602462e-14,0.0
9.787335e-16,0.0
3.6259387e-14,0.0
2.2413777e-15,0.0
3.7069018e-14,0.0
1.1765397e-13,0.0
4.627785e-14,0.0
2.0238436e-14,0.0
4.5954285e-16,0.0
2.4489059e-15,0.0
3.7167213e-14,0.0
9.114313e-16,0.0
1.5649487e-15,0.0
5.527251e-14,0.0
3.3468233e-15,0.0
5.137498e-15,0.0
2.7018715e-14,0.0
1.3579198e-15,0.0
5.7834978e-15,0.0
6.9211223e-15,0.0
1.2952172e-15,0.0
4.029975e-16,0.0
9.090705e-15,0.0
6.3912745e-17,0.0
6.924529e-15,0.0
1.2093909e-15,0.0
4.2040766e-14,0.0
3.8291223e-16,0.0
1.6966052e-15,0.0
7.991578e-15,0.0
1.8605231e-14,0.0
3.3265295e-14,0.0
1.7679832e-15,0.0
3.4372675e-14,0.0
1.975142e-13,0.0
2.3816877e-15,0.0
2.6324452e-14,0.0
5.70893e-14,0.0
4.1383102e-16,0.0
4.704016e-14,0.0
4.312794e-15,0.0
3.4369643e-15,0.0
1.1764112e-14,0.0
3.348894e-14,0.0
7.979724e-16,0.0
4.9017834e-16,0.0
2.207585e-18,0.0
3.33652e-17,0.0
7.1446916e-15,0.0
9.174595e-15,0.0
2.3644336e-15,0.0
6.5867484e-14,0.0
7.247359e-14,0.0
1.2570778e-16,0.0
5.9680874e-15,0.0
7.295401e-14,0.0
8.0609456e-14,0.0
2.7067637e-16,0.0
5.964674e-15,0.0
2.0256898e-14,0.0
1.562772e-14,0.0
3.96269e-14,0.0
2.445116e-15,0.0
2.3752093e-15,0.0
6.6126226e-16,0.0
7.184783e-16,0.0
1.9571592e-14,0.0
4.121424e-15,0.0
1.1957162e-15,0.0
2.9636624e-15,0.0
3.1271616e-14,0.0
1.3983604e-15,0.0
2.6861991e-14,0.0
5.663398e-15,0.0
5.4071788e-14,0.0
2.923571e-14,0.0
5.9585136e-14,0.0
6.5511625e-15,0.0
9.6584185e-15,0.0
3.8336057e-14,0.0
3.383255e-14,0.0
3.8408953e-14,0.0
6.117887e-14,0.0
4.8661268e-15,0.0
7.400001e-15,0.0
1.2829636e-14,0.0
1.6607977e-14,0.0
1.7862394e-15,0.0
5.844804e-14,0.0
3.1498365e-22,0.0
1.5158518e-15,0.0
6.6503405e-16,0.0
4.6480755e-15,0.0
3.4461427e-14,0.0
9.562509e-16,0.0
1.0457113e-14,0.0
1.3608393e-15,0.0
1.008607e-18,0.0
1.1061852e-16,0.0
9.251391e-14,0.0
1.0298127e-15,0.0
2.5302581e-16,0.0
3.7057083e-17,0.0
5.2734704e-16,0.0
5.4742147e-18,0.0
7.4054757e-16,0.0
4.019627e-16,0.0
5.032437e-14,0.0
1.8806878e-15,0.0
1.7736787e-14,0.0
1.4704074e-16,0.0
2.7901596e-14,0.0
2.476099e-16,0.0
2.0922643e-15,0.0
1.2614504e-14,0.0
1.296335e-14,0.0
6.0851504e-14,0.0
3.2494116e-16,0.0
3.4389673e-17,0.0
4.4795867e-15,0.0
5.278016e-17,0.0
3.880349e-14,0.0
3.189992e-16,0.0
2.379904e-14,0.0
1.6590817e-14,0.0
9.9027105e-15,0.0
6.670641e-16,0.0
5.460291e-15,0.0
4.143322e-14,0.0
1.81116e-15,0.0
1.4644808e-14,0.0
1.0948979e-13,0.0
2.1946336e-14,0.0
2.7191828e-16,0.0
3.5535248e-16,0.0
1.3995879e-15,0.0
4.8697225e-14,0.0
1.8027788e-14,0.0
9.7540614e-14,0.0
8.8268546e-16,0.0
3.8717342e-15,0.0
2.8156188e-13,0.0
1.9331617e-15,0.0
7.6755805e-15,0.0
1.1222171e-16,0.0
7.246498e-15,0.0
1.2822033e-17,0.0
1.7512426e-15,0.0
9.020128e-16,0.0
9.849692e-17,0.0
1.5617717e-13,0.0
7.623639e-15,0.0
1.4064232e-14,0.0
1.8379558e-15,0.0
2.3813118e-14,0.0
1.6353426e-14,0.0
4.603487e-14,0.0
8.383721e-14,0.0
1.7622589e-16,0.0
6.570512e-14,0.0
7.9567745e-16,0.0
4.568459e-16,0.0
1.4725797e-16,0.0
1.5547381e-15,0.0
2.9687625e-17,0.0
1.3810203e-15,0.0
5.7999577e-15,0.0
3.0106088e-15,0.0
5.1690016e-18,0.0
2.972705e-14,0.0
1.2585419e-15,0.0
2.6986496e-16,0.0
1.0181796e-16,0.0
1.256142e-10,0.0
6.0159287e-15,0.0
6.6979247e-16,0.0
4.173756e-14,0.0
3.7899293e-16,0.0
2.3832588e-16,0.0
3.7526117e-16,0.0
1.075453e-16,0.0
2.4264006e-13,0.0
8.260022e-15,0.0
1.7228364e-15,0.0
1.09834855e-14,0.0
5.9861004e-15,0.0
2.4208612e-14,0.0
1.5197201e-14,0.0
8.66954e-17,0.0
6.665573e-14,0.0
1.4233911e-16,0.0
5.812976e-17,0.0
3.4928088e-14,0.0
1.0200739e-14,0.0
4.669582e-14,0.0
1.0293891e-14,0.0
3.990457e-18,0.0
3.873913e-19,0.0
6.424105e-16,0.0
1.2314536e-14,0.0
7.681996e-15,0.0
3.2407586e-16,0.0
9.323682e-18,0.0
4.4101764e-20,0.0
1.706079e-17,0.0
3.143712e-16,0.0
1.1466782e-19,0.0
4.7447748e-17,0.0
8.858394e-16,0.0
2.0457618e-16,0.0
9.715542e-16,0.0
3.7118987e-13,0.0
5.4437493e-14,0.0
1.1710449e-18,0.0
7.352973e-17,0.0
9.180402e-16,0.0
8.1669985e-15,0.0
5.716583e-20,0.0
4.625929e-15,0.0
8.333504e-17,0.0
4.7822174e-13,0.0
7.062816e-18,0.0
7.9888954e-15,0.0
1.4977828e-19,0.0
4.3635276e-17,0.0
1.204204e-13,0.0
5.9535716e-14,0.0
2.008593e-13,0.0
1.2338956e-19,0.0
1.5762092e-19,0.0
1.5243918e-17,0.0
1.3088518e-14,0.0
4.2705237e-15,0.0
2.5865417e-14,0.0
1.7106181e-13,0.0
2.3019926e-14,0.0
1.7781101e-13,0.0
9.211377e-16,0.0
1.0475474e-15,0.0
9.7952965e-15,0.0
3.6196468e-16,0.0
4.380978e-15,0.0
1.635762e-20,0.0
8.5632846e-15,0.0
1.7268551e-13,0.0
2.7904386e-16,0.0
5.764025e-16,0.0
3.1440813e-14,0.0
1.015796e-19,0.0
5.982533e-17,0.0
1.4062884e-15,0.0
2.1440859e-17,0.0
2.7368871e-14,0.0
5.6870173e-15,0.0
1.50498e-14,0.0
1.4794256e-17,0.0
1.7319673e-25,0.0
7.7284955e-15,0.0
5.6546956e-16,0.0
3.3978168e-15,0.0
1.7042511e-17,0.0
6.7857025e-15,0.0
3.987053e-16,0.0
1.1163068e-18,0.0
5.844581e-14,0.0
7.852328e-15,0.0
6.0263734e-17,0.0
1.39944446e-14,0.0
8.59837e-16,0.0
6.090411e-14,0.0
3.370357e-16,0.0
8.4924275e-16,0.0
3.4614207e-17,0.0
1.5935326e-16,0.0
3.40628e-14,0.0
4.126184e-18,0.0
6.609704e-14,0.0
5.1699886e-14,0.0
1.10187216e-13,0.0
2.2749531e-17,0.0
7.370641e-16,0.0
2.0834317e-15,0.0
3.7910515e-19,0.0
1.36602545e-14,0.0
8.768111e-19,0.0
1.1361555e-17,0.0
1.6257264e-14,0.0
4.2198784e-18,0.0
5.858389e-17,0.0
4.7891057e-18,0.0
2.4371237e-17,0.0
4.4047378e-16,0.0
2.00902e-15,0.0
2.5136606e-14,0.0
9.46817e-16,0.0
2.7355146e-14,0.0
1.6917297e-18,0.0
4.3573377e-18,0.0
1.4064782e-12,0.0
4.791213e-23,0.0
1.8968657e-20,0.0
1.1945159e-17,0.0
1.8349127e-33,0.0
0.0,0.0
0.0,0.0
2.1636726e-33,0.0
6.904095e-28,0.0
1.9919024e-31,0.0
0.0,0.0
1.3304887e-28,0.0
1.1559125e-37,0.0
0.0,0.0
5.7145513e-29,0.0
0.0,0.0
0.0,0.0
1.0632651e-22,0.0
0.0,0.0
0.0,0.0
0.0,0.0
0.0,0.0
1.6040091e-25,0.0
9.817924e-16,0.0
2.1999309e-14,0.0
3.9326753e-15,0.0
1.2577121e-14,0.0
2.5794078e-14,0.0
1.4083881e-14,0.0
2.38813e-14,0.0
6.321657e-14,0.0
3.9100278e-15,0.0
7.719097e-15,0.0
5.7710464e-15,0.0
3.1413836e-14,0.0
3.83582e-15,0.0
9.466235e-13,0.0
2.8659363e-14,0.0
4.2192253e-15,0.0
8.0561146e-19,0.0
1.6712204e-14,0.0
1.5126805e-15,0.0
1.5315569e-15,0.0
7.942677e-15,0.0
2.0931217e-12,0.0
8.06399e-18,0.0
1.6044763e-15,0.0
3.2694172e-16,0.0
9.109854e-18,0.0
2.4114359e-15,0.0
2.157355e-22,0.0
4.6227842e-17,0.0
9.575755e-17,0.0
7.838847e-26,0.0
1.0213246e-20,0.0
3.2067787e-17,0.0
8.954751e-23,0.0
1.0859911e-22,0.0
2.1976377e-17,0.0
6.8099626e-26,0.0
1.4569069e-16,0.0
0.0,0.0
3.2356675e-17,0.0
5.8705455e-14,0.0
3.8872913e-21,0.0
0.0,0.0
0.0,0.0
0.0,0.0
5.3496165e-30,0.0
7.6591995e-23,0.0
2.3410438e-31,0.0
6.2822445e-21,0.0
1.0161412e-26,0.0
1.8463098e-24,0.0
4.6350025e-25,0.0
7.3368286e-26,0.0
6.8900238e-34,0.0
8.4708015e-19,0.0
1.1224155e-36,0.0
5.923362e-22,0.0
3.45633e-38,0.0
1.1349348e-23,0.0
6.388767e-16,0.0
2.0627089e-26,0.0
1.415967e-15,0.0
0.0,0.0
4.860289e-20,0.0
5.663254e-20,0.0
1.1447316e-37,0.0
1.0421455e-17,0.0
1.3677305e-14,0.0
8.203215e-12,0.0
1.0075433e-30,0.0
1.7009552e-28,0.0
1.450929e-22,0.0
5.1906727e-20,0.0
5.402951e-33,0.0
1.3246678e-16,0.0
3.6612627e-18,0.0
1.989264e-27,0.0
9.052784e-21,0.0
2.518348e-15,0.0
5.9798344e-19,0.0
5.1619764e-37,0.0
7.411885e-25,0.0
3.1336108e-36,0.0
1.0438113e-12,0.0
7.6190766e-22,0.0
3.7040804e-26,0.0
2.2036843e-15,0.0
7.023838e-16,0.0
2.0618294e-32,0.0
2.0244151e-29,0.0
1.0825094e-13,0.0
2.1386305e-16,0.0
7.294054e-17,0.0
1.07222916e-16,0.0
6.687173e-17,0.0
4.4528948e-20,0.0
3.3419312e-11,0.0
1.1407349e-21,0.0
3.4634027e-24,0.0
5.496901e-17,0.0
5.526453e-13,0.0
3.420311e-17,0.0
1.0552952e-17,0.0
7.6296167e-19,0.0
5.5761934e-14,0.0
1.3914019e-13,0.0
2.7042448e-24,0.0
2.6247708e-13,0.0
7.010145e-20,0.0
4.8543238e-27,0.0
5.715755e-20,0.0
7.658298e-22,0.0
3.7831896e-13,0.0
1.2143634e-18,0.0
3.2160343e-28,0.0
1.2961602e-13,0.0
2.758413e-16,0.0
3.1280962e-19,0.0
6.147247e-14,0.0
2.1214096e-19,0.0
3.098872e-31,0.0
5.1880133e-15,0.0
1.506957e-13,0.0
3.15957e-16,0.0
1.2570394e-16,0.0
4.156604e-14,0.0
4.9082203e-16,0.0
1.7232268e-27,0.0
5.9143745e-15,0.0
3.3191198e-22,0.0
6.042095e-17,0.0
1.1643463e-13,0.0
2.0185899e-32,0.0
7.156738e-18,0.0
2.428756e-14,0.0
5.5344525e-19,0.0
2.478321e-15,0.0
9.3083134e-14,0.0
8.779672e-16,0.0
1.5967767e-15,0.0
3.9498327e-21,0.0
1.0635022e-26,0.0
1.2181054e-14,0.0
7.4146106e-11,0.0
2.1749436e-18,0.0
5.9188024e-21,0.0
1.1269496e-15,0.0
5.261378e-22,0.0
1.053261e-23,0.0
5.6101864e-20,0.0
2.6059862e-19,0.0
1.3114813e-13,0.0
1.4893352e-13,0.0
2.8089365e-16,0.0
2.9433964e-13,0.0
9.019174e-14,0.0
3.5825995e-15,0.0
1.1326713e-18,0.0
2.3057079e-16,0.0
8.237807e-15,0.0
6.564521e-15,0.0
1.9266325e-14,0.0
2.9170876e-14,0.0
8.3533685e-16,0.0
7.0583594e-14,0.0
3.7325595e-20,0.0
1.9747314e-13,0.0
2.317538e-19,0.0
3.2867335e-14,0.0
6.998252e-21,0.0
6.3096674e-15,0.0
1.180394e-14,0.0
6.0239173e-16,0.0
9.644598e-14,0.0
6.2134536e-16,0.0
6.282974e-14,0.0
4.086818e-18,0.0
3.6788367e-16,0.0
9.066557e-17,0.0
2.643458e-15,0.0
1.3259623e-12,0.0
3.3808116e-17,0.0
5.4838736e-17,0.0
2.327439e-15,0.0
4.0094956e-20,0.0
2.6811266e-14,0.0
7.423489e-17,0.0
1.710683e-21,0.0
1.6780869e-15,0.0
2.1700082e-22,0.0
6.902778e-13,0.0
5.2179042e-15,0.0
9.5047106e-18,0.0
2.4925604e-16,0.0
7.2170315e-16,0.0
2.0300527e-14,0.0
1.0117757e-12,0.0
1.2076265e-13,0.0
8.255652e-13,0.0
1.997038e-16,0.0
8.8092775e-35,0.0
2.6361067e-15,0.0
8.373811e-18,0.0
2.5903662e-19,0.0
8.0443265e-18,0.0
4.507095e-16,0.0
5.8159586e-21,0.0
2.3157653e-16,0.0
2.4081001e-14,0.0
4.661017e-16,0.0
5.196852e-21,0.0
1.5369999e-15,0.0
5.2243523e-13,0.0
2.628123e-16,0.0
4.312472e-12,0.0
1.8973418e-14,0.0
2.0666632e-18,0.0
1.3244115e-14,0.0
1.4046699e-14,0.0
1.2474658e-17,0.0
3.4400695e-17,0.0
2.861528e-18,0.0
1.1363745e-13,0.0
1.6285677e-16,0.0
4.0639247e-15,0.0
1.8764946e-16,0.0
4.9304924e-17,0.0
3.3155707e-18,0.0
2.9123954e-14,0.0
3.6604285e-16,0.0
3.9538116e-14,0.0
6.2203525e-13,0.0
1.1345184e-17,0.0
3.434173e-15,0.0
1.591285e-16,0.0
1.3693907e-14,0.0
9.804642e-15,0.0
4.170006e-15,0.0
3.210405e-15,0.0
1.197098e-13,0.0
2.3390097e-15,0.0
4.742095e-14,0.0
7.695916e-18,0.0
8.598103e-17,0.0
3.0719676e-15,0.0
1.3947698e-15,0.0
1.5977155e-22,0.0
3.2149044e-14,0.0
5.338123e-21,0.0
6.261763e-14,0.0
4.9141513e-19,0.0
3.9753346e-13,0.0
4.056647e-14,0.0
4.286309e-21,0.0
5.006382e-16,0.0
1.6541273e-14,0.0
3.624258e-14,0.0
2.196409e-14,0.0
2.4486723e-15,0.0
5.4633332e-30,0.0
2.0596383e-15,0.0
4.743836e-16,0.0
1.8959877e-15,0.0
3.4543796e-23,0.0
5.684192e-17,0.0
1.868581e-15,0.0
1.30375404e-14,0.0
5.454963e-22,0.0
6.1918666e-26,0.0
3.3968464e-14,0.0
1.8568707e-15,0.0
2.5444092e-16,0.0
1.9787863e-15,0.0
5.8637665e-13,0.0
4.9905416e-14,0.0
1.8596627e-16,0.0
1.0823009e-13,0.0
4.566318e-15,0.0
2.3564287e-15,0.0
1.0403116e-15,0.0
3.6706097e-15,0.0
1.7820925e-17,0.0
2.4915065e-15,0.0
5.839173e-19,0.0
2.6118113e-13,0.0
1.3319754e-15,0.0
2.3822484e-17,0.0
1.576965e-14,0.0
1.5035455e-14,0.0
2.3610367e-14,0.0
1.1814031e-14,0.0
6.5202323e-12,0.0
1.4880318e-13,0.0
4.7358468e-15,0.0
2.824949e-15,0.0
6.70041e-14,0.0
3.3704214e-16,0.0
2.2494776e-14,0.0
4.4433362e-15,0.0
1.8410242e-13,0.0
6.471301e-17,0.0
2.0762912e-15,0.0
2.2883442e-13,0.0
1.7402683e-22,0.0
7.910349e-16,0.0
7.195981e-14,0.0
6.889959e-15,0.0
3.2184813e-14,0.0
7.8423636e-14,0.0
3.959908e-11,0.0
1.3060687e-14,0.0
2.2350959e-13,0.0
6.214562e-14,0.0
3.7450418e-11,0.0
1.5559018e-14,0.0
1.4281399e-15,0.0
1.1515908e-14,0.0
2.5155142e-16,0.0
6.5814645e-17,0.0
2.824441e-16,0.0
2.3054505e-14,0.0
3.602988e-18,0.0
1.5923076e-13,0.0
2.282159e-13,0.0
1.8847198e-12,0.0
9.490846e-23,0.0
1.782618e-15,0.0
1.4302786e-13,0.0
1.4278561e-12,0.0
2.0686078e-14,0.0
1.6253474e-15,0.0
4.174042e-18,0.0
3.1094122e-15,0.0
5.4618898e-17,0.0
3.093248e-10,0.0
1.07311465e-13,0.0
2.005635e-23,0.0
6.5427424e-16,0.0
1.0748911e-16,0.0
1.1053041e-15,0.0
3.6596446e-17,0.0
9.071653e-11,0.0
1.282747e-16,0.0
5.1823786e-14,0.0
6.637969e-13,0.0
7.312142e-15,0.0
7.759266e-14,0.0
5.1886196e-14,0.0
1.6971553e-15,0.0
3.1000984e-18,0.0
9.554004e-18,0.0
1.9154614e-17,0.0
1.9666244e-16,0.0
1.8942981e-13,0.0
1.890537e-13,0.0
2.694864e-16,0.0
1.4181252e-13,0.0
3.3528054e-14,0.0
1.2217106e-16,0.0
4.3965793e-16,0.0
2.2160774e-14,0.0
3.4762198e-14,0.0
5.7693074e-15,0.0
3.8166974e-16,0.0
1.6041609e-19,0.0
1.9520235e-20,0.0
2.0064855e-22,0.0
9.4941706e-17,0.0
5.080996e-15,0.0
1.840156e-18,0.0
2.427503e-16,0.0
5.4372732e-18,0.0
6.1878196e-14,0.0
3.3317666e-15,0.0
5.8951577e-16,0.0
1.8459089e-16,0.0
7.664977e-18,0.0
3.769223e-17,0.0
2.6798228e-14,0.0
1.6377836e-14,0.0
8.258057e-18,0.0
1.3840236e-19,0.0
1.3027747e-14,0.0
1.8226582e-15,0.0
3.19229e-14,0.0
8.6369925e-17,0.0
1.2099782e-13,0.0
6.18213e-15,0.0
1.3118309e-14,0.0
7.451073e-15,0.0
1.1701229e-14,0.0
8.9140595e-15,0.0
2.8269175e-18,0.0
1.5629024e-15,0.0
5.0341912e-15,0.0
4.593819e-15,0.0
2.5111723e-15,0.0
3.3134245e-16,0.0
2.1011887e-13,0.0
3.880192e-15,0.0
6.6063386e-14,0.0
4.213155e-18,0.0
1.01806025e-14,0.0
1.2982608e-13,0.0
4.584329e-23,0.0
5.404426e-14,0.0
1.603793e-20,0.0
3.9131353e-13,0.0
3.2519165e-16,0.0
3.5190226e-21,0.0
8.730681e-15,0.0
1.5724237e-14,0.0
5.94164e-17,0.0
1.172486e-15,0.0
5.2964083e-14,0.0
2.6079792e-16,0.0
1.655029e-15,0.0
3.0631382e-19,0.0
7.9233357e-16,0.0
0.00013408065,0.0
0.031037629,0.0
0.0034722388,0.0
0.007221788,0.0
0.0017198324,0.0
0.025275737,0.0
0.0,0.0
0.21156791,0.0
0.0003580451,0.0
0.002428472,0.0
0.0011626482,0.0
0.004747331,0.0
1.7326505e-07,0.0
0.0012483895,0.0
0.03425777,0.0
0.0005565882,0.0
9.319033e-05,0.0
0.00033909082,0.0
0.08538851,0.0
0.009648919,0.0
0.008901089,0.0
0.27006835,0.0
0.001775533,0.0
0.0004930496,0.0
0.0005823374,0.0
0.037641346,0.0
0.0074367225,0.0
0.00077083707,0.0
0.006684184,0.0
0.71972984,0.0
0.000770241,0.0
2.4657727e-05,0.0
0.007122487,0.0
0.0003477335,0.0
0.0010873973,0.0
0.0025279224,0.0
0.004388213,0.0
0.00688982,0.0
0.0008338392,0.0
0.09580952,0.0
0.004482925,0.0
6.140159e-06,0.0
3.8061355e-08,0.0
0.000449121,0.0
0.024919331,0.0
0.006622523,0.0
0.00020697713,0.0
0.05641061,0.0
0.036322802,0.0
0.0029531121,0.0
0.00011437993,0.0
0.0013477206,0.0
0.0042473376,0.0
0.016612947,0.0
0.123392045,0.0
9.284131e-06,0.0
0.0015386045,0.0
0.0027008057,0.0
0.009411037,0.0
2.8881515e-09,0.0
0.00020369887,0.0
0.000613749,0.0
0.0034586191,0.0
0.0598599,0.0
0.02933696,0.0
0.00029602647,0.0
0.00055989623,0.0
0.061401904,0.0
0.00040385127,0.0
0.021048486,0.0
0.0015683174,0.0
0.022293508,0.0
0.23146057,0.0
0.00047430396,0.0
0.0028461516,0.0
0.07405561,0.0
0.000880152,0.0
0.00048312545,0.0
0.00056681037,0.0
0.0009126365,0.0
0.0015839338,0.0
0.008283883,0.0
0.051106095,0.0
0.007101923,0.0
0.041336298,0.0
0.012899101,0.0
0.0023412406,0.0
8.36938e-05,0.0
0.0003452897,0.0
0.0003837645,0.0
0.004204333,0.0
0.00026512146,0.0
0.000461936,0.0
0.00090926886,0.0
0.00014692545,0.0
0.00010942578,0.0
0.007827729,0.0
0.0009813607,0.0
0.0033112168,0.0
0.0055984855,0.0
0.00022396445,0.0
0.0021899045,0.0
0.029246837,0.0
0.0015976727,0.0
9.0481626e-05,0.0
0.002711922,0.0
0.20026577,0.0
0.00045979023,0.0
0.00013378263,0.0
0.0005065203,0.0
0.0013397932,0.0
0.00042799115,0.0
0.049812287,0.0
0.0036463141,0.0
0.0822919,0.0
0.00041925907,0.0
0.0025543869,0.0
0.0034415424,0.0
0.014474452,0.0
0.005022973,0.0
0.014498323,0.0
0.0058525205,0.0
0.0013955534,0.0
0.00032249093,0.0
0.00010391236,0.0
0.0002888739,0.0
0.0058570206,0.0
4.842751e-06,0.0
0.00017619133,0.0
0.01311025,0.0
0.096272856,0.0
0.035158694,0.0
0.015820801,0.0
0.000618428,0.0
0.002003163,0.0
0.19317356,0.0
0.019088954,0.0
0.0004121065,0.0
0.051113456,0.0
0.00036337972,0.0
0.07175219,0.0
0.00071132183,0.0
0.00071695447,0.0
0.0012184083,0.0
3.1105315e-05,0.0
0.0030525923,0.0
0.00043681264,0.0
0.08049458,0.0
2.778441e-05,0.0
0.0007285774,0.0
0.0700821,0.0
0.0032230914,0.0
0.00015252829,0.0
4.760595e-05,0.0
0.00947693,0.0
0.006645918,0.0
0.004166335,0.0
0.002706647,0.0
0.009368807,0.0
0.0048543513,0.0
9.119128e-05,0.0
0.0029829443,0.0
0.02239737,0.0
0.00017741323,0.0
0.0003811717,0.0
0.04621005,0.0
0.05662331,0.0
0.0048744082,0.0
0.012143165,0.0
0.0050196946,0.0
0.001455754,0.0
0.005667597,0.0
0.0006569326,0.0
0.021299928,0.0
0.08531782,0.0
0.00032180548,0.0
0.047616243,0.0
0.0065029263,0.0
0.0073931217,0.0
3.149209e-05,0.0
0.0066325366,0.0
1.4921334e-05,0.0
0.004532367,0.0
0.028116435,0.0
0.0001874268,0.0
0.00016844273,0.0
0.01418221,0.0
0.00014308095,0.0
0.030641586,0.0
3.052091e-05,0.0
0.00021409988,0.0
0.00093242526,0.0
0.00022527575,0.0
0.0074579716,0.0
0.008023292,0.0
0.0052396357,0.0
0.001713723,0.0
0.0038337708,0.0
0.0047989786,0.0
0.0010555387,0.0
0.0013574958,0.0
0.0020353496,0.0
0.0013293326,0.0
0.00018149614,0.0
0.0016592741,0.0
0.00823617,0.0
0.013215065,0.0
0.0002489984,0.0
0.04219252,0.0
0.0012650192,0.0
0.004791975,0.0
0.000913918,0.0
0.009086281,0.0
0.0012049675,0.0
1.8787756e-05,0.0
0.018584758,0.0
0.009819567,0.0
0.00011434219,0.0
0.00071567297,0.0
0.0015121102,0.0
0.0012151897,0.0
0.0029280484,0.0
0.000338912,0.0
0.030882984,0.0
0.00137043,0.0
0.0005749762,0.0
0.0024211705,0.0
0.0013945699,0.0
6.7418994e-05,0.0
0.0054700077,0.0
0.0069436133,0.0
0.00022751093,0.0
0.0029234588,0.0
0.0021934211,0.0
0.0012663603,0.0
0.00027510524,0.0
8.472559e-05,0.0
0.008753687,0.0
0.00075891614,0.0
0.00036898255,0.0
0.0026645958,0.0
0.00037544966,0.0
0.0035790205,0.0
0.0046291053,0.0
0.0012154579,0.0
0.00018924475,0.0
0.0041983426,0.0
0.00030630827,0.0
0.0009676814,0.0
0.0013531744,0.0
0.002005428,0.0
0.0034647286,0.0
0.0012503266,0.0
0.018102825,0.0
0.00404045,0.0
0.0005649328,0.0
0.0049743354,0.0
0.032494247,0.0
0.0022997558,0.0
8.890753e-06,0.0
0.027534664,0.0
0.0035592318,0.0
1.7650811e-05,0.0
0.0005452037,0.0
0.009336472,0.0
9.604764e-06,0.0
0.052914023,0.0
0.039542407,0.0
0.0012196302,0.0
0.036728024,0.0
0.0021736324,0.0
6.6410576e-06,0.0
0.0015401542,0.0
0.0007726252,0.0
5.4656437e-05,0.0
0.0016961694,0.0
0.00070127845,0.0
0.0007093847,0.0
0.0042257905,0.0
0.00043973327,0.0
0.001229763,0.0
0.0010391176,0.0
0.00081056356,0.0
0.0007196963,0.0
0.0073827505,0.0
0.00053843856,0.0
0.0011079907,0.0
0.35900497,0.0
0.1267409,0.0
0.047079027,0.0
0.13958329,0.0
9.777557e-05,0.0
0.00034227967,0.0
4.3715016e-05,0.0
0.0007305443,0.0
0.0026389062,0.0
0.0015394986,0.0
0.05144137,0.0
0.0013670325,0.0
0.0007169843,0.0
0.079074055,0.0
0.02587381,0.0
0.0005941391,0.0
0.00035080314,0.0
0.0016809702,0.0
0.012711257,0.0
0.032276392,0.0
0.016120553,0.0
0.001309067,0.0
0.062552065,0.0
1.0633959e-05,0.0
0.003977895,0.0
0.0018904507,0.0
0.1459268,0.0
0.0022501647,0.0
0.0020692945,0.0
0.0068211257,0.0
0.0014221668,0.0
8.347287e-08,0.0
0.00313738,0.0
7.706705e-05,0.0
1.5925843e-05,0.0
0.005445838,0.0
7.4572665e-05,0.0
0.007483959,0.0
0.0012519062,0.0
0.0053632557,0.0
7.8524885e-05,0.0
0.0028867722,0.0
4.6152185e-05,0.0
0.00503242,0.0
3.445955e-05,0.0
0.00074175,0.0
0.00029361248,0.0
0.0019134283,0.0
0.002180159,0.0
0.0023026168,0.0
0.075124115,0.0
0.013243645,0.0
0.002132386,0.0
0.002270013,0.0
0.00017285347,0.0
0.0017095208,0.0
0.00022506714,0.0
0.0012637079,0.0
0.0063052177,0.0
0.041749865,0.0
0.0013489127,0.0
8.636156e-05,0.0
0.04510951,0.0
0.0002220571,0.0
0.012694269,0.0
0.00017112494,0.0
0.053379923,0.0
0.00062420964,0.0
0.00060132146,0.0
0.0010263622,0.0
0.002513796,0.0
0.0021594465,0.0
0.005400449,0.0
0.004536569,0.0
0.0036495924,0.0
0.00022503734,0.0
0.014624298,0.0
0.0100957155,0.0
6.118006e-06,0.0
0.0014674067,0.0
0.00032147765,0.0
0.009692103,0.0
0.00031933188,0.0
8.361035e-05,0.0
0.0038107634,0.0
0.0004146695,0.0
0.0056562126,0.0
0.0027150512,0.0
0.0024540722,0.0
0.00048476458,0.0
0.0036053956,0.0
0.0018285811,0.0
0.008325338,0.0
0.00042420626,0.0
0.00012030616,0.0
0.0021479726,0.0
0.002044171,0.0
0.0011588633,0.0
0.002620995,0.0
0.00020000339,0.0
0.005999446,0.0
0.001088202,0.0
0.00054094195,0.0
0.115336835,0.0
9.800615e-09,0.0
0.13785428,0.0
0.07080725,0.0
0.18961582,0.0
0.014040977,0.0
0.019933075,0.0
0.01124391,0.0
0.0061088204,0.0
0.0012536645,0.0
0.003621757,0.0
0.0006200969,0.0
0.00116238,0.0
0.0018407106,0.0
0.0016078949,0.0
0.00027927756,0.0
0.023949832,0.0
6.7249595e-05,0.0
7.72186e-05,0.0
0.0043922067,0.0
0.10664779,0.0
0.011086881,0.0
6.365364e-05,0.0
0.00840947,0.0
0.025491625,0.0
0.0008479953,0.0
0.00032368302,0.0
0.12728274,0.0
0.005061984,0.0
0.0021065474,0.0
0.005290836,0.0
0.023863733,0.0
0.0011751354,0.0
0.0002630353,0.0
0.00036546588,0.0
0.022368014,0.0
0.0015065372,0.0
0.19221357,0.0
0.0040397644,0.0
0.0032815933,0.0
0.112110525,0.0
0.008426428,0.0
0.00041356683,0.0
0.03623593,0.0
0.047967345,0.0
0.010281354,0.0
2.5623503e-05,0.0
0.0015123188,0.0
0.0013967752,0.0
0.0046872795,0.0
2.716093e-05,0.0
0.0021541417,0.0
0.05951929,0.0
0.005110681,0.0
0.02513522,0.0
0.0052809417,0.0
0.016170353,0.0
0.0007752776,0.0
0.00018382072,0.0
0.012291849,0.0
0.021111637,0.0
0.04157144,0.0
0.19337186,0.0
0.0018425584,0.0
0.01598543,0.0
0.0019944012,0.0
0.00019609928,0.0
0.00453946,0.0
0.010425568,0.0
0.03726396,0.0
0.00065913796,0.0
0.00010924227,0.0
0.009391367,0.0
0.00040343404,0.0
0.006974101,0.0
0.020151287,0.0
0.006786883,0.0
9.5950105e-05,0.0
0.0005377829,0.0
0.018808633,0.0
0.0004592836,0.0
0.0001079364,0.0
0.16410688,0.0
4.457118e-05,0.0
0.0061636865,0.0
0.00083464384,0.0
0.0004531443,0.0
0.00030696392,0.0
0.0019370317,0.0
0.0014794469,0.0
0.0016753674,0.0
0.0003004074,0.0
0.002930969,0.0
7.617893e-05,0.0
0.0012051761,0.0
0.00031250715,0.0
0.00044569373,0.0
0.00042137504,0.0
0.00013533235,0.0
0.00079771876,0.0
0.0014765859,0.0
0.006552547,0.0
0.01994744,0.0
0.010614365,0.0
0.043107778,0.0
0.04419598,0.0
0.031703413,0.0
0.0014198124,0.0
0.00881663,0.0
0.010265082,0.0
5.079869e-05,0.0
0.0072532594,0.0
0.025205463,0.0
0.08177987,0.0
0.053017914,0.0
0.00010786314,0.0
0.0044807196,0.0
5.3197364e-06,0.0
0.02383247,0.0
0.0010021627,0.0
0.00046655536,0.0
0.4246847,0.0
0.009473234,0.0
5.5934863e-05,0.0
6.6331995e-05,0.0
0.0076188743,0.0
0.05168459,0.0
0.00071308017,0.0
0.008622825,0.0
0.0028771162,0.0
0.0012300313,0.0
0.00045779347,0.0
0.008300155,0.0
0.00023385882,0.0
0.002787441,0.0
0.00046375394,0.0
0.00013673306,0.0
0.0470348,0.0
0.00028139353,0.0
0.0006350577,0.0
0.00837782,0.0
9.833173e-06,0.0
0.0009537339,0.0
0.001573205,0.0
0.0006377697,0.0
0.00029334426,0.0
0.0031903982,0.0
0.00042241812,0.0
0.01592362,0.0
0.0018704534,0.0
0.005860448,0.0
0.00014847517,0.0
0.049758375,0.0
0.016008735,0.0
0.0033219755,0.0
0.1043157,0.0
0.0037207007,0.0
0.00076937675,0.0
0.0010336637,0.0
0.00039455295,0.0
0.0046337247,0.0
0.0023732483,0.0
0.0028252006,0.0
0.0041864514,0.0
0.00028169155,0.0
0.0011361837,0.0
8.438529e-05,0.0
0.0015307069,0.0
4.3742708e-05,0.0
0.090459764,0.0
0.010281235,0.0
0.0020498931,0.0
0.00058081746,0.0
0.000112791706,0.0
9.911605e-05,0.0
0.18838102,0.0
0.051160216,0.0
0.00016310811,0.0
0.009562194,0.0
0.052521795,0.0
0.026796073,0.0
0.30638576,0.0
9.651709e-05,0.0
0.0019513369,0.0
0.0020762682,0.0
0.078264385,0.0
0.0014464259,0.0
0.00017914176,0.0
0.0002066791,0.0
3.4227334e-05,0.0
0.028882444,0.0
4.3182054e-06,0.0
0.0005236566,0.0
0.06049767,0.0
0.0075542033,0.0
1.1217269e-05,0.0
0.02042976,0.0
0.00029751658,0.0
0.028743178,0.0
0.0013935566,0.0
0.1009109,0.0
0.06085831,0.0
0.00055649877,0.0
0.0027715862,0.0
0.00012844801,0.0
0.0017204285,0.0
0.730494,0.0
0.047199816,0.0
0.0008469224,0.0
0.005926937,0.0
0.013662189,0.0
0.0029133558,0.0
0.0008405447,0.0
0.0007020831,0.0
0.0025210977,0.0
0.0038547516,0.0
0.0002722144,0.0
0.0008457303,0.0
0.00081673265,0.0
0.00066152215,0.0
0.008698672,0.0
0.0003208518,0.0
0.0011744797,0.0
0.006496012,0.0
0.027036041,0.0
0.009994835,0.0
0.17209917,0.0
0.13704717,0.0
0.0025552213,0.0
0.0037882924,0.0
0.0047404766,0.0
0.0017206967,0.0
0.17141986,0.0
0.0036326945,0.0
2.8820163e-05,0.0
0.010706246,0.0
0.018660992,0.0
0.0028735101,0.0
5.361687e-05,0.0
0.0115018785,0.0
0.005914718,0.0
0.03013891,0.0
2.3623168e-06,0.0
0.003445983,0.0
0.1106132,0.0
0.00030505657,0.0
5.370059e-05,0.0
0.08534691,0.0
0.022099942,0.0
3.2450138e-05,0.0
0.0006104708,0.0
0.0063539445,0.0
0.036984622,0.0
0.003209442,0.0
0.0059204996,0.0
0.004931599,0.0
0.01096794,0.0
0.06707877,0.0
0.0024349093,0.0
0.0013080239,0.0
0.12198374,0.0
0.0026413798,0.0
0.015958011,0.0
0.0055260956,0.0
0.14772645,0.0
0.08819196,0.0
0.0005492866,0.0
5.4308523e-05,0.0
0.003448397,0.0
0.038179398,0.0
0.0012676418,0.0
2.2222335e-05,0.0
0.011264682,0.0
3.688118e-12,0.0
0.0064842403,0.0
5.4223026e-05,0.0
8.6694683e-07,0.0
0.010357499,0.0
0.03347838,0.0
0.000915885,0.0
0.13093582,0.0
0.6349467,0.0
0.012453616,0.0
0.00030207634,0.0
0.0049598217,0.0
0.009759992,0.0
0.001943171,0.0
4.2003168e-07,0.0
0.00084489584,0.0
0.007466644,0.0
0.036631197,0.0
0.00026136637,0.0
0.050254464,0.0
6.253171e-06,0.0
0.0016295612,0.0
0.4999583,0.0
0.15037313,0.0
0.119473726,0.0
6.1060535e-07,0.0
0.0008661151,0.0
0.7440248,0.0
0.7577698,0.0
5.387158e-06,0.0
0.03286767,0.0
0.010708481,0.0
0.0007184744,0.0
0.14471084,0.0
4.7963225e-05,0.0
0.116099656,0.0
0.015279263,0.0
0.35136256,0.0
0.006134033,0.0
0.00010235775,0.0
0.002688378,0.0
0.54550797,0.0
0.0032067597,0.0
0.49327517,0.0
0.34552842,0.0
0.011645317,0.0
0.009857893,0.0
0.035663366,0.0
0.0011063516,0.0
0.0011526048,0.0
0.37140477,0.0
0.025357693,0.0
0.00027135015,0.0
3.7912495e-10,0.0
0.0010997951,0.0
0.043733776,0.0
1.25186625e-05,0.0
0.13305786,0.0
0.026833534,0.0
0.055870086,0.0
0.001649797,0.0
0.0014137924,0.0
0.027273744,0.0
0.0093688965,0.0
0.051618844,0.0
0.00043398142,0.0
0.01712951,0.0
0.008155435,0.0
4.2956497e-05,0.0
0.015336126,0.0
0.00048294663,0.0
0.032245755,0.0
0.00033473969,0.0
0.0007032752,0.0
0.014622182,0.0
0.00026801229,0.0
0.0038354099,0.0
0.12318656,0.0
0.00021839142,0.0
0.0005044639,0.0
0.0012335777,0.0
0.00058719516,0.0
0.00024044514,0.0
0.006917894,0.0
9.075454e-05,0.0
0.012154758,0.0
0.006616831,0.0
0.00693959,0.0
0.0014888048,0.0
0.00042802095,0.0
0.018271387,0.0
0.007800013,0.0
0.009772956,0.0
0.0009864867,0.0
0.0061810315,0.0
0.8977057,0.0
5.1720242e-05,0.0
0.001203388,0.0
3.6810593e-06,0.0
5.066247e-08,0.0
7.89377e-31,0.0
9.203994e-25,0.0
6.428719e-07,0.0
1.6639845e-10,0.0
2.4577754e-17,0.0
1.9344157e-30,0.0
2.2472378e-19,0.0
0.0,0.0
0.0,0.0
1.4633866e-21,0.0
2.6305543e-28,0.0
0.0,0.0
7.8970533e-16,0.0
7.899982e-22,0.0
0.0,0.0
3.519642e-20,0.0
0.0,0.0
1.2133919e-24,0.0
0.00033944845,0.0
0.000115977455,0.0
0.00052616,0.0
0.00023928285,0.0
8.448031e-05,0.0
0.00015708804,0.0
0.0002706051,0.0
0.00016224384,0.0
0.00021156669,0.0
0.00022006035,0.0
0.00018894672,0.0
0.010785848,0.0
0.009604335,0.0
0.0024214983,0.0
0.011323303,0.0
0.010120332,0.0
5.6581225e-06,0.0
0.036497504,0.0
0.0012491345,0.0
0.0002413392,0.0
0.00060760975,0.0
0.008278936,0.0
9.925377e-05,0.0
4.4371486e-06,0.0
0.0009201467,0.0
0.0008586347,0.0
0.01620403,0.0
1.306548e-09,0.0
0.024753243,0.0
0.00026386976,0.0
4.0889046e-12,0.0
0.00012018277,0.0
1.7309909e-05,0.0
6.790094e-18,0.0
1.27966434e-14,0.0
1.0279688e-06,0.0
3.4359157e-15,0.0
0.000100556375,0.0
0.0,0.0
1.1463756e-13,0.0
3.434649e-05,0.0
5.3217173e-09,0.0
2.2134358e-19,0.0
3.832415e-36,0.0
0.0,0.0
3.851309e-12,0.0
3.6228976e-06,0.0
8.882017e-11,0.0
1.0253824e-09,0.0
1.7632348e-15,0.0
8.6118946e-16,0.0
4.0168167e-11,0.0
2.7697212e-20,0.0
0.0,0.0
8.935819e-29,0.0
4.5292232e-32,0.0
1.8174368e-23,0.0
2.3414599e-34,0.0
8.4123875e-19,0.0
2.617054e-08,0.0
3.6107517e-31,0.0
3.0475448e-07,0.0
9.142523e-30,0.0
4.564593e-08,0.0
4.3836695e-15,0.0
2.3497068e-29,0.0
1.4505899e-13,0.0
9.2474545e-07,0.0
0.0024189055,0.0
6.692682e-18,0.0
1.2641379e-11,0.0
4.154205e-09,0.0
1.2960861e-09,0.0
4.26995e-09,0.0
0.05362609,0.0
1.8183133e-05,0.0
4.51453e-08,0.0
1.3395023e-06,0.0
1.01806036e-10,0.0
1.1416006e-07,0.0
4.582681e-25,0.0
2.3818698e-07,0.0
7.3782665e-23,0.0
4.175023e-06,0.0
2.8818836e-13,0.0
1.264176e-08,0.0
5.771061e-10,0.0
1.2881942e-06,0.0
1.4841094e-20,0.0
3.8965827e-11,0.0
0.0043446124,0.0
1.025537e-05,0.0
5.346012e-05,0.0
0.0011512041,0.0
0.00014549494,0.0
0.00023266673,0.0
0.06834632,0.0
3.6862107e-09,0.0
7.109149e-10,0.0
3.222015e-09,0.0
0.03275135,0.0
0.01186955,0.0
6.62833e-09,0.0
4.0890674e-05,0.0
0.2030479,0.0
0.0025237203,0.0
6.833726e-06,0.0
0.017634869,0.0
0.002863109,0.0
9.202185e-14,0.0
0.007009417,0.0
2.806095e-07,0.0
0.00025993586,0.0
1.4309802e-05,0.0
8.5363956e-07,0.0
0.0010083318,0.0
0.028673321,0.0
5.3310005e-06,0.0
0.012086868,0.0
5.8793006e-09,0.0
3.8487202e-14,0.0
0.0011454225,0.0
0.004442066,0.0
8.36698e-10,0.0
0.0005682111,0.0
0.0039942563,0.0
0.00081959367,0.0
0.08089459,0.0
0.010251701,0.0
3.1576228e-13,0.0
0.00013190508,0.0
0.06727019,0.0
3.2515065e-05,0.0
0.1888375,0.0
0.18754011,0.0
0.0060690045,0.0
0.014317632,0.0
0.012064189,0.0
0.003905654,0.0
0.0009787381,0.0
0.00025868416,0.0
1.3448021e-05,0.0
0.044462204,0.0
0.022909582,0.0
0.00015518069,0.0
4.7407687e-09,0.0
0.3582452,0.0
4.702044e-06,0.0
0.022052944,0.0
1.7048924e-05,0.0
0.0022839904,0.0
0.01776117,0.0
0.0014780164,0.0
0.0003439188,0.0
0.7171229,0.0
0.0017496049,0.0
0.55884194,0.0
0.017819434,0.0
0.010460138,0.0
0.07325357,0.0
0.0382272,0.0
0.0028874278,0.0
0.12121844,0.0
0.0016088784,0.0
0.25540134,0.0
0.15656492,0.0
0.010824472,0.0
4.399567e-08,0.0
0.31023064,0.0
0.0007276237,0.0
2.9240307e-05,0.0
0.08834395,0.0
0.00013244152,0.0
0.12739062,0.0
0.049001336,0.0
4.5873204e-08,0.0
0.0004529655,0.0
0.003645599,0.0
1.5630625e-05,0.0
0.04903668,0.0
0.4985639,0.0
7.8364785e-05,0.0
0.0034633875,0.0
0.14384237,0.0
0.00034976006,0.0
0.03529343,0.0
0.00046554208,0.0
0.041237205,0.0
0.008663893,0.0
7.2396e-05,0.0
0.026963979,0.0
0.0010075867,0.0
0.0033718944,0.0
0.0012039542,0.0
0.0071799457,0.0
0.040277094,0.0
0.27090207,0.0
0.028098196,0.0
0.00273481,0.0
0.015549749,0.0
2.0076727e-14,0.0
0.0006445646,0.0
0.0014551878,0.0
0.0033537447,0.0
0.00018629432,0.0
0.09792659,0.0
0.0013757944,0.0
0.00020039082,0.0
0.010232866,0.0
0.06607926,0.0
0.008947998,0.0
8.510896e-05,0.0
0.099842936,0.0
0.0055972934,0.0
0.0676198,0.0
0.046395898,0.0
0.16073301,0.0
0.002150476,0.0
0.00045773387,0.0
0.0023677647,0.0
0.020809561,0.0
0.0034192204,0.0
0.19660065,0.0
0.0035809577,0.0
0.008055121,0.0
0.018844992,0.0
0.032448918,0.0
0.00046887994,0.0
0.69091105,0.0
2.1688229e-05,0.0
0.0007879436,0.0
0.05462128,0.0
0.00047534704,0.0
0.0014304519,0.0
0.0011354387,0.0
0.022754699,0.0
6.7589817e-06,0.0
0.0078039765,0.0
0.0005533993,0.0
0.0007261336,0.0
0.19714105,0.0
0.011885107,0.0
0.0027272701,0.0
0.0058320463,0.0
0.06149319,0.0
0.0009509325,0.0
0.0005930066,0.0
0.0018277168,0.0
3.6495649e-06,0.0
0.29658934,0.0
0.00012630224,0.0
0.3574798,0.0
3.0049503e-05,0.0
8.882303e-08,0.0
0.28186083,0.0
0.028342843,0.0
0.0037525594,0.0
0.060709774,0.0
0.008739799,0.0
8.258815e-10,0.0
0.012390047,0.0
0.0031184554,0.0
0.010174155,0.0
0.0007021129,0.0
0.0002720952,0.0
0.06327072,0.0
0.005194038,0.0
0.0004696846,0.0
2.681773e-05,0.0
4.116148e-06,0.0
0.70122707,1.0
0.4181465,1.0
0.3880559,1.0
0.48555157,1.0
0.36874026,1.0
0.3765329,1.0
0.2874145,1.0
0.32850462,1.0
0.6147845,1.0
0.67771673,1.0
0.44314837,1.0
0.5764022,1.0
0.7518481,1.0
0.54589474,1.0
0.4121283,1.0
0.44854072,1.0
0.24463147,1.0
0.92009306,1.0
0.3789689,1.0
0.6235367,1.0
0.15229839,1.0
0.4452708,1.0
0.32312417,1.0
0.6873244,1.0
0.32145038,1.0
0.8950149,1.0
0.78522307,1.0
0.70660067,1.0
0.2865862,1.0
0.8449303,1.0
0.3452166,1.0
0.77681726,1.0
0.93215144,1.0
0.22843361,1.0
0.96361053,1.0
0.2866875,1.0
0.6796826,1.0
0.67914426,1.0
0.21857989,1.0
0.8553492,1.0
0.7299526,1.0
0.3581517,1.0
0.66192627,1.0
0.9520322,1.0
0.55149114,1.0
0.7926658,1.0
0.43434656,1.0
0.7062321,1.0
0.31811142,1.0
0.77098316,1.0
0.12949574,1.0
0.14867756,1.0
0.7301047,1.0
0.84156823,1.0
0.7026285,1.0
0.17742258,1.0
0.23529923,1.0
0.052819014,1.0
0.96583,1.0
0.7550888,1.0
0.5921849,1.0
0.433564,1.0
0.5949646,1.0
0.9053232,1.0
0.989728,1.0
0.8533687,1.0
0.12586153,1.0
0.06849396,1.0
0.7788172,1.0
0.6108897,1.0
0.38438937,1.0
0.89658767,1.0
0.077498525,1.0
0.77483904,1.0
0.30281472,1.0
0.3959902,1.0
0.47864494,1.0
0.6624893,1.0
0.6628169,1.0
0.4422747,1.0
0.7297543,1.0
0.2285268,1.0
0.8977685,1.0
0.84001803,1.0
0.8697672,1.0
0.11170274,1.0
0.87339425,1.0
0.23687032,1.0
0.37234694,1.0
0.8389987,1.0
0.6392561,1.0
0.12656406,0.0
0.20672894,0.0
0.0013465583,0.0
2.4532521e-05,0.0
6.7441375e-05,0.0
0.00012499094,0.0
0.0013834238,0.0
0.004230857,0.0
0.009529531,0.0
0.028893292,0.0
0.043836117,0.0
0.7312722,0.0
0.04744646,0.0
0.0003181994,0.0
0.011968881,0.0
0.07826045,0.0
0.017534882,0.0
0.16865769,0.0
0.0019430816,0.0
0.014640152,0.0
0.0032848716,0.0
0.0021767318,0.0
0.0067215264,0.0
0.041279465,0.0
0.00255692,0.0
0.02971533,0.0
0.25409085,0.0
0.011083454,0.0
0.0046943724,0.0
0.01026547,0.0
0.05636272,0.0
0.002028197,0.0
0.0017545819,0.0
0.00036874413,0.0
4.3609252e-05,0.0
0.008755356,0.0
0.2328414,0.0
0.2940994,0.0
0.06395331,0.0
0.08270258,0.0
0.00011582249,0.0
0.007464081,0.0
0.018342942,0.0
5.4975426e-05,0.0
0.000808239,0.0
2.6108764e-12,0.0
0.00533247,0.0
0.1974515,0.0
0.00015375018,0.0
0.12909085,0.0
0.008636832,0.0
6.258878e-05,0.0
1.498134e-08,0.0
0.09094116,0.0
0.094255686,0.0
0.00023376942,0.0
0.021799356,0.0
0.00015461445,0.0
5.3025156e-17,0.0
5.5079207e-17,0.0
7.4703614e-17,0.0
6.348816e-19,0.0
1.0672588e-16,0.0
3.3165573e-18,0.0
0.0,0.0
4.5837184e-15,0.0
3.3941748e-16,0.0
4.0823088e-21,0.0
9.888515e-23,0.0
4.520058e-17,0.0
1.7168949e-27,0.0
8.8401986e-16,0.0
4.044573e-17,0.0
1.1132377e-16,0.0
2.2465253e-20,0.0
6.064025e-19,0.0
3.5280874e-18,0.0
1.914636e-17,0.0
6.883771e-19,0.0
9.695391e-18,0.0
2.117757e-17,0.0
7.685644e-19,0.0
3.4367398e-16,0.0
1.1447907e-18,0.0
6.131405e-21,0.0
2.7158862e-16,0.0
2.0467823e-18,0.0
1.3679378e-16,0.0
1.8129207e-17,0.0
4.0040452e-17,0.0
1.30422965e-17,0.0
5.1878697e-17,0.0
7.501639e-15,0.0
1.5135571e-16,0.0
3.4159915e-19,0.0
3.1347293e-17,0.0
6.194059e-20,0.0
2.4398852e-18,0.0
1.2920582e-16,0.0
3.8015554e-24,0.0
8.75223e-21,0.0
3.3177883e-16,0.0
3.782215e-17,0.0
1.1105528e-16,0.0
9.321824e-20,0.0
1.3455746e-16,0.0
3.0065544e-17,0.0
7.698195e-21,0.0
2.6689222e-14,0.0
5.44601e-19,0.0
6.734035e-20,0.0
1.2136885e-16,0.0
1.1237196e-18,0.0
2.9994032e-19,0.0
3.1307734e-17,0.0
7.6148283e-16,0.0
2.317903e-17,0.0
2.0790356e-28,0.0
6.1197543e-18,0.0
1.2610472e-20,0.0
2.0965275e-18,0.0
2.7862997e-17,0.0
7.087786e-17,0.0
3.4260595e-23,0.0
4.45958e-18,0.0
1.0360565e-18,0.0
9.234843e-24,0.0
2.2044304e-17,0.0
2.1070328e-16,0.0
3.2977328e-19,0.0
6.250813e-20,0.0
3.0832585e-17,0.0
2.0756524e-20,0.0
3.6774858e-18,0.0
7.7299916e-17,0.0
4.5148964e-21,0.0
2.8395303e-18,0.0
7.640921e-18,0.0
5.8731064e-19,0.0
1.8369787e-18,0.0
3.374099e-17,0.0
6.625704e-23,0.0
5.511181e-16,0.0
1.3948542e-16,0.0
2.282369e-16,0.0
1.2546865e-17,0.0
4.765342e-18,0.0
3.938415e-20,0.0
1.8735548e-16,0.0
6.943159e-20,0.0
1.6989155e-17,0.0
8.8539343e-16,0.0
1.2218259e-18,0.0
4.176837e-22,0.0
3.9825078e-16,0.0
6.9319943e-19,0.0
6.932213e-17,0.0
1.5780766e-16,0.0
1.1650697e-18,0.0
1.0098124e-17,0.0
1.06433965e-16,0.0
5.37608e-18,0.0
3.3984787e-22,0.0
6.7434013e-17,0.0
3.782361e-16,0.0
2.871624e-16,0.0
3.7958103e-20,0.0
2.2412792e-19,0.0
7.0889484e-17,0.0
5.1700694e-17,0.0
3.254558e-17,0.0
1.6195713e-17,0.0
5.4153525e-18,0.0
3.7973513e-17,0.0
2.6395945e-18,0.0
1.2148697e-16,0.0
8.1680454e-18,0.0
2.993562e-19,0.0
8.39396e-18,0.0
5.6562054e-16,0.0
3.6866596e-17,0.0
3.5766715e-16,0.0
9.324612e-17,0.0
1.4247532e-18,0.0
3.1998503e-17,0.0
1.5005816e-16,0.0
4.806456e-18,0.0
8.115093e-18,0.0
1.883952e-18,0.0
7.042911e-17,0.0
6.141085e-17,0.0
1.1365147e-18,0.0
1.8597744e-18,0.0
2.040672e-16,0.0
5.625e-18,0.0
2.0377005e-16,0.0
2.7812555e-17,0.0
1.8024735e-17,0.0
1.00134316e-16,0.0
1.3097545e-16,0.0
6.6604604e-19,0.0
2.6414464e-19,0.0
3.1015738e-20,0.0
2.4189317e-18,0.0
2.2408294e-16,0.0
2.5627586e-18,0.0
7.5172276e-21,0.0
4.70485e-18,0.0
2.5990892e-17,0.0
5.599822e-18,0.0
7.0876236e-17,0.0
2.583865e-17,0.0
2.2621984e-16,0.0
2.5844861e-17,0.0
3.4025214e-17,0.0
4.707458e-16,0.0
5.2768283e-17,0.0
1.8378778e-16,0.0
1.2418287e-19,0.0
2.9630618e-16,0.0
2.0986742e-16,0.0
9.5229347e-17,0.0
2.0259582e-16,0.0
3.4937495e-17,0.0
3.878839e-18,0.0
5.081085e-18,0.0
3.6411084e-18,0.0
2.0246824e-17,0.0
3.6410253e-18,0.0
2.367835e-16,0.0
1.0415473e-21,0.0
1.0239632e-17,0.0
3.1823422e-19,0.0
2.637124e-14,0.0
8.3120246e-21,0.0
9.685797e-22,0.0
1.3119598e-16,0.0
3.2625924e-22,0.0
1.5900463e-17,0.0
2.3477325e-24,0.0
3.3500133e-17,0.0
5.345773e-18,0.0
1.5765656e-17,0.0
2.562651e-18,0.0
2.872203e-17,0.0
1.4595428e-17,0.0
1.9034003e-16,0.0
9.786258e-15,0.0
2.0715817e-17,0.0
3.240054e-16,0.0
2.2851242e-29,0.0
2.7686043e-18,0.0
2.6874363e-20,0.0
7.755333e-17,0.0
6.212567e-19,0.0
4.2495213e-18,0.0
2.0240567e-17,0.0
7.559829e-18,0.0
4.226615e-17,0.0
1.04360216e-16,0.0
1.9301836e-16,0.0
4.7702553e-17,0.0
5.2371592e-18,0.0
2.589508e-18,0.0
3.2354102e-16,0.0
6.9216927e-18,0.0
9.362643e-17,0.0
2.3163814e-18,0.0
7.4134067e-19,0.0
1.2071497e-17,0.0
1.0981134e-15,0.0
3.116748e-17,0.0
1.1059082e-21,0.0
2.8856345e-17,0.0
1.5482388e-16,0.0
1.0582951e-16,0.0
1.8981342e-18,0.0
3.8806297e-18,0.0
8.31264e-18,0.0
1.6121128e-17,0.0
1.7064808e-19,0.0
2.763616e-16,0.0
5.6686907e-16,0.0
1.1527978e-17,0.0
6.7862096e-18,0.0
1.1376089e-16,0.0
6.763799e-19,0.0
1.2475853e-16,0.0
5.7132564e-17,0.0
4.7107762e-18,0.0
4.83991e-16,0.0
3.8137407e-17,0.0
1.2938931e-16,0.0
1.8567768e-17,0.0
5.520494e-19,0.0
1.4947827e-16,0.0
4.4673444e-18,0.0
3.3095304e-18,0.0
1.01085975e-19,0.0
5.565474e-17,0.0
4.1634055e-17,0.0
6.8235935e-17,0.0
9.830131e-18,0.0
1.940527e-16,0.0
2.4394756e-18,0.0
1.1258424e-20,0.0
4.1075428e-18,0.0
2.4242697e-19,0.0
3.3303906e-17,0.0
5.978221e-17,0.0
1.77888e-17,0.0
6.808698e-16,0.0
2.4887492e-17,0.0
4.5176182e-21,0.0
9.9567155e-17,0.0
9.482733e-17,0.0
2.2133769e-19,0.0
2.9040702e-21,0.0
3.909129e-17,0.0
2.0932292e-16,0.0
4.3760253e-19,0.0
1.0178024e-17,0.0
8.5879744e-17,0.0
1.5881034e-21,0.0
1.2742949e-16,0.0
2.0440445e-17,0.0
2.5393437e-19,0.0
4.8785397e-16,0.0
2.0958979e-16,0.0
2.76567e-18,0.0
4.764781e-17,0.0
1.6333629e-18,0.0
5.0393903e-18,0.0
1.0183893e-16,0.0
7.604284e-18,0.0
1.4178262e-15,0.0
1.7321188e-18,0.0
7.661882e-17,0.0
8.756413e-19,0.0
7.0304785e-18,0.0
7.955253e-17,0.0
6.6732817e-18,0.0
8.150775e-17,0.0
4.7715632e-18,0.0
8.925917e-19,0.0
2.0447084e-16,0.0
3.469222e-16,0.0
2.3358151e-17,0.0
1.1070314e-20,0.0
3.5792746e-18,0.0
8.127449e-19,0.0
2.1337064e-18,0.0
1.0106723e-16,0.0
4.5111694e-17,0.0
1.4501684e-18,0.0
7.372883e-18,0.0
2.7520739e-17,0.0
3.9312873e-19,0.0
1.13203695e-17,0.0
4.4784056e-16,0.0
4.1611805e-18,0.0
1.5029748e-18,0.0
5.1548043e-18,0.0
6.26646e-17,0.0
4.5504876e-18,0.0
3.4456477e-19,0.0
1.1691038e-17,0.0
1.7971731e-17,0.0
1.1324807e-19,0.0
4.4288147e-16,0.0
3.877687e-17,0.0
1.6968115e-16,0.0
1.1724406e-16,0.0
3.7066417e-17,0.0
1.0712632e-18,0.0
5.460822e-19,0.0
7.985432e-20,0.0
2.5081622e-18,0.0
5.8776146e-18,0.0
1.3740076e-19,0.0
1.4936883e-16,0.0
2.2990403e-17,0.0
2.9110542e-16,0.0
1.1337532e-16,0.0
1.4580325e-20,0.0
3.6722028e-17,0.0
1.825767e-17,0.0
1.248722e-18,0.0
6.029685e-17,0.0
3.3706752e-18,0.0
4.572582e-20,0.0
4.3977466e-19,0.0
7.1617424e-16,0.0
2.347255e-19,0.0
8.0092405e-17,0.0
1.6208692e-17,0.0
1.3699327e-16,0.0
1.8364113e-18,0.0
2.364484e-18,0.0
3.1907677e-18,0.0
5.38199e-18,0.0
1.651194e-16,0.0
4.830169e-17,0.0
1.6689379e-16,0.0
2.3339447e-17,0.0
7.47914e-18,0.0
2.254933e-18,0.0
1.9890236e-17,0.0
2.8788287e-17,0.0
9.07057e-17,0.0
2.2506115e-17,0.0
4.8646925e-17,0.0
2.5213828e-17,0.0
1.07514066e-17,0.0
1.6940481e-18,0.0
9.190664e-17,0.0
7.221926e-18,0.0
6.4879576e-18,0.0
2.0980728e-17,0.0
1.3878693e-16,0.0
2.3185827e-18,0.0
4.011642e-18,0.0
8.289962e-19,0.0
3.4042856e-18,0.0
1.4624275e-20,0.0
8.077879e-17,0.0
5.0458154e-18,0.0
1.0358782e-19,0.0
1.4159871e-17,0.0
6.3950756e-18,0.0
1.2934341e-16,0.0
4.301268e-19,0.0
9.798042e-19,0.0
1.3119341e-17,0.0
1.6125257e-16,0.0
2.7508787e-16,0.0
3.1821512e-17,0.0
6.704996e-19,0.0
1.2857831e-18,0.0
1.7544344e-20,0.0
1.3994056e-16,0.0
1.3158277e-18,0.0
8.038647e-19,0.0
4.3970132e-17,0.0
1.4670617e-17,0.0
9.421391e-19,0.0
1.2470042e-17,0.0
8.4234747e-17,0.0
1.2346113e-19,0.0
1.4536792e-19,0.0
1.6920661e-17,0.0
1.20930025e-20,0.0
9.958235e-17,0.0
1.6997582e-17,0.0
4.9167717e-21,0.0
8.743115e-22,0.0
8.2204743e-16,0.0
5.91229e-18,0.0
8.961231e-18,0.0
8.039847e-18,0.0
5.86371e-17,0.0
5.5380275e-17,0.0
2.5827995e-18,0.0
1.0299026e-16,0.0
3.6030995e-17,0.0
5.5314555e-19,0.0
8.6533826e-17,0.0
3.2466594e-17,0.0
2.231309e-17,0.0
6.962581e-18,0.0
3.9806597e-21,0.0
1.402954e-17,0.0
2.6227962e-15,0.0
3.5535535e-15,0.0
1.5809182e-19,0.0
1.299676e-16,0.0
1.2375816e-27,0.0
3.3552858e-15,0.0
3.4325454e-17,0.0
7.3479854e-16,0.0
8.493529e-16,0.0
7.120291e-21,0.0
7.016971e-19,0.0
2.0572972e-16,0.0
2.839736e-18,0.0
4.2999108e-17,0.0
1.2753398e-17,0.0
6.3871864e-30,0.0
2.6037716e-18,0.0
4.747988e-21,0.0
1.796437e-20,0.0
8.792366e-18,0.0
8.548226e-18,0.0
4.084449e-18,0.0
1.5684905e-18,0.0
6.3809385e-19,0.0
1.3878474e-17,0.0
6.88325e-18,0.0
4.1216357e-19,0.0
4.343727e-19,0.0
1.9223203e-17,0.0
1.1568551e-17,0.0
2.13051e-18,0.0
2.125477e-18,0.0
9.149492e-17,0.0
3.482753e-20,0.0
7.06944e-20,0.0
4.8665277e-18,0.0
2.3008753e-16,0.0
1.3872229e-17,0.0
2.0604712e-15,0.0
2.3042557e-17,0.0
7.842412e-17,0.0
9.917921e-20,0.0
8.309062e-17,0.0
6.3135067e-19,0.0
9.151996e-19,0.0
1.847352e-17,0.0
8.786603e-17,0.0
1.0740533e-19,0.0
3.5552315e-17,0.0
8.6038126e-17,0.0
5.1173267e-17,0.0
3.4132352e-16,0.0
3.4088634e-16,0.0
1.5332965e-18,0.0
2.5066414e-18,0.0
6.6668698e-18,0.0
9.960477e-17,0.0
1.00636965e-19,0.0
1.0491539e-17,0.0
5.9753026e-17,0.0
2.6144028e-17,0.0
1.8234978e-17,0.0
1.5303523e-17,0.0
3.0840582e-17,0.0
2.6121882e-18,0.0
1.4434027e-17,0.0
3.2486413e-17,0.0
7.5797207e-19,0.0
4.124044e-18,0.0
1.1965584e-18,0.0
3.9302567e-17,0.0
3.0854335e-18,0.0
8.357313e-18,0.0
4.2519027e-19,0.0
7.095925e-18,0.0
1.28701544e-17,0.0
1.8947856e-17,0.0
4.1416404e-17,0.0
2.3820122e-17,0.0
2.9377928e-17,0.0
1.1572662e-16,0.0
2.4058101e-17,0.0
4.368572e-18,0.0
7.8894316e-17,0.0
2.1839987e-17,0.0
1.1289535e-17,0.0
9.655562e-19,0.0
2.6136748e-17,0.0
3.4030538e-17,0.0
2.2371654e-16,0.0
6.950427e-18,0.0
3.543166e-18,0.0
4.305715e-20,0.0
9.291607e-21,0.0
2.3936441e-17,0.0
2.1363544e-17,0.0
1.9991921e-19,0.0
1.5281013e-16,0.0
2.517309e-16,0.0
2.930291e-19,0.0
1.9109219e-17,0.0
7.9916653e-16,0.0
5.2183367e-17,0.0
2.2475475e-18,0.0
1.6264374e-17,0.0
4.7872085e-17,0.0
1.8095361e-16,0.0
3.632606e-17,0.0
4.5696046e-18,0.0
7.9628655e-19,0.0
2.5182767e-18,0.0
4.8623315e-19,0.0
7.614883e-17,0.0
2.5686813e-17,0.0
4.3890197e-17,0.0
2.8333318e-17,0.0
2.2545815e-17,0.0
9.345475e-18,0.0
8.257111e-18,0.0
3.936902e-18,0.0
1.2268853e-16,0.0
8.0729426e-19,0.0
3.4256517e-17,0.0
7.855492e-18,0.0
2.1930652e-17,0.0
5.656915e-17,0.0
1.5810291e-16,0.0
9.3391715e-17,0.0
4.0626363e-16,0.0
3.1478009e-18,0.0
1.3652888e-17,0.0
2.8712159e-18,0.0
6.7264964e-17,0.0
6.1935926e-18,0.0
6.969919e-17,0.0
9.614272e-22,0.0
2.5942043e-18,0.0
7.1922345e-18,0.0
2.0397448e-17,0.0
1.26244016e-17,0.0
4.452356e-18,0.0
1.29846114e-17,0.0
9.7285125e-18,0.0
1.35276164e-20,0.0
8.4488525e-20,0.0
7.9710485e-17,0.0
6.1724093e-19,0.0
1.628534e-19,0.0
2.4578855e-19,0.0
8.170067e-19,0.0
4.1998506e-19,0.0
7.170452e-19,0.0
5.5179466e-19,0.0
8.142442e-18,0.0
1.9574315e-18,0.0
2.5583449e-17,0.0
2.1252965e-20,0.0
3.5936693e-17,0.0
4.830422e-19,0.0
1.1386976e-18,0.0
4.8596107e-17,0.0
1.2348157e-16,0.0
9.3555385e-17,0.0
2.2761834e-19,0.0
1.92787e-19,0.0
6.6820953e-18,0.0
8.820475e-20,0.0
3.581023e-18,0.0
1.4524549e-18,0.0
9.529621e-17,0.0
2.7443894e-17,0.0
2.7449653e-17,0.0
9.231274e-19,0.0
1.3474943e-18,0.0
1.6602956e-16,0.0
5.1980493e-18,0.0
9.058394e-18,0.0
2.269909e-16,0.0
7.813178e-17,0.0
6.1889364e-19,0.0
8.517229e-20,0.0
3.5325315e-18,0.0
2.554504e-16,0.0
8.799316e-17,0.0
6.6662625e-17,0.0
9.461044e-19,0.0
1.755669e-17,0.0
1.0857175e-15,0.0
1.53531e-18,0.0
4.9749478e-17,0.0
4.520743e-19,0.0
1.7673273e-17,0.0
1.6780835e-19,0.0
5.0656194e-19,0.0
3.251293e-18,0.0
1.8715948e-19,0.0
2.964735e-16,0.0
5.3495497e-17,0.0
4.0290353e-17,0.0
1.9112562e-18,0.0
5.3293645e-17,0.0
5.916422e-17,0.0
2.1933915e-17,0.0
1.7699393e-16,0.0
9.422542e-19,0.0
1.10735886e-16,0.0
6.256163e-18,0.0
1.6308725e-18,0.0
2.3656119e-18,0.0
3.1241728e-19,0.0
3.762654e-19,0.0
6.059222e-17,0.0
1.9680344e-17,0.0
5.7824966e-18,0.0
3.503552e-21,0.0
9.625342e-17,0.0
5.0064174e-17,0.0
1.3535734e-18,0.0
1.8688177e-21,0.0
8.203097e-14,0.0
3.66929e-17,0.0
1.3137613e-18,0.0
1.8020344e-16,0.0
6.0680744e-19,0.0
3.713915e-18,0.0
4.546579e-20,0.0
8.4612744e-19,0.0
1.5514618e-15,0.0
1.6217597e-17,0.0
3.6252653e-19,0.0
3.4319955e-17,0.0
1.4414776e-16,0.0
1.218104e-16,0.0
4.458188e-17,0.0
2.8184954e-19,0.0
3.424384e-17,0.0
1.816775e-19,0.0
6.099611e-20,0.0
7.057595e-17,0.0
3.7476887e-17,0.0
2.2979094e-17,0.0
1.0366343e-17,0.0
2.238961e-21,0.0
3.7453637e-22,0.0
4.6900463e-19,0.0
1.9229436e-17,0.0
1.0855513e-16,0.0
7.548586e-19,0.0
6.611575e-20,0.0
8.928146e-23,0.0
7.1061846e-20,0.0
3.8947927e-18,0.0
1.4843124e-21,0.0
3.7696382e-18,0.0
8.166955e-18,0.0
1.9034691e-20,0.0
2.4418231e-17,0.0
9.282242e-16,0.0
9.508192e-18,0.0
1.02241656e-19,0.0
4.6459187e-20,0.0
2.0041565e-18,0.0
1.3347511e-17,0.0
1.3884892e-23,0.0
2.7825154e-19,0.0
1.5695603e-20,0.0
1.5283236e-15,0.0
3.4866577e-22,0.0
2.0345616e-17,0.0
3.4102444e-22,0.0
7.4992236e-18,0.0
1.569312e-16,0.0
3.9774671e-16,0.0
3.7247297e-16,0.0
8.40682e-23,0.0
1.2239793e-21,0.0
2.392292e-18,0.0
2.4428494e-16,0.0
1.03706545e-17,0.0
9.700682e-18,0.0
3.2382255e-16,0.0
1.6666031e-16,0.0
1.4198018e-15,0.0
1.7014117e-18,0.0
9.842288e-18,0.0
2.5905862e-17,0.0
2.8245352e-18,0.0
2.7008008e-17,0.0
5.1793483e-24,0.0
9.993392e-18,0.0
9.043897e-17,0.0
4.9021337e-18,0.0
2.497212e-18,0.0
2.215771e-16,0.0
1.9082873e-22,0.0
6.641555e-20,0.0
1.1730467e-20,0.0
3.651398e-20,0.0
7.51882e-17,0.0
3.9390222e-17,0.0
3.772172e-17,0.0
1.01528465e-19,0.0
8.722002e-28,0.0
1.5262879e-18,0.0
1.2561273e-18,0.0
1.8943511e-18,0.0
1.8478083e-19,0.0
1.6228304e-17,0.0
4.6804865e-18,0.0
7.217502e-23,0.0
2.3905885e-16,0.0
1.7229999e-16,0.0
9.956895e-19,0.0
5.277976e-17,0.0
2.2664793e-19,0.0
1.7203268e-16,0.0
5.048412e-19,0.0
3.855972e-18,0.0
5.4120427e-20,0.0
6.917258e-18,0.0
1.2630718e-16,0.0
2.11857e-20,0.0
3.481206e-16,0.0
8.064578e-17,0.0
2.6729745e-16,0.0
8.7506605e-21,0.0
1.0309353e-18,0.0
5.778748e-18,0.0
4.6582123e-22,0.0
2.1378463e-17,0.0
2.6812998e-22,0.0
1.5415577e-21,0.0
7.167314e-17,0.0
1.2206274e-20,0.0
1.9106065e-19,0.0
1.1395176e-20,0.0
5.033893e-19,0.0
3.582307e-18,0.0
5.820251e-18,0.0
4.7904418e-17,0.0
8.2334274e-18,0.0
1.9062123e-16,0.0
1.0941137e-19,0.0
2.5496214e-20,0.0
1.0188678e-15,0.0
5.602855e-26,0.0
3.3280454e-22,0.0
3.5087567e-20,0.0
1.4310794e-30,0.0
0.0,0.0
2.2402831e-23,0.0
1.5607318e-25,0.0
7.086688e-29,0.0
2.9958637e-38,0.0
0.0,0.0
1.6878363e-33,0.0
0.0,0.0
0.0,0.0
2.3371124e-28,0.0
0.0,0.0
0.0,0.0
1.4505188e-23,0.0
0.0,0.0
0.0,0.0
0.0,0.0
0.0,0.0
2.398999e-26,0.0
1.9759084e-19,0.0
1.0511494e-16,0.0
4.427039e-17,0.0
6.2548503e-18,0.0
9.110653e-18,0.0
1.296071e-17,0.0
8.5713157e-17,0.0
1.1219989e-16,0.0
6.246341e-17,0.0
2.6477342e-17,0.0
5.778376e-17,0.0
6.0224402e-18,0.0
2.1221068e-18,0.0
5.6123196e-15,0.0
1.2696471e-15,0.0
4.3613475e-17,0.0
6.2115056e-25,0.0
4.5400344e-17,0.0
1.3010636e-18,0.0
2.6720325e-19,0.0
1.8046742e-18,0.0
1.0110358e-14,0.0
2.154034e-21,0.0
3.367231e-18,0.0
3.4408273e-19,0.0
1.1449599e-20,0.0
5.5938466e-17,0.0
6.2907353e-28,0.0
9.052957e-21,0.0
5.609865e-20,0.0
2.1662279e-30,0.0
6.499184e-24,0.0
1.7769985e-20,0.0
7.718671e-26,0.0
9.004985e-27,0.0
4.791291e-21,0.0
1.8989618e-31,0.0
1.5134927e-17,0.0
0.0,0.0
1.2259138e-21,0.0
1.6652812e-16,0.0
7.405357e-25,0.0
0.0,0.0
0.0,0.0
0.0,0.0
2.6626452e-31,0.0
1.5599231e-24,0.0
2.9181447e-33,0.0
2.8308505e-22,0.0
2.8690756e-29,0.0
1.8139915e-26,0.0
2.5900704e-26,0.0
2.1042696e-31,0.0
4.734491e-38,0.0
3.081522e-22,0.0
0.0,0.0
9.872762e-30,0.0
0.0,0.0
3.6581391e-31,0.0
4.6484937e-18,0.0
2.386501e-28,0.0
8.573637e-17,0.0
0.0,0.0
1.740953e-21,0.0
2.0698386e-22,0.0
0.0,0.0
9.153143e-20,0.0
1.412525e-15,0.0
3.7927482e-13,0.0
1.0874639e-35,0.0
3.5051384e-31,0.0
3.330998e-26,0.0
5.1912217e-22,0.0
9.944645e-32,0.0
4.0802467e-17,0.0
2.3060022e-20,0.0
1.2302494e-25,0.0
2.1513065e-22,0.0
4.5663787e-19,0.0
1.9093213e-22,0.0
0.0,0.0
3.890558e-27,0.0
0.0,0.0
2.3489795e-15,0.0
2.3986148e-26,0.0
5.113293e-30,0.0
2.4457759e-17,0.0
9.221458e-18,0.0
5.7901437e-37,0.0
6.417975e-33,0.0
3.7362282e-16,0.0
3.249814e-20,0.0
5.941534e-22,0.0
1.4103377e-17,0.0
5.1379776e-19,0.0
8.130782e-23,0.0
5.482327e-13,0.0
5.531318e-23,0.0
6.1640574e-26,0.0
4.3590435e-21,0.0
6.0201067e-15,0.0
1.03833107e-19,0.0
1.9449983e-21,0.0
6.6762725e-22,0.0
1.552722e-16,0.0
2.4386965e-16,0.0
1.0689443e-26,0.0
7.895366e-16,0.0
9.869301e-22,0.0
3.224727e-31,0.0
2.0847381e-20,0.0
2.6034744e-25,0.0
3.579294e-15,0.0
3.3821236e-19,0.0
6.771975e-29,0.0
4.4360513e-16,0.0
8.618417e-20,0.0
5.283369e-19,0.0
5.3459823e-16,0.0
4.6085915e-25,0.0
1.442244e-36,0.0
1.2049695e-16,0.0
4.432905e-16,0.0
7.2867176e-23,0.0
9.3893103e-20,0.0
1.3193431e-15,0.0
6.096241e-19,0.0
8.511251e-28,0.0
2.006461e-16,0.0
8.636463e-25,0.0
2.3950472e-20,0.0
3.990311e-15,0.0
3.905354e-34,0.0
2.5272762e-17,0.0
1.7309307e-17,0.0
3.5419312e-21,0.0
1.9024555e-17,0.0
1.120861e-16,0.0
6.5513423e-21,0.0
6.1486295e-18,0.0
6.259134e-22,0.0
7.197213e-30,0.0
1.1346396e-17,0.0
3.0601926e-13,0.0
1.519049e-20,0.0
5.760987e-25,0.0
1.1646753e-16,0.0
4.4661427e-22,0.0
2.8641367e-19,0.0
3.669179e-24,0.0
4.658925e-21,0.0
2.7094186e-16,0.0
1.7876961e-17,0.0
1.2531909e-22,0.0
9.891832e-16,0.0
5.6386046e-16,0.0
3.4361218e-17,0.0
3.3037912e-18,0.0
1.8159652e-18,0.0
3.742888e-17,0.0
5.388525e-17,0.0
1.1272322e-17,0.0
1.4478705e-16,0.0
2.7565035e-20,0.0
9.290633e-17,0.0
3.2521365e-18,0.0
1.5035497e-16,0.0
3.9255418e-22,0.0
9.6908854e-17,0.0
7.535775e-21,0.0
2.6568705e-17,0.0
6.544886e-17,0.0
3.4833945e-18,0.0
3.789987e-16,0.0
4.9987026e-19,0.0
2.1584236e-16,0.0
9.380996e-22,0.0
1.0474339e-18,0.0
6.294941e-19,0.0
2.5875937e-17,0.0
5.3389715e-16,0.0
3.2707687e-21,0.0
2.9810398e-18,0.0
7.2610735e-17,0.0
9.1547005e-23,0.0
4.6960665e-17,0.0
1.6568242e-21,0.0
2.2585861e-23,0.0
1.29232876e-17,0.0
5.2955376e-26,0.0
2.7475557e-15,0.0
9.921601e-18,0.0
4.9990983e-21,0.0
1.0415569e-18,0.0
1.0935427e-18,0.0
1.8756716e-16,0.0
3.391782e-15,0.0
4.3278058e-16,0.0
1.1812087e-15,0.0
1.8139011e-19,0.0
5.504942e-38,0.0
5.45685e-17,0.0
1.05039427e-19,0.0
1.6676745e-20,0.0
5.9878894e-20,0.0
3.6841835e-18,0.0
1.8263545e-22,0.0
1.3802907e-19,0.0
9.2186844e-17,0.0
4.8224687e-19,0.0
3.320616e-21,0.0
5.3736965e-20,0.0
4.7280126e-15,0.0
9.094393e-20,0.0
1.6325938e-14,0.0
9.675925e-17,0.0
2.84149e-19,0.0
2.9916132e-17,0.0
5.2275813e-17,0.0
6.3124746e-18,0.0
4.546598e-19,0.0
2.5338461e-20,0.0
3.8074032e-17,0.0
3.1681115e-18,0.0
4.933745e-18,0.0
9.935496e-19,0.0
5.6674926e-19,0.0
3.0978137e-20,0.0
1.3208481e-16,0.0
2.7262725e-19,0.0
3.0855663e-16,0.0
7.9885255e-16,0.0
1.0050264e-20,0.0
2.9279044e-16,0.0
4.515701e-23,0.0
9.587268e-17,0.0
1.925028e-17,0.0
5.3163055e-18,0.0
1.8628123e-19,0.0
3.1026775e-18,0.0
2.0194217e-17,0.0
1.2187502e-16,0.0
3.3197454e-19,0.0
2.9599744e-18,0.0
3.3706253e-17,0.0
3.4486704e-20,0.0
4.9416546e-26,0.0
3.0390342e-19,0.0
4.8816215e-27,0.0
5.6293816e-17,0.0
5.6237255e-21,0.0
1.7008692e-15,0.0
1.8243406e-16,0.0
3.695753e-26,0.0
1.6729446e-19,0.0
1.1054132e-16,0.0
6.4240313e-16,0.0
1.4839919e-18,0.0
1.0481498e-17,0.0
4.3142895e-31,0.0
4.327752e-18,0.0
1.9517424e-18,0.0
3.7840457e-18,0.0
7.519485e-23,0.0
1.5414425e-18,0.0
8.709574e-19,0.0
3.8996116e-17,0.0
2.2968155e-23,0.0
9.735665e-28,0.0
4.082333e-17,0.0
1.8576463e-19,0.0
1.9066385e-19,0.0
7.1023704e-18,0.0
1.0766727e-15,0.0
4.750117e-17,0.0
2.4185994e-18,0.0
6.5640416e-16,0.0
1.558548e-18,0.0
6.6092116e-18,0.0
1.579696e-17,0.0
1.361924e-16,0.0
5.613737e-21,0.0
9.4067434e-18,0.0
3.1794648e-20,0.0
1.1429853e-16,0.0
3.0139582e-19,0.0
5.1506743e-19,0.0
5.180177e-17,0.0
1.0134598e-16,0.0
5.139747e-17,0.0
1.9826463e-16,0.0
1.0801288e-14,0.0
1.1268114e-16,0.0
5.010943e-18,0.0
2.0826896e-18,0.0
4.1877624e-16,0.0
9.913798e-20,0.0
8.578021e-17,0.0
3.4104076e-18,0.0
5.8312353e-16,0.0
1.8186827e-18,0.0
9.041271e-18,0.0
8.4514163e-16,0.0
7.7764695e-21,0.0
5.586615e-18,0.0
1.9353447e-16,0.0
2.1089536e-17,0.0
7.2299794e-17,0.0
2.2646937e-16,0.0
1.5674926e-13,0.0
1.2699516e-16,0.0
5.4457066e-16,0.0
1.9231354e-16,0.0
2.9389533e-13,0.0
4.415351e-17,0.0
2.8272425e-17,0.0
2.9854225e-17,0.0
1.36103e-17,0.0
5.098691e-20,0.0
1.233474e-16,0.0
6.080292e-17,0.0
2.4541929e-20,0.0
2.8306662e-15,0.0
4.864324e-16,0.0
4.3304835e-15,0.0
6.9576815e-22,0.0
2.4325131e-20,0.0
1.9143667e-16,0.0
2.378443e-14,0.0
4.8057433e-17,0.0
3.4023788e-17,0.0
7.4385504e-22,0.0
8.454217e-17,0.0
2.78546e-17,0.0
4.592159e-13,0.0
7.5249073e-16,0.0
8.614159e-24,0.0
4.2103435e-18,0.0
6.1484857e-19,0.0
1.1895458e-17,0.0
8.760394e-18,0.0
5.733748e-13,0.0
8.7289275e-20,0.0
1.2219816e-15,0.0
3.830103e-15,0.0
3.6175606e-17,0.0
1.7219288e-16,0.0
2.9379387e-17,0.0
7.675482e-18,0.0
2.4991846e-18,0.0
2.030728e-20,0.0
3.1482453e-18,0.0
3.1873006e-18,0.0
1.116283e-15,0.0
1.5424625e-15,0.0
4.42987e-20,0.0
8.0387514e-16,0.0
2.920362e-17,0.0
8.474879e-18,0.0
8.594824e-17,0.0
3.794544e-16,0.0
1.2063722e-16,0.0
1.6679824e-17,0.0
2.270855e-22,0.0
3.4724895e-25,0.0
9.948641e-22,0.0
1.3386932e-24,0.0
1.2469227e-18,0.0
4.637154e-20,0.0
3.4925965e-21,0.0
2.3148498e-21,0.0
1.9112606e-21,0.0
2.245613e-16,0.0
2.2293764e-18,0.0
2.7234777e-18,0.0
1.2268888e-18,0.0
2.3920536e-19,0.0
4.1457145e-19,0.0
3.024628e-16,0.0
1.5293843e-16,0.0
3.5575693e-22,0.0
2.0239203e-22,0.0
6.13962e-21,0.0
7.443164e-18,0.0
4.253838e-17,0.0
7.0479293e-19,0.0
1.7079813e-16,0.0
1.0031893e-17,0.0
3.6255455e-17,0.0
1.1111582e-17,0.0
2.3101108e-15,0.0
2.0333423e-18,0.0
1.183054e-21,0.0
7.741378e-18,0.0
1.7826288e-18,0.0
8.386091e-17,0.0
2.5465233e-18,0.0
1.29138254e-17,0.0
1.3428729e-15,0.0
3.731097e-18,0.0
3.2459054e-16,0.0
5.8599475e-19,0.0
3.3752834e-17,0.0
2.6425578e-17,0.0
2.5870962e-20,0.0
2.4080241e-16,0.0
8.572429e-24,0.0
3.0646976e-16,0.0
1.2743324e-18,0.0
5.477096e-26,0.0
2.2299305e-17,0.0
1.0600567e-16,0.0
1.5632681e-20,0.0
3.2876578e-20,0.0
6.1110292e-18,0.0
2.8170889e-18,0.0
2.5488266e-18,0.0
1.3113667e-20,0.0
3.5968339e-19,0.0
