0.6767895,1.0
2.6999263e-05,0.0
0.19121054,1.0
0.00014671683,0.0
0.0039901733,0.0
0.0042477846,0.0
0.0010406375,0.0
0.008270949,0.0
0.008469373,0.0
0.00060242414,0.0
0.008188784,0.0
0.0072090924,0.0
0.00030475855,1.0
0.0014370084,0.0
0.00019815564,0.0
0.009195089,0.0
0.00029736757,0.0
0.6767895,1.0
0.0173046,0.0
0.014365673,0.0
0.6767895,1.0
0.0042339563,0.0
0.010459632,0.0
0.00016310811,0.0
0.1774058,0.0
0.0044059455,0.0
0.03848648,0.0
0.00028571486,1.0
0.0040444136,0.0
0.0013831556,0.0
5.233065e-05,0.0
0.03849846,0.0
0.0012910366,0.0
0.015533417,0.0
0.017673373,0.0
0.0068235397,0.0
0.0037516654,0.0
2.641211e-05,0.0
0.00019973516,0.0
0.14250797,0.0
0.00020468235,0.0
0.0021908581,1.0
0.0035763085,0.0
0.0051791966,0.0
0.016261995,0.0
0.09058252,0.0
0.0065186024,0.0
0.029764533,0.0
0.0005234182,0.0
0.004261434,0.0
1.1751439e-05,0.0
0.010109544,0.0
0.0585545,0.0
0.065458566,0.0
0.0006519556,0.0
0.02172926,0.0
0.007521957,0.0
0.024805099,0.0
0.022068918,0.0
0.00072428584,0.0
0.18392581,0.0
0.005436003,0.0
0.001102984,0.0
0.010903001,0.0
0.011805981,0.0
0.011547267,1.0
0.00042426586,0.0
0.008537173,0.0
0.31667054,0.0
0.003175944,0.0
0.0018951595,0.0
0.00542143,0.0
0.0921143,0.0
0.024875224,0.0
0.0014871061,0.0
0.0005044639,0.0
7.986674e-05,0.0
0.0022702813,0.0
0.021502376,0.0
0.071944565,0.0
0.0009134412,0.0
0.0008107722,0.0
0.068222165,0.0
0.0021973252,0.0
0.09405929,0.0
0.003116846,0.0
0.0024499595,0.0
0.012696177,0.0
0.00285846,0.0
0.0023186803,0.0
0.03223145,0.0
0.00053587556,0.0
0.0012981296,0.0
0.014823556,0.0
0.01946637,0.0
0.05214393,0.0
3.921912e-05,0.0
0.021251738,0.0
0.0024995804,0.0
0.0001269877,0.0
0.0029081702,0.0
0.006284386,0.0
0.008375376,0.0
0.32785583,0.0
0.0021130145,0.0
0.009974152,0.0
0.008739531,0.0
0.00012600422,0.0
0.00010966721,0.0
0.018151015,0.0
0.032773912,0.0
0.00020778179,0.0
0.002381742,0.0
9.0856556e-05,0.0
0.0037329197,0.0
0.0077494085,0.0
0.00018376112,0.0
0.0011219978,0.0
0.6767895,1.0
0.0020934045,0.0
0.036542952,0.0
0.04200253,0.0
8.9735804e-05,0.0
0.07673988,0.0
0.013185859,0.0
0.013321757,0.0
0.00050505996,0.0
0.020945698,0.0
0.053119212,0.0
0.0059082806,0.0
0.00040987134,0.0
0.0013407767,1.0
0.0021692812,1.0
0.11343181,0.0
0.07509762,0.0
0.021866977,0.0
0.05675906,0.0
0.0014151037,0.0
0.008426875,0.0
0.0006903112,0.0
0.005880952,0.0
0.22690275,0.0
0.00063595176,0.0
0.05867061,0.0
0.30654618,0.0
0.07100958,0.0
0.0037879348,0.0
0.0048915446,0.0
0.030264944,0.0
0.00053060055,0.0
0.011030465,0.0
0.09135869,0.0
0.01276347,0.0
0.019163758,0.0
0.0004672408,0.0
0.00029790401,0.0
0.0051864684,0.0
0.032566518,0.0
0.023254395,0.0
0.043091714,0.0
0.11490053,0.0
0.0018202662,0.0
0.01893416,0.0
0.0085372925,0.0
0.014742345,0.0
0.0033140182,0.0
0.0008262992,0.0
0.022239149,0.0
0.00043660402,0.0
0.00043830276,0.0
0.23547655,0.0
0.0006031096,0.0
0.004210353,0.0
0.014052808,0.0
0.12769914,0.0
0.00041759014,0.0
0.024722397,0.0
0.007068664,0.0
0.012688279,0.0
0.003243059,0.0
0.008266598,0.0
0.0031785667,0.0
0.005954027,0.0
0.004763931,0.0
0.002688378,0.0
0.21838915,0.0
0.0040513575,0.0
0.03169164,0.0
0.0004376769,0.0
0.001091212,0.0
0.00019437075,0.0
0.0026221573,0.0
0.03013444,0.0
0.025831848,0.0
0.0065695643,0.0
0.0006584227,0.0
0.0514971,0.0
0.0016581416,0.0
0.16287065,0.0
0.025429487,0.0
6.982496e-05,0.0
0.016855985,0.0
0.0077094734,0.0
0.025830328,0.0
0.0020818114,0.0
0.10569519,0.0
0.029583305,0.0
0.007489413,0.0
0.0023713112,0.0
0.034279555,0.0
0.026177138,0.0
0.0036753714,0.0
0.09314087,0.0
0.30089027,0.0
0.0005955696,0.0
0.20478684,0.0
0.008791178,0.0
0.004361123,0.0
0.0006788671,0.0
0.019566953,0.0
0.018960267,0.0
0.09908253,1.0
0.02428314,0.0
5.00588e-05,0.0
0.0004454553,0.0
0.01988396,0.0
0.037968516,0.0
0.00089749694,0.0
0.0849202,0.0
0.00016179681,0.0
0.00033041835,0.0
0.0018559992,0.0
0.00606063,1.0
0.032372564,0.0
0.0020313263,0.0
0.0008431971,0.0
0.0012597144,0.0
0.6760984,1.0
0.012377679,0.0
0.0022911131,0.0
0.17036879,0.0
0.022502095,0.0
0.0018811822,0.0
0.10186994,0.0
0.00029221177,0.0
0.012929022,0.0
0.057144046,0.0
0.053951204,0.0
0.0040146112,0.0
0.045194477,0.0
0.0016990304,0.0
0.0025749803,0.0
0.029356927,1.0
0.024695516,0.0
0.23709556,0.0
0.043379992,0.0
0.013109744,0.0
0.0004284382,0.0
0.003103733,0.0
0.00056117773,0.0
0.04116422,0.0
0.6767895,1.0
0.05145991,0.0
0.00022059679,0.0
0.00042659044,0.0
0.0031864643,0.0
0.029590547,0.0
0.048374385,0.0
0.008481175,0.0
0.016608357,0.0
0.002044022,0.0
0.026371688,0.0
0.005250424,0.0
0.21444502,0.0
0.016747952,0.0
0.0031081736,0.0
0.01557529,0.0
0.0476951,0.0
0.021778613,0.0
0.0476259,0.0
0.138753,0.0
0.00049832463,0.0
0.0029392838,0.0
0.0076292753,0.0
0.03718084,0.0
0.012489915,0.0
0.0038754046,0.0
0.0004736185,0.0
0.0015453994,0.0
0.09636104,0.0
0.04083705,0.0
0.12727651,0.0
0.02304393,0.0
0.042051375,0.0
0.0052420497,0.0
0.0011742711,0.0
0.00087565184,0.0
0.22836903,0.0
0.0077858567,0.0
0.009139329,0.0
0.009442091,0.0
0.015083224,0.0
0.018252969,0.0
0.00039964914,0.0
0.0005837977,0.0
0.00013890862,0.0
0.025666893,0.0
0.022251964,1.0
0.010732621,0.0
0.047730416,0.0
0.019925237,0.0
0.0012612343,0.0
0.060209095,0.0
0.011996001,0.0
0.010382831,0.0
0.0009774268,0.0
0.6767895,1.0
0.018805861,0.0
0.010466307,0.0
0.0071222484,0.0
0.012979776,0.0
0.0061022043,0.0
0.038619787,0.0
0.03068608,0.0
0.0054333806,0.0
0.03402397,0.0
0.0056150854,0.0
0.0016553104,0.0
0.00019869208,1.0
0.28044188,1.0
0.6767895,1.0
0.012236536,0.0
0.0166699,0.0
0.046219677,0.0
0.0035185814,0.0
0.0004787445,0.0
0.010915011,0.0
0.0043072104,0.0
0.15251976,0.0
0.00030764937,0.0
0.005167663,0.0
0.00438568,0.0
0.035165846,0.0
0.00023543835,0.0
0.00038474798,0.0
0.00046238303,0.0
0.12118748,0.0
0.00023517013,0.0
0.14740247,1.0
0.010040283,0.0
0.6767895,1.0
0.0017470419,0.0
0.15583676,0.0
0.062579006,0.0
0.016217291,0.0
0.03369209,0.0
0.036617845,0.0
0.13700703,0.0
0.013174444,0.0
0.07959688,0.0
0.0030980706,0.0
0.2921691,0.0
0.0018479526,0.0
0.0025773346,0.0
0.63884985,1.0
0.0006687939,0.0
0.00054353476,0.0
0.015162468,0.0
0.077219844,0.0
0.600891,1.0
0.2531009,0.0
0.03715545,0.0
0.6767895,1.0
0.042482346,0.0
0.0026755333,0.0
0.060537845,0.0
0.00045779347,0.0
0.0058921278,0.0
0.0127494335,0.0
0.6767895,1.0
0.26024795,0.0
0.040825427,0.0
0.00027766824,0.0
0.0067380965,0.0
0.0034460425,0.0
0.09981477,0.0
0.005915433,0.0
0.6767895,1.0
0.11310369,0.0
0.029644936,0.0
0.0043210387,0.0
0.017883867,0.0
0.22379488,0.0
0.0005877316,1.0
0.00089114904,0.0
0.034847528,0.0
0.013607323,0.0
0.19678995,0.0
0.21589133,1.0
0.00056135654,0.0
0.0030540824,0.0
0.037270576,0.0
0.07729542,0.0
2.3653049e-05,0.0
0.0022636354,0.0
0.12902683,0.0
0.0006340742,0.0
0.0025952756,0.0
0.009594679,0.0
0.12576032,0.0
0.0007492602,0.0
0.0052596033,0.0
0.0017160475,0.0
0.059465885,0.0
1.0064872e-05,0.0
0.0039512515,0.0
0.0015011132,0.0
0.0017135739,0.0
0.010539651,0.0
0.015337408,0.0
0.015015066,0.0
0.0062357485,0.0
0.0052095056,0.0
0.021026284,0.0
0.005130112,0.0
0.0047163665,0.0
0.0001245141,0.0
6.569408e-05,0.0
0.2246016,0.0
0.0023398995,0.0
0.008109093,0.0
0.057495266,0.0
0.12114182,0.0
0.393315,0.0
0.0022783875,0.0
0.037744284,0.0
0.00052016973,0.0
0.006919652,0.0
0.019871533,0.0
0.00016179681,0.0
0.030657232,0.0
0.004820794,0.0
0.005108893,0.0
0.0046156943,0.0
0.0015293658,0.0
0.005205691,0.0
0.2695048,1.0
0.0018514097,0.0
0.01690942,0.0
0.16896632,0.0
0.0026601255,0.0
4.9987524e-05,0.0
0.003996879,0.0
0.018816918,1.0
0.011708558,0.0
0.0013487935,0.0
0.0173527,0.0
0.6767895,1.0
0.037917912,0.0
0.5563983,0.0
0.10373351,0.0
0.00017824769,0.0
0.052559793,1.0
0.01970777,0.0
0.07171893,0.0
6.773859e-05,0.0
0.003016293,0.0
0.00031289458,0.0
0.17257434,0.0
0.02951923,0.0
0.0036307871,0.0
0.024895906,0.0
0.003295809,0.0
0.033029586,0.0
0.0011544824,0.0
0.0024091601,0.0
0.016428113,0.0
0.6767895,1.0
0.1308437,0.0
0.0059743524,1.0
0.022131383,0.0
0.004270494,0.0
0.0014460087,0.0
0.6767895,1.0
0.0036815107,0.0
0.016346246,0.0
0.027351439,0.0
0.13133067,0.0
0.033853948,0.0
0.0016286671,0.0
0.016962051,0.0
0.0002527535,0.0
0.0020112395,0.0
0.011410326,0.0
9.575566e-05,0.0
0.0026192963,0.0
0.07382065,0.0
0.0059351325,0.0
0.009713918,0.0
0.0074028373,0.0
0.092387825,0.0
0.051238775,0.0
0.00041380525,0.0
0.13394612,0.0
0.054896653,0.0
0.00046488643,0.0
0.09924269,0.0
0.3507139,0.0
2.8624721e-05,0.0
0.0602825,0.0
0.043085635,0.0
0.03662017,0.0
0.0060805976,0.0
0.047920763,0.0
0.011707246,0.0
0.07181096,0.0
0.00077557564,0.0
0.0034243166,0.0
0.038434178,0.0
0.0056993663,1.0
0.017695725,0.0
0.0466069,0.0
0.003481418,0.0
0.0051493943,0.0
0.06683305,0.0
0.00067073107,0.0
0.000977993,0.0
0.059231073,0.0
0.0005196035,0.0
0.0003876686,1.0
0.0014332831,0.0
0.065698296,0.0
0.04452005,0.0
0.07879272,0.0
0.0041864216,0.0
0.0043621063,0.0
0.02295047,0.0
0.0042217374,0.0
0.002621144,0.0
0.51992214,0.0
1.6228557e-07,0.0
0.05774656,0.0
0.09287748,0.0
0.05197695,0.0
0.00041279197,0.0
0.0026831925,0.0
0.0008922219,0.0
0.0015774667,0.0
6.9299946e-05,0.0
0.07635254,0.0
0.0030924082,0.0
0.003933847,0.0
0.017107487,0.0
0.0095975995,1.0
0.2149181,0.0
0.00045073032,0.0
0.0056453347,0.0
0.0053204,0.0
0.016068429,0.0
0.2097266,0.0
0.022825152,0.0
0.0004929304,0.0
0.0044083,0.0
0.038315028,0.0
0.052955866,0.0
0.0012218058,0.0
0.003685683,0.0
0.6767895,1.0
0.6280891,1.0
0.28501916,0.0
0.01204437,0.0
0.0044462383,0.0
0.02310577,0.0
0.027185977,0.0
2.9414805e-05,0.0
0.6767895,1.0
0.0017976761,0.0
0.031534106,0.0
0.013541698,0.0
0.0005993843,0.0
0.00031074882,0.0
0.0011652708,0.0
0.0009898245,0.0
0.6767895,1.0
0.00017559528,0.0
0.17025241,1.0
0.04250449,0.0
0.0064270794,0.0
0.00867033,0.0
0.5845482,1.0
0.006374091,0.0
0.023765087,0.0
0.016074568,0.0
0.0023604035,0.0
0.26323146,0.0
0.1495072,0.0
0.14103079,0.0
0.0027132332,0.0
0.00023683906,0.0
0.031634867,0.0
0.009742498,0.0
7.0544214e-05,0.0
0.04586649,0.0
0.015289605,0.0
0.0005146265,0.0
0.06175381,0.0
0.095318794,0.0
0.035568655,0.0
0.6767895,1.0
0.0077857077,0.0
0.0007940531,0.0
0.0013198853,0.0
0.05028847,0.0
2.8734345e-05,0.0
0.03897941,0.0
0.105063915,0.0
0.074704915,0.0
0.1336588,0.0
0.01384905,0.0
0.002905339,0.0
0.0003067255,0.0
0.00064086914,0.0
0.012835205,0.0
0.00017511845,0.0
0.0077004433,0.0
0.0033964217,0.0
0.010828525,0.0
0.029476851,0.0
0.02032131,0.0
0.04859376,0.0
0.41287693,0.0
0.014226168,0.0
0.20325294,0.0
0.15332332,0.0
0.0023153722,0.0
0.009603709,0.0
0.0020533204,0.0
0.003026396,0.0
0.0012103319,0.0
0.004269719,0.0
0.086800486,0.0
0.25779325,0.0
0.0014739633,0.0
0.006720543,0.0
0.013972402,0.0
0.06605342,1.0
0.017067224,0.0
0.0007264018,0.0
0.024232715,0.0
0.23319966,0.0
0.011263818,0.0
0.30500436,0.0
0.0012963116,0.0
0.0003067553,0.0
0.00038313866,0.0
0.6693654,1.0
0.064270645,0.0
0.38040936,0.0
0.15049687,0.0
0.03506571,0.0
0.0012126565,1.0
0.03299299,0.0
0.058281153,0.0
0.09431055,0.0
0.16125149,0.0
0.00015485287,0.0
0.0019789934,0.0
0.0029735267,1.0
0.014442176,0.0
0.004704058,0.0
0.5284037,1.0
0.085666895,0.0
0.08174628,0.0
9.280572e-06,1.0
0.08004472,0.0
0.007199228,0.0
0.0156475,0.0
0.026749521,0.0
0.007000327,0.0
0.0004734099,0.0
0.057294667,0.0
0.012386352,0.0
0.027602315,0.0
0.0142121315,0.0
0.0005724728,0.0
0.067795426,0.0
0.018388659,0.0
0.002372712,0.0
0.020002007,0.0
0.0040750206,0.0
0.006962925,1.0
0.05116123,0.0
0.00026524067,0.0
9.160295e-05,0.0
0.007806629,0.0
0.00037050247,0.0
0.6767895,1.0
0.0131706,0.0
0.016498864,0.0
0.22920287,0.0
0.0058149695,0.0
0.31139016,0.0
0.08214125,0.0
0.0010179281,0.0
0.074852794,0.0
0.017591834,0.0
0.035330325,0.0
0.0056396127,0.0
0.04185927,0.0
0.39000028,1.0
0.6767895,1.0
0.0018883348,0.0
0.08488992,0.0
0.002638191,0.0
0.013425797,1.0
0.14268559,0.0
0.00018063188,0.0
0.011604488,0.0
0.0007555485,0.0
0.004168719,0.0
0.363235,0.0
0.12284225,0.0
0.0010914505,0.0
0.004641235,0.0
0.0028977096,0.0
0.01947096,0.0
0.0006774664,0.0
0.0011994541,0.0
0.002060026,0.0
0.0031169355,0.0
0.00021746755,1.0
0.1765534,0.0
0.003283441,0.0
0.2054964,0.0
0.007078588,0.0
0.023831248,0.0
0.0014470518,0.0
0.06968123,0.0
0.001206994,0.0
5.583142e-05,0.0
0.0027506351,0.0
0.013085663,0.0
0.005071044,0.0
0.04678017,0.0
0.022176534,0.0
0.0052700043,0.0
0.0026881099,0.0
0.012729287,0.0
0.10058543,0.0
0.0024366677,0.0
0.0010714233,0.0
0.0011662543,0.0
0.00053438544,0.0
0.22596413,0.0
0.015681475,0.0
0.6767895,1.0
0.002023816,0.0
0.016840428,0.0
0.017509133,0.0
0.017395884,0.0
0.012164891,0.0
0.083541214,0.0
0.0005322099,0.0
0.0007914007,0.0
0.0006727278,0.0
3.093126e-05,0.0
0.2736024,0.0
0.0048457384,0.0
0.4826886,0.0
0.6219379,1.0
0.0004158616,0.0
0.11350137,0.0
0.12668037,0.0
0.0949381,0.0
0.048554897,0.0
0.002573222,0.0
0.002293557,0.0
0.011435598,0.0
0.017233104,0.0
0.085573345,0.0
0.019191533,0.0
0.001648426,0.0
0.036308557,0.0
0.05183512,0.0
0.015211076,0.0
0.008103013,1.0
0.056340724,0.0
0.00042840838,0.0
0.000174433,0.0
0.05616486,0.0
0.035922974,0.0
0.048274517,0.0
0.0044113398,0.0
0.003256768,0.0
8.409375e-05,0.0
0.004580021,0.0
0.03959772,0.0
0.0011262894,0.0
0.0003017187,0.0
0.027872592,0.0
0.027831733,0.0
0.00025773048,0.0
0.0014458597,0.0
0.0013864934,0.0
0.003696531,0.0
0.04083261,0.0
0.03905633,0.0
0.022360027,0.0
0.0026640892,0.0
0.015599906,0.0
0.021413267,0.0
0.00014394522,0.0
0.000539124,0.0
0.011238128,0.0
0.0021797419,0.0
0.0017384291,0.0
0.08290741,0.0
0.028537959,0.0
0.6767895,1.0
0.023947418,0.0
0.0016001165,0.0
0.00267303,0.0
0.006498188,0.0
0.002801329,0.0
0.002098143,0.0
0.0030307472,0.0
0.0015964508,0.0
0.20174363,0.0
0.018682301,0.0
8.493358e-05,0.0
0.024804652,0.0
0.00023031235,0.0
0.0017085373,0.0
0.011089146,0.0
0.011176795,0.0
0.0027574599,0.0
0.0519464,0.0
4.508324e-05,0.0
0.5933797,1.0
0.037120283,0.0
0.0017963648,0.0
0.0008432269,0.0
0.0004016161,0.0
0.0008997023,0.0
0.6767895,1.0
0.0064486265,0.0
0.0292525,0.0
0.029932499,0.0
0.0033676028,0.0
0.00077956915,0.0
0.0008224845,0.0
0.5674747,0.0
0.006085962,0.0
0.007371396,0.0
0.095767856,0.0
0.00019529462,0.0
0.08095339,1.0
0.006141126,0.0
0.0010091066,0.0
2.973022e-05,0.0
0.0012746453,0.0
0.0002245009,1.0
0.021070123,0.0
0.0015909374,1.0
0.6767895,1.0
0.012144357,0.0
0.01775062,0.0
0.0015985072,0.0
0.0009692013,0.0
0.01795891,0.0
0.009327918,0.0
0.024113774,0.0
0.00028964877,0.0
0.0033257306,0.0
0.23354691,0.0
0.0033261776,1.0
0.0010631979,0.0
0.022000581,0.0
0.20603961,0.0
0.009888619,0.0
0.0896678,0.0
0.008374631,0.0
0.00085783005,0.0
0.0016308427,0.0
0.00058698654,0.0
7.0165865e-05,0.0
0.0021623373,0.0
0.0135187805,0.0
0.6767895,1.0
0.0022055805,0.0
0.6767895,1.0
0.00026917458,0.0
0.014731318,0.0
0.037887096,0.0
0.011908025,0.0
0.19245899,0.0
0.0028370619,0.0
0.112404376,0.0
0.01215741,0.0
0.0032957494,0.0
0.046356916,0.0
0.016827703,0.0
0.18202582,0.0
0.006786287,0.0
0.026229233,0.0
0.0003219247,0.0
0.012227923,0.0
0.07711291,0.0
0.019746482,1.0
0.12429157,0.0
1.130176e-06,0.0
0.0041742325,0.0
0.0219419,0.0
0.0021637082,0.0
0.0020685494,0.0
0.012066603,0.0
0.0015604794,0.0
0.001093328,0.0
0.039213896,0.0
0.004813999,0.0
0.12559158,0.0
0.6767895,1.0
0.0022145808,0.0
4.702199e-05,0.0
4.512389e-05,0.0
0.008749902,0.0
0.12317023,0.0
0.0033991337,0.0
0.17682526,0.0
0.0375475,0.0
0.0012153685,0.0
0.024901092,0.0
0.00044327974,0.0
0.0034111738,0.0
0.0018672049,0.0
0.0062657893,0.0
0.0012462139,0.0
0.0018217564,0.0
0.009618551,0.0
0.08672166,0.0
0.00047516823,0.0
0.00035569072,0.0
0.2081632,0.0
0.3463701,0.0
0.00070372224,0.0
0.044076562,0.0
0.0077744126,0.0
0.008063108,0.0
0.009000242,0.0
0.020617872,0.0
0.00015053153,0.0
0.011597753,0.0
0.035167277,0.0
0.009172738,0.0
0.00061902404,0.0
0.0011943281,0.0
0.0018642545,0.0
0.1674566,0.0
0.044564992,0.0
0.0013801455,0.0
0.020293146,0.0
0.04464662,0.0
0.0015633702,0.0
0.006929338,0.0
0.014317006,0.0
0.015170991,0.0
0.07537457,0.0
0.008571386,0.0
0.67538416,1.0
0.04264912,0.0
0.0012662709,0.0
0.0028928518,0.0
0.004950851,0.0
0.0005006194,0.0
0.01954341,0.0
0.011454701,0.0
0.004031807,0.0
0.03654805,0.0
0.025916934,0.0
0.07603413,0.0
0.13458893,0.0
0.003552258,0.0
0.00031650066,0.0
0.008340359,0.0
0.011052728,0.0
0.014003843,0.0
0.31806362,0.0
0.09947106,0.0
0.01738602,0.0
4.65847e-05,0.0
0.0042855144,0.0
0.007748723,0.0
0.39549106,0.0
0.04393518,0.0
0.006622106,0.0
0.0062014163,0.0
0.12758678,0.0
0.011195242,0.0
0.0034434795,0.0
0.3643247,0.0
0.084914595,0.0
0.0065609813,1.0
8.17491e-05,0.0
0.00030356646,0.0
0.13217467,0.0
0.0008586049,0.0
0.0012692511,0.0
0.015753537,0.0
0.00012100207,0.0
0.6767895,1.0
0.03411019,0.0
0.0010487735,0.0
0.02486968,0.0
0.009767294,0.0
0.002548337,0.0
0.00205943,0.0
0.0020301342,0.0
0.00027891994,0.0
0.02924323,0.0
0.00929454,0.0
0.006503612,0.0
0.005172968,0.0
0.065764725,0.0
0.00058063865,0.0
0.0024115145,0.0
0.01677838,0.0
0.00024852157,0.0
0.00056001544,0.0
0.0009964705,0.0
0.03952682,0.0
0.02429071,0.0
0.004416883,0.0
0.039213866,0.0
0.0034259558,0.0
0.00065273046,0.0
0.010077864,0.0
0.0010509491,0.0
0.03056103,0.0
0.0183703,0.0
0.06936741,0.0
0.010058194,0.0
0.11372724,0.0
0.001725018,0.0
4.6831385e-05,0.0
2.6593736e-05,0.0
0.031111658,0.0
0.029831737,0.0
0.025731951,0.0
0.017447293,0.0
0.008371502,0.0
0.15650243,0.0
0.03100136,0.0
0.0030219257,0.0
0.00070109963,0.0
0.00010468501,0.0
0.008264512,0.0
0.005541712,1.0
0.0067760646,0.0
0.049113125,0.0
0.09297204,0.0
0.0749504,0.0
0.002983421,0.0
0.036539108,0.0
0.0042417347,0.0
0.00041469932,0.0
0.07349181,0.0
0.0048705637,0.0
0.010215342,0.0
0.0025494397,0.0
0.050267696,0.0
0.12761092,0.0
0.003581822,0.0
0.563841,1.0
0.0031188726,0.0
0.00015622377,0.0
0.00906235,0.0
0.010998011,0.0
0.3413955,0.0
0.03982997,0.0
0.0068808794,0.0
0.6767895,1.0
0.0074312687,0.0
0.002540797,1.0
0.04925862,0.0
0.013205856,0.0
0.6767895,1.0
0.6766383,1.0
0.0068126023,1.0
0.0006878674,0.0
0.6767895,1.0
0.0034411848,0.0
0.6767895,1.0
0.011005312,0.0
0.089057714,0.0
0.0023617148,0.0
0.000587821,0.0
0.101273775,0.0
0.0010053217,0.0
0.026464969,0.0
0.032490045,0.0
0.020113915,0.0
0.016255349,0.0
0.006151825,0.0
0.0032992065,0.0
0.00022822618,0.0
0.030498773,0.0
0.001150161,1.0
0.015421569,0.0
0.024034351,0.0
0.10781866,0.0
0.10458568,0.0
0.061829537,0.0
0.0019659698,0.0
0.09893659,0.0
9.265446e-05,0.0
0.011885881,0.0
0.00066024065,0.0
0.07703853,0.0
0.0110501945,0.0
0.04584971,0.0
0.6767895,1.0
0.011158735,0.0
0.004814446,0.0
0.0037620962,0.0
0.00042280555,0.0
0.06393212,0.0
0.010225654,1.0
0.010684609,0.0
0.029985696,0.0
0.020703644,0.0
0.019143581,0.0
0.0009614229,0.0
0.6767895,1.0
0.0062442124,0.0
0.05150777,0.0
0.00065246224,0.0
0.031192154,0.0
0.016350687,0.0
7.02718e-05,0.0
0.020742834,0.0
0.0013635457,0.0
0.025077254,0.0
0.067299604,0.0
0.008800387,0.0
0.022292644,0.0
0.0017560422,0.0
0.0005005002,0.0
0.08031863,0.0
0.6767895,1.0
0.009388566,0.0
0.0548968,1.0
0.0018829107,0.0
0.3581375,0.0
0.012177616,0.0
7.2094364e-05,0.0
0.6767895,1.0
0.031692088,0.0
0.021679312,0.0
0.00033569336,0.0
0.00096064806,0.0
0.007788509,0.0
0.0009165704,0.0
0.003094554,0.0
0.009739429,0.0
0.0014995039,0.0
0.002815336,0.0
0.0037620068,0.0
0.15258855,0.0
0.002924025,0.0
0.0018882751,0.0
9.92091e-05,0.0
0.36494493,0.0
0.01199922,0.0
0.0071958303,0.0
0.073177576,0.0
0.024305552,0.0
0.00059071183,0.0
0.024597585,0.0
0.65332836,1.0
0.029560864,0.0
0.00014147162,0.0
0.0042374134,0.0
0.007828951,0.0
2.8994862e-05,0.0
0.04434064,0.0
3.647232e-05,0.0
5.651282e-05,0.0
0.0031833053,0.0
0.0007210672,0.0
0.025587857,0.0
0.110122204,0.0
0.050714284,0.0
0.037447333,0.0
0.1322723,0.0
0.017962873,0.0
0.0058444142,0.0
0.030939192,0.0
0.0018476546,0.0
0.6767895,1.0
0.00090914965,0.0
0.6767895,1.0
0.0004671216,0.0
0.08848038,0.0
0.003387183,0.0
0.000687629,0.0
0.021062285,0.0
6.5127664e-05,0.0
0.2972259,1.0
0.0008971691,1.0
0.17335334,0.0
0.035417527,0.0
0.012034148,0.0
0.011815846,0.0
0.012064666,0.0
0.15208218,0.0
0.31681278,1.0
0.6445867,1.0
0.00010384519,0.0
0.12799734,0.0
0.004701376,0.0
0.036617935,0.0
0.00046658516,0.0
0.00051033497,0.0
0.0014473796,0.0
0.039495498,0.0
0.609735,1.0
0.114730656,0.0
0.073583096,0.0
0.00021585822,0.0
0.004994452,0.0
0.6767895,1.0
0.6767895,1.0
0.0016952157,0.0
0.0010021329,0.0
0.00064110756,0.0
0.34928843,0.0
0.045591265,0.0
0.08628872,0.0
0.17759281,0.0
0.014150262,0.0
0.032289714,0.0
0.0012602508,0.0
0.0004313588,0.0
0.006584823,0.0
0.064339906,1.0
0.0008174181,0.0
0.00028687716,0.0
0.03391984,0.0
0.019438297,0.0
0.022616506,0.0
0.00091171265,0.0
2.6978749e-05,0.0
0.001391232,0.0
0.002819717,0.0
0.009997249,0.0
0.019345194,0.0
0.0010471642,0.0
0.002983123,0.0
0.015039533,0.0
0.037320733,1.0
0.01991427,0.0
0.024583578,0.0
0.05223587,0.0
0.30432618,0.0
0.013833076,0.0
0.003139764,0.0
0.00091171265,0.0
0.0010016263,0.0
0.22422376,0.0
0.03552091,0.0
0.0006994009,0.0
0.010871857,0.0
0.020681798,0.0
0.06267795,0.0
0.020898938,0.0
0.00018382072,0.0
9.297063e-05,0.0
0.020178407,0.0
0.00507167,0.0
0.01183638,0.0
0.114519626,0.0
0.018727332,0.0
0.6767895,1.0
0.0015835464,0.0
0.0061240494,0.0
0.04110807,0.0
0.015353084,0.0
0.030083358,0.0
0.001465112,1.0
0.002760291,0.0
0.036961764,0.0
0.0053818226,0.0
0.00027278066,0.0
0.007996857,0.0
0.026637912,0.0
0.0027694702,0.0
0.0027900636,0.0
0.008043081,0.0
0.26021612,0.0
0.012259662,0.0
0.22094637,0.0
0.015394032,0.0
0.0025081933,0.0
0.058877736,0.0
0.035714358,0.0
0.0047135055,0.0
0.05982238,0.0
0.0022071898,0.0
0.0072173476,0.0
0.0013347566,0.0
0.6691234,1.0
0.57406104,1.0
0.28047276,0.0
0.010810345,0.0
2.5974769e-05,0.0
0.0005528629,0.0
0.032342613,0.0
0.048977286,0.0
0.0014847219,0.0
0.017845184,0.0
0.00010519712,0.0
0.009854287,0.0
0.17615572,1.0
0.033509493,0.0
0.0062054098,0.0
0.0003656745,0.0
0.030524552,1.0
0.0677461,0.0
0.04799983,0.0
0.00033834577,0.0
0.0069477856,0.0
0.08510354,0.0
0.02470228,0.0
0.03304124,0.0
0.0015453398,0.0
0.006770551,0.0
0.11824688,0.0
0.00014436245,0.0
0.0014727712,0.0
0.007917732,0.0
0.0024503767,0.0
0.0006546974,0.0
0.00085902214,0.0
0.5392722,0.0
0.0058042407,0.0
0.0032125413,0.0
0.08096996,0.0
0.47893748,1.0
0.03125316,0.0
0.060127527,0.0
0.05377245,0.0
0.005023241,0.0
0.03953427,0.0
0.0024564266,0.0
0.098362744,0.0
0.002111882,0.0
0.01987055,0.0
0.008978605,0.0
0.012374818,0.0
0.0003477931,0.0
8.656729e-05,0.0
0.0015125275,0.0
0.0024580657,0.0
0.2231048,0.0
0.0018606186,0.0
5.8305228e-05,0.0
0.021274358,0.0
0.07186681,0.0
0.054233313,0.0
0.0076555014,1.0
0.010110438,0.0
0.0018723905,0.0
0.0816547,0.0
0.08731568,0.0
0.007289231,0.0
0.005477667,0.0
0.0705668,0.0
0.0009770691,0.0
0.0009406507,0.0
0.0020972192,0.0
0.00053551793,0.0
0.0005656183,0.0
0.051752985,0.0
0.020748883,0.0
0.6767895,1.0
0.062637836,0.0
0.024205565,0.0
0.002542138,0.0
0.0018808246,0.0
0.0017536879,0.0
0.6767895,1.0
0.004112512,0.0
0.00015375018,0.0
0.0026540458,0.0
0.17833441,0.0
0.050483525,0.0
0.00055113435,0.0
0.0015861094,0.0
0.11986968,0.0
0.023842692,0.0
0.08275226,0.0
0.6680479,1.0
0.6767895,1.0
0.04319775,0.0
0.0027243495,0.0
0.0072317123,0.0
0.20850289,0.0
0.00044071674,0.0
0.013319135,0.0
0.00037309527,0.0
0.00013199449,0.0
1.3883193e-05,0.0
0.0026454628,0.0
0.047227472,1.0
0.06259063,0.0
0.04460287,0.0
0.00026407838,0.0
0.009622872,0.0
0.6767895,1.0
0.0029743612,0.0
0.0010622442,0.0
1.5427013e-05,0.0
0.036105573,0.0
0.6767895,1.0
0.02955401,0.0
0.045567483,0.0
0.33560756,1.0
0.0001463592,0.0
0.001434207,0.0
0.003546685,0.0
0.002358973,0.0
0.0023660958,0.0
0.08178881,0.0
0.0005672872,0.0
0.039787382,0.0
0.0006406903,1.0
0.051938623,0.0
0.1568945,0.0
0.013872266,0.0
0.00033062696,0.0
0.012244731,0.0
0.20001921,1.0
0.6767895,1.0
0.00077852607,0.0
0.13220286,0.0
0.01158157,0.0
0.0006789565,0.0
0.0020736456,0.0
0.004113704,0.0
0.00970155,0.0
0.02231276,0.0
0.0595448,0.0
0.0008031428,0.0
0.007424921,0.0
0.0051627457,0.0
0.00498122,0.0
0.14410293,0.0
0.002191037,0.0
0.013017327,1.0
0.08328137,0.0
0.023246706,0.0
0.007242292,0.0
0.008901447,0.0
0.015719354,0.0
0.026193678,0.0
0.049886525,0.0
0.00056147575,1.0
0.06899837,0.0
0.14118132,0.0
0.006350726,0.0
0.002306193,0.0
0.0042325854,0.0
0.0023279488,0.0
0.34742236,0.0
0.017865181,0.0
0.0014586151,0.0
0.01074791,0.0
0.0051056743,0.0
0.0011296868,0.0
5.16336e-05,0.0
0.1566486,1.0
0.00028690696,0.0
0.0064042807,0.0
0.0018249154,0.0
0.0031956732,1.0
0.1075446,0.0
0.00087466836,0.0
0.023885638,0.0
0.045898825,0.0
0.00080013275,0.0
0.010388106,0.0
0.0016662776,0.0
0.00603199,0.0
0.0016133189,0.0
0.0042772293,0.0
0.021461487,0.0
0.086673796,0.0
0.05974543,0.0
0.0025577247,0.0
0.003054589,0.0
0.015719026,0.0
0.31616545,0.0
0.0015342832,0.0
0.20700517,0.0
0.018242747,0.0
0.5570373,1.0
0.0028808415,0.0
8.9441295e-05,0.0
0.036174834,0.0
0.0056729913,0.0
0.005221665,0.0
0.0059093535,0.0
0.040281117,0.0
0.06386179,0.0
0.0029487014,0.0
0.00016626716,0.0
0.00040224195,0.0
0.0011699498,0.0
0.0024119318,1.0
0.6767895,1.0
0.0014952719,0.0
0.0004887879,0.0
0.006197214,0.0
0.0012561679,0.0
0.0042741597,0.0
0.069610775,0.0
0.057495415,0.0
0.004536122,0.0
0.013971716,0.0
0.006466955,0.0
0.036139905,0.0
0.009847909,1.0
0.012006491,0.0
0.0058518946,0.0
0.0075116158,0.0
0.0022621155,0.0
0.086265415,0.0
0.23768717,0.0
0.037135214,0.0
0.009458333,0.0
0.014685392,0.0
0.0005438924,0.0
0.000111999696,0.0
0.0056304634,0.0
0.07190424,0.0
0.0032708347,0.0
0.045892507,0.0
0.070528746,0.0
0.00062182546,0.0
0.003086269,0.0
0.0007401705,0.0
0.0019246042,0.0
0.0009659827,0.0
0.021905005,0.0
0.025731146,0.0
0.004898131,0.0
0.0012154579,0.0
0.032895416,0.0
0.0076961815,0.0
0.020963073,0.0
0.0017670095,0.0
5.014031e-05,0.0
0.005113274,0.0
0.0013594031,0.0
0.078701824,0.0
0.1901434,0.0
0.023960471,0.0
0.01641193,0.0
0.0039544404,0.0
0.0025071204,0.0
0.016257793,0.0
9.276126e-05,0.0
0.0002564788,0.0
8.1418046e-05,0.0
0.029443443,1.0
0.017925352,0.0
0.020866454,0.0
0.0923295,0.0
0.0043255985,0.0
0.01895234,0.0
0.033406407,0.0
0.019945264,0.0
0.00035569072,0.0
0.023569793,0.0
0.009242535,1.0
0.007200688,0.0
0.000392735,0.0
0.009725422,0.0
0.01996687,0.0
0.0014612973,0.0
0.00025328994,0.0
0.07479471,0.0
0.0009852052,0.0
0.004411012,0.0
0.026810795,0.0
0.0019841492,0.0
0.0031808615,0.0
0.0010326207,0.0
0.042516768,0.0
0.006163597,0.0
0.1267772,0.0
0.0057680607,0.0
0.0048255324,0.0
0.00023433566,0.0
0.3783508,0.0
0.031410635,0.0
0.0061774254,0.0
0.59830856,1.0
0.032111228,0.0
0.0011922121,0.0
0.00037407875,0.0
0.0050593317,0.0
0.015773892,0.0
0.00019103289,0.0
0.35927397,0.0
0.11115095,0.0
0.00042635202,0.0
0.0027592182,0.0
0.00022655725,0.0
0.020324618,0.0
0.00062838197,0.0
4.871584e-05,0.0
0.10235673,0.0
0.0039434433,0.0
0.36162725,0.0
0.18722129,0.0
7.346345e-05,0.0
0.033284515,0.0
0.002046585,0.0
0.0040337443,0.0
0.00522241,0.0
0.0013744235,0.0
0.0013327897,0.0
0.03250003,0.0
0.008583397,0.0
0.005851269,0.0
0.00017824769,0.0
0.001370728,0.0
0.058340102,0.0
0.02124545,0.0
0.0073895454,0.0
0.035526395,0.0
0.025247544,0.0
0.005827695,0.0
0.013166845,0.0
0.002297014,0.0
0.0014795363,0.0
0.008420825,0.0
0.18781137,0.0
0.016088247,0.0
0.018606424,0.0
0.00057956576,0.0
0.014552712,0.0
0.0001783967,0.0
0.0038718283,0.0
0.000705868,0.0
0.6767895,1.0
0.08893284,0.0
0.00036498904,0.0
0.0013152659,0.0
0.30681896,0.0
0.001209408,0.0
0.079768926,0.0
0.010409534,0.0
0.6767895,1.0
0.0006942451,0.0
0.1694721,0.0
0.19144854,0.0
0.0018337369,0.0
0.0060143173,0.0
0.003964722,0.0
0.07529479,0.0
0.00622043,0.0
0.00034752488,0.0
0.00022444129,0.0
0.016322702,0.0
0.2005023,0.0
0.00016632676,0.0
0.008314282,0.0
0.65544695,1.0
0.016417801,0.0
0.010660708,0.0
0.036505103,0.0
0.00035369396,0.0
0.005458206,0.0
0.0076615214,0.0
0.09151071,0.0
0.02251026,0.0
0.032060534,0.0
0.008467793,0.0
0.0057932734,0.0
0.32384914,0.0
3.7919913e-06,0.0
0.04641041,0.0
0.05035481,0.0
0.008319676,0.0
9.694203e-06,0.0
0.3009174,0.0
0.0014180541,0.0
0.009612113,0.0
0.018817782,0.0
0.006884575,0.0
0.005189091,0.0
0.001595676,0.0
0.0020784438,0.0
0.00011716553,0.0
0.00060245395,0.0
0.003010273,0.0
0.042079628,0.0
0.013666272,0.0
0.59865344,1.0
0.0015939772,0.0
0.0010065436,0.0
0.012134433,0.0
0.07884255,0.0
5.7913814e-05,0.0
0.028246254,0.0
0.0006300211,0.0
0.011285663,0.0
0.0025618374,0.0
0.035268813,0.0
0.027430475,0.0
0.00021207333,0.0
0.015548438,0.0
0.001757592,0.0
0.0018470287,0.0
0.01656288,0.0
0.050947994,0.0
0.15542454,0.0
0.0106809735,0.0
0.0038816333,0.0
0.034947485,0.0
0.021855861,0.0
0.08987215,0.0
0.02983749,0.0
0.01465562,0.0
0.043440074,0.0
0.020722657,0.0
0.01665461,0.0
0.09657866,0.0
0.0046165586,0.0
0.0015442073,0.0
0.0033488274,0.0
0.008997083,0.0
0.008839399,0.0
0.006064236,0.0
0.6767895,1.0
0.019209087,0.0
0.0011586249,0.0
0.00041741133,0.0
0.0010302663,0.0
0.0664877,0.0
0.04651591,0.0
0.08121538,0.0
0.0032295585,0.0
0.64234704,1.0
0.00083327293,0.0
0.095285416,0.0
0.007387489,0.0
0.089809656,0.0
0.047540396,1.0
0.045003682,0.0
0.000105790896,0.0
3.947944e-05,0.0
0.003532052,0.0
0.004227042,0.0
0.0016948879,0.0
0.0022569895,0.0
0.0008856356,0.0
0.6767895,1.0
0.00063943863,0.0
0.46325362,0.0
0.004832387,0.0
0.6767895,1.0
0.30856183,0.0
0.0004799962,0.0
0.007828027,1.0
0.023232043,0.0
0.03950748,0.0
0.007183194,0.0
0.15570268,1.0
0.1091139,0.0
0.014621675,0.0
0.011171848,0.0
0.2099244,0.0
0.15017232,1.0
0.019168615,0.0
0.078526765,0.0
0.6767895,1.0
0.010803461,0.0
0.09957981,0.0
0.14085987,0.0
0.00046941638,0.0
0.001940459,1.0
0.0027118921,0.0
0.0014918447,0.0
0.007276237,0.0
0.001804769,0.0
0.3810771,0.0
0.06689507,0.0
0.002690196,0.0
0.00093463063,0.0
0.0003491044,0.0
0.0019078851,0.0
5.922052e-05,0.0
0.6767895,0.0
0.0003733933,0.0
0.24064332,0.0
0.034401894,0.0
0.012576759,0.0
0.099603504,0.0
0.27033508,0.0
0.029952794,0.0
0.00034493208,0.0
3.208542e-05,0.0
0.0017618537,1.0
0.012101084,0.0
0.0010322332,0.0
0.0032327175,0.0
0.21220988,0.0
0.12920055,0.0
0.009616703,0.0
0.115961164,1.0
0.0898267,0.0
0.025128692,0.0
0.00036928058,0.0
0.010011733,0.0
0.015661001,0.0
0.017665774,0.0
0.026675373,0.0
0.0046285093,0.0
6.6442533e-07,0.0
0.0007096529,1.0
0.013728231,0.0
0.0055334866,0.0
0.027142763,0.0
0.00022441149,0.0
0.023273379,0.0
0.0885773,0.0
0.014452428,0.0
0.0003491938,0.0
0.065805405,0.0
0.0013722777,0.0
0.05771181,0.0
0.009938598,0.0
0.031573176,0.0
3.4671673e-05,0.0
0.000341475,0.0
0.003443271,0.0
0.00468418,0.0
7.6945216e-05,0.0
0.011893123,0.0
0.0075952113,0.0
0.6767895,1.0
0.0069098473,0.0
0.30585265,0.0
0.005228728,0.0
0.0001245439,1.0
4.555124e-05,0.0
0.0034281611,0.0
0.0022836328,0.0
0.6767895,1.0
0.64430815,1.0
0.027703524,0.0
0.054258555,0.0
0.005183071,0.0
0.18193826,0.0
0.04101464,0.0
5.943609e-05,0.0
0.04124239,0.0
0.07744527,0.0
0.0049098134,0.0
0.094814956,0.0
0.051121533,0.0
0.6767895,1.0
0.026811749,0.0
0.13079557,0.0
0.0008441508,0.0
0.0010294914,0.0
0.3791541,0.0
0.112538934,0.0
3.6063015e-05,0.0
0.0035196245,0.0
0.0024310052,0.0
0.008614361,0.0
0.018081129,0.0
0.04282874,0.0
0.6767895,1.0
0.033719152,0.0
0.0002914667,0.0
0.0006839335,0.0
0.0017463565,0.0
0.004271716,0.0
0.00031539798,0.0
0.019367486,0.0
0.09288657,0.0
0.31346858,0.0
0.0015108585,0.0
0.0026431382,0.0
0.008948147,0.0
0.25866765,0.0
0.0004209876,0.0
0.00083076954,0.0
0.08218318,0.0
0.003494978,0.0
0.0009679496,1.0
0.046382785,0.0
0.010278165,0.0
0.0027184486,0.0
0.0021776855,0.0
0.007899016,0.0
0.003247887,0.0
0.02261132,0.0
0.0040395856,0.0
0.0016329288,0.0
6.9752416e-05,0.0
0.049434036,0.0
0.27388343,0.0
0.14699817,0.0
2.1853495e-05,0.0
0.01222381,0.0
0.000479877,0.0
0.021536201,0.0
0.0072083175,0.0
0.40289015,1.0
2.1959018e-05,0.0
0.3060233,0.0
1.7244281e-05,0.0
0.023730874,1.0
0.12378883,0.0
0.000765115,0.0
0.08339298,0.0
0.024254978,0.0
0.6767895,1.0
0.0028939247,0.0
0.0034062564,0.0
0.5791696,1.0
0.16715083,0.0
0.0055142343,0.0
0.00016838312,0.0
0.004947096,0.0
0.00036862493,0.0
0.6767895,1.0
0.13195878,0.0
0.075149745,0.0
0.017113835,0.0
0.08798444,0.0
0.0017602444,0.0
0.00036644936,0.0
0.010273576,0.0
0.00022521615,1.0
0.1811955,0.0
0.0013038516,1.0
0.11615509,0.0
0.0070762634,0.0
0.11638996,0.0
0.009486288,0.0
0.026921988,0.0
0.017336339,1.0
0.001956284,0.0
0.05107367,1.0
0.037977815,0.0
0.0031626225,0.0
0.00044450164,0.0
0.00654912,0.0
0.00019800663,0.0
0.0021148026,0.0
0.0032987595,0.0
0.0774121,0.0
0.036212236,0.0
0.007708639,0.0
0.049233347,0.0
0.041725367,0.0
0.0297063,0.0
0.091919154,0.0
0.0008562207,0.0
0.0046538115,0.0
0.21936098,0.0
0.02444908,0.0
0.14735836,0.0
0.00014561415,0.0
0.00054234266,0.0
0.0007761717,0.0
0.058439344,0.0
0.30220333,0.0
0.004527718,0.0
0.22150135,0.0
0.011498928,0.0
0.0064329505,0.0
0.62338793,1.0
0.008383125,1.0
0.00017413497,0.0
0.29230827,0.0
0.0009870231,0.0
0.0031937957,0.0
0.005651176,0.0
0.016902924,0.0
0.4066787,0.0
0.049949348,0.0
0.04243806,0.0
0.021598667,0.0
0.000603348,0.0
0.06056294,0.0
0.008409977,0.0
0.03512174,0.0
4.693158e-05,0.0
0.0070368648,0.0
0.0023279488,0.0
0.004446596,0.0
0.039183676,0.0
0.07368776,0.0
0.003959626,0.0
0.008783042,0.0
0.0013427138,0.0
0.00095432997,0.0
2.4677935e-05,0.0
0.53418577,1.0
0.010435581,0.0
0.0007838905,0.0
0.11340049,0.0
0.00038853288,0.0
0.08566594,0.0
0.14044893,0.0
0.0015023947,0.0
0.0037807822,0.0
0.09496531,0.0
0.005961567,0.0
0.11710513,0.0
0.02663505,1.0
0.0012271106,0.0
0.043025553,0.0
7.2049374e-06,0.0
0.13074827,0.0
0.014566958,0.0
0.021681696,0.0
8.80695e-05,0.0
0.016650379,0.0
0.043030053,0.0
0.0017237663,0.0
0.2786744,0.0
0.020671815,0.0
0.039943695,0.0
0.000639379,0.0
0.031307846,0.0
0.0032820106,0.0
0.46862018,1.0
0.008852094,0.0
0.021544427,0.0
0.0013772845,0.0
0.6193763,1.0
0.0096336305,0.0
0.0028027892,0.0
0.0034286678,0.0
0.301758,0.0
0.005751848,0.0
0.047618598,0.0
0.12419915,0.0
0.06714368,0.0
0.0022310913,1.0
0.13854524,0.0
0.011417896,1.0
0.19748437,0.0
0.00215742,0.0
0.059488982,0.0
0.2400344,0.0
0.074970424,0.0
0.0025414228,0.0
0.002358228,0.0
0.6767895,1.0
0.03426802,1.0
0.37483972,1.0
0.0041502416,0.0
0.028416932,0.0
0.03649825,0.0
0.025042951,1.0
0.00056374073,0.0
0.11594722,0.0
0.033581078,0.0
0.006469846,0.0
0.0058217347,0.0
0.012271255,0.0
0.15239528,0.0
0.016662896,0.0
0.008436084,0.0
0.045463562,0.0
0.004251808,0.0
0.011991888,0.0
0.072132945,0.0
0.026499093,0.0
0.012640059,0.0
0.002211094,0.0
0.00086408854,0.0
0.041848272,0.0
0.00027927756,0.0
0.025041968,0.0
0.6767895,1.0
0.0027593672,0.0
0.00026535988,0.0
0.1197443,0.0
7.9488935e-05,0.0
0.00028818846,0.0
0.19338906,0.0
0.006914258,0.0
0.06510553,0.0
0.025192589,1.0
0.23390126,1.0
0.00017818809,0.0
0.002500534,0.0
0.020008057,0.0
0.12947872,0.0
0.0040435195,0.0
0.014194459,0.0
0.013038993,0.0
0.6767895,1.0
0.017890066,1.0
0.004820943,0.0
4.090694e-05,0.0
0.00071272254,0.0
0.0021299422,0.0
0.023061007,0.0
0.6767895,1.0
0.0011031032,0.0
0.034955323,0.0
0.0024203062,0.0
0.026139647,0.0
0.0010845363,0.0
0.004934162,0.0
0.4092899,0.0
0.0008933246,0.0
0.030021757,0.0
0.09454492,0.0
0.039917916,0.0
0.0003875494,0.0
0.021927655,0.0
0.00017243624,0.0
0.0004388094,0.0
0.01687622,0.0
0.018941939,0.0
0.0028833747,0.0
0.019439816,0.0
0.14582187,0.0
0.6519932,1.0
0.03384325,0.0
0.023244947,0.0
0.0028770268,0.0
0.0017151833,0.0
0.0072532,0.0
0.6767895,1.0
0.003491819,0.0
0.05012247,0.0
0.00053197145,0.0
0.012131453,1.0
0.01229471,0.0
0.0063412488,0.0
0.0217188,0.0
0.00014460087,0.0
0.0035320818,0.0
0.16938347,0.0
0.009964734,0.0
0.010570794,0.0
0.6767895,1.0
0.021666437,0.0
0.6767895,1.0
0.0045180917,0.0
0.6767895,0.0
0.03246665,0.0
0.0018570125,0.0
0.119930625,0.0
0.0030390024,0.0
0.039374918,0.0
0.0026297867,0.0
0.00039219856,0.0
0.054538578,0.0
0.005368769,0.0
0.00043848157,0.0
0.0025039911,0.0
0.071636796,0.0
0.00025430322,0.0
0.039737314,0.0
0.6767895,1.0
0.0031817555,0.0
0.009565443,0.0
0.0030444264,0.0
0.09710798,0.0
0.009303719,0.0
0.0052761137,0.0
0.016925484,0.0
0.0026691854,0.0
0.015980393,0.0
0.03370428,0.0
0.008916587,0.0
0.0026278496,0.0
0.0026201606,0.0
0.05821544,0.0
0.039661378,0.0
0.0019432306,0.0
0.018490016,0.0
0.13381767,0.0
0.019363344,1.0
0.004700154,0.0
0.033984095,0.0
0.005154878,0.0
0.0017724931,0.0
0.011925757,0.0
8.590394e-05,0.0
0.010202855,0.0
0.0020219684,0.0
0.00022038817,0.0
0.009776741,0.0
0.023757517,0.0
0.0051522553,0.0
0.014162511,0.0
0.049578965,0.0
0.07634574,0.0
0.002991259,0.0
0.0013278127,0.0
0.007257879,0.0
0.00018966198,0.0
0.09543362,0.0
0.088412374,0.0
0.019297957,0.0
0.002052039,0.0
0.075181186,0.0
0.046347916,0.0
0.00071662664,0.0
0.0005925596,0.0
0.048271358,0.0
0.0026866496,0.0
0.003041476,0.0
0.24915373,0.0
0.0009873211,0.0
0.14786306,0.0
0.09207931,0.0
0.04042551,0.0
0.08808234,0.0
0.003957689,0.0
0.19133216,1.0
0.023111403,0.0
0.0010947585,0.0
0.022371024,0.0
0.021729052,0.0
0.007848442,0.0
0.04231289,0.0
0.6767895,1.0
0.18653286,0.0
0.005230278,0.0
0.014871091,0.0
0.0003617704,0.0
0.00048023462,0.0
0.011629611,0.0
0.5818441,1.0
0.0058959424,0.0
0.0003323555,0.0
0.00066924095,0.0
0.029245734,0.0
0.23402116,1.0
0.011085302,0.0
0.03696084,0.0
0.08202538,0.0
0.08909914,0.0
0.0006262362,0.0
0.0034103096,0.0
0.00012740493,0.0
0.0042158067,0.0
0.003118813,0.0
0.002673775,0.0
0.0055787563,0.0
0.014009923,0.0
0.0076898634,0.0
0.01236853,0.0
0.020129472,0.0
0.08834165,0.0
0.10712585,0.0
0.000734061,0.0
6.900387e-06,0.0
0.08730808,0.0
5.9343995e-05,0.0
0.0001962781,0.0
0.010999143,0.0
0.0043624938,0.0
0.0029173493,0.0
0.0007299483,0.0
0.00035139918,0.0
0.13512677,0.0
0.17707741,0.0
0.020048529,0.0
0.00059631467,0.0
0.08365527,0.0
0.0005168617,0.0
0.0034104884,0.0
0.004831493,1.0
0.02953726,0.0
0.014126897,0.0
0.00023818016,0.0
0.01643318,0.0
0.0059655905,0.0
0.0021179914,0.0
0.011554658,0.0
0.0017558336,0.0
0.00017648935,0.0
0.047002375,0.0
0.0006724,0.0
0.00027653575,0.0
0.00046783686,0.0
0.00046116114,0.0
0.001152724,0.0
0.003748566,0.0
0.032488585,0.0
0.09296265,0.0
0.04686147,0.0
0.025229722,0.0
0.017883003,0.0
0.00078958273,0.0
0.00027278066,0.0
0.0001168999,0.0
0.00032159686,0.0
0.1394757,1.0
0.014714122,0.0
8.282412e-05,0.0
0.0038516521,0.0
0.10460299,0.0
0.0052799284,0.0
0.046938002,0.0
0.023489743,0.0
0.020926565,0.0
0.009549618,0.0
0.0007402897,0.0
0.0003350973,0.0
0.015668243,0.0
0.024019033,0.0
0.019294858,0.0
0.011873752,0.0
0.0035850108,0.0
0.0022767484,0.0
0.022119313,0.0
0.008546293,0.0
0.041610688,0.0
0.0016339123,0.0
0.010203719,0.0
0.0008573532,0.0
0.005085945,0.0
0.0007766783,0.0
0.00076049566,0.0
0.0056322217,0.0
0.0008277297,0.0
0.0026482344,0.0
0.08077285,0.0
0.0006556511,0.0
0.08649176,0.0
0.001993239,0.0
0.025960624,0.0
0.014031202,0.0
0.023847997,0.0
0.67509085,1.0
0.029580653,0.0
0.003477484,0.0
4.433458e-05,0.0
0.14793488,0.0
0.0148920715,0.0
0.041012973,0.0
0.0026846826,0.0
0.003528148,0.0
0.12838203,0.0
0.2054483,0.0
0.042337984,0.0
0.49639195,0.0
0.0007043481,0.0
0.01951024,0.0
0.30606216,0.0
0.0035270452,0.0
0.023007095,0.0
0.6767895,1.0
0.023872912,0.0
0.032193482,0.0
0.00043118,0.0
0.0059765875,0.0
0.026285112,0.0
0.014086753,0.0
0.12813002,0.0
0.0064461827,0.0
0.013718694,0.0
0.0034356415,0.0
0.33741862,1.0
7.239358e-05,0.0
0.00564453,0.0
1.6853206e-05,0.0
0.00094795227,0.0
0.015025467,0.0
0.029795915,0.0
0.0004041791,0.0
0.022248715,0.0
0.016703188,0.0
0.15187353,0.0
0.07490903,0.0
0.026260018,0.0
0.64276034,1.0
0.001024276,0.0
0.0013814867,0.0
0.00011221673,0.0
0.00042179227,0.0
0.00389269,0.0
0.011036247,0.0
0.0010815561,1.0
0.0004684925,0.0
0.010346532,1.0
0.0005929172,0.0
0.004216641,0.0
0.001381427,0.0
0.034451723,0.0
0.0092873275,0.0
0.0010328293,0.0
0.035269707,1.0
0.0013743937,0.0
0.019696027,0.0
0.0019511878,0.0
0.006439179,0.0
0.6767895,1.0
0.0030234158,0.0
0.0036748648,0.0
0.019777894,0.0
0.011628091,0.0
0.00051918626,1.0
0.030659676,0.0
0.13317761,1.0
0.004637897,0.0
0.0018661618,0.0
0.0012692511,0.0
0.0031346083,0.0
0.116349906,0.0
0.0097801685,0.0
0.03858766,0.0
0.011140168,0.0
0.060743928,1.0
0.0015502572,0.0
0.52014816,0.0
0.0021470785,0.0
0.03992012,0.0
0.009293616,0.0
0.041278243,0.0
0.0021592379,0.0
0.6767895,1.0
0.009809136,0.0
0.0005257726,0.0
0.052324563,0.0
0.000364393,0.0
0.014242351,0.0
0.0071192384,0.0
0.08963588,0.0
0.12093431,0.0
0.027956694,0.0
0.0023627281,1.0
0.033029914,0.0
0.0045265257,0.0
0.013815701,0.0
0.010094404,0.0
0.0009430945,0.0
0.009454638,0.0
0.001819402,0.0
0.006578207,0.0
0.04513839,0.0
0.00050345063,0.0
0.00063204765,0.0
0.16534922,0.0
0.3422101,0.0
0.6767895,1.0
0.000859946,0.0
0.06317511,0.0
0.0018681884,0.0
0.0030833483,0.0
0.05464685,0.0
0.00062412024,0.0
0.16508085,0.0
0.07156101,0.0
0.6767895,1.0
0.01717192,0.0
0.033085197,0.0
0.006480664,0.0
0.060516715,0.0
0.06568101,0.0
0.0020582378,0.0
0.03682214,0.0
0.008245409,0.0
0.027553707,0.0
0.0021839142,0.0
0.060520828,0.0
0.15164536,0.0
0.13266164,0.0
0.08096665,0.0
0.0036037266,0.0
1.7681288e-05,0.0
0.014631182,0.0
8.9707566e-05,1.0
0.0206348,0.0
0.005482286,0.0
0.12132636,0.0
0.019792557,0.0
0.3305549,0.0
0.04211822,0.0
0.019760758,0.0
0.03653595,0.0
0.03321415,0.0
0.0338158,0.0
0.011198193,0.0
0.0038733184,0.0
0.0016635954,0.0
0.0019874275,1.0
0.0042464733,0.0
0.6767895,1.0
0.27865523,0.0
0.043489486,0.0
0.0049723983,0.0
0.0014026463,0.0
0.006834477,0.0
0.036340952,0.0
0.0005211532,0.0
0.6767895,1.0
0.07675013,0.0
0.014127582,0.0
0.06370267,0.0
0.030850172,0.0
0.01577729,0.0
0.37482986,0.0
0.0037930906,0.0
0.026740372,0.0
0.027662873,0.0
0.06295681,0.0
0.00075265765,0.0
0.030836076,0.0
0.027664483,0.0
0.019034803,0.0
0.04635179,0.0
0.11974782,0.0
0.00025326014,0.0
0.002829045,0.0
0.017590761,0.0
0.0031632483,0.0
0.0036320686,1.0
0.00395146,0.0
0.01091373,0.0
0.00012713671,0.0
0.11654043,0.0
0.0011318624,0.0
0.008373618,0.0
0.0025565624,0.0
0.03866726,0.0
0.026663512,0.0
0.00056281686,0.0
0.18003926,0.0
0.0034023225,0.0
0.25160933,0.0
0.0041068196,0.0
0.014011294,0.0
0.0015771091,0.0
0.05527824,0.0
0.00073361397,0.0
0.04414335,0.0
0.06075847,0.0
0.08386758,0.0
0.003765583,0.0
0.009226978,0.0
0.0011841357,0.0
0.024627566,0.0
0.06883335,0.0
0.02883786,0.0
0.031446278,0.0
1.5587061e-06,0.0
0.321836,0.0
0.0060326457,0.0
7.786232e-05,0.0
0.000122699,1.0
0.010591358,0.0
0.004393846,0.0
0.021235943,0.0
0.24401033,0.0
0.0026873052,0.0
0.09155226,0.0
8.638243e-06,0.0
0.6767895,1.0
0.27409178,0.0
0.11176705,0.0
0.01576677,0.0
0.001727134,0.0
0.0056732,0.0
0.0106268525,0.0
0.0028145611,0.0
0.00011993878,0.0
0.055285186,0.0
0.006175369,0.0
7.242466e-05,0.0
0.0036686063,0.0
0.01414001,0.0
0.00045505166,0.0
0.0001898706,0.0
0.1388379,0.0
0.0036747754,0.0
0.061210692,0.0
0.045147747,0.0
0.0064299107,0.0
0.070057064,0.0
0.00044307113,0.0
0.0006838143,1.0
0.037582725,0.0
0.6767895,1.0
0.6767895,1.0
0.6365328,1.0
0.16973057,0.0
0.08465245,0.0
0.0028823316,0.0
0.09200522,0.0
0.03320846,0.0
0.025639117,0.0
0.00029876828,0.0
0.009697616,0.0
0.6767895,1.0
1.6475524e-05,0.0
0.024946481,0.0
0.010642618,0.0
0.03960967,0.0
0.0002989471,0.0
0.03626597,0.0
0.001070708,0.0
0.08869645,0.0
0.003178835,0.0
0.0007209778,0.0
0.0018272996,0.0
0.0064763725,0.0
0.028636456,0.0
0.026710898,0.0
0.005271703,0.0
0.006084591,0.0
0.0085017085,0.0
0.0029619634,0.0
0.006915182,0.0
0.013890654,0.0
0.00032413006,0.0
0.060681015,0.0
0.012082517,0.0
0.0035274625,0.0
0.0015636384,0.0
0.002013415,0.0
0.02619949,0.0
0.023801178,0.0
0.0030399263,0.0
0.00095021725,0.0
0.011002541,0.0
0.6767895,1.0
0.0007546246,0.0
0.037591785,0.0
0.0008395016,0.0
0.015339345,0.0
0.009566069,0.0
0.02933392,0.0
0.007611394,0.0
0.0009563565,0.0
0.014993519,0.0
0.16572008,0.0
0.00052043796,0.0
0.0018128157,0.0
0.034950227,0.0
0.03402877,0.0
0.0034295619,0.0
0.004845798,0.0
0.009719491,1.0
0.042433888,0.0
0.011466831,0.0
0.002447784,0.0
0.0152588785,0.0
0.02237764,0.0
0.016693175,0.0
0.2121607,0.0
0.0011250377,0.0
0.0605821,0.0
0.012542129,0.0
0.020632595,0.0
0.011572599,0.0
0.012844861,0.0
0.020285815,0.0
0.00058987737,0.0
0.0066260397,0.0
0.0015356243,0.0
0.0023635328,0.0
0.018360227,0.0
0.007080227,0.0
0.0005288422,0.0
0.3284921,0.0
0.00047269464,0.0
0.0027338564,0.0
0.0010137856,0.0
0.049314886,1.0
0.07142341,0.0
0.027498305,0.0
0.09022817,0.0
0.0015522242,0.0
0.009091675,0.0
0.0006417334,0.0
0.014508426,0.0
0.019494861,0.0
0.20916617,0.0
0.0010966659,0.0
0.017576545,0.0
0.0015636384,0.0
0.054670364,0.0
0.043901205,0.0
0.021060437,0.0
0.006336659,0.0
0.0009378493,0.0
0.19401905,0.0
0.0060250163,0.0
0.38046467,0.0
0.3616112,0.0
0.06257713,0.0
0.04766336,0.0
0.0021090508,0.0
0.18125889,1.0
0.010348141,0.0
0.0007760525,0.0
0.0037472844,0.0
0.07294908,0.0
0.019493192,0.0
0.0010054708,0.0
0.0008558035,0.0
0.0023078322,0.0
0.0016122162,0.0
0.08951706,0.0
0.022517085,0.0
0.05166602,1.0
0.01023984,0.0
0.0041217804,0.0
0.6767895,1.0
0.0006376505,0.0
0.0001295507,0.0
0.04652068,0.0
0.000698179,0.0
0.03439066,0.0
0.0020681322,0.0
0.14841583,0.0
0.00013172626,0.0
0.029742718,0.0
0.047483236,0.0
0.05656597,0.0
0.019686043,0.0
0.6767895,1.0
0.015820473,0.0
0.07326195,0.0
0.0003478825,0.0
0.0067543387,0.0
0.00061127543,0.0
0.06360465,0.0
0.0020718277,0.0
0.011103123,0.0
0.0010929108,0.0
0.00784114,0.0
0.010966748,0.0
0.5656562,1.0
0.003110975,0.0
0.108949214,0.0
0.028656512,0.0
0.0672549,0.0
0.09045932,0.0
0.013325721,0.0
0.0006467402,0.0
0.0020086765,0.0
0.011213332,0.0
7.903547e-05,0.0
0.022776216,0.0
0.00043702126,0.0
0.011544168,0.0
0.0306499,0.0
0.005551785,0.0
0.002826333,0.0
0.0022944808,0.0
0.0015394092,0.0
0.0063741803,0.0
0.020243019,0.0
0.012641102,0.0
0.0013476312,0.0
0.042289317,0.0
0.0037190616,0.0
0.021869928,0.0
0.01041019,0.0
0.07020241,0.0
0.0022244155,0.0
0.00022351742,0.0
0.12165415,0.0
0.0008737445,0.0
0.014687061,0.0
0.08712134,0.0
0.1948868,0.0
0.04145497,0.0
0.2013821,0.0
4.529065e-05,0.0
0.017627388,0.0
0.1161831,0.0
0.00077313185,0.0
0.037511885,0.0
0.5826233,1.0
0.05903113,0.0
0.017699093,0.0
0.003390491,0.0
0.0010374486,0.0
0.00027805567,0.0
0.048914194,0.0
0.0452272,0.0
0.0007022917,0.0
0.6767895,1.0
0.011414081,0.0
0.08240017,0.0
0.029932767,0.0
0.012214631,0.0
3.968752e-05,0.0
0.011824667,0.0
0.05443576,0.0
0.009565949,0.0
0.0024324656,0.0
0.048861533,0.0
0.008428335,0.0
0.00095263124,0.0
0.09661141,0.0
0.5360823,1.0
0.012017995,0.0
0.0015360713,0.0
0.003238231,0.0
0.0013981164,0.0
0.011991769,0.0
0.057813555,0.0
5.458044e-05,0.0
0.0017596483,0.0
0.0062548816,0.0
9.740855e-06,0.0
0.17955661,0.0
0.033448905,0.0
0.0073302984,0.0
0.01086393,0.0
0.012702942,0.0
0.013649821,0.0
0.0022377372,0.0
0.024098665,0.0
0.008592069,0.0
0.12265724,0.0
0.00012318745,0.0
0.024315715,0.0
0.002750665,0.0
0.119954675,0.0
0.14939028,0.0
0.0006111562,0.0
0.00672096,0.0
0.6767895,1.0
0.20773175,0.0
0.0010163486,0.0
0.062375605,0.0
0.011032283,0.0
0.069778174,0.0
0.0494729,0.0
0.05573818,0.0
0.007823229,0.0
0.02692908,0.0
0.00027921796,0.0
0.0006350279,0.0
0.015517324,0.0
0.115130454,0.0
0.017296106,0.0
0.0011825264,0.0
0.0056993365,0.0
0.016828775,0.0
0.6767895,1.0
0.0013240874,0.0
0.0012912154,0.0
0.014033049,0.0
0.11424661,0.0
0.3319525,0.0
0.0008341372,0.0
0.002267003,0.0
9.260539e-06,0.0
0.0053535104,0.0
0.0037873685,0.0
0.023869783,0.0
0.011916906,0.0
0.00025454164,0.0
0.011359632,0.0
0.0017796457,0.0
0.031677842,0.0
0.016182393,0.0
0.01163736,0.0
0.008957654,0.0
0.0118715465,0.0
0.071026176,0.0
0.0004248619,0.0
0.03986314,0.0
0.0018124282,0.0
0.02319324,0.0
0.030810207,0.0
0.10648033,0.0
0.028106034,0.0
0.00022473931,0.0
0.009119153,0.0
0.00992474,0.0
0.10725537,0.0
0.011266589,0.0
0.0009331405,0.0
0.012700647,0.0
0.012249112,0.0
0.029601753,0.0
0.018181413,0.0
0.01487118,1.0
0.0020592213,1.0
0.010474414,1.0
0.6767895,0.0
0.0069265664,0.0
0.10869092,0.0
0.0151646435,0.0
0.015614837,0.0
1.9492181e-05,0.0
0.0047869086,0.0
0.031849533,0.0
0.2713945,0.0
0.6663373,1.0
0.12408045,0.0
0.0067976713,0.0
0.019199133,0.0
3.7575497e-05,0.0
0.00016736984,0.0
0.0066596866,0.0
0.1912145,0.0
0.07197443,0.0
0.4912618,1.0
0.006149441,0.0
0.048787862,0.0
6.448786e-05,0.0
0.074456096,0.0
0.032457948,0.0
0.0056045353,0.0
0.0058675706,0.0
0.0006239712,0.0
0.0791831,0.0
0.00081142783,0.0
0.008346111,0.0
0.007754743,0.0
0.06821841,0.0
0.010968298,0.0
0.021621436,0.0
0.04200819,0.0
0.2307359,1.0
0.0012303591,0.0
0.02012983,0.0
0.0010915995,0.0
0.00533244,0.0
0.000315696,0.0
0.053135246,0.0
0.007612288,0.0
0.010496825,0.0
0.08613455,0.0
0.000915885,0.0
0.0059668124,0.0
0.08483249,0.0
0.13511354,0.0
5.0746734e-05,0.0
0.3240748,0.0
6.188013e-05,0.0
0.6767895,1.0
0.0034082234,0.0
0.2021699,0.0
0.001660645,0.0
0.0137735605,0.0
0.0018416047,0.0
0.002313584,1.0
0.00015369058,0.0
0.05923742,0.0
0.008910924,0.0
0.02230978,0.0
0.0027584732,0.0
0.0005913079,0.0
0.095624804,0.0
0.09993851,0.0
0.051058203,0.0
0.017564625,0.0
0.005597353,0.0
0.032586694,0.0
0.00018534064,0.0
0.008181006,0.0
0.016174316,0.0
0.28335398,0.0
0.0027250946,0.0
0.0008637607,0.0
0.0019207299,0.0
0.10258049,0.0
0.0005835593,0.0
0.14211264,0.0
0.050646663,1.0
0.0031017065,0.0
0.009308785,0.0
0.33938086,0.0
0.043063372,0.0
0.0002991259,0.0
0.03281033,0.0
0.0017354786,0.0
0.0065921545,0.0
0.0033709407,0.0
0.003949642,0.0
0.00045847893,0.0
0.024709612,0.0
3.193614e-05,0.0
0.00084784627,0.0
0.012761831,1.0
0.0013353229,0.0
0.00033846498,0.0
0.011914879,0.0
0.6767895,0.0
0.10619572,0.0
5.15623e-05,0.0
0.048705697,0.0
0.20790157,0.0
0.0051290095,0.0
0.08328852,0.0
0.67515707,1.0
0.13086516,0.0
0.03727287,0.0
0.30996537,0.0
0.006914884,0.0
0.0030101836,0.0
0.0018061101,0.0
0.004188895,0.0
0.00033855438,0.0
0.033388555,0.0
0.005742997,0.0
0.005177617,0.0
0.01511848,0.0
0.0061582625,0.0
0.6767895,1.0
0.085075885,0.0
0.0009986758,0.0
0.03248635,0.0
0.035090238,0.0
0.0033605099,0.0
0.003468901,0.0
0.6767895,1.0
0.001039654,0.0
0.6767895,1.0
0.0038373768,0.0
0.001960218,0.0
0.06518018,0.0
0.00079604983,0.0
0.0022548437,0.0
0.14857388,0.0
0.0004518032,0.0
0.0002425611,0.0
0.061285675,0.0
0.0004926026,0.0
0.021899492,0.0
0.0065687,0.0
0.07834005,0.0
0.00060361624,0.0
0.49517027,0.0
0.0046283305,0.0
0.0082607865,0.0
0.0025109947,1.0
0.0043682456,0.0
0.018510044,0.0
0.0025191903,0.0
0.012431741,0.0
0.00069367886,0.0
0.016091079,0.0
0.0036931932,0.0
0.0036837757,0.0
0.10978815,0.0
0.007730335,0.0
0.04342714,0.0
0.48845983,0.0
0.11103669,0.0
0.0008301735,0.0
0.16750824,0.0
0.0977914,0.0
0.0012677014,0.0
0.0014459789,0.0
0.008833587,0.0
0.021252036,0.0
0.004485488,0.0
0.042703837,0.0
0.0061411858,0.0
0.006172836,0.0
0.027792424,0.0
0.054156095,0.0
0.018274754,0.0
0.022013366,0.0
0.014123648,0.0
0.021512479,0.0
0.00057828426,0.0
0.0035185814,0.0
0.05097148,0.0
0.12952584,0.0
0.1295231,0.0
0.34534097,0.0
0.00039082766,0.0
0.051363528,0.0
0.0002616644,0.0
0.0006444454,0.0
0.10624388,0.0
0.00094780326,0.0
0.016975254,0.0
0.6767895,1.0
0.032621026,0.0
0.015363276,0.0
0.019361049,0.0
0.020270526,0.0
0.057806104,0.0
0.0006740391,0.0
0.008238882,0.0
0.002839148,0.0
0.6767895,1.0
0.00067704916,0.0
0.023007095,0.0
0.001850456,0.0
0.0008432269,0.0
0.0005835593,0.0
0.00020626187,0.0
0.0006008744,0.0
0.00669533,0.0
0.0033175945,0.0
0.10463032,0.0
0.008355081,0.0
0.011695057,0.0
0.11825311,0.0
0.055217475,0.0
0.007302344,0.0
0.0020067692,0.0
0.53610027,0.0
0.010880023,0.0
0.022969306,0.0
0.0070893764,0.0
0.0075247586,0.0
0.00023263693,0.0
0.30043262,0.0
0.00041374564,0.0
0.01606667,0.0
0.006243676,0.0
0.0048829913,0.0
0.0007123947,0.0
0.0009319484,0.0
0.05136347,0.0
0.10438669,0.0
0.018199265,0.0
0.003950745,0.0
0.07756293,0.0
0.016151994,0.0
0.0061391294,0.0
0.005484402,0.0
0.110643744,0.0
0.0011544228,0.0
0.0012854338,0.0
0.6767895,1.0
0.04164043,0.0
0.07235223,0.0
0.047898084,0.0
0.0011648238,0.0
0.0015047491,0.0
0.0018630922,0.0
0.0021812618,0.0
0.0003080368,0.0
0.6767895,1.0
0.6767895,1.0
0.04222852,0.0
0.017311454,0.0
0.012628496,0.0
0.040673077,0.0
0.0013273358,0.0
0.012316436,0.0
0.0014338493,1.0
0.010694355,0.0
0.024085224,0.0
0.0073342025,0.0
0.001371175,0.0
0.0030685365,0.0
0.0006790459,0.0
0.019714713,0.0
0.0026911497,0.0
9.480829e-05,0.0
0.0016455948,0.0
0.026587129,0.0
0.004548818,0.0
0.0011348426,0.0
0.0130494535,0.0
0.008377939,0.0
0.002327621,0.0
0.6767895,1.0
0.014489561,0.0
0.018072575,0.0
0.00018259883,0.0
0.00025722384,0.0
0.0088534355,0.0
0.0016890764,0.0
0.00104779,0.0
0.008568585,0.0
0.04847029,0.0
0.26696208,0.0
0.0010217428,0.0
0.00016108155,0.0
0.16153714,0.0
0.001121372,0.0
0.0005583465,0.0
0.0014175177,0.0
0.11680806,0.0
0.010141492,0.0
0.17096606,0.0
0.017748415,0.0
0.04985109,0.0
0.000582546,0.0
0.0065222085,0.0
0.046866655,0.0
0.00792551,1.0
0.0017797649,0.0
0.0026072264,0.0
0.0013612211,0.0
0.0012749732,0.0
0.00027272105,0.0
0.00039190054,0.0
0.00076141953,0.0
2.8285029e-05,0.0
0.004332155,0.0
0.058915824,0.0
0.023805141,0.0
0.06237021,0.0
0.0021458864,0.0
0.019358695,0.0
0.006370932,0.0
0.008787274,0.0
0.00014743209,0.0
0.0068683624,1.0
0.012490928,0.0
0.0042698383,0.0
0.17574471,0.0
0.0016242266,0.0
0.046199083,0.0
0.021688819,0.0
0.0038566887,0.0
0.0011130273,0.0
0.6767895,1.0
0.0009480715,0.0
0.034273714,0.0
0.00148651,0.0
0.29492223,0.0
0.008562177,0.0
0.0061633885,0.0
0.0074272454,0.0
0.00042507052,1.0
0.002330631,0.0
0.006332606,0.0
0.025107235,0.0
0.053471595,0.0
0.0012621582,0.0
0.029280663,0.0
0.001068294,0.0
0.0059786737,0.0
0.016139507,0.0
0.15783325,0.0
0.045830578,0.0
0.42459488,1.0
0.012097836,0.0
0.0018236339,0.0
0.004689753,0.0
0.013317198,0.0
0.0055898726,0.0
0.0039925575,0.0
0.0014142394,0.0
0.0005581081,0.0
0.119903624,0.0
0.1298643,0.0
0.0075208545,0.0
0.00027179718,0.0
0.0062751174,0.0
0.0026613176,0.0
7.921363e-05,0.0
0.034015417,0.0
0.0010671318,0.0
0.04639101,0.0
0.2307123,0.0
0.03395453,0.0
0.01959762,0.0
0.008003056,0.0
0.14243054,0.0
0.0278714,0.0
0.08264777,0.0
0.010725439,0.0
0.0003655553,0.0
6.877908e-05,0.0
0.092556536,0.0
0.0016811192,0.0
0.10919362,0.0
0.0024630427,0.0
0.00017127395,0.0
0.0025007725,0.0
0.00044474006,0.0
0.098044276,0.0
0.02920252,1.0
0.0340268,0.0
0.0012156665,0.0
0.0031730235,0.0
0.027919412,0.0
0.021528333,0.0
0.13509536,0.0
0.01228708,0.0
0.041570753,0.0
0.161677,0.0
0.0005532205,1.0
0.07699162,0.0
2.9124867e-05,0.0
0.0003710389,0.0
0.017971843,0.0
0.0023288727,0.0
0.6767895,1.0
0.00010543596,0.0
0.09918189,0.0
0.0025071502,0.0
0.12465128,0.0
0.012321472,0.0
0.0051187277,0.0
0.00082942843,0.0
0.0010092556,0.0
0.00024062395,0.0
0.021178871,0.0
0.03744471,0.0
0.4940212,1.0
0.039390475,0.0
0.009673148,0.0
8.108903e-05,0.0
0.0040232837,0.0
0.3897653,0.0
0.014616638,0.0
0.00090530515,0.0
0.00017854571,1.0
0.026367307,0.0
9.265676e-05,0.0
0.0063275397,0.0
0.00066292286,0.0
0.6767895,1.0
0.00014138222,0.0
0.00017023087,0.0
0.006309241,0.0
0.0060881674,0.0
0.0145908,0.0
0.009163827,0.0
0.00039350986,0.0
0.0026400983,0.0
0.07262012,0.0
0.0053712726,0.0
0.00025126338,0.0
0.003406912,0.0
0.00037527084,0.0
0.0024633706,0.0
0.008669078,0.0
5.2817744e-05,0.0
0.016038269,0.0
0.03031078,0.0
7.804096e-05,0.0
0.017696887,0.0
0.0017312169,0.0
0.0060057044,0.0
0.00049573183,0.0
0.0012011528,0.0
0.29926223,1.0
0.0063556135,0.0
0.007019192,0.0
0.036663294,0.0
0.0021698773,0.0
0.08907649,0.0
0.001555413,0.0
0.000634253,0.0
0.007944256,0.0
0.00932008,0.0
0.0032070577,0.0
0.12571618,0.0
0.34272715,1.0
0.00505507,0.0
0.0008010268,0.0
0.29747173,0.0
0.004731685,0.0
0.09606472,0.0
0.023288071,0.0
0.03524378,0.0
0.13066298,0.0
0.13197547,0.0
0.0004300773,0.0
0.14727825,0.0
0.08643401,0.0
0.027068585,0.0
0.0011656284,0.0
0.02894643,0.0
0.21232006,0.0
0.08121723,0.0
0.016507953,0.0
0.0057086945,0.0
0.10988709,0.0
0.006351322,0.0
0.012075931,0.0
0.00023955107,0.0
0.002120763,0.0
0.0027381182,0.0
0.23871362,0.0
0.0029679835,0.0
0.05927679,0.0
0.028526127,0.0
0.0026457906,0.0
0.0068460107,0.0
0.017900556,0.0
0.00016081333,0.0
0.24694186,0.0
0.0061207414,0.0
0.015706658,0.0
0.007554859,0.0
0.002756685,0.0
0.104964286,0.0
0.005270809,0.0
0.0020375848,0.0
0.05006221,0.0
0.039504915,0.0
0.0014473796,0.0
0.0071704984,0.0
0.036594033,0.0
0.00024545193,0.0
0.001308918,0.0
0.035334855,1.0
0.0005657673,0.0
0.06677416,0.0
0.00014948845,1.0
0.018123657,0.0
0.00023174286,0.0
0.08154911,0.0
0.038247555,0.0
0.00026121736,0.0
0.0009797812,0.0
0.0015888512,0.0
0.011897683,1.0
0.0074706376,0.0
0.009363949,0.0
0.02211237,0.0
0.019669652,0.0
0.029893339,0.0
0.00017789006,0.0
0.09113869,0.0
0.11431876,0.0
0.08905026,0.0
0.053345054,0.0
0.020750105,0.0
0.008025497,0.0
0.50758666,0.0
0.05991161,0.0
0.004671365,0.0
0.00028851628,0.0
0.053617597,0.0
0.6767895,1.0
0.0059752464,0.0
9.223023e-05,0.0
0.027917862,0.0
0.002046734,0.0
0.0027082264,0.0
0.6767895,1.0
0.50743115,1.0
0.0020104945,0.0
0.0011136234,0.0
0.0005004406,0.0
0.04885906,0.0
0.07140711,0.0
0.09424701,0.0
0.0038593113,0.0
0.08084494,0.0
0.044725865,0.0
0.6767895,1.0
0.005638063,0.0
0.0006452203,0.0
0.15783584,0.0
0.6767895,1.0
0.043318003,0.0
0.003315419,0.0
0.03370115,0.0
0.0009512305,0.0
0.008875132,0.0
0.0010469556,0.0
0.014331609,0.0
0.00016582012,0.0
0.003449291,0.0
5.2935895e-05,0.0
0.05869466,0.0
2.4775136e-05,0.0
0.028461456,0.0
0.6767895,1.0
0.00021359324,0.0
0.0012177527,0.0
0.017142832,0.0
0.020418435,1.0
0.0013553798,1.0
0.0030058026,0.0
0.0030922592,0.0
0.026315719,0.0
0.15021542,0.0
0.030379534,0.0
0.10722843,0.0
0.043249637,0.0
0.078377455,0.0
0.00022429228,0.0
0.017490327,0.0
0.10647112,0.0
0.013341337,0.0
0.0059675574,0.0
0.019035548,0.0
0.023810565,0.0
0.00035649538,0.0
0.009050846,0.0
0.10585734,0.0
0.027087599,0.0
0.0061168373,0.0
0.10960451,0.0
0.06379473,0.0
0.016987652,0.0
0.0233953,0.0
0.0040026307,0.0
0.6767895,1.0
0.025978655,0.0
0.17224306,0.0
0.04808581,0.0
0.025393277,0.0
0.0020814538,0.0
0.003532648,0.0
0.031876445,0.0
0.00378564,0.0
0.033302218,0.0
0.2564329,0.0
0.04693696,0.0
0.000679791,0.0
0.003009826,0.0
0.00012232675,0.0
0.19536206,0.0
0.022492021,0.0
0.088354856,0.0
0.018753707,1.0
0.077233315,0.0
0.041526645,0.0
0.005698681,0.0
0.00072678924,0.0
0.0019388199,0.0
0.0007971227,0.0
0.021312714,0.0
0.11563459,0.0
0.006068766,0.0
0.0008571148,0.0
0.0023723245,0.0
0.00033849478,0.0
0.00038206577,0.0
0.0017971098,0.0
0.0057765543,0.0
0.0012853444,0.0
0.0045771897,0.0
0.025999129,0.0
0.0037631392,0.0
0.00221318,0.0
0.0015803874,0.0
0.0033488572,0.0
0.003420055,0.0
0.0010539293,0.0
0.026333809,0.0
0.025753945,0.0
0.0018511415,0.0
0.001162082,0.0
0.6367383,1.0
0.0128157735,0.0
0.0002901852,0.0
0.017087996,0.0
0.049417287,0.0
0.17868105,0.0
0.03204593,0.0
0.19778451,0.0
4.0026076e-05,0.0
0.13152567,0.0
0.008420825,0.0
0.0006314814,0.0
0.0531134,0.0
0.007562548,0.0
0.00011266969,0.0
0.010470092,0.0
0.0044520497,0.0
0.0008895099,0.0
0.0039007366,0.0
0.09480423,0.0
0.0020878315,0.0
0.0054724514,0.0
0.00047674775,0.0
0.06594339,0.0
0.0050064027,0.0
0.004021615,0.0
0.016230583,0.0
0.103686154,0.0
0.0074428916,0.0
0.11884701,0.0
0.13803446,0.0
0.34927046,1.0
0.003441602,0.0
0.0077663064,0.0
0.008826643,1.0
0.0030083358,0.0
0.019419432,0.0
0.0008150935,0.0
0.003131926,0.0
5.086806e-05,0.0
