-0.00083042495,0.0
-0.00020870753,0.0
-0.0069623683,0.0
0.008083056,0.0
0.021516558,0.0
0.0076567084,0.0
-0.0026363581,0.0
-0.0023399983,0.0
-0.0001719296,0.0
0.0026123952,0.0
-0.0031140093,0.0
-0.0042434987,0.0
-0.003917476,0.0
0.0010937154,0.0
0.0014057904,0.0
0.0036539398,0.0
-0.004763292,0.0
-0.00057776086,0.0
0.002024863,0.0
-0.014515171,0.0
0.0087780375,0.0
-0.012878178,0.0
-0.011094382,0.0
-0.002688272,0.0
0.0071386322,0.0
-0.0010343976,0.0
0.04131806,0.0
-0.0053362306,0.0
0.0014476739,0.0
0.002609497,0.0
0.0056951726,0.0
0.005095402,0.0
-0.00014018267,0.0
4.463643e-05,0.0
0.0016192496,0.0
0.0025061946,0.0
-0.0015094057,0.0
-0.00023166649,0.0
0.0019552037,0.0
0.00026173145,0.0
0.0027053747,0.0
0.005395064,0.0
0.0018235948,0.0
0.002761161,0.0
0.0004733652,0.0
-0.0014102831,0.0
-0.004700046,0.0
-0.0034540389,0.0
-0.0005486887,0.0
0.00057138875,0.0
0.004357908,0.0
0.0023540203,0.0
0.0013021231,0.0
-0.0005562473,0.0
-0.0007566828,0.0
0.019224834,0.0
0.0035495441,0.0
0.0006669294,0.0
0.005757222,0.0
-0.0013839398,0.0
0.0014493931,0.0
-0.00084926,0.0
0.0022173207,0.0
-0.0010615848,0.0
0.0008304585,0.0
-0.0021984298,0.0
0.026843224,0.0
-0.0018383451,0.0
0.001798708,0.0
-0.0039613843,0.0
0.002889851,0.0
0.0027849935,0.0
0.0033828523,0.0
-0.0027211513,0.0
0.00074428134,0.0
-0.0014921296,0.0
-0.00089055113,0.0
-0.005705001,0.0
0.004772802,0.0
0.0008186437,0.0
-0.00053619593,0.0
0.0012175348,0.0
0.002824625,0.0
-0.0020548962,0.0
-0.00030146167,0.0
-0.0012507439,0.0
5.8574602e-05,0.0
-0.0012787785,0.0
-0.00208598,0.0
-0.000588404,0.0
-0.006192928,0.0
-0.001598727,0.0
-0.003605513,0.0
0.003885948,0.0
-0.003440667,0.0
-0.0059170853,0.0
-0.0013358835,0.0
0.003812953,0.0
-0.0013854261,0.0
0.0008895602,0.0
-0.00022604503,0.0
-0.004583694,0.0
-0.006278757,0.0
-0.00093573704,0.0
0.0025470685,0.0
-0.008678107,0.0
0.00066511147,0.0
0.0020325687,0.0
-0.0016486663,0.0
-0.012684515,0.0
0.005586615,0.0
-0.0036442466,0.0
-0.0037843753,0.0
0.005037074,0.0
0.0021317266,0.0
-0.00026651844,0.0
0.0005757995,0.0
-0.0015511382,0.0
0.0007610414,0.0
0.0037916042,0.0
0.0054297578,0.0
0.0070591457,0.0
0.00047595613,0.0
0.008965834,0.0
0.053160362,0.0
0.00570219,0.0
-0.0016549025,0.0
0.0043895403,0.0
-0.009131484,0.0
0.0058664866,0.0
0.0011233818,0.0
0.0028053615,0.0
0.002019344,0.0
0.00627949,0.0
-0.0022910088,0.0
0.0013388023,0.0
0.0031073652,0.0
0.00038409978,0.0
0.0006878376,0.0
0.0043359958,0.0
0.0018524881,0.0
-0.0014096182,0.0
0.0011974908,0.0
0.0028563496,0.0
0.006315915,0.0
-0.011815399,0.0
-0.003191946,0.0
0.0022043157,0.0
-0.0032482687,0.0
0.0017317571,0.0
-0.0037122294,0.0
0.0021828432,0.0
-0.0040817223,0.0
0.0030321553,0.0
-0.0033459365,0.0
-0.00684637,0.0
-0.0036035497,0.0
-0.00010418706,0.0
-0.000985615,0.0
-0.0007531531,0.0
-0.0016707536,0.0
0.0013763197,0.0
0.00043389015,0.0
0.0057400633,0.0
4.833564e-06,0.0
0.0004280582,0.0
0.0043572597,0.0
0.0015455633,0.0
0.0042869067,0.0
0.0023829527,0.0
0.0080841575,0.0
0.0009790845,0.0
0.0012136456,0.0
-0.0012790989,0.0
0.0015133191,0.0
0.0045056846,0.0
-0.0029600281,0.0
0.0015998948,0.0
0.00012476183,0.0
0.004090027,0.0
0.0047887955,0.0
-1.4483929e-05,0.0
0.010266693,0.0
-0.004101867,0.0
-0.0008046143,0.0
0.0034884512,0.0
-0.0011760239,0.0
0.0064666113,0.0
-0.0039061941,0.0
0.001044387,0.0
0.0016334374,0.0
-0.0054149963,0.0
6.760843e-05,0.0
0.00032771192,0.0
-0.0003804788,0.0
-0.0013473425,0.0
0.0012255311,0.0
-0.002645092,0.0
-0.0036346968,0.0
0.002549896,0.0
-0.0047229584,0.0
-0.0037234928,0.0
0.0017021112,0.0
0.002755981,0.0
0.004874856,0.0
-0.00061041676,0.0
-0.0026991684,0.0
-9.423494e-05,0.0
-0.0035167262,0.0
0.0032925159,0.0
0.00051875785,0.0
0.002185272,0.0
-0.00082294457,0.0
-0.0019997656,0.0
0.0015588496,0.0
0.00068769976,0.0
0.0013060551,0.0
0.00635455,0.0
-0.0016940944,0.0
-0.0021589156,0.0
-0.00016697496,0.0
0.001277484,0.0
-0.0030589774,0.0
0.018484728,0.0
0.010375729,0.0
-0.0061610155,0.0
0.00024340488,0.0
-0.011795489,0.0
-0.0009527914,0.0
0.0060044173,0.0
-0.003197575,0.0
0.001683563,0.0
6.232783e-05,0.0
0.003235938,0.0
0.0003464818,0.0
-0.009096133,0.0
-0.006189471,0.0
-0.008658107,0.0
-0.008874046,0.0
-0.00191053,0.0
-0.0068023317,0.0
0.0014290754,0.0
0.0052508805,0.0
0.0013029091,0.0
0.008670311,0.0
-0.00019050948,0.0
-0.0010604877,0.0
-0.00017730705,0.0
0.0002177842,0.0
0.0016839989,0.0
0.0023040343,0.0
-0.0022115018,0.0
0.005433307,0.0
-0.0010062102,0.0
-0.00037977286,0.0
-0.009316187,0.0
0.0002836045,0.0
-0.0015502181,0.0
0.006399598,0.0
-0.0028185714,0.0
-0.002548093,0.0
0.006150293,0.0
0.0015923642,0.0
-4.4716522e-05,0.0
0.0007577278,0.0
0.0020272303,0.0
0.004780627,0.0
0.0018947106,0.0
0.0031572431,0.0
0.00044482946,0.0
0.007258364,0.0
-0.0031973962,0.0
0.0023446735,0.0
0.00056940876,0.0
-0.003532922,0.0
0.0054407027,0.0
-0.0011858623,0.0
-0.003371602,0.0
-0.0051524267,0.0
-0.0017060973,0.0
-0.008625962,0.0
-0.0015408713,0.0
-0.0056314413,0.0
-0.0055726077,0.0
-0.0037832987,0.0
-0.0028574597,0.0
0.0009009298,0.0
-0.006694518,0.0
-0.0074942764,0.0
-7.759966e-05,0.0
-0.011682799,0.0
-0.00506041,0.0
-0.002858203,0.0
0.002283046,0.0
-0.0023492035,0.0
0.00489843,0.0
0.0014082994,0.0
-0.0057943277,0.0
-0.003144158,0.0
-0.006572183,0.0
-0.00064950995,0.0
0.0024290495,0.0
0.0042786133,0.0
0.0037455503,0.0
0.00959038,0.0
0.0036916807,0.0
0.0028903075,0.0
-0.00319775,0.0
-0.00765102,0.0
-0.00030675344,0.0
-0.0062945876,0.0
-0.0017972626,0.0
0.0023161117,0.0
0.0067891143,0.0
0.002814211,0.0
-0.0003850311,0.0
-0.00021147169,0.0
-0.0024125744,0.0
0.0017878134,0.0
0.0006397478,0.0
0.0016306229,0.0
-0.0031354,0.0
-0.00097245723,0.0
0.0030605718,0.0
0.0052989125,0.0
-0.0019675326,0.0
0.0019063149,0.0
0.00070539303,0.0
-0.0026221722,0.0
0.0017742645,0.0
0.0045076925,0.0
-0.00048582442,0.0
-0.002425339,0.0
-0.002500305,0.0
0.0036055204,0.0
-0.0009851772,0.0
0.0039319396,0.0
0.0011439677,0.0
0.0292098,0.0
-0.00025457144,0.0
0.0060347486,0.0
0.0036813691,0.0
0.0039965007,0.0
0.0025080517,0.0
-0.00019248575,0.0
0.0016861334,0.0
0.0016685557,0.0
-0.0008525755,0.0
0.0032044295,0.0
0.0028484054,0.0
-0.0011678282,0.0
-0.0006000735,0.0
-0.0005923789,0.0
0.0012426451,0.0
-0.0027417336,0.0
0.00092422403,0.0
0.0016476046,0.0
0.011197781,0.0
-0.0023248307,0.0
0.0009455066,0.0
-0.001100583,0.0
0.00035631843,0.0
-0.014735224,0.0
-0.0075132176,0.0
-0.0023606177,0.0
-0.008149238,0.0
0.007472574,0.0
0.0008207802,0.0
-0.0048910305,0.0
-0.0013313908,0.0
-0.0002628658,0.0
-0.0033906493,0.0
-0.0044340864,0.0
-0.0035514552,0.0
-0.004250543,0.0
0.0016546007,0.0
-0.0012580883,0.0
0.0016858131,0.0
-0.0020898003,0.0
-0.0022246782,0.0
-0.0016744733,0.0
0.002102686,0.0
-0.00017741881,0.0
0.0024452414,0.0
-0.0013028402,0.0
0.0040343646,0.0
0.001818262,0.0
0.00047603995,0.0
0.0010085963,0.0
-0.0033618603,0.0
0.0036559366,0.0
0.0001788605,0.0
0.0039989557,0.0
-0.0053087138,0.0
-0.0043200944,0.0
0.0038055442,0.0
-0.0007505901,0.0
0.0043404736,0.0
-2.9988587e-07,0.0
0.0014020242,0.0
0.0009778403,0.0
-0.0015314575,0.0
-0.0006339438,0.0
0.0011135843,0.0
-0.003767589,0.0
0.0045972653,0.0
-8.96249e-05,0.0
-0.00033182092,0.0
0.0026119165,0.0
-0.00085694157,0.0
0.0005153958,0.0
0.0012083966,0.0
0.0005350821,0.0
-0.006787069,0.0
-0.00016349927,0.0
0.0050965417,0.0
-0.004516531,0.0
0.012072697,0.0
-0.0046596862,0.0
3.4773722e-05,0.0
-0.01047321,0.0
0.003938595,0.0
0.0004109759,0.0
0.0015135203,0.0
-0.0016398598,0.0
-0.005080946,0.0
-0.0025835298,0.0
-0.0013857167,0.0
-0.00086746924,0.0
0.0019553825,0.0
-0.0039126724,0.0
-0.002841251,0.0
-0.0010065194,0.0
-0.00072200596,0.0
-0.0023808144,0.0
-0.0006205626,0.0
-0.006075859,0.0
-0.00080540404,0.0
-0.0013895407,0.0
-0.003429072,0.0
0.0076507786,0.0
-0.001171818,0.0
0.00024438277,0.0
-0.0018926021,0.0
-0.0024213102,0.0
0.005821239,0.0
-0.0006953161,0.0
-0.00055143423,0.0
-0.0073501095,0.0
0.004882713,0.0
-0.005578177,0.0
0.00016494468,0.0
0.00013333932,0.0
-0.01177978,0.0
0.0056327796,0.0
-0.0038780533,0.0
-0.004074769,0.0
0.003871262,0.0
-0.0058953073,0.0
0.0039641857,0.0
-0.0026169736,0.0
0.0036866963,0.0
0.0013093129,0.0
0.00062227435,0.0
0.0056317477,0.0
-0.0007415544,0.0
0.0024125073,0.0
0.0014283676,0.0
-0.0011407677,0.0
-0.0071034096,0.0
0.0032489803,0.0
-0.0047084726,0.0
-0.03088444,0.0
-0.017067594,0.0
0.0037592035,0.0
0.0029736701,0.0
0.0011945814,0.0
-0.008087158,0.0
-0.0016534273,0.0
-0.0004956126,0.0
0.004847374,0.0
0.00079753995,0.0
0.0005712919,0.0
-0.00042060204,0.0
-0.001789283,0.0
0.0038222754,0.0
0.0014954377,0.0
0.0023675524,0.0
0.0026127677,0.0
-0.0063137934,0.0
0.002145281,0.0
-0.009503629,0.0
-0.0013869163,0.0
-0.0051312167,0.0
-0.003426114,0.0
-0.0032496545,0.0
-0.00825917,0.0
-0.0059419144,0.0
-0.003139682,0.0
-0.0024305098,0.0
-0.009453917,0.0
-0.003431769,0.0
-0.0015026685,0.0
-0.00015260838,0.0
-0.00069471076,0.0
-0.0038583186,0.0
-0.0052692704,0.0
-0.008973196,0.0
-0.0059102364,0.0
-0.0006664116,0.0
-0.0056170262,0.0
-0.006394174,0.0
-0.005331047,0.0
-0.012848055,0.0
0.0013381317,0.0
0.004315447,0.0
-0.009198086,0.0
-0.008851314,0.0
-0.013607683,0.0
-0.0049202517,0.0
0.0033538435,0.0
-0.0041686874,0.0
0.00027387217,0.0
0.0062456354,0.0
-0.004825432,0.0
0.0042666104,0.0
-0.0023646709,0.0
0.0037903525,0.0
-0.00080710463,0.0
0.008589136,0.0
-0.0020626783,0.0
-0.002194265,0.0
0.0037022224,0.0
0.0021453034,0.0
-0.0076576304,0.0
-0.0014732406,0.0
0.0041605644,0.0
-0.0009605177,0.0
0.0060124826,0.0
0.001200756,0.0
0.0051180543,0.0
-0.00615938,0.0
-0.00027903356,0.0
-0.00059001707,0.0
-0.012812449,0.0
-0.004330484,0.0
0.06452853,0.0
0.004421287,0.0
0.0030669756,0.0
-0.005167881,0.0
-0.0025073346,0.0
0.006813068,0.0
0.0034367088,0.0
0.0025952104,0.0
-0.0025772508,0.0
-0.003856441,0.0
-7.8765675e-05,0.0
-0.0065654907,0.0
-0.00020117871,0.0
0.006845407,0.0
0.0019928813,0.0
-0.011740195,0.0
0.00087267905,0.0
-0.0027742255,0.0
-0.0011629164,0.0
-0.014413664,0.0
0.0047590695,0.0
-0.0037067104,0.0
-0.0012913533,0.0
-0.006364163,0.0
-0.0040568057,0.0
0.00026778504,0.0
0.0024124067,0.0
0.0028307978,0.0
0.0060189795,0.0
0.00043635257,0.0
0.0010752641,0.0
0.0065572876,0.0
0.0010517221,0.0
0.0038649878,0.0
-0.0014509615,0.0
-0.0042093564,0.0
0.0066032037,0.0
0.0065078447,0.0
0.00066603534,0.0
0.0055873087,0.0
0.0016877856,0.0
-0.0016260985,0.0
0.0033665579,0.0
0.004299675,0.0
0.0014228858,0.0
0.0029998552,0.0
0.0006487239,0.0
0.0022665672,0.0
-0.0012391936,0.0
0.0044074254,0.0
0.004872686,0.0
0.0043369383,0.0
0.003708533,0.0
0.0010057222,0.0
0.0039861724,0.0
-0.0017972458,0.0
-0.001661405,0.0
0.004938977,0.0
0.0065554557,0.0
-0.0019203927,0.0
0.0041112313,0.0
0.0014745742,0.0
0.0025696214,0.0
-0.0014497079,0.0
0.0023720674,0.0
-0.002328353,0.0
0.003222268,0.0
0.002867883,0.0
-0.0019520875,0.0
0.008492742,0.0
0.0020391531,0.0
0.008053208,0.0
0.0066995835,0.0
0.0055163754,0.0
-9.998679e-05,0.0
0.0019599665,0.0
0.0028602518,0.0
-0.0044378713,0.0
0.0048413407,0.0
0.0012722258,0.0
-0.0018742718,0.0
0.00258613,0.0
-0.00052213855,0.0
0.0030623786,0.0
0.0027186219,0.0
0.00079096854,0.0
-0.00024387054,0.0
-0.00096385553,0.0
0.0045152474,0.0
0.0018330868,0.0
-0.0060819127,0.0
-0.002898682,0.0
0.009644452,0.0
-0.009286417,0.0
0.010117018,0.0
-0.0011625383,0.0
0.00775548,0.0
-0.0020652264,0.0
-0.0019191653,0.0
-0.0047653522,0.0
-0.0018278826,0.0
-0.0017016921,0.0
-0.0016987231,0.0
0.0031599458,0.0
-0.00044125132,0.0
-0.00038292445,0.0
0.0020208526,0.0
-0.0017745197,0.0
0.004200048,0.0
0.055625908,0.0
-0.0013455767,0.0
-0.0039410796,0.0
0.0025224295,0.0
0.0007701684,0.0
-0.003098946,0.0
0.0013862904,0.0
-0.00036809966,0.0
0.00090195984,0.0
0.0018879436,0.0
-0.0034812577,0.0
0.007425314,0.0
0.0015743561,0.0
0.0041333307,0.0
-0.0034068096,0.0
0.0020261258,0.0
-0.0040149204,0.0
0.004688382,0.0
-0.00067003444,0.0
-0.0023259837,0.0
0.00015232898,0.0
0.0013099294,0.0
-0.0034060273,0.0
0.0048884787,0.0
0.0006121639,0.0
0.00297408,0.0
-0.0038132258,0.0
0.0017585438,0.0
0.0017694999,0.0
-0.00026137196,0.0
-0.0017833337,0.0
0.0042118262,0.0
0.003421165,0.0
-0.0041364264,0.0
-0.0007237606,0.0
0.00013185292,0.0
-0.001979109,0.0
-0.0030455105,0.0
-0.0003159456,0.0
0.001668876,0.0
0.0009062439,0.0
-0.00063660555,0.0
-0.00068163127,0.0
0.0004935358,0.0
-0.0016852524,0.0
-0.002169542,0.0
-0.0037539229,0.0
-0.0048546456,0.0
-0.0049764942,0.0
-0.00031162053,0.0
-0.0021538623,0.0
-0.0038772393,0.0
0.0030342136,0.0
-0.0038205516,0.0
0.0019961707,0.0
-0.0023953896,0.0
-0.0017851554,0.0
0.006186165,0.0
0.0028238203,0.0
-0.001350319,0.0
-0.010812899,0.0
-0.003976278,0.0
-0.0036979672,0.0
-0.0088286605,0.0
-0.005520452,0.0
0.0007021073,0.0
0.0009093564,0.0
0.0033630207,0.0
0.005177317,0.0
-0.004929807,0.0
0.0034107566,0.0
-0.0067623276,0.0
0.0026720483,0.0
0.004046128,0.0
-0.0019031093,0.0
-0.0016059931,0.0
-0.0042857546,0.0
-0.0046951696,0.0
0.0018998068,0.0
-0.00082112104,0.0
0.0036674198,0.0
0.0008373484,0.0
-0.0017620027,0.0
0.0019816943,0.0
-0.00363555,0.0
0.0060829595,0.0
0.0032565873,0.0
-0.002263328,0.0
-0.002514828,0.0
-0.00280834,0.0
-0.0034769438,0.0
0.0018394087,0.0
0.00032898225,0.0
-0.0009614136,0.0
-0.00048529357,0.0
0.0031973608,0.0
-0.0016940497,0.0
-0.0038920362,0.0
0.002034545,0.0
-0.00027051754,0.0
-0.006636096,0.0
-0.0043323375,0.0
-0.00021071546,0.0
-0.004773872,0.0
-0.0032877252,0.0
0.0029230993,0.0
-0.0032227319,0.0
-0.0014718678,0.0
-0.0030033775,0.0
-0.0023020264,0.0
0.0018410888,0.0
0.0031197816,0.0
0.0006624125,0.0
0.033306487,0.0
-0.0011894964,0.0
0.003974419,0.0
0.0036487952,0.0
-0.0069171507,0.0
-0.004589893,0.0
0.002574319,0.0
0.004328559,0.0
-0.0029178653,0.0
0.0051875357,0.0
-0.006769439,0.0
-0.0030060597,0.0
0.0015823208,0.0
-0.004432777,0.0
-0.003058305,0.0
-0.006159315,0.0
8.891709e-05,0.0
0.0042534415,0.0
0.0008504521,0.0
0.002432596,0.0
0.0036672298,0.0
0.0012725014,0.0
0.004525927,0.0
0.0006406009,0.0
-0.00087807514,0.0
0.00030295365,0.0
-0.0028917752,0.0
0.0025550649,0.0
0.043492213,0.0
-0.0001606401,0.0
0.002006963,0.0
-0.0020786207,0.0
-0.0014552977,0.0
0.005734806,0.0
0.001802871,0.0
0.0062984824,0.0
0.0023989957,0.0
0.0033598524,0.0
-0.0024691839,0.0
-0.000120643526,0.0
0.0021853615,0.0
0.0017012786,0.0
-0.0028935075,0.0
0.004716428,0.0
-0.0031834263,0.0
7.3680654e-05,0.0
-0.0023853835,0.0
0.0032235738,0.0
0.0020096097,0.0
0.0019067228,0.0
0.0040981723,0.0
0.007170476,0.0
-0.0010757055,0.0
-0.0054369383,0.0
-0.00768419,0.0
-0.0025749523,0.0
0.0028927978,0.0
0.006738264,0.0
-0.00179152,0.0
-0.0028050411,0.0
-0.006135799,0.0
-0.0008204784,0.0
-0.0045614038,0.0
-0.00083057024,0.0
0.0012951363,0.0
-0.0057052653,0.0
0.00012359954,0.0
-0.009272879,0.0
-0.0014642123,0.0
0.04226432,0.0
-0.005119769,0.0
0.0029569827,0.0
0.005489815,0.0
0.001786666,0.0
-0.00034701265,0.0
0.0054017687,0.0
0.0008781012,0.0
0.0028983913,0.0
-0.0016899835,0.0
-2.2115186e-05,0.0
-0.0027715825,0.0
0.0012093205,0.0
-0.0006475523,0.0
0.003783795,0.0
0.0021193214,0.0
0.0025636535,0.0
-0.01274672,0.0
0.0021326337,0.0
-0.002313653,0.0
-0.0043647457,0.0
-0.0028016828,0.0
0.0058942847,0.0
0.0015309919,0.0
-0.0005815886,0.0
0.0035452992,0.0
-0.00088703074,0.0
0.0014062338,0.0
-0.0016692169,0.0
-0.0050103124,0.0
0.0013440605,0.0
0.0046447385,0.0
-0.0045480467,0.0
-0.0013230201,0.0
0.0013891105,0.0
0.03440707,0.0
0.034864098,0.0
0.0026986338,0.0
0.0029311012,0.0
-0.0010471921,0.0
7.632747e-05,0.0
0.0044375826,0.0
0.0022162441,0.0
0.002817614,0.0
-0.003056405,0.0
-0.0039067212,0.0
-0.00056537054,0.0
-0.004167212,0.0
-0.0037490036,0.0
-0.0017057378,0.0
-0.008557398,0.0
-0.0018613376,0.0
-0.0017142128,0.0
0.010087307,0.0
-0.0015391093,0.0
-0.0027400255,0.0
-0.00041864626,0.0
-0.0022807885,0.0
0.0006621983,0.0
0.004256773,0.0
-0.0017521996,0.0
-0.001415344,0.0
0.004132623,0.0
-0.00015351549,0.0
0.01091566,0.0
0.005938555,0.0
0.00055095553,0.0
0.0053071,0.0
-0.0005375426,0.0
-0.0008713417,0.0
-3.758818e-06,0.0
-0.005527111,0.0
0.0065362398,0.0
0.0033934377,0.0
-4.92651e-05,0.0
0.007623953,0.0
0.005669472,0.0
0.0030738283,0.0
0.0014156718,0.0
0.0021860283,0.0
0.0024362952,0.0
-0.00015251152,0.0
0.00021134876,0.0
-0.00034672394,0.0
-0.0029233508,0.0
-0.00068727694,0.0
0.0014769789,0.0
-0.00014804676,0.0
-0.00062551536,0.0
0.003158478,0.0
0.004231884,0.0
-0.00023867935,0.0
-0.003555119,0.0
-0.0022001378,0.0
0.006346547,0.0
0.0028039496,0.0
0.002695527,0.0
-0.0013092384,0.0
-0.0034594089,0.0
-0.010601459,0.0
-0.0016246699,0.0
-0.0123237055,0.0
0.0039226897,0.0
-0.0036170725,0.0
0.0001635328,0.0
0.0036879154,0.0
-0.0011246577,0.0
0.005242575,0.0
0.0032500476,0.0
-0.00095731765,0.0
0.029316045,0.0
-0.0034470595,0.0
-0.0021302644,0.0
0.00030760095,0.0
0.0010879431,0.0
0.00069037266,0.0
-0.00042401627,0.0
0.00066150166,0.0
0.0018007886,0.0
0.0023915786,0.0
-0.004223693,0.0
-0.0018704608,0.0
-0.0028653853,0.0
0.0050249444,0.0
0.0047130845,0.0
0.0036796741,0.0
-0.000817379,0.0
-0.0007098764,0.0
-0.0063475836,0.0
0.007027657,0.0
0.0032908376,0.0
0.0058238497,0.0
0.0035445392,0.0
-8.307956e-05,0.0
0.0021851566,0.0
0.0009960216,0.0
-0.0006155763,0.0
-0.0005870927,0.0
0.001083754,0.0
0.0014275219,0.0
0.000392206,0.0
-0.0010280702,0.0
-0.0010679085,0.0
-0.0022591464,0.0
0.0026208255,0.0
-0.0022308305,0.0
-0.004683176,0.0
0.0026310757,0.0
-0.0030230824,0.0
0.0017665569,0.0
-0.00034024194,0.0
0.0043114573,0.0
0.0024481006,0.0
-0.0061061624,0.0
0.062385008,0.0
-0.0010735262,0.0
-0.0021534842,0.0
0.13872488,0.0
-0.007760547,0.0
-0.008520784,0.0
0.0024365187,0.0
-0.0034017023,0.0
0.007357572,0.0
-0.0019059423,0.0
0.0021884087,0.0
0.001016343,0.0
0.0054559195,0.0
0.0058367252,0.0
0.0013116114,0.0
0.00076932274,0.0
0.0019862205,0.0
-0.006504927,0.0
-0.0031882655,0.0
0.004540965,0.0
0.0017073788,0.0
-0.0015887506,0.0
0.0004369393,0.0
0.00083143264,0.0
0.0018927641,0.0
-0.000623459,0.0
0.005004743,0.0
-0.0021179598,0.0
-0.0021763798,0.0
-0.0028997287,0.0
0.00016376935,0.0
-0.05520007,0.0
-0.0004024189,0.0
0.0040518837,0.0
-0.005700607,0.0
0.00062458776,0.0
-0.001814222,0.0
-0.0023149997,0.0
0.0029546525,0.0
-0.0048776735,0.0
-0.001990417,0.0
-0.0019130073,0.0
0.0015255231,0.0
-0.0006061699,0.0
-0.00055020116,0.0
0.0023312569,0.0
0.003299145,0.0
-0.007780304,0.0
0.0059873266,0.0
0.006447008,0.0
-0.000280397,0.0
-0.0019970555,0.0
0.0020490717,0.0
0.0023635402,0.0
-0.00026264042,0.0
0.010947814,0.0
0.005402757,0.0
-0.011819372,0.0
0.00446772,0.0
0.0049549695,0.0
-0.0012087263,0.0
-0.0010274667,0.0
-0.0025400948,0.0
0.0006709397,0.0
0.0025540292,0.0
-0.003991971,0.0
0.0046644155,0.0
-0.0010002088,0.0
-0.0047244783,0.0
0.0023883209,0.0
-0.0019545536,0.0
-0.0008423757,0.0
0.008349096,0.0
-0.0037203934,0.0
-0.00025789626,0.0
-0.0038419813,0.0
-0.0009242799,0.0
-0.0139493365,0.0
2.0259991e-05,0.0
0.0021427758,0.0
0.005344173,0.0
-0.008005956,0.0
-0.016342944,0.0
0.0027102102,0.0
-0.0013132785,0.0
0.019878257,0.0
-0.007763857,0.0
-0.0021595005,0.0
0.00015069544,0.0
0.0011894275,0.0
-0.002064228,0.0
-0.005485013,0.0
-0.0012566932,0.0
0.0022826567,0.0
0.00090068206,0.0
-0.0025457144,0.0
-0.00041293912,0.0
0.001363337,0.0
-0.0014938265,0.0
-0.0010083523,0.0
-0.002087811,0.0
0.0025549382,0.0
-0.0006006956,0.0
-0.004310364,0.0
0.0011160225,0.0
-0.0033105705,0.0
0.0004883241,0.0
0.0008767601,0.0
0.0026825443,0.0
0.00057671405,0.0
-0.00049720146,0.0
-0.0022881124,0.0
-0.0030397438,0.0
0.00030205026,0.0
-0.0007797666,0.0
0.008618744,0.0
-0.0014183242,0.0
-0.00015441887,0.0
0.0020259898,0.0
-0.0051048268,0.0
-0.0013681408,0.0
0.0037397966,0.0
0.0001760181,0.0
-0.0055212434,0.0
-0.0021520238,0.0
0.0010141153,0.0
0.0029966552,0.0
0.022422984,0.0
0.06365009,0.0
0.0022175908,0.0
0.0044483133,0.0
-0.0039555486,0.0
-0.00025363825,0.0
0.001029687,0.0
0.0048239,0.0
0.0046167914,0.0
-0.032899998,0.0
-0.0064277556,0.0
0.0036524758,0.0
0.0050516846,0.0
0.0037947828,0.0
-0.0022708308,0.0
-0.0012645479,0.0
-0.0056724306,0.0
-0.0011202674,0.0
-0.0014160331,0.0
0.00340363,0.0
-0.0019221287,0.0
-0.0021765549,0.0
-0.0002823081,0.0
-8.560717e-06,0.0
0.0009108335,0.0
0.003389651,0.0
-0.0041594505,0.0
0.0002407711,0.0
-0.0013671853,0.0
0.006300037,0.0
0.007370579,0.0
-0.006271763,0.0
-0.00036413036,0.0
-0.0019155741,0.0
0.004190415,0.0
0.0050028097,0.0
0.004230229,0.0
-0.003671188,0.0
0.0060920827,0.0
0.0038320702,0.0
0.00011081435,0.0
0.0063901152,0.0
0.0019529127,0.0
-0.001198791,0.0
0.0021482967,0.0
0.0058149965,0.0
0.004970001,0.0
-0.0031608585,0.0
-0.001169635,0.0
0.0011760499,0.0
5.755201e-05,0.0
0.0053473758,0.0
0.0008815918,0.0
0.0026284847,0.0
0.0008021854,0.0
0.0002801437,0.0
0.0016408563,0.0
0.0017521475,0.0
0.0002386421,0.0
0.0015676878,0.0
0.00040851347,0.0
-0.004102191,0.0
0.08158888,0.0
-0.0029234793,0.0
-0.00058245286,0.0
0.0030916836,0.0
0.0034078658,0.0
0.004247712,0.0
-0.0009440575,0.0
0.00015723146,0.0
-0.00022773631,0.0
0.00092525966,0.0
-0.0015817583,0.0
-0.0034260899,0.0
-0.00039500184,0.0
0.0008702688,0.0
-0.0046835467,0.0
-0.0008493997,0.0
-0.0004247129,0.0
0.0045229876,0.0
-0.004413899,0.0
-0.000830451,0.0
-0.0073325243,0.0
0.0075653475,0.0
-0.0036490746,0.0
0.00018774159,0.0
-0.007695785,0.0
-0.0011417642,0.0
-0.008723652,0.0
-0.0064709485,0.0
-0.0026735812,0.0
0.0008966606,0.0
-0.0011366382,0.0
-0.007277461,0.0
-0.008175543,0.0
-0.0032971818,0.0
-0.00092077814,0.0
0.004251496,0.0
-0.0030894391,0.0
0.0019343328,0.0
-0.0067089386,0.0
-0.0020263027,0.0
-0.0006280374,0.0
-0.003289247,0.0
-0.00363986,0.0
-0.0063495245,0.0
-0.00023174472,0.0
0.00059879385,0.0
-0.0014992021,0.0
-0.00049781986,0.0
0.0026468374,0.0
-0.00311918,0.0
-0.0049600694,0.0
-0.0025766268,0.0
0.0018008668,0.0
-0.0035671387,0.0
0.004038643,0.0
-4.451722e-05,0.0
-0.00506228,0.0
-0.0026441645,0.0
-0.0053661503,0.0
0.0031082667,0.0
0.01009122,0.0
0.0014243331,0.0
-0.00033783726,0.0
-0.00091999024,0.0
0.0044827256,0.0
-0.002459269,0.0
0.0010733344,0.0
0.00068022124,0.0
0.0012059417,0.0
0.00032280385,0.0
0.00424877,0.0
0.0007008072,0.0
0.00015497953,0.0
-0.005445333,0.0
-0.0051059388,0.0
-0.0018240344,0.0
0.004120294,0.0
-0.0070867594,0.0
-0.0020614117,0.0
0.0021585599,0.0
-0.0030028652,0.0
-0.007287752,0.0
-0.0005158037,0.0
-0.00088844635,0.0
0.0004195962,0.0
-0.0008414667,0.0
-0.0006510783,0.0
0.0020465571,0.0
-0.007768927,0.0
0.00074443966,0.0
-0.0026068334,0.0
-0.00012056157,0.0
-0.012078622,0.0
0.0017602276,0.0
-0.00043457188,0.0
0.0024382677,0.0
-0.0020799693,0.0
0.005161104,0.0
0.0013625547,0.0
-0.017282834,0.0
0.0032097474,0.0
-0.0024627019,0.0
0.00047358498,0.0
0.00065195747,0.0
0.0021177344,0.0
0.0023693386,0.0
0.0027123448,0.0
0.007414546,0.0
-0.00341619,0.0
0.0050291996,0.0
-0.008915154,0.0
-0.006022038,0.0
0.00151922,0.0
0.004998576,0.0
0.004829702,0.0
0.0026533864,0.0
0.002379924,0.0
0.0014841743,0.0
0.002538165,0.0
-0.00014180504,0.0
-0.00076332875,0.0
-0.0033648238,0.0
0.002988143,0.0
0.0011611227,0.0
0.0009975657,0.0
0.0023878217,0.0
0.0014261883,0.0
-8.9883804e-05,0.0
8.9313835e-05,0.0
0.001255542,0.0
-0.00052993,0.0
-0.0012491439,0.0
-0.0034438986,0.0
-0.002080446,0.0
-0.0060565397,0.0
-0.002055617,0.0
0.0033626016,0.0
-0.00064987503,0.0
-0.0023041982,0.0
-0.0073361807,0.0
-0.0008889828,0.0
0.0037539368,0.0
-0.0015652739,0.0
-0.0019075256,0.0
-0.0037451126,0.0
-0.00867668,0.0
-0.0049912427,0.0
-0.0028921273,0.0
-0.0040288437,0.0
-0.0030041523,0.0
-0.002340462,0.0
-0.004852062,0.0
-0.0056239497,0.0
0.005246278,0.0
-0.0021841228,0.0
0.0045365887,0.0
-0.0045304317,0.0
0.000784738,0.0
-0.001997888,0.0
-0.0015038662,0.0
0.003444394,0.0
0.0021920968,0.0
-0.0008577723,0.0
0.0044945683,0.0
-0.0018571652,0.0
0.0036740415,0.0
0.01151028,0.0
-0.006783299,0.0
0.017428823,0.0
-0.0015433263,0.0
0.0010832641,0.0
0.0038286764,0.0
0.002862893,0.0
-0.0033428222,0.0
0.0033449903,0.0
0.0051579922,0.0
0.008152959,0.0
0.0031614471,0.0
0.0040679034,0.0
0.0026521217,0.0
-0.001043953,0.0
0.0075182132,0.0
0.00746167,0.0
-0.0002215337,0.0
-0.0035515483,0.0
0.0010635983,0.0
-0.005545322,0.0
-0.0027316045,0.0
0.004856672,0.0
0.03332088,0.0
0.0013371352,0.0
-0.0013845898,0.0
-0.004229633,0.0
-0.00542053,0.0
0.004945998,0.0
-0.008443356,0.0
-0.0018229131,0.0
-0.0015842468,0.0
0.010975451,0.0
-0.006768858,0.0
-0.0036073904,0.0
-0.006921189,0.0
-0.0017681438,0.0
-0.0035908353,0.0
-0.0025561713,0.0
-0.0015665833,0.0
0.0016955938,0.0
0.0013293847,0.0
0.023142274,0.0
0.00073339604,0.0
0.0017136056,0.0
-0.000620503,0.0
0.0035794545,0.0
0.02648483,0.0
0.060367696,0.0
0.0033170916,0.0
-0.002807403,0.0
-0.0033406746,0.0
-0.00054767914,0.0
-0.006485978,0.0
0.0049551018,0.0
0.0030377787,0.0
0.0022683293,0.0
0.0014355481,0.0
0.0018508732,0.0
-0.0009996425,0.0
-0.0034747776,0.0
-0.0002974458,0.0
-0.0015352909,0.0
-0.00053631514,0.0
9.6954405e-05,0.0
0.0006300621,0.0
-0.0011718143,0.0
-0.0016180333,0.0
-8.377619e-05,0.0
-0.0019936748,0.0
0.0013524145,0.0
0.0023891423,0.0
-0.0025239456,0.0
-0.0025761873,0.0
0.0010701865,0.0
-0.0061660707,0.0
-0.00042340346,0.0
-0.005795719,0.0
-0.0013746861,0.0
-0.00039032847,0.0
0.039895922,0.0
0.0011948608,0.0
0.003998629,0.0
0.00019348599,0.0
0.002292715,0.0
0.0018793456,0.0
0.00065049715,0.0
0.00072226115,0.0
-0.0018389653,0.0
-0.0025471486,0.0
0.0072200373,0.0
0.005044841,0.0
0.00389185,0.0
0.0063381847,0.0
-0.000656398,0.0
-0.0042250752,0.0
-0.004648542,0.0
-0.000545932,0.0
-0.00067427196,0.0
0.0023527537,0.0
0.00058259256,0.0
-0.00092023984,0.0
0.0027584098,0.0
0.0041255653,0.0
0.0027448107,0.0
0.003135031,0.0
-0.0009294208,0.0
-0.010519236,0.0
-0.010357065,0.0
0.008665927,0.0
-0.0050013606,0.0
-0.004791774,0.0
0.0058902297,0.0
-0.0016934834,0.0
0.0017043091,0.0
-0.0011348817,0.0
0.0005646311,0.0
-0.0019242615,0.0
-0.00044858828,0.0
-0.0017455723,0.0
-0.0046849437,0.0
-0.0010239612,0.0
2.9973686e-05,0.0
-0.0018083118,0.0
-0.0040560905,0.0
0.0027600974,0.0
-0.0015285946,0.0
0.00091326237,0.0
-0.0006239973,0.0
0.0032452494,0.0
0.0027204491,0.0
0.0015933216,0.0
-0.0032264255,0.0
0.004539163,0.0
-0.0035876743,0.0
-0.0062434245,0.0
0.0045547765,0.0
0.0013500229,0.0
-0.0015450623,0.0
-0.00010777451,0.0
0.00037492625,0.0
0.00461944,0.0
0.0024096277,0.0
-0.0015680008,0.0
0.018406464,0.0
-0.009599417,0.0
0.0069917087,0.0
0.0016026311,0.0
0.0027872138,0.0
-0.005139677,0.0
0.0019783117,0.0
0.0030841846,0.0
-0.0006995108,0.0
-0.0008197408,0.0
-0.0016434174,0.0
-0.0047195945,0.0
0.00068033114,0.0
-0.0011503827,0.0
-0.00012348592,0.0
0.0027450658,0.0
2.4799258e-05,0.0
-0.0021181107,0.0
-0.0011097658,0.0
-0.010319827,0.0
0.0020216685,0.0
-0.00096973404,0.0
-0.0037146714,0.0
0.00017001666,0.0
0.0012949631,0.0
-0.0016424581,0.0
0.0012071468,0.0
-0.0034791045,0.0
0.0023074504,0.0
-0.00506597,0.0
-0.00036150403,0.0
0.0009634495,0.0
0.0035769176,0.0
-0.005149966,0.0
-0.0045870002,0.0
-0.003128726,0.0
0.0032809805,0.0
0.00095137954,0.0
0.0043492597,0.0
-0.002637811,0.0
0.00591591,0.0
-0.0004401654,0.0
-0.0014192332,0.0
-8.4033236e-05,0.0
0.0015774537,0.0
-0.008765737,0.0
-0.0017585345,0.0
0.0070858644,0.0
-0.0032745916,0.0
0.0024660137,0.0
0.0026711822,0.0
-0.0048301183,0.0
-0.00017985143,0.0
0.00086772256,0.0
-0.0029374287,0.0
-0.00037960522,0.0
0.002464043,0.0
0.003062971,0.0
0.00214676,0.0
-7.2991475e-05,0.0
-0.003738178,0.0
0.0031334423,0.0
-0.005054638,0.0
-0.0012074951,0.0
-0.002843123,0.0
0.0036355779,0.0
0.00065704435,0.0
0.0028295107,0.0
-0.00037400424,0.0
-0.0023385547,0.0
0.0015699882,0.0
0.004692603,0.0
-0.00031414442,0.0
0.003398396,0.0
-0.002547007,0.0
-0.00068926625,0.0
0.00030587055,0.0
0.00050703995,0.0
-0.0007852167,0.0
0.0046136603,0.0
3.2838434e-06,0.0
-0.00077081285,0.0
-0.002092868,0.0
-7.65454e-05,0.0
0.0009811055,0.0
0.00021023676,0.0
0.0010970216,0.0
0.0013910513,0.0
-0.0031396057,0.0
0.0034166668,0.0
-0.0010228176,0.0
-0.0014335569,0.0
-0.00043664686,0.0
-0.0008920375,0.0
0.010065343,0.0
-0.0033375937,0.0
-0.0042352285,0.0
0.0016069729,0.0
-0.0050193127,0.0
0.0048551625,0.0
-0.0022913422,0.0
-0.005606519,0.0
0.00047278777,0.0
-0.008902771,0.0
-0.0072482564,0.0
0.0022233035,0.0
0.018667053,0.0
-0.0006509721,0.0
-0.004200261,0.0
-0.0054802056,0.0
-0.0041656885,0.0
-0.008986549,0.0
-0.0042272806,0.0
-0.009959137,0.0
-0.0057697278,0.0
-0.0025397,0.0
-0.0059253406,0.0
-0.0013337564,0.0
-0.003542645,0.0
-0.0044795778,0.0
-0.0063085947,0.0
-0.004045842,0.0
0.0021876972,0.0
-0.0045278333,0.0
-0.0014980081,0.0
-0.004852282,0.0
0.006630794,0.0
0.0024522021,0.0
-0.009264981,0.0
0.0039544255,0.0
-0.0011587124,0.0
0.003393272,0.0
0.0031226948,0.0
0.018140933,0.0
0.0038762037,0.0
0.0043711867,0.0
0.0028831195,0.0
0.081711434,0.0
0.0030754358,0.0
0.003604984,0.0
0.004185511,0.0
-0.0007414613,0.0
0.004093064,0.0
-0.0032279212,0.0
0.01463736,0.0
0.0052788137,0.0
5.2463263e-05,0.0
-0.0028645713,0.0
-0.0038281363,0.0
-0.0025360323,0.0
-0.00072567724,0.0
0.00018961541,0.0
-0.00039429776,0.0
-0.003912853,0.0
-0.0040083155,0.0
0.00091901794,0.0
-0.0064777955,0.0
0.002013674,0.0
-0.0063495804,0.0
-0.0041298904,0.0
-0.0026139915,0.0
-0.0026361179,0.0
-0.004306322,0.0
-0.0058994573,0.0
0.004241761,0.0
-0.0051699094,0.0
-0.0010596979,0.0
0.0069346605,0.0
0.0033972599,0.0
0.009991663,0.0
0.024452154,0.0
-0.0018359851,0.0
-0.00094997324,0.0
0.0017184615,0.0
0.0024335813,0.0
0.026789138,0.0
0.0012661275,0.0
0.0027415492,0.0
-0.0016305055,0.0
-0.0026627518,0.0
0.0032912046,0.0
0.0039231936,0.0
-0.0111914,0.0
-0.0054219496,0.0
-0.0042111427,0.0
-0.0012859963,0.0
-0.0025016926,0.0
-0.01064799,0.0
0.0018617939,0.0
0.0041699335,0.0
0.0060572615,0.0
0.0025241505,0.0
0.0008453913,0.0
0.00054793805,0.0
0.007361305,0.0
0.009608512,0.0
0.0020504761,0.0
-0.0042034853,0.0
0.003531009,0.0
-0.00061446056,0.0
0.077750035,0.0
0.00035524368,0.0
-0.004665697,0.0
-0.0005044956,0.0
0.00029782392,0.0
0.0025021825,0.0
0.004877383,0.0
0.00084044784,0.0
-0.0006090943,0.0
0.004452287,0.0
0.000572728,0.0
-0.0065283515,0.0
-0.0037390627,0.0
-0.0055510327,0.0
0.0006164592,0.0
0.002321491,0.0
0.00018296763,0.0
-0.00405767,0.0
0.00036555715,0.0
-0.00903886,0.0
0.0026915502,0.0
-0.002548406,0.0
-0.0001185555,0.0
0.0020425152,0.0
-0.0008884147,0.0
0.0058408016,0.0
0.00030489638,0.0
0.00039204955,0.0
-0.0003781505,0.0
0.0023575518,0.0
-0.00032730587,0.0
-0.0066387597,0.0
-0.008272268,0.0
-0.0024652164,0.0
0.0018924326,0.0
-0.0014322419,0.0
0.0007740408,0.0
-0.009592069,0.0
-0.00091966614,0.0
0.00612814,0.0
0.0027258396,0.0
0.0030692983,0.0
0.0023721661,0.0
-0.004877167,0.0
-0.00074347295,0.0
-0.00109162,0.0
0.0012393501,0.0
-0.00035770983,0.0
-0.0066581964,0.0
-0.0018914286,0.0
0.0025186203,0.0
-0.0017329995,0.0
0.003264971,0.0
-0.0022275858,0.0
0.00081889145,0.0
-0.010697875,0.0
0.027088769,0.0
-0.0068565384,0.0
-0.002216559,0.0
0.000645794,0.0
0.012039704,0.0
0.010596005,0.0
0.0029168911,0.0
0.0015309267,0.0
-0.010027416,0.0
0.0014157798,0.0
0.0029540677,0.0
-0.005059408,0.0
0.00393805,0.0
0.0030907113,0.0
0.00086360984,0.0
0.00504426,0.0
0.0038079163,0.0
-0.00076173246,0.0
0.05157969,0.0
0.005684521,0.0
0.005389819,0.0
0.0058605988,0.0
-0.007862426,0.0
-0.0035771113,0.0
-0.0018793717,0.0
-0.0037674382,0.0
0.0352123,0.0
-0.00016593188,0.0
-0.0014852323,0.0
0.0026605427,0.0
0.0036846614,0.0
-3.9717183e-05,0.0
0.004454484,0.0
-0.0040493216,0.0
-0.0032943804,0.0
-0.0056809057,0.0
-0.00209851,0.0
-0.00096876547,0.0
0.004108659,0.0
0.0033553783,0.0
0.002864346,0.0
0.0045580985,0.0
0.0016007442,0.0
0.0018184055,0.0
-0.0010325592,0.0
0.0002719015,0.0
-0.008038441,0.0
-0.004707573,0.0
-0.0022623818,0.0
-0.0032489058,0.0
-0.00053141825,0.0
-0.004913142,0.0
0.0013365801,0.0
0.0012002084,0.0
-0.0020910166,0.0
-0.0016494412,0.0
0.007129146,0.0
-0.0002794247,0.0
-0.007611707,0.0
0.001694575,0.0
0.0025480632,0.0
0.002943078,0.0
0.0012317915,0.0
-0.00439672,0.0
-0.00076700933,0.0
-0.001493033,0.0
2.5233254e-05,0.0
0.0026399996,0.0
0.0010676812,0.0
0.0045119394,0.0
-0.00072704256,0.0
-0.013054183,0.0
-0.0050142594,0.0
-0.0028815102,0.0
-0.0031733718,0.0
-0.0004078094,0.0
0.00082146935,0.0
-0.011627499,0.0
-0.0017778147,0.0
0.0044722827,0.0
0.0028181486,0.0
0.0056052934,0.0
0.0025313217,0.0
0.003896473,0.0
0.0002726391,0.0
0.00030812062,0.0
0.0030690078,0.0
0.0013093855,0.0
0.0007810034,0.0
-0.002640834,0.0
-0.0023592804,0.0
-0.0006287731,0.0
0.00050234236,0.0
-0.0027055033,0.0
0.011357547,0.0
0.0018642861,0.0
0.0014245119,0.0
0.0026133955,0.0
-0.0037194788,0.0
0.0014691725,0.0
0.0019244049,0.0
-0.0010240059,0.0
-0.0062833745,0.0
0.0004920792,0.0
-0.00227659,0.0
-0.00421096,0.0
0.0018451829,0.0
-0.003443798,0.0
-0.006481027,0.0
0.020858107,0.0
-0.0036029443,0.0
-0.0068548676,0.0
-0.00045047142,0.0
-0.0018281285,0.0
-0.0018811654,0.0
-0.00046693347,0.0
-0.0044949893,0.0
-0.0062394235,0.0
-0.008097755,0.0
-0.009749247,0.0
-0.007719813,0.0
-0.004247045,0.0
-7.730536e-05,0.0
-0.00051076524,0.0
-0.009405645,0.0
-0.0034276638,0.0
0.0050298655,0.0
-0.0053298753,0.0
-0.008794902,0.0
0.10194626,0.0
0.0021248814,0.0
0.10347441,0.0
-0.00129986,0.0
-0.0036904886,0.0
0.0014352631,0.0
-0.0026911553,0.0
0.0038310895,0.0
0.0005058218,0.0
-0.0020176303,0.0
0.0045207357,0.0
-0.0029788073,0.0
-0.0016888212,0.0
0.0023282897,0.0
0.0005404465,0.0
-0.002396958,0.0
-0.001647111,0.0
-0.0024496652,0.0
-0.0015011225,0.0
0.0034649912,0.0
-0.0017971192,0.0
-0.0025704112,0.0
0.0034176726,0.0
0.002598092,0.0
0.00067652203,0.0
-0.0035904888,0.0
0.003592629,0.0
-0.00403657,0.0
-0.0011406727,0.0
0.0006572921,0.0
-0.0024817474,0.0
0.0010144655,0.0
-0.0012201983,0.0
-0.00550898,0.0
-0.0010266509,0.0
0.000544779,0.0
-0.0005443599,0.0
0.0031291004,0.0
0.005382428,0.0
-0.005449757,0.0
0.0030773617,0.0
0.0002688449,0.0
0.0046268515,0.0
0.0017470382,0.0
-0.0052648,0.0
0.0027912613,0.0
-0.000386497,0.0
-0.0015577879,0.0
0.116686456,0.0
-0.0018940568,0.0
-0.0008049086,0.0
0.012052757,0.0
-0.0023019686,0.0
0.005567846,0.0
0.006803642,0.0
-0.0057689305,0.0
-0.0012453236,0.0
-0.005473517,0.0
0.0043837074,0.0
0.0026459396,0.0
0.0023460053,0.0
-0.004150357,0.0
-0.0048431847,0.0
-0.0045653246,0.0
-0.0028934758,0.0
0.0044319425,0.0
-5.665794e-05,0.0
0.001027327,0.0
-0.0049038716,0.0
-0.0096527785,0.0
-0.008837065,0.0
0.005287705,0.0
0.0026499871,0.0
-0.0024118368,0.0
0.006455658,0.0
-0.00049871206,0.0
0.001245793,0.0
-0.0033717752,0.0
-0.004069308,0.0
0.0014105663,0.0
0.0027763043,0.0
0.00018836744,0.0
-0.0005567316,0.0
-0.0026446152,0.0
-0.0014311317,0.0
0.0010631755,0.0
-0.0009736214,0.0
0.002043087,0.0
-0.0031250361,0.0
-0.0055904407,0.0
-0.0034644436,0.0
0.003795104,0.0
-0.008941608,0.0
0.0044209007,0.0
0.001977507,0.0
0.0069041066,0.0
0.0021137372,0.0
0.0009866375,0.0
0.0011727698,0.0
-0.0016095601,0.0
-0.0116524715,0.0
0.008064847,0.0
-5.3239986e-05,0.0
-0.0004676152,0.0
-0.0068052877,0.0
-0.007724235,0.0
-0.0035152286,0.0
0.00046950765,0.0
-0.0034000743,0.0
-0.0053722356,0.0
0.008977902,0.0
0.002197219,0.0
-0.00622868,0.0
0.0014312211,0.0
0.00457268,0.0
0.00093461946,0.0
0.00050136447,0.0
-0.00026139617,0.0
-0.0019845366,0.0
-0.008165859,0.0
0.0040435437,0.0
0.0025193002,0.0
-0.0023379512,0.0
-0.0009386707,0.0
-0.0063667335,0.0
0.0020892415,0.0
0.001593072,0.0
0.0002818331,0.0
0.0041028727,0.0
0.0043496564,0.0
-0.0018362105,0.0
-0.0017346777,0.0
0.0024985243,0.0
0.00444734,0.0
-0.00082060695,0.0
-0.0012574252,0.0
0.0009088963,0.0
0.00029322505,0.0
-0.0010712538,0.0
-0.0010743588,0.0
-0.00016886555,0.0
0.0046693273,0.0
-0.00072835386,0.0
-0.0013022143,0.0
-0.0011340696,0.0
-0.0002738014,0.0
-0.00077412836,0.0
-0.007911723,0.0
0.0031551793,0.0
0.00025470555,0.0
0.009758099,0.0
-0.0029075611,0.0
-0.002236059,0.0
-0.007000575,0.0
-0.0038602334,0.0
-0.00085038133,0.0
-0.006284246,0.0
-9.3933195e-06,0.0
0.00013327785,0.0
0.0031379927,0.0
-0.0025765095,0.0
0.002336571,0.0
0.008558383,0.0
8.802675e-05,0.0
0.00094613247,0.0
0.0008566566,0.0
0.004603805,0.0
-0.0010004807,0.0
0.006256193,0.0
-0.006596457,0.0
0.0012942869,0.0
0.0026429184,0.0
-0.0038300958,0.0
-0.0028512012,0.0
-0.0014328025,0.0
0.00014701672,0.0
0.0025069993,0.0
0.0032389741,0.0
0.00389475,0.0
-0.019820271,0.0
-0.00026156567,0.0
-0.0025155433,0.0
-0.0029056966,0.0
0.002463434,0.0
0.0031939223,0.0
0.0014080275,0.0
0.0134172505,0.0
0.0005918611,0.0
-0.0009260904,0.0
-0.0028862674,0.0
-0.00077785365,0.0
-0.0021429155,0.0
0.0026539788,0.0
0.002013117,0.0
-0.0029234719,0.0
-0.0014833082,0.0
0.0023452677,0.0
0.00024344586,0.0
0.003997788,0.0
-0.0011811573,0.0
0.0017492753,0.0
0.07334385,0.0
-0.002208855,0.0
-0.0045000147,0.0
-0.0027143564,0.0
0.0010174569,0.0
0.0016578417,0.0
0.0041009877,0.0
-0.0034613851,0.0
-0.0033940077,0.0
-0.0010459702,0.0
0.001546463,0.0
0.012646314,0.0
0.0012842678,0.0
0.0016383212,0.0
-0.0040837657,0.0
0.0009933375,0.0
0.0077717938,0.0
0.0029484108,0.0
-0.00738661,0.0
0.0007909313,0.0
0.00026171096,0.0
-0.0018954854,0.0
0.0012344513,0.0
0.00024949387,0.0
-0.0006045494,0.0
0.0021278746,0.0
0.002686292,0.0
0.005122941,0.0
-0.00050971285,0.0
0.0047362642,0.0
-0.00046311878,0.0
-0.0019831304,0.0
0.002564082,0.0
0.0048895413,0.0
-0.0016751736,0.0
0.006653118,0.0
0.002016576,0.0
-0.00062557124,0.0
0.0007368084,0.0
-0.0028700288,0.0
0.0004230272,0.0
-0.004428869,0.0
-0.0028039217,0.0
0.036353774,0.0
-0.0005931873,0.0
0.0034338925,0.0
-0.004417049,0.0
-0.0017494075,0.0
-0.00015611202,0.0
0.00021718442,0.0
-0.004820455,0.0
0.002156403,0.0
0.00015028194,0.0
-0.0048540607,0.0
-0.007641863,0.0
0.01663648,0.0
0.0017832909,0.0
-0.0020877812,0.0
-0.007689055,0.0
0.004762902,0.0
-0.002167439,0.0
-0.0022858493,0.0
0.0030593555,0.0
0.0076863095,0.0
-0.0015495475,0.0
0.000103587285,0.0
-0.0020494591,0.0
-0.010343492,0.0
0.0014962573,0.0
-0.0067380667,0.0
0.0009170305,0.0
0.0015020166,0.0
-0.0021451153,0.0
-0.00015534274,0.0
-0.005073907,0.0
0.0045129564,0.0
-0.007195106,0.0
-0.0013347063,0.0
-0.0065515544,0.0
-0.0035820864,0.0
-0.011384716,0.0
0.000987947,0.0
0.003948088,0.0
-0.0011902656,0.0
0.017702166,0.0
0.0030389111,0.0
-0.0008975435,0.0
0.00051613897,0.0
0.000533998,0.0
0.003307594,0.0
0.000772709,0.0
0.0034027342,0.0
-0.0016267598,0.0
-0.0049730036,0.0
0.0055117393,0.0
0.0007104892,0.0
0.0072699776,0.0
0.003888025,0.0
0.0034734868,0.0
0.0047121877,0.0
0.0040560225,0.0
0.0017539058,0.0
0.0016369876,0.0
0.03309094,0.0
0.005530076,0.0
0.0019411519,0.0
-0.002673069,0.0
-0.0061934013,0.0
-0.0061460864,0.0
-0.0039565656,0.0
-0.0046868827,0.0
0.00044858642,0.0
-0.002894031,0.0
-0.0024901628,0.0
-0.0022162832,0.0
-0.0077907834,0.0
0.014421172,0.0
-0.00671771,0.0
-0.0022626948,0.0
-0.0003408566,0.0
0.046479695,0.0
-0.001601221,0.0
-0.009461097,0.0
0.0020667817,0.0
-0.0040798504,0.0
0.0024606753,0.0
-0.0072459485,0.0
-0.0009053033,0.0
-0.0053936522,0.0
0.025859352,0.0
-0.010111984,0.0
-0.0007997472,0.0
-0.0011684783,0.0
-0.003983561,0.0
0.00020144694,0.0
0.018661266,0.0
0.003975466,0.0
-0.0056503825,0.0
-0.00095904805,0.0
-0.000338573,0.0
-0.0017190296,0.0
0.0022358466,0.0
-0.002880359,0.0
0.003196206,0.0
-0.0022037309,0.0
-0.000688605,0.0
-0.003962083,0.0
-0.0024498757,0.0
0.005856462,0.0
0.0034016985,0.0
0.00090046227,0.0
0.0033394601,0.0
0.004205673,0.0
0.0050491374,0.0
0.000853898,0.0
-0.0010912996,0.0
0.0050037764,0.0
0.0016041584,0.0
0.0034675617,0.0
0.0033603925,0.0
-0.0020487718,0.0
-0.0023492593,0.0
-0.0051008984,0.0
-0.0049668476,0.0
-0.0035745036,0.0
-0.0049586035,0.0
0.05392199,0.0
-0.0011333097,0.0
-0.002735464,0.0
-0.004275903,0.0
0.00021396019,0.0
-0.0058080684,0.0
-0.0073406342,0.0
0.004425334,0.0
-0.006390663,0.0
0.8952706,1.0
0.9325857,1.0
0.69646764,1.0
0.79688257,1.0
0.9556669,1.0
0.8572184,1.0
0.9712732,1.0
0.9910011,1.0
0.9682883,1.0
0.9677615,1.0
0.9197029,1.0
1.0310086,1.0
0.952002,1.0
0.7940731,1.0
0.93735635,1.0
0.92203844,1.0
0.9974882,1.0
0.8938472,1.0
0.8258472,1.0
0.12952559,1.0
1.0257967,1.0
0.7513762,1.0
0.9885957,1.0
1.0313458,1.0
1.3836361,1.0
0.8208759,1.0
0.96714616,1.0
0.84109426,1.0
1.027727,1.0
1.0010529,1.0
0.8202623,1.0
0.97688025,1.0
0.8378072,1.0
0.9880152,1.0
0.65332484,1.0
0.93169016,1.0
0.9753325,1.0
0.8332593,1.0
0.83913934,1.0
0.920658,1.0
1.2325517,1.0
0.72977394,1.0
1.0064127,1.0
0.95831364,1.0
0.9428988,1.0
0.91862154,1.0
1.0813568,1.0
1.1533089,1.0
0.87907946,1.0
1.1256495,1.0
0.8956333,1.0
1.0106045,1.0
1.0021428,1.0
0.9569291,1.0
0.9635005,1.0
1.0210087,1.0
0.96394897,1.0
0.9283595,1.0
1.13865,1.0
0.84440416,1.0
0.9732474,1.0
1.0075362,1.0
1.0799325,1.0
0.9726195,1.0
0.97914356,1.0
1.0774233,1.0
0.72657096,1.0
1.1213914,1.0
0.865475,1.0
0.8730971,1.0
0.9327736,1.0
0.9925666,1.0
0.949224,1.0
0.9991641,1.0
0.78810173,1.0
0.9967067,1.0
1.0003823,1.0
1.2702631,1.0
1.0150938,1.0
0.8234694,1.0
0.8587209,1.0
0.45217407,1.0
1.3449897,1.0
0.97140765,1.0
0.9833343,1.0
1.0559425,1.0
0.7642483,1.0
0.712236,1.0
0.9253607,1.0
1.0710202,1.0
0.89119923,1.0
0.00093224086,0.0
-0.0029318836,0.0
-0.0036591385,0.0
-0.001393633,0.0
-0.0060816538,0.0
-0.0015220996,0.0
0.0021573994,0.0
0.0057531428,0.0
-0.0062522925,0.0
-0.008501509,0.0
-0.0002920162,0.0
-0.0026158635,0.0
-0.0044947825,0.0
-0.0032807086,0.0
0.003988073,0.0
-0.005496433,0.0
-0.0033916458,0.0
-0.001882216,0.0
-0.0015607812,0.0
-0.010636488,0.0
-0.00079849735,0.0
0.0056191348,0.0
-0.0026201773,0.0
0.0020041596,0.0
-0.00031483173,0.0
-0.005622426,0.0
0.0074630566,0.0
0.0058309296,0.0
-0.0009904597,0.0
0.0033283588,0.0
6.8377703e-06,0.0
0.00078582764,0.0
-0.00053349324,0.0
0.0010245629,0.0
0.004257501,0.0
0.0036898367,0.0
0.003956929,0.0
0.0016767513,0.0
0.002790086,0.0
0.0028483458,0.0
0.004106773,0.0
-0.007986406,0.0
0.0007100459,0.0
0.03104499,0.0
0.0026423354,0.0
-0.00080869347,0.0
0.009587202,0.0
0.0065681012,0.0
0.002092667,0.0
0.0017280523,0.0
1.2269244e-05,0.0
0.0069023594,0.0
0.0034770202,0.0
0.00080389157,0.0
0.002524592,0.0
0.00022066943,0.0
0.0055898363,0.0
-0.0005100705,0.0
-0.010516509,0.0
0.0003026873,0.0
-0.00374984,0.0
-0.0020995252,0.0
-0.0070240255,0.0
-0.006239416,0.0
-0.0014550146,0.0
-0.005119333,0.0
0.0067567173,0.0
-0.01114711,0.0
-0.009182591,0.0
-0.010436995,0.0
0.005869318,0.0
-0.0034496486,0.0
-0.00056429394,0.0
-0.009438405,0.0
-0.0058110226,0.0
-0.0043897294,0.0
0.0018650498,0.0
0.0013659447,0.0
-0.0073841885,0.0
-0.005945137,0.0
-0.007724181,0.0
-0.004824033,0.0
-0.0039024726,0.0
0.0025190618,0.0
0.004379496,0.0
-0.0053505525,0.0
-0.00088930875,0.0
0.0062454883,0.0
-0.006926177,0.0
-0.013522977,0.0
6.5434724e-05,0.0
-0.0014865231,0.0
-0.0058039483,0.0
-0.0028047785,0.0
-0.0063591786,0.0
0.0022876598,0.0
-0.00061714277,0.0
0.0047123097,0.0
-0.008943686,0.0
0.0024601389,0.0
-0.001778299,0.0
-0.0033688862,0.0
-0.0020191334,0.0
0.007731162,0.0
-9.1737136e-05,0.0
-0.0028633494,0.0
-0.0026013628,0.0
0.0023875423,0.0
0.0018571038,0.0
0.0033434853,0.0
0.0021281969,0.0
-0.0073740166,0.0
-0.0056226198,0.0
-0.0012493599,0.0
0.005436085,0.0
-0.009700412,0.0
0.0038013533,0.0
-0.00063247234,0.0
0.00778101,0.0
-0.0015532598,0.0
0.0016305093,0.0
-0.0024500173,0.0
-0.0045425426,0.0
0.0029237196,0.0
0.0023848303,0.0
0.0009080358,0.0
-0.0007263757,0.0
0.0018395223,0.0
-0.002126582,0.0
0.0044604093,0.0
0.003298141,0.0
0.00261423,0.0
-0.0031385608,0.0
0.0016485173,0.0
0.0007268246,0.0
0.00039700046,0.0
-0.003885476,0.0
0.000104777515,0.0
-0.0019988306,0.0
-0.0012640618,0.0
0.00035840087,0.0
0.03063464,0.0
-0.003482502,0.0
-0.0047069006,0.0
-0.0012621861,0.0
0.019742645,0.0
-0.0011559315,0.0
-0.0017291289,0.0
-0.0021014903,0.0
0.0039263396,0.0
0.0020371974,0.0
3.38424e-05,0.0
0.003940926,0.0
0.00045280904,0.0
-0.0014735777,0.0
0.007549137,0.0
0.0016098265,0.0
-0.00075306185,0.0
0.0010264069,0.0
-0.0008561015,0.0
0.00024417788,0.0
-0.0011850987,0.0
0.0007998049,0.0
-0.0015628114,0.0
0.0028811898,0.0
-0.0058461055,0.0
-0.0017171744,0.0
0.0018639844,0.0
-0.004223278,0.0
-0.0022350159,0.0
-0.0027277488,0.0
0.007183588,0.0
0.0012442525,0.0
0.0037842393,0.0
0.0072177034,0.0
-0.0019963253,0.0
-0.0004603807,0.0
-0.0004214663,0.0
-0.0060305335,0.0
0.0030873064,0.0
-0.0016652085,0.0
-0.0015107468,0.0
-9.1828406e-05,0.0
0.0026117451,0.0
0.0017187316,0.0
0.00011744723,0.0
-0.0032007229,0.0
0.008414041,0.0
0.0046137255,0.0
0.0006534625,0.0
0.0017017927,0.0
0.0035693888,0.0
0.0113978125,0.0
-0.0009474661,0.0
0.0009117313,0.0
0.00038190186,0.0
0.00018904172,0.0
0.002190845,0.0
0.0009052288,0.0
0.0015064236,0.0
-0.0015364606,0.0
-0.002586564,0.0
0.0059088143,0.0
-0.005696092,0.0
-0.0006651692,0.0
0.0013011657,0.0
-0.0028309822,0.0
0.00034379028,0.0
-0.0026643332,0.0
0.0017196722,0.0
-0.0055997204,0.0
0.0015882552,0.0
0.00061951764,0.0
-0.004567364,0.0
0.0030422471,0.0
0.0003598202,0.0
0.0042667445,0.0
0.00029521622,0.0
-0.0041463785,0.0
-0.0037167165,0.0
-0.0017248504,0.0
-0.00062393956,0.0
0.022606282,0.0
0.004676597,0.0
0.00075783394,0.0
-0.002574699,0.0
0.00060788356,0.0
-0.008492695,0.0
0.008046157,0.0
0.0006157737,0.0
-0.006903963,0.0
-0.0033553261,0.0
-0.00891594,0.0
-0.0021224823,0.0
-0.0042265523,0.0
0.007470849,0.0
-0.0038486738,0.0
-0.0036323946,0.0
-0.009006208,0.0
-0.0013883878,0.0
-0.015337335,0.0
-0.0009019468,0.0
-0.00026639737,0.0
-0.0062661152,0.0
0.0030060206,0.0
-0.00037146732,0.0
0.0030275714,0.0
-0.000115484,0.0
-0.00083005056,0.0
0.005137329,0.0
0.0021061543,0.0
-0.00052754395,0.0
-0.00026169233,0.0
-0.0007946957,0.0
0.06389733,0.0
0.0010457207,0.0
0.0033763945,0.0
0.0077107064,0.0
0.0013609137,0.0
0.0016022716,0.0
-0.00020511635,0.0
0.004195678,0.0
0.007240287,0.0
0.0026846174,0.0
2.1852553e-05,0.0
0.0009972062,0.0
-0.0066755004,0.0
-0.0010539312,0.0
0.00095538795,0.0
0.000660846,0.0
-0.00040208176,0.0
0.005432564,0.0
0.002327729,0.0
-0.0063037127,0.0
0.0065173255,0.0
0.0027243197,0.0
0.00044590607,0.0
-0.00081085786,0.0
-0.00761131,0.0
-0.0008225795,0.0
0.0021108035,0.0
0.00508349,0.0
0.0019185636,0.0
0.004014573,0.0
0.0107002,0.0
-0.0061750878,0.0
-0.003448708,0.0
-0.0008357037,0.0
-0.006733453,0.0
-0.00056015514,0.0
-0.00016694702,0.0
-0.001026066,0.0
0.001495365,0.0
-0.0057537537,0.0
0.0051872823,0.0
-0.0040395875,0.0
-0.0014720801,0.0
0.008446016,0.0
-0.0009166151,0.0
-0.0060359407,0.0
0.0012928229,0.0
-0.0030084737,0.0
-0.0017866213,0.0
0.00072533265,0.0
-0.0018259678,0.0
0.0027124211,0.0
0.0006116219,0.0
0.0008535292,0.0
0.0015035961,0.0
-0.0040938165,0.0
-0.0037027523,0.0
0.00021182932,0.0
-0.004048139,0.0
-0.0066311155,0.0
0.005562784,0.0
0.0010404475,0.0
0.0011084192,0.0
0.0008109063,0.0
0.00014806353,0.0
0.0027454123,0.0
0.0046574725,0.0
-0.00071398355,0.0
0.00626848,0.0
-0.000807045,0.0
0.004188847,0.0
0.0003907904,0.0
0.00066825934,0.0
0.003986628,0.0
-0.001392534,0.0
0.0025431179,0.0
0.0016041566,0.0
-0.003139617,0.0
-0.0068777706,0.0
0.0028362218,0.0
-0.00057622604,0.0
-0.009686876,0.0
-0.0050124247,0.0
-0.008576412,0.0
-0.0033274163,0.0
0.010960255,0.0
-0.006319454,0.0
-0.0033612978,0.0
-0.004694311,0.0
-0.004744185,0.0
-0.0049817096,0.0
-0.006447604,0.0
0.00092453323,0.0
-0.0032834262,0.0
-0.0058736596,0.0
-0.0070470553,0.0
-0.0032885391,0.0
0.004320965,0.0
-0.0038570575,0.0
0.005286105,0.0
-0.0025327932,0.0
-0.008033929,0.0
0.0067891562,0.0
-0.0075898618,0.0
-0.0053224918,0.0
0.00052236393,0.0
0.0008031558,0.0
-0.003645597,0.0
-0.00033712573,0.0
-0.011261446,0.0
0.0036576632,0.0
-0.0050467867,0.0
-0.0060068984,0.0
0.036143422,0.0
0.0017861798,0.0
0.0038770651,0.0
0.004637871,0.0
0.009047276,0.0
0.0048927665,0.0
-0.0036247745,0.0
0.00083860196,0.0
-0.0021498054,0.0
0.001637835,0.0
0.0020109527,0.0
0.00064748526,0.0
0.00021479651,0.0
-0.005239036,0.0
0.00290999,0.0
-0.0006299112,0.0
0.0018017087,0.0
0.0035663992,0.0
0.006168166,0.0
-0.004257001,0.0
0.0027931482,0.0
0.0011989083,0.0
-0.0027244054,0.0
0.0017504599,0.0
0.036114287,0.0
0.005621176,0.0
-0.005723601,0.0
0.0014313161,0.0
-0.003579475,0.0
0.0003631655,0.0
0.0007390715,0.0
-0.0045844167,0.0
-0.0044009965,0.0
-0.00030880794,0.0
-0.00160929,0.0
-0.0022528563,0.0
0.0038290601,0.0
0.0026993994,0.0
-0.00024070963,0.0
-0.0036773589,0.0
-0.004043894,0.0
-0.0021146834,0.0
-0.0017183237,0.0
-0.0011944305,0.0
0.00015671365,0.0
-0.00015288591,0.0
-0.001846794,0.0
-0.0020581298,0.0
0.0059127165,0.0
0.0009627249,0.0
-0.0010413714,0.0
-0.0035434682,0.0
-0.004466217,0.0
-0.00403993,0.0
-0.0022349022,0.0
0.005323096,0.0
-0.0012592766,0.0
-0.00057893246,0.0
0.0009454414,0.0
0.0052690543,0.0
-0.00012831762,0.0
-0.0042419974,0.0
-0.0025943127,0.0
-0.0006382298,0.0
-0.0012221653,0.0
-0.00469793,0.0
-0.0019353852,0.0
-0.0020370986,0.0
-0.0018742178,0.0
-0.002006298,0.0
0.0011178814,0.0
-0.002364589,0.0
0.007080908,0.0
0.0009470638,0.0
-0.007546276,0.0
0.0062272977,0.0
-0.0019375365,0.0
-0.00021591969,0.0
-0.0035424642,0.0
0.00035319105,0.0
0.027234836,0.0
-0.009102186,0.0
-0.0012880582,0.0
-0.0023404043,0.0
0.0062177014,0.0
-0.00029414147,0.0
0.002713466,0.0
0.05617205,0.0
0.003783889,0.0
0.0013934579,0.0
-0.002488155,0.0
0.020249069,0.0
0.00194888,0.0
-0.005144732,0.0
0.0053687226,0.0
-0.0036356766,0.0
-0.0025714114,0.0
0.0011136979,0.0
0.0007525403,0.0
-0.00029696152,0.0
0.0010211039,0.0
-0.0053850375,0.0
0.0008670818,0.0
-0.0015975256,0.0
-0.0023888964,0.0
0.003734381,0.0
0.0009557046,0.0
-0.001177419,0.0
0.0062595187,0.0
0.0012558699,0.0
0.0060195345,0.0
-0.011992728,0.0
0.002878273,0.0
-0.0144688245,0.0
-0.00024642982,0.0
-0.0036863685,0.0
-0.00013049506,0.0
0.0026083011,0.0
-0.0024844147,0.0
-0.0017205495,0.0
-0.0024485514,0.0
-0.0006173719,0.0
-0.0031567346,0.0
-0.0010203198,0.0
-0.0018524919,0.0
-0.0043786205,0.0
0.0030487273,0.0
-0.008111006,0.0
-0.004502153,0.0
-0.004866844,0.0
-0.01116414,0.0
-0.0039644353,0.0
-0.009503692,0.0
0.0066060703,0.0
0.0024321359,0.0
0.00074321777,0.0
-0.0072672796,0.0
-0.0029233843,0.0
0.0021125823,0.0
-0.0012270361,0.0
-0.002648916,0.0
-0.007896084,0.0
0.00012590177,0.0
-0.010513008,0.0
-0.0026883408,0.0
-0.0075811837,0.0
-0.0038256664,0.0
0.00043755397,0.0
-0.0041765627,0.0
-0.0031372868,0.0
-0.002921192,0.0
0.004841882,0.0
-0.0038919076,0.0
-0.006472826,0.0
-0.0071945377,0.0
-0.0005456358,0.0
-0.0065532047,0.0
-0.010552732,0.0
-0.0027896352,0.0
-0.0019604731,0.0
-0.0034441669,0.0
0.003996417,0.0
0.0030122735,0.0
-0.004717836,0.0
-0.0018760134,0.0
-0.012907183,0.0
0.004310363,0.0
0.003677301,0.0
0.0005957596,0.0
0.0011232737,0.0
-0.0043448564,0.0
0.0012491178,0.0
-0.0042805504,0.0
0.0036290176,0.0
0.0012047589,0.0
0.0042697303,0.0
0.0020127352,0.0
0.009091637,0.0
0.03995192,0.0
-7.008575e-05,0.0
-0.006214902,0.0
0.009478342,0.0
0.0012618192,0.0
-0.0067667067,0.0
-0.0020914134,0.0
-0.0033767987,0.0
-0.000985099,0.0
-0.005305195,0.0
-0.0013403501,0.0
0.0030848999,0.0
-0.005421838,0.0
-0.002899401,0.0
-0.0043970887,0.0
-0.012727724,0.0
-0.0036180522,0.0
-0.0085819755,0.0
-0.005967684,0.0
-0.0026046466,0.0
0.001331808,0.0
-0.007961426,0.0
-0.005782999,0.0
-0.014265319,0.0
-0.00974817,0.0
-0.0035247318,0.0
0.00040722452,0.0
-0.007865688,0.0
0.0033291131,0.0
0.105362564,0.0
-0.0015496425,0.0
0.0039846366,0.0
0.0044707563,0.0
0.0017477348,0.0
-0.004542213,0.0
-0.009475401,0.0
0.0017753337,0.0
-0.0005970057,0.0
-0.004753547,0.0
0.003263453,0.0
0.0043678246,0.0
-0.006342953,0.0
0.0020763334,0.0
0.0035930704,0.0
0.027680378,0.0
0.0018391553,0.0
-0.002095418,0.0
-0.003947487,0.0
0.0012639444,0.0
-0.00018752739,0.0
0.0033784304,0.0
0.0032137353,0.0
0.0006499477,0.0
-0.0010460075,0.0
-2.6369467e-05,0.0
-0.00304579,0.0
-0.0023353398,0.0
-0.0008902196,0.0
-0.006237766,0.0
0.0031402167,0.0
0.0041907206,0.0
-0.00019243732,0.0
0.0010293797,0.0
0.0006848965,0.0
-0.0022909269,0.0
0.0055105807,0.0
0.017098766,0.0
0.001067495,0.0
0.0020139758,0.0
-0.0026579928,0.0
0.004025737,0.0
-0.0026476271,0.0
0.0017302986,0.0
0.00037178583,0.0
-0.00272041,0.0
0.00586915,0.0
0.0006602891,0.0
0.0008746367,0.0
-0.00484634,0.0
-0.0037138108,0.0
0.0019383896,0.0
0.0018831026,0.0
-0.0023113228,0.0
0.0018682498,0.0
0.004565669,0.0
0.005794188,0.0
-0.00077605434,0.0
-0.00064670667,0.0
0.00040356256,0.0
-0.0010231975,0.0
-1.8626451e-09,0.0
0.0012520254,0.0
-0.0049783196,0.0
-0.00048707612,0.0
-0.0027871262,0.0
-0.00020027906,0.0
0.0010932554,0.0
0.0027359705,0.0
0.0032099728,0.0
-0.003339246,0.0
-0.0010257438,0.0
0.0013423506,0.0
-0.0007323958,0.0
0.0021658465,0.0
-2.9848889e-05,0.0
-0.004322838,0.0
-0.00023225136,0.0
-0.00291479,0.0
-0.0023563728,0.0
-0.0014457107,0.0
-0.0007271059,0.0
0.00055409037,0.0
-0.0052156076,0.0
-0.012242576,0.0
-0.0017288793,0.0
0.001859853,0.0
-0.007675547,0.0
-0.0072669033,0.0
-0.0052797273,0.0
-0.0026472826,0.0
-0.007777665,0.0
-0.003479179,0.0
-0.0019316878,0.0
-0.0048409365,0.0
-0.0047020037,0.0
0.0066698752,0.0
-0.0035176743,0.0
-0.00014251657,0.0
0.0075995484,0.0
0.00058318675,0.0
-0.004268665,0.0
0.0035230927,0.0
0.0052775703,0.0
0.0009539258,0.0
0.0024052206,0.0
0.0008143503,0.0
-0.002637757,0.0
0.0021298118,0.0
-0.006382348,0.0
0.001303995,0.0
0.01158102,0.0
-0.0008787047,0.0
-0.001962563,0.0
0.0017796122,0.0
-0.0010760967,0.0
-0.00651752,0.0
-0.0021773316,0.0
-0.0004247818,0.0
-0.0020163562,0.0
-0.0027013589,0.0
0.00041745976,0.0
0.003044052,0.0
0.0065080095,0.0
0.0037905863,0.0
0.005854848,0.0
-0.0031540543,0.0
-0.0025772937,0.0
0.00027011894,0.0
-0.0034357049,0.0
6.7807734e-05,0.0
0.00021807663,0.0
-0.0027946904,0.0
-0.0035109166,0.0
0.0024521183,0.0
-0.003353946,0.0
-0.0005719438,0.0
-0.0017886646,0.0
-0.0055120457,0.0
-0.0044843033,0.0
-0.0036526453,0.0
-0.0063394066,0.0
0.0066356715,0.0
0.0034617782,0.0
-0.003224071,0.0
-0.0064996034,0.0
0.0043239566,0.0
0.0022632442,0.0
-0.003937345,0.0
-0.0076742154,0.0
-0.0067385826,0.0
-0.0009953212,0.0
-0.0044783223,0.0
-0.00659531,0.0
-0.005660055,0.0
0.0023719016,0.0
-0.004364874,0.0
0.003913164,0.0
-0.008558001,0.0
-0.004709659,0.0
-0.008480972,0.0
-0.0029428843,0.0
-0.0012347512,0.0
-0.008561118,0.0
-0.008164255,0.0
0.00046614,0.0
-0.0084795635,0.0
0.024070177,0.0
0.004308817,0.0
0.0014651567,0.0
0.006857251,0.0
0.0001618471,0.0
-0.00010696612,0.0
0.00070775487,0.0
-0.01035863,0.0
-0.004975727,0.0
0.0027867407,0.0
0.0061947433,0.0
-0.0044974145,0.0
-0.0045982637,0.0
-0.0014634542,0.0
-0.005540982,0.0
0.00023716316,0.0
-0.002625538,0.0
-0.0017332751,0.0
-0.00080003776,0.0
0.003704479,0.0
-0.002546057,0.0
0.003203813,0.0
0.0025682915,0.0
-0.0019917507,0.0
0.003968141,0.0
0.0019134339,0.0
0.00513725,0.0
0.0054078363,0.0
0.0012932178,0.0
-0.00071040913,0.0
0.005229744,0.0
-0.0023160782,0.0
-0.0003144145,0.0
0.002606336,0.0
-0.0010511596,0.0
-0.0033693817,0.0
0.0016569924,0.0
-0.006956907,0.0
0.002954254,0.0
-0.0044962596,0.0
-0.0034258384,0.0
-0.0060000215,0.0
0.0049810093,0.0
0.0052659027,0.0
0.0002889391,0.0
-0.0068652965,0.0
0.0059248246,0.0
0.007939007,0.0
0.0015567299,0.0
-0.0009927042,0.0
0.0026411265,0.0
-0.0035438053,0.0
-0.0005442966,0.0
-0.0006477479,0.0
0.0031884387,0.0
0.00069144927,0.0
0.00050006434,0.0
0.0008398667,0.0
0.0010766815,0.0
-0.0016613118,0.0
0.0015238747,0.0
0.0072870767,0.0
-0.012591789,0.0
-0.0019489862,0.0
0.0029393472,0.0
-0.0019861422,0.0
-0.0020036418,0.0
9.050034e-05,0.0
0.000839578,0.0
-0.0038168747,0.0
0.00093629025,0.0
2.7077273e-05,0.0
-0.005243188,0.0
0.0026249755,0.0
0.02571981,0.0
0.001469776,0.0
-0.0029019564,0.0
-0.0018125903,0.0
-0.004484104,0.0
-0.0015487727,0.0
0.0038987854,0.0
-0.0024677496,0.0
-0.0003823787,0.0
0.005997535,0.0
-0.0019646157,0.0
-0.010485431,0.0
-0.0072785877,0.0
0.0022560544,0.0
-0.004589606,0.0
-0.00092595443,0.0
-0.01130317,0.0
-0.0058985315,0.0
-0.0049463008,0.0
0.0013592988,0.0
-0.006431658,0.0
-0.0010600388,0.0
-0.0026553515,0.0
-0.0040717777,0.0
-0.0011870898,0.0
-0.005793156,0.0
-0.0075957887,0.0
-0.0026821885,0.0
-0.011480438,0.0
-0.0022570658,0.0
-0.010168916,0.0
0.00048773363,0.0
-0.004732428,0.0
0.00315791,0.0
0.0021172445,0.0
0.005259781,0.0
0.007457656,0.0
-0.0031894762,0.0
-0.0035344306,0.0
0.00705206,0.0
0.0034601428,0.0
-0.003792826,0.0
-0.0015831534,0.0
0.00043540634,0.0
0.004450321,0.0
0.002898356,0.0
-0.0020234194,0.0
0.0026668962,0.0
-0.0006748978,0.0
-0.00058893673,0.0
-0.0022348557,0.0
0.0037751114,0.0
0.0016645249,0.0
-0.0009900704,0.0
0.0014447216,0.0
-0.0009480901,0.0
0.0044190874,0.0
0.0023116134,0.0
0.0044850344,0.0
-0.0061073173,0.0
0.009702284,0.0
-0.00012224726,0.0
0.0015580356,0.0
-0.00051103905,0.0
-0.008981952,0.0
-0.00086205825,0.0
-0.00491488,0.0
-0.007658353,0.0
-0.001476774,0.0
0.00075559504,0.0
0.002287142,0.0
-0.0022145044,0.0
0.0026747826,0.0
-0.0011154022,0.0
-0.007447472,0.0
-0.007783711,0.0
-0.006283652,0.0
-0.0015689228,0.0
-0.0072867796,0.0
0.006100647,0.0
0.016672928,0.0
-0.008923015,0.0
-0.005227428,0.0
0.0013672728,0.0
0.0007857699,0.0
-0.0012565013,0.0
0.0016910341,0.0
-0.002883369,0.0
0.0052687777,0.0
0.0024353676,0.0
-0.0027821008,0.0
-0.0005929079,0.0
-0.0016825441,0.0
0.0019687824,0.0
-0.0013827626,0.0
0.003952967,0.0
0.03950584,0.0
-0.011210274,0.0
0.0013209078,0.0
0.005649534,0.0
-0.0027699787,0.0
0.0053342925,0.0
0.013326582,0.0
0.0058246916,0.0
0.0009926166,0.0
0.002755247,0.0
0.0017834064,0.0
0.0012102909,0.0
-0.000874972,0.0
0.0023586303,0.0
0.0018075742,0.0
0.003050305,0.0
-0.002478417,0.0
-0.00057206675,0.0
-0.00036299787,0.0
-0.00017282553,0.0
0.006710328,0.0
-0.00028732978,0.0
0.0042508114,0.0
0.0037796842,0.0
-0.00039915554,0.0
-0.0028949417,0.0
0.0059116557,0.0
0.0016886462,0.0
0.0014044531,0.0
-0.0012039673,0.0
0.028796328,0.0
0.0052309074,0.0
0.00093548745,0.0
0.0022379812,0.0
0.0043579172,0.0
0.0013062377,0.0
0.0030777827,0.0
0.0047595585,0.0
-0.0015665051,0.0
0.003608996,0.0
-0.00013882667,0.0
0.00043945573,0.0
-0.0019350722,0.0
-0.00036304258,0.0
-0.0019969288,0.0
-0.0015085377,0.0
-0.0017631482,0.0
-0.00021503493,0.0
-0.00053719245,0.0
0.0033580754,0.0
0.0014662743,0.0
0.006017523,0.0
-0.0026788972,0.0
-0.00013795681,0.0
-0.0038962476,0.0
-0.006591022,0.0
-0.009771125,0.0
0.0013369005,0.0
-0.0010442436,0.0
-0.0005890671,0.0
0.0012846235,0.0
-0.0005067792,0.0
0.0021815915,0.0
0.0049676765,0.0
-0.0037494078,0.0
0.0047971085,0.0
-0.0038196743,0.0
-0.0015939698,0.0
0.0019416828,0.0
-0.0035409648,0.0
-0.0066709574,0.0
-0.001657771,0.0
-0.0049671624,0.0
0.0010974668,0.0
-0.0010661334,0.0
-0.0042038,0.0
-0.007992072,0.0
0.0057482906,0.0
9.229779e-05,0.0
-0.006162526,0.0
0.001143463,0.0
0.002474483,0.0
0.0017351899,0.0
-0.002882924,0.0
-0.008772815,0.0
-0.0013531931,0.0
-0.002131587,0.0
0.0064640157,0.0
-0.0026699286,0.0
-0.0029064473,0.0
0.0075018033,0.0
-0.0051326696,0.0
-0.00059458055,0.0
0.0037597641,0.0
-0.0014854576,0.0
-0.0011635218,0.0
-0.00859081,0.0
-0.00080335326,0.0
-0.0070850905,0.0
-0.006928548,0.0
-0.0022151247,0.0
0.0011522193,0.0
0.001040997,0.0
0.0035546776,0.0
0.0015419275,0.0
-0.0019238107,0.0
0.0014058612,0.0
-0.009118848,0.0
0.0027151704,0.0
0.005960254,0.0
-0.0046337973,0.0
-0.0010514129,0.0
-0.0026678275,0.0
-0.0025471374,0.0
0.002157174,0.0
-0.001396453,0.0
-0.00052498654,0.0
0.00061376765,0.0
-0.0007604584,0.0
-0.00060817786,0.0
-0.001465043,0.0
0.0038533546,0.0
-0.0018789507,0.0
-0.002164539,0.0
-0.0005397536,0.0
-0.0030136313,0.0
-0.0011312645,0.0
-0.0074453093,0.0
-0.00075001083,0.0
0.0031171348,0.0
0.005914932,0.0
0.00046516955,0.0
0.0016214345,0.0
-0.0024566427,0.0
0.0065820003,0.0
0.0003561806,0.0
-0.0012272354,0.0
-0.0045950543,0.0
-0.0078524705,0.0
-0.00064975023,0.0
-0.005392881,0.0
0.0023117773,0.0
0.00014295802,0.0
0.008691989,0.0
0.0061801737,0.0
0.00094913505,0.0
-0.0024011265,0.0
-0.0069449935,0.0
0.0013152286,0.0
-0.003945267,0.0
0.002393525,0.0
-0.0008805394,0.0
0.0067583043,0.0
-0.0016872752,0.0
0.00083504803,0.0
-0.0014564898,0.0
-0.0045360886,0.0
0.003442604,0.0
-0.0015097149,0.0
-0.0038914308,0.0
-0.0044237897,0.0
0.005714138,0.0
0.0027006269,0.0
-0.00067468546,0.0
0.0045221066,0.0
-0.0011548866,0.0
0.0025723316,0.0
-0.003513312,0.0
0.0041559907,0.0
0.0014409758,0.0
0.0014675893,0.0
-0.004314525,0.0
0.0035601184,0.0
-0.0056648348,0.0
0.0015037395,0.0
-0.0007004235,0.0
0.0003181249,0.0
-0.0022283755,0.0
-0.006955024,0.0
0.000758959,0.0
0.00356392,0.0
-0.00064968877,0.0
0.0007079225,0.0
-0.004585253,0.0
-0.0021945294,0.0
-0.006101165,0.0
-0.004335707,0.0
0.00089059584,0.0
-0.011585688,0.0
0.0018720701,0.0
-0.004657205,0.0
-0.0010289792,0.0
-0.0034229513,0.0
-0.0047778096,0.0
-0.0070905555,0.0
-0.0068147555,0.0
-0.001695022,0.0
-0.0038364027,0.0
-0.0035632811,0.0
0.0035136547,0.0
-0.0038322825,0.0
-0.00037647784,0.0
-0.0034214407,0.0
-0.0018662941,0.0
0.004146207,0.0
0.0052623143,0.0
0.006817801,0.0
-0.0049533956,0.0
7.165596e-06,0.0
0.00069721974,0.0
0.023211844,0.0
0.0005792286,0.0
0.0035226326,0.0
-0.0007107537,0.0
0.0039498266,0.0
-0.0026709214,0.0
-0.0043974295,0.0
0.00091580674,0.0
0.0025119428,0.0
-0.0011579655,0.0
-0.00443767,0.0
0.0031395443,0.0
0.00029990077,0.0
0.00920337,0.0
0.0004188381,0.0
-0.0015159156,0.0
-0.0041422863,0.0
0.0006180871,0.0
-0.00016325712,0.0
-0.0013577305,0.0
0.00077562593,0.0
-0.0022912268,0.0
0.0052610077,0.0
-0.004589893,0.0
-0.0006597545,0.0
-0.0028299708,0.0
0.0010137334,0.0
-5.3929165e-05,0.0
0.00407805,0.0
0.004400786,0.0
-0.0021625347,0.0
0.0065172045,0.0
0.0016793832,0.0
-0.0032503214,0.0
-7.774867e-05,0.0
0.0041308636,0.0
0.0031908173,0.0
-0.001295099,0.0
-0.00017596595,0.0
0.0036396086,0.0
-0.002465764,0.0
-0.00017557666,0.0
-0.0017833933,0.0
0.003984264,0.0
0.0018503331,0.0
0.0035131108,0.0
-0.0011504479,0.0
-0.006188046,0.0
0.003578866,0.0
0.0011382811,0.0
0.000976868,0.0
-0.00034964643,0.0
0.0056887334,0.0
-0.001515368,0.0
-0.0010749232,0.0
-0.0029447693,0.0
-0.00024864636,0.0
-0.002834024,0.0
0.0040425463,0.0
-0.00079603866,0.0
-0.000658676,0.0
0.0020835716,0.0
-0.0005604215,0.0
0.0001227986,0.0
0.00062150694,0.0
-0.0017313771,0.0
-0.0021997131,0.0
-0.00038054958,0.0
0.0016535912,0.0
0.0023712013,0.0
0.0003713742,0.0
-0.0024411343,0.0
-0.00061091967,0.0
0.0036766203,0.0
-0.00081758946,0.0
0.0049635433,0.0
0.0010234341,0.0
-0.006504597,0.0
-0.0035645831,0.0
-0.00465538,0.0
-0.002585899,0.0
-0.0015012231,0.0
-0.0026417784,0.0
-0.0067125205,0.0
0.0008961726,0.0
0.0034993608,0.0
-0.0069930423,0.0
-0.000736326,0.0
0.0017523281,0.0
-0.002548026,0.0
-0.002420934,0.0
-0.00061577745,0.0
-0.001383001,0.0
-0.008841166,0.0
-0.005025629,0.0
-0.0036844928,0.0
-0.00875943,0.0
-0.0018075462,0.0
-0.00056245737,0.0
-0.010686176,0.0
0.0026209522,0.0
-0.006102007,0.0
-0.0046283603,0.0
0.0016248561,0.0
-0.005318681,0.0
-0.0010137726,0.0
-0.00032077543,0.0
0.006584812,0.0
0.0048915986,0.0
-0.006478261,0.0
0.04026006,0.0
0.0059751533,0.0
-0.007689262,0.0
-0.006205134,0.0
-0.0099258255,0.0
0.005365422,0.0
-0.006350016,0.0
0.044817083,0.0
-0.0045583826,0.0
0.022678033,0.0
0.0105562,0.0
0.005747455,0.0
0.0029095188,0.0
0.0068325493,0.0
0.0015536137,0.0
-0.0048642755,0.0
-0.0019153561,0.0
0.003602948,0.0
0.006049648,0.0
0.0033861455,0.0
-0.0022637267,0.0
0.0012170356,0.0
0.009048185,0.0
-1.744181e-05,0.0
0.002147846,0.0
0.0022152402,0.0
0.0049267933,0.0
