[0.00611699],[[0.0]]
[0.01763341],[[0.0]]
[0.01249215],[[0.0]]
[0.01774904],[[0.0]]
[0.0257811],[[0.0]]
[0.01704085],[[0.0]]
[0.01310983],[[0.0]]
[0.01387566],[[0.0]]
[0.06707391],[[0.0]]
[0.03024662],[[0.0]]
[0.03295484],[[0.0]]
[0.04670954],[[0.0]]
[0.05232435],[[0.0]]
[0.04937124],[[0.0]]
[0.01340762],[[0.0]]
[0.01240301],[[0.0]]
[0.0270687],[[0.0]]
[0.0181655],[[0.0]]
[0.03824517],[[0.0]]
[0.01377091],[[0.0]]
[0.01490068],[[0.0]]
[0.01823738],[[0.0]]
[0.06392208],[[0.0]]
[0.02389976],[[0.0]]
[0.02808022],[[0.0]]
[0.02572703],[[0.0]]
[0.05734],[[0.0]]
[0.01770741],[[0.0]]
[0.04040223],[[0.0]]
[0.02450708],[[0.0]]
[0.01308361],[[0.0]]
[0.01793391],[[0.0]]
[0.04329735],[[0.0]]
[0.01313761],[[0.0]]
[0.02269933],[[0.0]]
[0.01762742],[[0.0]]
[0.02389807],[[0.0]]
[0.01433209],[[0.0]]
[0.06478593],[[0.0]]
[0.02725324],[[0.0]]
[0.02497399],[[0.0]]
[0.05390623],[[0.0]]
[0.02451745],[[0.0]]
[0.03472003],[[0.0]]
[0.02024558],[[0.0]]
[0.00849316],[[0.0]]
[0.02543044],[[0.0]]
[0.01048654],[[0.0]]
[0.01942697],[[0.0]]
[0.01409632],[[0.0]]
[0.03410107],[[0.0]]
[0.02478442],[[0.0]]
[0.01299912],[[0.0]]
[0.02566296],[[0.0]]
[0.02573362],[[0.0]]
[0.03364033],[[0.0]]
[0.05073103],[[0.0]]
[0.01910266],[[0.0]]
[0.01960117],[[0.0]]
[0.02577433],[[0.0]]
[0.05226183],[[0.0]]
[0.01303351],[[0.0]]
[0.02517012],[[0.0]]
[0.03015104],[[0.0]]
[0.0193494],[[0.0]]
[0.02367049],[[0.0]]
[0.02663621],[[0.0]]
[0.01864004],[[0.0]]
[0.02673993],[[0.0]]
[0.01798487],[[0.0]]
[0.01018697],[[0.0]]
[0.0199478],[[0.0]]
[0.01587012],[[0.0]]
[0.03735688],[[0.0]]
[0.05949751],[[0.0]]
[0.02983075],[[0.0]]
[0.02019387],[[0.0]]
[0.0385308],[[0.0]]
[0.02842307],[[0.0]]
[0.01988307],[[0.0]]
[0.01478314],[[0.0]]
[0.00793466],[[0.0]]
[0.03858629],[[0.0]]
[0.02683267],[[0.0]]
[0.03160176],[[0.0]]
[0.02754664],[[0.0]]
[0.01914015],[[0.0]]
[0.01239058],[[0.0]]
[0.04630917],[[0.0]]
[0.01643458],[[0.0]]
[0.01582751],[[0.0]]
[0.02758276],[[0.0]]
[0.0196403],[[0.0]]
[0.01681519],[[0.0]]
[0.02345067],[[0.0]]
[0.01752558],[[0.0]]
[0.01142061],[[0.0]]
[0.03287265],[[0.0]]
[0.14822224],[[0.0]]
[0.05970535],[[0.0]]
[0.04599756],[[0.0]]
[0.02197972],[[0.0]]
[0.03031316],[[0.0]]
[0.01519379],[[0.0]]
[0.03184322],[[0.0]]
[0.03424445],[[0.0]]
[0.00979164],[[0.0]]
[0.01902872],[[0.0]]
[0.01897639],[[0.0]]
[0.02632836],[[0.0]]
[0.04095533],[[0.0]]
[0.01166448],[[0.0]]
[0.01845935],[[0.0]]
[0.01039293],[[0.0]]
[0.02526441],[[0.0]]
[0.01922852],[[0.0]]
[0.00978953],[[0.0]]
[0.0130119],[[0.0]]
[0.03188902],[[0.0]]
[0.01549426],[[0.0]]
[0.02571842],[[0.0]]
[0.02155405],[[0.0]]
[0.02837774],[[0.0]]
[0.01838768],[[0.0]]
[0.01988611],[[0.0]]
[0.02869734],[[0.0]]
[0.01978216],[[0.0]]
[0.008836],[[0.0]]
[0.02380431],[[0.0]]
[0.04088661],[[0.0]]
[0.02484742],[[0.0]]
[0.0287914],[[0.0]]
[0.0384765],[[0.0]]
[0.02143127],[[0.0]]
[0.03730246],[[0.0]]
[0.02408534],[[0.0]]
[0.01439652],[[0.0]]
[0.01332793],[[0.0]]
[0.01750854],[[0.0]]
[0.05688423],[[0.0]]
[0.03294206],[[0.0]]
[0.01386669],[[0.0]]
[0.02634531],[[0.0]]
[0.0658536],[[0.0]]
[0.05843914],[[0.0]]
[0.0248524],[[0.0]]
[0.02920195],[[0.0]]
[0.01825571],[[0.0]]
[0.01031616],[[0.0]]
[0.02137807],[[0.0]]
[0.01395026],[[0.0]]
[0.02575186],[[0.0]]
[0.01510093],[[0.0]]
[0.03351748],[[0.0]]
[0.01157042],[[0.0]]
[0.01880771],[[0.0]]
[0.04132581],[[0.0]]
[0.08837894],[[0.0]]
[0.01409331],[[0.0]]
[0.034567],[[0.0]]
[0.02310205],[[0.0]]
[0.02775255],[[0.0]]
[0.02429444],[[0.0]]
[0.01353365],[[0.0]]
[0.03382602],[[0.0]]
[0.05313334],[[0.0]]
[0.01368579],[[0.0]]
[0.06565276],[[0.0]]
[0.01387376],[[0.0]]
[0.02873835],[[0.0]]
[0.03570005],[[0.0]]
[0.02205494],[[0.0]]
[0.02766493],[[0.0]]
[0.01859587],[[0.0]]
[0.01798886],[[0.0]]
[0.02005303],[[0.0]]
[0.02620342],[[0.0]]
[0.0222677],[[0.0]]
[0.01841024],[[0.0]]
[0.0375188],[[0.0]]
[0.02888128],[[0.0]]
[0.01872262],[[0.0]]
[0.03626341],[[0.0]]
[0.01689008],[[0.0]]
[0.02819052],[[0.0]]
[0.05378547],[[0.0]]
[0.02245373],[[0.0]]
[0.03257462],[[0.0]]
[0.02638319],[[0.0]]
[0.01835048],[[0.0]]
[0.01635391],[[0.0]]
[0.0308131],[[0.0]]
[0.02619922],[[0.0]]
[0.02449909],[[0.0]]
[0.02007562],[[0.0]]
[0.06120992],[[0.0]]
[0.02288467],[[0.0]]
[0.02854329],[[0.0]]
[0.02304903],[[0.0]]
[0.02058333],[[0.0]]
[0.06712016],[[0.0]]
[0.03043658],[[0.0]]
[0.01340714],[[0.0]]
[0.01696032],[[0.0]]
[0.02142337],[[1.0]]
[0.0348759],[[1.0]]
[0.02713037],[[1.0]]
[0.01487002],[[1.0]]
[0.02869734],[[1.0]]
[0.02391693],[[1.0]]
[0.01232618],[[1.0]]
[0.02152726],[[1.0]]
[0.02886471],[[1.0]]
[0.01482415],[[1.0]]
[0.00627995],[[1.0]]
[0.0594821],[[1.0]]
[0.00790444],[[1.0]]
[0.02962336],[[1.0]]
[0.05471092],[[1.0]]
[0.03290507],[[1.0]]
[0.01730126],[[1.0]]
[0.03705925],[[1.0]]
[0.01259953],[[1.0]]
[0.01571229],[[1.0]]
[0.07009026],[[1.0]]
[0.01603192],[[1.0]]
[0.01441562],[[1.0]]
[0.0153276],[[1.0]]
[0.02244484],[[1.0]]
[0.04951632],[[1.0]]
[0.03627527],[[1.0]]
[0.0222379],[[1.0]]
[0.0129056],[[1.0]]
[0.01590753],[[1.0]]
[0.04132953],[[1.0]]
[0.04830799],[[1.0]]
[0.02388901],[[1.0]]
[0.02763587],[[1.0]]
[0.03083146],[[1.0]]
[0.02117392],[[1.0]]
[0.07110542],[[1.0]]
[0.02793252],[[1.0]]
[0.01807731],[[1.0]]
[0.02848405],[[1.0]]
[0.01515812],[[1.0]]
[0.02517116],[[1.0]]
[0.01318285],[[1.0]]
[0.01859298],[[1.0]]
[0.02264225],[[1.0]]
[0.05378911],[[1.0]]
[0.02408239],[[1.0]]
[0.03638533],[[1.0]]
[0.02855062],[[1.0]]
[0.03650671],[[1.0]]
[0.02191871],[[1.0]]
[0.06343004],[[1.0]]
[0.03185573],[[1.0]]
[0.03971773],[[1.0]]
[0.02790198],[[1.0]]
[0.07628375],[[1.0]]
[0.01802444],[[1.0]]
[0.01811555],[[1.0]]
[0.06263316],[[1.0]]
[0.03038493],[[1.0]]
[0.02055326],[[1.0]]
[0.02123827],[[1.0]]
[0.02021006],[[1.0]]
[0.01337126],[[1.0]]
[0.04270646],[[1.0]]
[0.04228258],[[1.0]]
[0.0167729],[[1.0]]
[0.02807575],[[1.0]]
[0.01379237],[[1.0]]
[0.01780099],[[1.0]]
[0.03144315],[[1.0]]
[0.01361418],[[1.0]]
[0.01961982],[[1.0]]
[0.02888241],[[1.0]]
[0.00669238],[[1.0]]
[0.06788895],[[1.0]]
[0.032848],[[1.0]]
[0.02516589],[[1.0]]
[0.03281111],[[1.0]]
[0.02894336],[[1.0]]
[0.04203737],[[1.0]]
[0.05875182],[[1.0]]
[0.01264989],[[1.0]]
[0.01760352],[[1.0]]
[0.01787531],[[1.0]]
[0.04120913],[[1.0]]
[0.04185644],[[1.0]]
[0.01549768],[[0.0]]
[0.03519207],[[0.0]]
[0.01524872],[[0.0]]
[0.06264094],[[0.0]]
[0.02867994],[[0.0]]
[0.03690758],[[0.0]]
[0.05411497],[[0.0]]
[0.03233466],[[0.0]]
[0.01101968],[[0.0]]
[0.07783827],[[0.0]]
[0.01629922],[[0.0]]
[0.02919611],[[0.0]]
[0.0492864],[[0.0]]
[0.04898763],[[0.0]]
[0.04620498],[[0.0]]
[0.02807036],[[0.0]]
[0.02160859],[[0.0]]
[0.03177926],[[0.0]]
[0.00567609],[[0.0]]
[0.02289447],[[0.0]]
[0.01547042],[[0.0]]
[0.01757702],[[0.0]]
[0.03136897],[[0.0]]
[0.0281193],[[0.0]]
[0.01974979],[[0.0]]
[0.03576815],[[0.0]]
[0.01786959],[[0.0]]
[0.01896095],[[0.0]]
[0.03218624],[[0.0]]
[0.04996535],[[0.0]]
[0.02845258],[[0.0]]
[0.02050123],[[0.0]]
[0.02973837],[[0.0]]
[0.01349172],[[0.0]]
[0.01656136],[[0.0]]
[0.06433704],[[0.0]]
[0.02782196],[[0.0]]
[0.02195263],[[0.0]]
[0.07468262],[[0.0]]
[0.05636305],[[0.0]]
[0.05812737],[[0.0]]
[0.03860393],[[0.0]]
[0.04384845],[[0.0]]
[0.01196903],[[0.0]]
[0.01679477],[[0.0]]
[0.03438982],[[0.0]]
[0.01751488],[[0.0]]
[0.02583456],[[0.0]]
[0.06306401],[[0.0]]
[0.01656517],[[0.0]]
[0.02191272],[[0.0]]
[0.02306432],[[0.0]]
[0.02304661],[[0.0]]
[0.01926365],[[0.0]]
[0.02160978],[[0.0]]
[0.08032611],[[0.0]]
[0.07361582],[[0.0]]
[0.0281128],[[0.0]]
[0.05530259],[[0.0]]
[0.0374347],[[0.0]]
[0.02533931],[[0.0]]
[0.02362701],[[0.0]]
[0.01300144],[[0.0]]
[0.01291177],[[0.0]]
[0.02827263],[[0.0]]
[0.03626469],[[0.0]]
[0.05566829],[[0.0]]
[0.02843481],[[0.0]]
[0.01611638],[[0.0]]
[0.03677881],[[0.0]]
[0.03092584],[[0.0]]
[0.01710331],[[0.0]]
[0.03792888],[[0.0]]
[0.02397615],[[0.0]]
[0.09338367],[[0.0]]
[0.04624096],[[0.0]]
[0.0082342],[[0.0]]
[0.01298594],[[0.0]]
[0.01661438],[[0.0]]
[0.01483822],[[0.0]]
[0.01327857],[[0.0]]
[0.02567884],[[0.0]]
[0.02653268],[[0.0]]
[0.02201033],[[0.0]]
[0.02107766],[[0.0]]
[0.03161874],[[0.0]]
[0.02764428],[[0.0]]
[0.0122866],[[0.0]]
[0.02691203],[[0.0]]
[0.04091218],[[0.0]]
[0.04303333],[[0.0]]
[0.01404503],[[0.0]]
[0.0279032],[[0.0]]
[0.03356826],[[0.0]]
[0.01208153],[[0.0]]
[0.03148088],[[0.0]]
[0.0315969],[[0.0]]
[0.03322181],[[0.0]]
[0.0109112],[[0.0]]
[0.02555501],[[0.0]]
[0.03482515],[[0.0]]
[0.01005226],[[0.0]]
[0.01743671],[[0.0]]
[0.02828056],[[0.0]]
[0.01917857],[[0.0]]
[0.06607008],[[0.0]]
[0.02236772],[[0.0]]
[0.02116504],[[0.0]]
[0.02928582],[[0.0]]
[0.01678386],[[0.0]]
[0.01164126],[[0.0]]
[0.0232904],[[0.0]]
[0.03067476],[[0.0]]
[0.05472553],[[0.0]]
[0.04388663],[[0.0]]
[0.04939818],[[0.0]]
[0.03031018],[[0.0]]
[0.0365651],[[0.0]]
[0.01928699],[[0.0]]
[0.02542838],[[0.0]]
[0.03135145],[[0.0]]
[0.03056514],[[0.0]]
[0.01958129],[[0.0]]
[0.02064204],[[0.0]]
[0.03374445],[[0.0]]
[0.03181612],[[0.0]]
[0.01953033],[[0.0]]
[0.03426757],[[0.0]]
[0.02778837],[[0.0]]
[0.01843545],[[0.0]]
[0.02863553],[[0.0]]
[0.00727081],[[0.0]]
[0.03989783],[[0.0]]
[0.01232088],[[0.0]]
[0.02513751],[[0.0]]
[0.00951108],[[0.0]]
[0.04199561],[[0.0]]
[0.01231626],[[0.0]]
[0.05012131],[[0.0]]
[0.01411954],[[0.0]]
[0.00779667],[[0.0]]
[0.03001437],[[0.0]]
[0.04922333],[[0.0]]
[0.04013351],[[0.0]]
[0.0109345],[[0.0]]
[0.0194698],[[0.0]]
[0.03272334],[[0.0]]
[0.05197263],[[0.0]]
[0.01601049],[[0.0]]
[0.03323251],[[0.0]]
[0.01471281],[[0.0]]
[0.11484876],[[0.0]]
[0.02616853],[[0.0]]
[0.01872823],[[0.0]]
[0.02211824],[[0.0]]
[0.01917148],[[0.0]]
[0.02169037],[[0.0]]
[0.02592325],[[0.0]]
[0.0208011],[[0.0]]
[0.01623735],[[0.0]]
[0.01897833],[[0.0]]
[0.01574829],[[0.0]]
[0.01217663],[[0.0]]
[0.02193195],[[0.0]]
[0.02483934],[[0.0]]
[0.03539121],[[0.0]]
[0.03295079],[[0.0]]
[0.02125835],[[0.0]]
[0.02414402],[[0.0]]
[0.06045991],[[0.0]]
[0.01157117],[[0.0]]
[0.04642516],[[0.0]]
[0.02082041],[[0.0]]
[0.01328567],[[0.0]]
[0.01832697],[[0.0]]
[0.02752203],[[0.0]]
[0.00923347],[[0.0]]
[0.01402849],[[0.0]]
[0.03267577],[[0.0]]
[0.02129856],[[0.0]]
[0.02734932],[[0.0]]
[0.02808613],[[0.0]]
[0.04499224],[[0.0]]
[0.02099574],[[0.0]]
[0.03540003],[[0.0]]
[0.01126119],[[0.0]]
[0.01550689],[[0.0]]
[0.03121769],[[0.0]]
[0.01543662],[[0.0]]
[0.01994455],[[0.0]]
[0.03251514],[[0.0]]
[0.01513803],[[0.0]]
[0.01412609],[[0.0]]
[0.03346393],[[0.0]]
[0.01706058],[[0.0]]
[0.02628323],[[0.0]]
[0.01187712],[[0.0]]
[0.03894809],[[0.0]]
[0.03315583],[[0.0]]
[0.01829728],[[0.0]]
[0.0189237],[[0.0]]
[0.06167015],[[0.0]]
[0.06760651],[[0.0]]
[0.07369295],[[0.0]]
[0.01129416],[[0.0]]
[0.03085154],[[0.0]]
[0.0269967],[[0.0]]
[0.01538152],[[0.0]]
[0.02636534],[[0.0]]
[0.02995303],[[0.0]]
[0.01379904],[[0.0]]
[0.02195498],[[0.0]]
[0.02968106],[[0.0]]
[0.04637501],[[0.0]]
[0.09587148],[[0.0]]
[0.02842388],[[0.0]]
[0.02501297],[[0.0]]
[0.00940263],[[0.0]]
[0.00938055],[[0.0]]
[0.03176573],[[0.0]]
[0.04929301],[[0.0]]
[0.02381784],[[0.0]]
[0.01415652],[[0.0]]
[0.03224698],[[0.0]]
[0.01543024],[[0.0]]
[0.02364972],[[0.0]]
[0.06788158],[[0.0]]
[0.01263663],[[0.0]]
[0.03602803],[[0.0]]
[0.01113528],[[0.0]]
[0.02929205],[[0.0]]
[0.03392443],[[0.0]]
[0.04142129],[[0.0]]
[0.01700926],[[0.0]]
[0.01764998],[[0.0]]
[0.0325692],[[0.0]]
[0.02382702],[[0.0]]
[0.05413646],[[0.0]]
[0.02365002],[[0.0]]
[0.04038471],[[0.0]]
[0.01215035],[[0.0]]
[0.03200063],[[0.0]]
[0.05629903],[[0.0]]
[0.07736382],[[0.0]]
[0.02119219],[[0.0]]
[0.00994253],[[0.0]]
[0.00985271],[[0.0]]
[0.04859343],[[0.0]]
[0.02722868],[[0.0]]
[0.0220454],[[0.0]]
[0.01393753],[[0.0]]
[0.01957789],[[0.0]]
[0.0144656],[[0.0]]
[0.01692146],[[0.0]]
[0.01713833],[[0.0]]
[0.01334909],[[0.0]]
[0.02217844],[[0.0]]
[0.01412371],[[0.0]]
[0.04444683],[[0.0]]
[0.01739484],[[0.0]]
[0.01554945],[[0.0]]
[0.02039576],[[0.0]]
[0.00822178],[[0.0]]
[0.02264738],[[0.0]]
[0.03384364],[[0.0]]
[0.02831513],[[0.0]]
[0.02032781],[[0.0]]
[0.01293755],[[0.0]]
[0.02469805],[[0.0]]
[0.01200855],[[0.0]]
[0.02017128],[[0.0]]
[0.02255407],[[0.0]]
[0.04723749],[[0.0]]
[0.02953556],[[0.0]]
[0.01880583],[[0.0]]
[0.01747456],[[0.0]]
[0.01067707],[[0.0]]
[0.02062881],[[0.0]]
[0.016112],[[0.0]]
[0.02030292],[[0.0]]
[0.0107882],[[0.0]]
[0.04798242],[[0.0]]
[0.01563916],[[0.0]]
[0.01318863],[[0.0]]
[0.04812303],[[0.0]]
[0.01598287],[[0.0]]
[0.01422471],[[0.0]]
[0.036836],[[0.0]]
[0.01326403],[[0.0]]
[0.03581852],[[0.0]]
[0.04464945],[[0.0]]
[0.01092476],[[0.0]]
[0.01764926],[[0.0]]
[0.01905605],[[0.0]]
[0.0568856],[[0.0]]
[0.0368526],[[0.0]]
[0.04106373],[[0.0]]
[0.04026639],[[0.0]]
[0.01919103],[[0.0]]
[0.04318208],[[0.0]]
[0.02219257],[[0.0]]
[0.01541415],[[0.0]]
[0.02187014],[[0.0]]
[0.01873156],[[0.0]]
[0.02099341],[[0.0]]
[0.0192661],[[0.0]]
[0.0266194],[[0.0]]
[0.03934181],[[0.0]]
[0.02870509],[[0.0]]
[0.02458778],[[0.0]]
[0.01165998],[[0.0]]
[0.03353325],[[0.0]]
[0.01878253],[[0.0]]
[0.02632383],[[0.0]]
[0.00874376],[[0.0]]
[0.03199482],[[0.0]]
[0.04192299],[[0.0]]
[0.02635911],[[0.0]]
[0.07345992],[[0.0]]
[0.0141297],[[0.0]]
[0.046473],[[0.0]]
[0.01346067],[[0.0]]
[0.02045476],[[0.0]]
[0.01303887],[[0.0]]
[0.03322828],[[0.0]]
[0.01805741],[[0.0]]
[0.03343916],[[0.0]]
[0.02770454],[[0.0]]
[0.01764733],[[0.0]]
[0.02806652],[[0.0]]
[0.01809362],[[0.0]]
[0.02252892],[[0.0]]
[0.02153364],[[0.0]]
[0.073035],[[0.0]]
[0.01462594],[[0.0]]
[0.0120368],[[0.0]]
[0.03924975],[[0.0]]
[0.0137766],[[0.0]]
[0.05609852],[[0.0]]
[0.02257407],[[0.0]]
[0.0237194],[[0.0]]
[0.01462692],[[0.0]]
[0.00956976],[[0.0]]
[0.01662105],[[0.0]]
[0.00912458],[[0.0]]
[0.00867802],[[0.0]]
[0.02445495],[[0.0]]
[0.01778725],[[0.0]]
[0.01564384],[[0.0]]
[0.02139512],[[0.0]]
[0.03666037],[[0.0]]
[0.02894464],[[0.0]]
[0.02675605],[[0.0]]
[0.05360371],[[0.0]]
[0.01217097],[[0.0]]
[0.03926793],[[0.0]]
[0.02443716],[[0.0]]
[0.04396951],[[0.0]]
[0.01359066],[[0.0]]
[0.01099575],[[0.0]]
[0.02566904],[[0.0]]
[0.0168826],[[0.0]]
[0.01488858],[[0.0]]
[0.03415728],[[0.0]]
[0.04793474],[[0.0]]
[0.03855023],[[0.0]]
[0.02852869],[[0.0]]
[0.05680871],[[0.0]]
[0.00991172],[[0.0]]
[0.00823286],[[0.0]]
[0.01528177],[[0.0]]
[0.0226354],[[0.0]]
[0.03984827],[[0.0]]
[0.01404667],[[0.0]]
[0.03960076],[[0.0]]
[0.02416751],[[0.0]]
[0.04130977],[[0.0]]
[0.03808293],[[0.0]]
[0.04171237],[[0.0]]
[0.03580678],[[0.0]]
[0.02663764],[[0.0]]
[0.01347032],[[0.0]]
[0.01661319],[[0.0]]
[0.01352641],[[0.0]]
[0.01624641],[[0.0]]
[0.03553012],[[0.0]]
[0.0622775],[[0.0]]
[0.02385464],[[0.0]]
[0.0184446],[[0.0]]
[0.03250518],[[0.0]]
[0.06062743],[[0.0]]
[0.03770852],[[0.0]]
[0.03226727],[[0.0]]
[0.02703887],[[0.0]]
[0.03013939],[[0.0]]
[0.04726434],[[0.0]]
[0.03028002],[[0.0]]
[0.01902235],[[0.0]]
[0.02521637],[[0.0]]
[0.01342404],[[0.0]]
[0.02240834],[[0.0]]
[0.02059036],[[0.0]]
[0.0157882],[[0.0]]
[0.06029549],[[0.0]]
[0.0493097],[[0.0]]
[0.01640967],[[0.0]]
[0.03799292],[[0.0]]
[0.015737],[[0.0]]
[0.02028593],[[0.0]]
[0.03140351],[[0.0]]
[0.04640073],[[0.0]]
[0.05679834],[[0.0]]
[0.02590391],[[0.0]]
[0.04148585],[[0.0]]
[0.01055425],[[0.0]]
[0.0266149],[[0.0]]
[0.02629673],[[0.0]]
[0.01993442],[[0.0]]
[0.05384034],[[0.0]]
[0.04155684],[[0.0]]
[0.02154893],[[0.0]]
[0.02320048],[[0.0]]
[0.02000824],[[0.0]]
[0.03283843],[[0.0]]
[0.02129698],[[0.0]]
[0.09175381],[[0.0]]
[0.01562777],[[0.0]]
[0.01832682],[[0.0]]
[0.02387711],[[0.0]]
[0.01641318],[[0.0]]
[0.0569008],[[0.0]]
[0.06419113],[[0.0]]
[0.01482645],[[0.0]]
[0.01647323],[[0.0]]
[0.02504775],[[0.0]]
[0.05915833],[[0.0]]
[0.00747401],[[0.0]]
[0.02432418],[[0.0]]
[0.03353816],[[0.0]]
[0.00678721],[[0.0]]
[0.02426693],[[0.0]]
[0.02257422],[[0.0]]
[0.02157831],[[0.0]]
[0.02430359],[[0.0]]
[0.01097965],[[0.0]]
[0.03026178],[[0.0]]
[0.01112178],[[0.0]]
[0.01400176],[[0.0]]
[0.01951051],[[0.0]]
[0.02407286],[[0.0]]
[0.04601577],[[0.0]]
[0.024423],[[0.0]]
[0.02275735],[[0.0]]
[0.04924142],[[0.0]]
[0.01960191],[[0.0]]
[0.026344],[[0.0]]
[0.01087943],[[0.0]]
[0.01295701],[[0.0]]
[0.03909898],[[0.0]]
[0.01027676],[[0.0]]
[0.01044422],[[0.0]]
[0.02202386],[[0.0]]
[0.01832718],[[0.0]]
[0.03475153],[[0.0]]
[0.03272265],[[0.0]]
[0.03841931],[[0.0]]
[0.03302157],[[0.0]]
[0.02124983],[[0.0]]
[0.03336081],[[0.0]]
[0.02104712],[[0.0]]
[0.01611552],[[0.0]]
[0.03703958],[[0.0]]
[0.02265102],[[0.0]]
[0.02973551],[[0.0]]
[0.02129206],[[0.0]]
[0.02856636],[[0.0]]
[0.04136041],[[0.0]]
[0.02169436],[[0.0]]
[0.01855642],[[0.0]]
[0.02767101],[[0.0]]
[0.00772858],[[0.0]]
[0.03632033],[[0.0]]
[0.04643923],[[0.0]]
[0.02181923],[[0.0]]
[0.02835706],[[0.0]]
[0.01999402],[[0.0]]
[0.02438432],[[0.0]]
[0.02331895],[[0.0]]
[0.02760252],[[0.0]]
[0.02229536],[[0.0]]
[0.04221568],[[0.0]]
[0.02046981],[[0.0]]
[0.01125705],[[0.0]]
[0.01292869],[[0.0]]
[0.01581222],[[0.0]]
[0.01087749],[[0.0]]
[0.04025546],[[0.0]]
[0.01535255],[[0.0]]
[0.02698433],[[0.0]]
[0.0209204],[[0.0]]
[0.0072898],[[0.0]]
[0.03365636],[[0.0]]
[0.00718009],[[0.0]]
[0.01740065],[[0.0]]
[0.01592967],[[0.0]]
[0.01961046],[[0.0]]
[0.02669546],[[0.0]]
[0.01732671],[[0.0]]
[0.02849758],[[0.0]]
[0.01561102],[[0.0]]
[0.02483308],[[0.0]]
[0.02561879],[[0.0]]
[0.01782605],[[0.0]]
[0.01822346],[[0.0]]
[0.04019016],[[0.0]]
[0.02591941],[[0.0]]
[0.03102782],[[0.0]]
[0.03198233],[[0.0]]
[0.02342096],[[0.0]]
[0.01853871],[[0.0]]
[0.01108932],[[0.0]]
[0.03283104],[[0.0]]
[0.02423844],[[0.0]]
[0.02870712],[[0.0]]
[0.04884964],[[0.0]]
[0.02464482],[[0.0]]
[0.06354865],[[0.0]]
[0.02529502],[[0.0]]
[0.05217874],[[0.0]]
[0.01118928],[[0.0]]
[0.00693303],[[0.0]]
[0.02183077],[[0.0]]
[0.0096285],[[0.0]]
[0.02115828],[[0.0]]
[0.01660094],[[0.0]]
[0.02139252],[[0.0]]
[0.03680614],[[0.0]]
[0.02441558],[[0.0]]
[0.01881579],[[0.0]]
[0.03929815],[[0.0]]
[0.03322807],[[0.0]]
[0.03201714],[[0.0]]
[0.03278792],[[0.0]]
[0.05830607],[[0.0]]
[0.06307817],[[0.0]]
[0.02460498],[[0.0]]
[0.02420801],[[0.0]]
[0.01998699],[[0.0]]
[0.02457216],[[0.0]]
[0.03041583],[[0.0]]
[0.07598427],[[0.0]]
[0.01843497],[[0.0]]
[0.03535542],[[0.0]]
[0.02396283],[[0.0]]
[0.01549986],[[0.0]]
[0.08044231],[[0.0]]
[0.02356759],[[0.0]]
[0.01710752],[[0.0]]
[0.01527828],[[0.0]]
[0.03466222],[[0.0]]
[0.03121516],[[0.0]]
[0.01952845],[[0.0]]
[0.0472182],[[0.0]]
[0.02144578],[[0.0]]
[0.01284045],[[0.0]]
[0.01665649],[[0.0]]
[0.01788542],[[0.0]]
[0.02145046],[[0.0]]
[0.01812536],[[0.0]]
[0.03433523],[[0.0]]
[0.02707565],[[0.0]]
[0.06101069],[[0.0]]
[0.02232975],[[0.0]]
[0.01184493],[[0.0]]
[0.03420725],[[0.0]]
[0.01205221],[[0.0]]
[0.02466813],[[0.0]]
[0.00982744],[[0.0]]
[0.0181565],[[0.0]]
[0.028357],[[0.0]]
[0.03127947],[[0.0]]
[0.01480404],[[0.0]]
[0.02439234],[[0.0]]
[0.03400776],[[0.0]]
[0.01293001],[[0.0]]
[0.01225936],[[0.0]]
[0.0168097],[[0.0]]
[0.02172732],[[0.0]]
[0.02659538],[[0.0]]
[0.01251301],[[0.0]]
[0.00808215],[[0.0]]
[0.02802366],[[0.0]]
[0.02182779],[[0.0]]
[0.01518917],[[0.0]]
[0.01801273],[[0.0]]
[0.04605675],[[0.0]]
[0.01164168],[[0.0]]
[0.01458487],[[0.0]]
[0.02708066],[[0.0]]
[0.01941732],[[0.0]]
[0.03381658],[[0.0]]
[0.02573144],[[0.0]]
[0.02976769],[[0.0]]
[0.11181092],[[0.0]]
[0.07063857],[[0.0]]
[0.01766294],[[0.0]]
[0.02036908],[[0.0]]
[0.05334407],[[0.0]]
[0.03286791],[[0.0]]
[0.01809692],[[0.0]]
[0.01552558],[[0.0]]
[0.02896753],[[0.0]]
[0.02172324],[[0.0]]
[0.03277904],[[0.0]]
[0.01291722],[[0.0]]
[0.00861672],[[0.0]]
[0.02130282],[[0.0]]
[0.01407188],[[0.0]]
[0.02513298],[[0.0]]
[0.0422186],[[0.0]]
[0.01040629],[[0.0]]
[0.00838858],[[0.0]]
[0.03585446],[[0.0]]
[0.01859146],[[0.0]]
[0.0308556],[[0.0]]
[0.02826241],[[0.0]]
[0.02953541],[[0.0]]
[0.04265454],[[0.0]]
[0.04612166],[[0.0]]
[0.02990466],[[0.0]]
[0.02825448],[[0.0]]
[0.01787862],[[0.0]]
[0.03659347],[[0.0]]
[0.04248965],[[0.0]]
[0.05954951],[[0.0]]
[0.03591591],[[0.0]]
[0.02572381],[[0.0]]
[0.02097133],[[0.0]]
[0.02263284],[[0.0]]
[0.01573044],[[0.0]]
[0.02224043],[[0.0]]
[0.03601548],[[0.0]]
[0.02615318],[[0.0]]
[0.03800666],[[0.0]]
[0.0300014],[[0.0]]
[0.03184617],[[0.0]]
[0.04008275],[[0.0]]
[0.02750513],[[0.0]]
[0.02803785],[[0.0]]
[0.03391954],[[0.0]]
[0.02141815],[[0.0]]
[0.03344816],[[0.0]]
[0.04845303],[[0.0]]
[0.05546314],[[0.0]]
[0.02841929],[[0.0]]
[0.04287583],[[0.0]]
[0.02122739],[[0.0]]
[0.06274292],[[0.0]]
[0.0367558],[[0.0]]
[0.01742393],[[0.0]]
[0.01262766],[[0.0]]
[0.04375786],[[0.0]]
[0.02300465],[[0.0]]
[0.07330868],[[0.0]]
[0.0103935],[[0.0]]
[0.02015844],[[0.0]]
[0.01667428],[[0.0]]
[0.01596633],[[0.0]]
[0.02597776],[[0.0]]
[0.02671736],[[0.0]]
[0.02927169],[[0.0]]
[0.02256098],[[0.0]]
[0.01536766],[[0.0]]
[0.02207255],[[0.0]]
[0.06113565],[[0.0]]
[0.02666241],[[0.0]]
[0.03589767],[[0.0]]
[0.01427859],[[0.0]]
[0.02669263],[[0.0]]
[0.02173403],[[0.0]]
[0.01132298],[[0.0]]
[0.01087418],[[0.0]]
[0.01988566],[[0.0]]
[0.01057085],[[0.0]]
[0.0327338],[[0.0]]
[0.0206539],[[0.0]]
[0.01547411],[[0.0]]
[0.05202264],[[0.0]]
[0.03233367],[[0.0]]
[0.01905882],[[0.0]]
[0.09581444],[[0.0]]
[0.03556153],[[0.0]]
[0.02258405],[[0.0]]
[0.00626096],[[0.0]]
[0.03045145],[[0.0]]
[0.0117189],[[0.0]]
[0.03607431],[[0.0]]
[0.02638766],[[0.0]]
[0.02641624],[[0.0]]
[0.0246093],[[0.0]]
[0.06420892],[[0.0]]
[0.01616156],[[0.0]]
[0.03644827],[[0.0]]
[0.0105941],[[0.0]]
[0.0266965],[[0.0]]
[0.02934185],[[0.0]]
[0.01462361],[[0.0]]
[0.01029742],[[0.0]]
[0.04035208],[[0.0]]
[0.00798595],[[0.0]]
[0.04006884],[[0.0]]
[0.03969488],[[0.0]]
[0.03356954],[[0.0]]
[0.05139521],[[0.0]]
[0.02682146],[[0.0]]
[0.02198642],[[0.0]]
[0.05032274],[[0.0]]
[0.01355246],[[0.0]]
[0.0580537],[[0.0]]
[0.01278889],[[0.0]]
[0.04236597],[[0.0]]
[0.0343121],[[0.0]]
[0.01641488],[[0.0]]
[0.03053257],[[0.0]]
[0.02217802],[[0.0]]
[0.05710903],[[0.0]]
[0.01916796],[[0.0]]
[0.00988725],[[0.0]]
[0.03445548],[[0.0]]
[0.00491083],[[0.0]]
[0.05141908],[[0.0]]
[0.02111787],[[0.0]]
[0.0388259],[[0.0]]
[0.02212635],[[0.0]]
[0.01364058],[[0.0]]
[0.01624143],[[0.0]]
[0.01786143],[[0.0]]
[0.02382156],[[0.0]]
[0.00905082],[[0.0]]
[0.01736882],[[0.0]]
[0.02187487],[[0.0]]
[0.02189773],[[0.0]]
[0.0210568],[[0.0]]
[0.02529946],[[0.0]]
[0.02958786],[[0.0]]
[0.06900021],[[0.0]]
[0.02415928],[[0.0]]
[0.02265254],[[0.0]]
[0.03435332],[[0.0]]
[0.01603708],[[0.0]]
[0.0216696],[[0.0]]
[0.01523772],[[0.0]]
[0.01452383],[[0.0]]
[0.05562177],[[0.0]]
[0.03688934],[[0.0]]
[0.01620477],[[0.0]]
[0.01368663],[[0.0]]
[0.03901115],[[0.0]]
[0.02638608],[[0.0]]
[0.0297384],[[0.0]]
[0.02357087],[[0.0]]
[0.11117229],[[0.0]]
[0.00984359],[[0.0]]
[0.020556],[[0.0]]
[0.01396677],[[0.0]]
[0.01325899],[[0.0]]
[0.02553311],[[0.0]]
[0.06009379],[[0.0]]
[0.0521574],[[0.0]]
[0.02010858],[[0.0]]
[0.03990546],[[0.0]]
[0.02140263],[[0.0]]
[0.00974664],[[0.0]]
[0.03011993],[[0.0]]
[0.02753541],[[0.0]]
[0.09134686],[[0.0]]
[0.02552789],[[0.0]]
[0.0307171],[[0.0]]
[0.01165673],[[0.0]]
[0.0275363],[[0.0]]
[0.04265496],[[0.0]]
[0.01915783],[[0.0]]
[0.02599481],[[0.0]]
[0.0108631],[[0.0]]
[0.02731192],[[0.0]]
[0.02307069],[[0.0]]
[0.01070595],[[0.0]]
[0.0272764],[[0.0]]
[0.01421133],[[0.0]]
[0.03467399],[[0.0]]
[0.02579668],[[0.0]]
[0.01549163],[[0.0]]
[0.01352212],[[0.0]]
[0.02819696],[[0.0]]
[0.04598242],[[0.0]]
[0.02337411],[[0.0]]
[0.01590121],[[0.0]]
[0.09832555],[[0.0]]
[0.01404935],[[0.0]]
[0.04070565],[[0.0]]
[0.02596056],[[0.0]]
[0.03747511],[[0.0]]
[0.02711007],[[0.0]]
[0.05014235],[[0.0]]
[0.03403711],[[0.0]]
[0.02667743],[[0.0]]
[0.02389479],[[0.0]]
[0.03123021],[[0.0]]
[0.02751827],[[0.0]]
[0.01135451],[[0.0]]
[0.0573732],[[0.0]]
[0.03883889],[[0.0]]
[0.0105966],[[0.0]]
[0.04558754],[[0.0]]
[0.0210554],[[0.0]]
[0.00725448],[[0.0]]
[0.07648158],[[0.0]]
[0.04034823],[[0.0]]
[0.02435642],[[0.0]]
[0.01022276],[[0.0]]
[0.03651345],[[0.0]]
[0.01260406],[[0.0]]
[0.02692023],[[0.0]]
[0.01377994],[[0.0]]
[0.02798691],[[0.0]]
[0.02095872],[[0.0]]
[0.01717237],[[0.0]]
[0.02423051],[[0.0]]
[0.05014008],[[0.0]]
[0.01401135],[[0.0]]
[0.00695699],[[0.0]]
[0.01735383],[[0.0]]
[0.03310061],[[0.0]]
[0.01248202],[[0.0]]
[0.02806401],[[0.0]]
[0.0120694],[[0.0]]
[0.00485536],[[0.0]]
[0.03112319],[[0.0]]
[0.03450668],[[0.0]]
[0.01323268],[[0.0]]
[0.02477208],[[0.0]]
[0.02661094],[[0.0]]
[0.01318711],[[0.0]]
[0.02398255],[[0.0]]
[0.01569355],[[0.0]]
[0.02422369],[[0.0]]
[0.01557109],[[0.0]]
[0.04212266],[[0.0]]
[0.0212701],[[0.0]]
[0.02578971],[[0.0]]
[0.02152318],[[0.0]]
[0.01784289],[[0.0]]
[0.02451351],[[0.0]]
[0.02339417],[[0.0]]
[0.01713574],[[0.0]]
[0.02594423],[[0.0]]
[0.09231904],[[0.0]]
[0.04489097],[[0.0]]
[0.04957733],[[0.0]]
[0.01986113],[[0.0]]
[0.01059955],[[0.0]]
[0.03439394],[[0.0]]
[0.02722874],[[0.0]]
[0.08721632],[[0.0]]
[0.03888062],[[0.0]]
[0.02984056],[[0.0]]
[0.04795432],[[0.0]]
[0.0116547],[[0.0]]
[0.04142159],[[0.0]]
[0.00992471],[[0.0]]
[0.054138],[[0.0]]
[0.01282743],[[0.0]]
[0.04606208],[[0.0]]
[0.06196955],[[0.0]]
[0.05683917],[[0.0]]
[0.01339304],[[0.0]]
[0.03753275],[[0.0]]
[0.03389072],[[0.0]]
[0.02163509],[[0.0]]
[0.02614948],[[0.0]]
[0.03156891],[[0.0]]
[0.03681487],[[0.0]]
[0.02268314],[[0.0]]
[0.03297189],[[0.0]]
[0.02605838],[[0.0]]
[0.01675314],[[0.0]]
[0.02098805],[[0.0]]
[0.02784657],[[0.0]]
[0.02081746],[[0.0]]
[0.02014872],[[0.0]]
[0.01721475],[[0.0]]
[0.03298646],[[0.0]]
[0.01604134],[[0.0]]
[0.01844105],[[0.0]]
[0.02207386],[[0.0]]
[0.0160363],[[0.0]]
[0.04124808],[[0.0]]
[0.01650953],[[0.0]]
[0.01653409],[[0.0]]
[0.02106574],[[0.0]]
[0.02289134],[[0.0]]
[0.01588434],[[0.0]]
[0.02196118],[[0.0]]
[0.01489761],[[0.0]]
[0.02115211],[[0.0]]
[0.02835545],[[0.0]]
[0.02498814],[[0.0]]
[0.02720833],[[0.0]]
[0.08930588],[[0.0]]
[0.02995363],[[0.0]]
[0.03362975],[[0.0]]
[0.02439201],[[0.0]]
[0.01726848],[[0.0]]
[0.01650518],[[0.0]]
[0.03595954],[[0.0]]
[0.01546228],[[0.0]]
[0.01909438],[[0.0]]
[0.04022703],[[0.0]]
[0.02082217],[[0.0]]
[0.02984804],[[0.0]]
[0.04774931],[[0.0]]
[0.01427859],[[0.0]]
[0.01660469],[[0.0]]
[0.04728594],[[0.0]]
[0.02110049],[[0.0]]
[0.0333733],[[0.0]]
[0.01357391],[[0.0]]
[0.04352528],[[0.0]]
[0.015297],[[0.0]]
[0.03190225],[[0.0]]
[0.01089939],[[0.0]]
[0.04157937],[[0.0]]
[0.01826686],[[0.0]]
[0.02433941],[[0.0]]
[0.03092754],[[0.0]]
[0.01680738],[[0.0]]
[0.04335397],[[0.0]]
[0.01772407],[[0.0]]
[0.02549532],[[0.0]]
[0.01032093],[[0.0]]
[0.01359218],[[0.0]]
[0.01178893],[[0.0]]
[0.0229966],[[0.0]]
[0.01409408],[[0.0]]
[0.03188318],[[0.0]]
[0.03641266],[[0.0]]
[0.01124844],[[0.0]]
[0.01899758],[[0.0]]
[0.02342728],[[0.0]]
[0.0118399],[[0.0]]
[0.02139023],[[0.0]]
[0.12473822],[[0.0]]
[0.01576176],[[0.0]]
[0.01660109],[[0.0]]
[0.05187976],[[0.0]]
[0.02125645],[[0.0]]
[0.01713619],[[0.0]]
[0.03805888],[[0.0]]
[0.02971032],[[0.0]]
[0.01145047],[[0.0]]
[0.0212785],[[0.0]]
[0.0144276],[[0.0]]
[0.01557374],[[0.0]]
[0.01735863],[[0.0]]
[0.02378309],[[0.0]]
[0.03146634],[[0.0]]
[0.02055785],[[0.0]]
[0.01669204],[[0.0]]
[0.01849949],[[0.0]]
[0.01354411],[[0.0]]
[0.03532398],[[0.0]]
[0.01791191],[[0.0]]
[0.01294181],[[0.0]]
[0.01805067],[[0.0]]
[0.03139663],[[0.0]]
[0.04952785],[[0.0]]
[0.05198735],[[0.0]]
[0.03237867],[[0.0]]
[0.05798745],[[0.0]]
[0.00729486],[[0.0]]
[0.01060513],[[0.0]]
[0.0550814],[[0.0]]
[0.02869216],[[0.0]]
[0.00836548],[[0.0]]
[0.02168515],[[0.0]]
[0.01156107],[[0.0]]
[0.0158388],[[0.0]]
[0.01856747],[[0.0]]
[0.01384014],[[0.0]]
[0.05066973],[[0.0]]
[0.03994325],[[0.0]]
[0.02370226],[[0.0]]
[0.02353817],[[0.0]]
[0.01992473],[[0.0]]
[0.01906195],[[0.0]]
[0.01580831],[[0.0]]
[0.06427228],[[0.0]]
[0.0383378],[[0.0]]
[0.00895065],[[0.0]]
[0.01227462],[[0.0]]
[0.02506718],[[0.0]]
[0.0241532],[[0.0]]
[0.0154185],[[0.0]]
[0.01127949],[[0.0]]
[0.02500847],[[0.0]]
[0.03460088],[[0.0]]
[0.02390501],[[0.0]]
[0.02386627],[[0.0]]
[0.05328423],[[0.0]]
[0.0133346],[[0.0]]
[0.02379176],[[0.0]]
[0.00904679],[[0.0]]
[0.02043888],[[0.0]]
[0.01996532],[[0.0]]
[0.01210862],[[0.0]]
[0.01310331],[[0.0]]
[0.01353866],[[0.0]]
[0.02859861],[[0.0]]
[0.02616039],[[0.0]]
[0.02107507],[[0.0]]
[0.05594712],[[0.0]]
[0.02685603],[[0.0]]
[0.0221968],[[0.0]]
[0.02063987],[[0.0]]
[0.03654492],[[0.0]]
[0.02913597],[[0.0]]
[0.02636093],[[0.0]]
[0.02965882],[[0.0]]
[0.01968986],[[0.0]]
[0.01384038],[[0.0]]
[0.01507837],[[0.0]]
[0.03105634],[[0.0]]
[0.02353856],[[0.0]]
[0.01314658],[[0.0]]
[0.0141145],[[0.0]]
[0.01561436],[[0.0]]
[0.02346623],[[0.0]]
[0.02381033],[[0.0]]
[0.02721846],[[0.0]]
[0.01060468],[[0.0]]
[0.01786488],[[0.0]]
[0.02624103],[[0.0]]
[0.026364],[[0.0]]
[0.0110231],[[0.0]]
[0.03101274],[[0.0]]
[0.01927635],[[0.0]]
[0.02661198],[[0.0]]
[0.02754304],[[0.0]]
[0.01987454],[[0.0]]
[0.0210005],[[0.0]]
[0.03740072],[[0.0]]
[0.01653087],[[0.0]]
[0.06487742],[[0.0]]
[0.02424139],[[0.0]]
[0.03282005],[[0.0]]
[0.01145512],[[0.0]]
[0.04416084],[[0.0]]
[0.04135486],[[0.0]]
[0.02139592],[[0.0]]
[0.02224785],[[0.0]]
[0.02666911],[[0.0]]
[0.00989047],[[0.0]]
[0.01869646],[[0.0]]
[0.03522927],[[0.0]]
[0.01157981],[[0.0]]
[0.02635857],[[0.0]]
[0.02863294],[[0.0]]
[0.03882298],[[0.0]]
[0.03162688],[[0.0]]
[0.02430359],[[0.0]]
[0.02681717],[[0.0]]
[0.0223968],[[0.0]]
[0.02948427],[[0.0]]
[0.01323682],[[0.0]]
[0.01540333],[[0.0]]
[0.01877782],[[0.0]]
[0.01684555],[[0.0]]
[0.02579743],[[0.0]]
[0.0643082],[[0.0]]
[0.01572311],[[0.0]]
[0.02508858],[[0.0]]
[0.02740911],[[0.0]]
[0.04978916],[[0.0]]
[0.06247458],[[0.0]]
[0.06175873],[[0.0]]
[0.00939888],[[0.0]]
[0.02574059],[[0.0]]
[0.04598305],[[0.0]]
[0.03329608],[[0.0]]
[0.04163185],[[0.0]]
[0.02515879],[[0.0]]
[0.00862432],[[0.0]]
[0.02187634],[[0.0]]
[0.0405761],[[0.0]]
[0.02371284],[[0.0]]
[0.01641268],[[0.0]]
[0.02607071],[[0.0]]
[0.00939834],[[0.0]]
[0.04222044],[[0.0]]
[0.03530556],[[0.0]]
[0.02160436],[[0.0]]
[0.03139871],[[0.0]]
[0.01151854],[[0.0]]
[0.05311906],[[0.0]]
[0.02486974],[[0.0]]
[0.00827804],[[0.0]]
[0.02958417],[[0.0]]
[0.0317578],[[0.0]]
[0.01874125],[[0.0]]
[0.01650175],[[0.0]]
[0.10245466],[[0.0]]
[0.02796844],[[0.0]]
[0.0501774],[[0.0]]
[0.03395432],[[0.0]]
[0.07568118],[[0.0]]
[0.05190644],[[0.0]]
[0.01578838],[[0.0]]
[0.04077366],[[0.0]]
[0.02498955],[[0.0]]
[0.04941019],[[0.0]]
[0.04620168],[[0.0]]
[0.0624789],[[0.0]]
[0.00752908],[[0.0]]
[0.05599388],[[0.0]]
[0.02240914],[[0.0]]
[0.01090658],[[0.0]]
[0.03414732],[[0.0]]
[0.01745647],[[0.0]]
[0.03646028],[[0.0]]
[0.02891949],[[0.0]]
[0.02324352],[[0.0]]
[0.014525],[[0.0]]
[0.04980472],[[0.0]]
[0.01685879],[[0.0]]
[0.0118185],[[0.0]]
[0.01514357],[[0.0]]
[0.04135808],[[0.0]]
[0.00757384],[[0.0]]
[0.02126491],[[0.0]]
[0.01965764],[[0.0]]
[0.03817528],[[0.0]]
[0.02324358],[[0.0]]
[0.04033479],[[0.0]]
[0.0211345],[[0.0]]
[0.01209667],[[0.0]]
[0.03983274],[[0.0]]
[0.0382036],[[0.0]]
[0.0306291],[[0.0]]
[0.02986619],[[0.0]]
[0.01722866],[[0.0]]
[0.02486891],[[0.0]]
[0.01321882],[[0.0]]
[0.01291007],[[0.0]]
[0.03705427],[[0.0]]
[0.03007045],[[0.0]]
[0.03324518],[[0.0]]
[0.05635387],[[0.0]]
[0.02927074],[[0.0]]
[0.03716022],[[0.0]]
[0.02724516],[[0.0]]
[0.00928438],[[0.0]]
[0.03056476],[[0.0]]
[0.02152774],[[0.0]]
[0.00899667],[[0.0]]
[0.02054799],[[0.0]]
[0.02844697],[[0.0]]
[0.01469868],[[0.0]]
[0.02375627],[[0.0]]
[0.02363586],[[0.0]]
[0.01339644],[[0.0]]
[0.05205321],[[0.0]]
[0.01040927],[[0.0]]
[0.02348432],[[0.0]]
[0.0404875],[[0.0]]
[0.03225341],[[0.0]]
[0.00785905],[[0.0]]
[0.01855689],[[0.0]]
[0.02081919],[[0.0]]
[0.02421507],[[0.0]]
[0.02354378],[[0.0]]
[0.03415716],[[0.0]]
[0.02314726],[[0.0]]
[0.02138799],[[0.0]]
[0.03123909],[[0.0]]
[0.03546053],[[0.0]]
[0.02740613],[[0.0]]
[0.01609278],[[0.0]]
[0.06046805],[[0.0]]
[0.02854645],[[0.0]]
[0.02676484],[[0.0]]
[0.02114376],[[0.0]]
[0.04603541],[[0.0]]
[0.01358202],[[0.0]]
[0.04278377],[[0.0]]
[0.02226919],[[0.0]]
[0.03787282],[[0.0]]
[0.01990262],[[0.0]]
[0.01994798],[[0.0]]
[0.04704404],[[0.0]]
[0.03887218],[[0.0]]
[0.02315661],[[0.0]]
[0.01686108],[[0.0]]
[0.04829812],[[0.0]]
[0.01922154],[[0.0]]
[0.02928928],[[0.0]]
[0.02314359],[[0.0]]
[0.0613783],[[0.0]]
[0.03339118],[[0.0]]
[0.04843473],[[0.0]]
[0.02138135],[[0.0]]
[0.02381942],[[0.0]]
[0.04302141],[[0.0]]
[0.05736065],[[0.0]]
[0.04307953],[[0.0]]
[0.01400962],[[0.0]]
[0.01191643],[[0.0]]
[0.03300354],[[0.0]]
[0.01994112],[[0.0]]
[0.02179554],[[0.0]]
[0.01151842],[[0.0]]
[0.05842358],[[0.0]]
[0.03093079],[[0.0]]
[0.03377765],[[0.0]]
[0.00848004],[[0.0]]
[0.01412648],[[0.0]]
[0.01664364],[[0.0]]
[0.01112753],[[0.0]]
[0.02410257],[[0.0]]
[0.02094063],[[0.0]]
[0.02928177],[[0.0]]
[0.02630419],[[0.0]]
[0.11321229],[[0.0]]
[0.11323181],[[0.0]]
[0.06910923],[[0.0]]
[0.03891805],[[0.0]]
[0.02143514],[[0.0]]
[0.03510264],[[0.0]]
[0.02637956],[[0.0]]
[0.02122286],[[0.0]]
[0.01882026],[[0.0]]
[0.05194148],[[0.0]]
[0.05754465],[[0.0]]
[0.01026037],[[0.0]]
[0.02380058],[[0.0]]
[0.01938653],[[0.0]]
[0.01930729],[[0.0]]
[0.02515712],[[0.0]]
[0.04304883],[[0.0]]
[0.02670637],[[0.0]]
[0.00814155],[[0.0]]
[0.02095076],[[0.0]]
[0.01647472],[[0.0]]
[0.02259365],[[0.0]]
[0.02433458],[[0.0]]
[0.00843281],[[0.0]]
[0.03445026],[[0.0]]
[0.02232683],[[0.0]]
[0.01567912],[[0.0]]
[0.03036883],[[0.0]]
[0.01160905],[[0.0]]
[0.02563557],[[0.0]]
[0.0228909],[[0.0]]
[0.03082204],[[0.0]]
[0.01260871],[[0.0]]
[0.02482283],[[0.0]]
[0.01166952],[[0.0]]
[0.01312739],[[0.0]]
[0.02292377],[[0.0]]
[0.01383325],[[0.0]]
[0.06112623],[[0.0]]
[0.03498444],[[0.0]]
[0.02300712],[[0.0]]
[0.03696942],[[0.0]]
[0.01598552],[[0.0]]
[0.03281465],[[0.0]]
[0.01309454],[[0.0]]
[0.01265457],[[0.0]]
[0.01364383],[[0.0]]
[0.02453756],[[0.0]]
[0.04274216],[[0.0]]
[0.03952596],[[0.0]]
[0.01329207],[[0.0]]
[0.02131432],[[0.0]]
[0.04397851],[[0.0]]
[0.02328008],[[0.0]]
[0.03085792],[[0.0]]
[0.01225775],[[0.0]]
[0.02396235],[[0.0]]
[0.0154483],[[0.0]]
[0.03750753],[[0.0]]
[0.02587804],[[0.0]]
[0.01461023],[[0.0]]
[0.01482359],[[0.0]]
[0.06811902],[[0.0]]
[0.0130505],[[0.0]]
[0.02870503],[[0.0]]
[0.03626409],[[0.0]]
[0.01186842],[[0.0]]
[0.02354959],[[0.0]]
[0.0374313],[[0.0]]
[0.03449264],[[0.0]]
[0.00886682],[[0.0]]
[0.02892455],[[0.0]]
[0.02256361],[[0.0]]
[0.01092535],[[0.0]]
[0.01771396],[[0.0]]
[0.02272555],[[0.0]]
[0.01056105],[[0.0]]
[0.0429799],[[0.0]]
[0.01503903],[[0.0]]
[0.0255543],[[0.0]]
[0.02399334],[[0.0]]
[0.05535159],[[0.0]]
[0.0270507],[[0.0]]
[0.01706171],[[0.0]]
[0.10989526],[[0.0]]
[0.02670345],[[0.0]]
[0.02705881],[[0.0]]
[0.01787117],[[0.0]]
[0.02572998],[[0.0]]
[0.01856154],[[0.0]]
[0.03610134],[[0.0]]
[0.02634242],[[0.0]]
[0.01871091],[[0.0]]
[0.03072247],[[0.0]]
[0.0183807],[[0.0]]
[0.01533955],[[0.0]]
[0.01841801],[[0.0]]
[0.04297596],[[0.0]]
[0.01086369],[[0.0]]
[0.03058571],[[0.0]]
[0.0401091],[[0.0]]
[0.04420009],[[0.0]]
[0.03555799],[[0.0]]
[0.01566648],[[0.0]]
[0.0218344],[[0.0]]
[0.025574],[[0.0]]
[0.03461033],[[0.0]]
[0.01997998],[[0.0]]
[0.05215183],[[0.0]]
[0.01157656],[[0.0]]
[0.02058676],[[0.0]]
[0.04422873],[[0.0]]
[0.0334329],[[0.0]]
[0.00797799],[[0.0]]
[0.02238905],[[0.0]]
[0.03377551],[[0.0]]
[0.01833728],[[0.0]]
[0.03448993],[[0.0]]
[0.0231252],[[0.0]]
[0.04881963],[[0.0]]
[0.0192171],[[0.0]]
[0.01625231],[[0.0]]
[0.02033439],[[0.0]]
[0.02974746],[[0.0]]
[0.03576601],[[0.0]]
[0.03749177],[[0.0]]
[0.0220367],[[0.0]]
[0.01527613],[[0.0]]
[0.03156132],[[0.0]]
[0.07049957],[[0.0]]
[0.05645287],[[0.0]]
[0.04442975],[[0.0]]
[0.06434163],[[0.0]]
[0.01993981],[[0.0]]
[0.09332815],[[0.0]]
[0.04551506],[[0.0]]
[0.02618334],[[0.0]]
[0.03700012],[[0.0]]
[0.03011471],[[0.0]]
[0.04156417],[[0.0]]
[0.04687861],[[0.0]]
[0.0237197],[[0.0]]
[0.05448267],[[0.0]]
[0.02549097],[[0.0]]
[0.09935671],[[0.0]]
[0.05816162],[[0.0]]
[0.02009234],[[0.0]]
[0.18632877],[[0.0]]
[0.01556018],[[0.0]]
[0.02365708],[[0.0]]
[0.02062315],[[0.0]]
[0.09519181],[[0.0]]
[0.0111472],[[0.0]]
[0.04451504],[[0.0]]
[0.01558957],[[0.0]]
[0.02678865],[[0.0]]
[0.02584842],[[0.0]]
[0.06086648],[[0.0]]
[0.03942573],[[0.0]]
[0.03432733],[[0.0]]
[0.01320067],[[0.0]]
[0.03027758],[[0.0]]
[0.08700088],[[0.0]]
[0.07873803],[[0.0]]
[0.07653752],[[0.0]]
[0.05489278],[[0.0]]
[0.05655989],[[0.0]]
[0.06632927],[[0.0]]
[0.00409105],[[0.0]]
[0.04454568],[[0.0]]
[0.02364981],[[0.0]]
[0.03145131],[[0.0]]
[0.04520294],[[0.0]]
[0.04463911],[[0.0]]
[0.01215425],[[0.0]]
[0.10077333],[[0.0]]
[0.02825812],[[0.0]]
[0.04481459],[[0.0]]
[0.09474796],[[0.0]]
[0.02213085],[[0.0]]
[0.01134667],[[0.0]]
[0.03249407],[[0.0]]
[0.03443748],[[0.0]]
[0.01582903],[[0.0]]
[0.01193511],[[0.0]]
[0.04613003],[[0.0]]
[0.01668653],[[0.0]]
[0.07630065],[[0.0]]
[0.0161556],[[0.0]]
[0.01210949],[[0.0]]
[0.06830716],[[0.0]]
[0.02898663],[[0.0]]
[0.00717735],[[0.0]]
[0.04146084],[[0.0]]
[0.00832531],[[0.0]]
[0.01966491],[[0.0]]
[0.07684448],[[0.0]]
[0.02169746],[[0.0]]
[0.09743908],[[0.0]]
[0.03944045],[[0.0]]
[0.06238085],[[0.0]]
[0.01857081],[[0.0]]
[0.080414],[[0.0]]
[0.01737329],[[0.0]]
[0.11086851],[[0.0]]
[0.04580489],[[0.0]]
[0.01433012],[[0.0]]
[0.04809129],[[0.0]]
[0.03259277],[[0.0]]
[0.01653433],[[0.0]]
[0.02172762],[[0.0]]
[0.02877289],[[0.0]]
[0.02507105],[[0.0]]
[0.0381825],[[0.0]]
[0.06429046],[[0.0]]
[0.02504092],[[0.0]]
[0.02425572],[[0.0]]
[0.02696416],[[0.0]]
[0.01605248],[[0.0]]
[0.01428357],[[0.0]]
[0.03262505],[[0.0]]
[0.03291357],[[0.0]]
[0.01869878],[[0.0]]
[0.02413875],[[0.0]]
[0.01938671],[[0.0]]
[0.04176068],[[0.0]]
[0.02786049],[[0.0]]
[0.02457124],[[0.0]]
[0.03012127],[[0.0]]
[0.01290941],[[0.0]]
[0.01076168],[[0.0]]
[0.02628595],[[0.0]]
[0.02365661],[[0.0]]
[0.02297828],[[0.0]]
[0.05832395],[[0.0]]
[0.02644423],[[0.0]]
[0.02499053],[[0.0]]
[0.05012375],[[0.0]]
[0.01112154],[[0.0]]
[0.02967027],[[0.0]]
[0.01520672],[[0.0]]
[0.02793592],[[0.0]]
[0.12976053],[[0.0]]
[0.0334284],[[0.0]]
[0.01742557],[[0.0]]
[0.06249547],[[0.0]]
[0.0273191],[[0.0]]
[0.03785577],[[0.0]]
[0.0265393],[[0.0]]
[0.04554066],[[0.0]]
[0.01773864],[[0.0]]
[0.03178018],[[0.0]]
[0.08947375],[[0.0]]
[0.05693629],[[0.0]]
[0.03293955],[[0.0]]
[0.023963],[[0.0]]
[0.03321525],[[0.0]]
[0.04509714],[[0.0]]
[0.02640182],[[0.0]]
[0.0340085],[[0.0]]
[0.02109835],[[0.0]]
[0.07233417],[[0.0]]
[0.0613386],[[0.0]]
[0.03325659],[[0.0]]
[0.015701],[[0.0]]
[0.01683277],[[0.0]]
[0.01594996],[[0.0]]
[0.01005897],[[0.0]]
[0.0264101],[[0.0]]
[0.04125029],[[0.0]]
[0.02429229],[[0.0]]
[0.01715419],[[0.0]]
[0.04203692],[[0.0]]
[0.04312256],[[0.0]]
[0.03685832],[[0.0]]
[0.01664156],[[0.0]]
[0.02194011],[[0.0]]
[0.12098783],[[0.0]]
[0.05452314],[[0.0]]
[0.0309262],[[0.0]]
[0.03523839],[[0.0]]
[0.02200103],[[0.0]]
[0.10134977],[[0.0]]
[0.02765107],[[0.0]]
[0.01028943],[[0.0]]
[0.03887999],[[0.0]]
[0.01700166],[[0.0]]
[0.04216057],[[0.0]]
[0.03924459],[[0.0]]
[0.02064222],[[0.0]]
[0.04868728],[[0.0]]
[0.06271571],[[0.0]]
[0.01907876],[[0.0]]
[0.03737438],[[0.0]]
[0.01842353],[[0.0]]
[0.05308592],[[0.0]]
[0.03190243],[[0.0]]
[0.01086286],[[0.0]]
[0.01669678],[[0.0]]
[0.10536647],[[0.0]]
[0.03944182],[[0.0]]
[0.01696864],[[0.0]]
[0.01214075],[[0.0]]
[0.05892527],[[0.0]]
[0.01603723],[[0.0]]
[0.05759248],[[0.0]]
[0.02934283],[[0.0]]
[0.03699943],[[0.0]]
[0.0369086],[[0.0]]
[0.02697271],[[0.0]]
[0.02237362],[[0.0]]
[0.05284834],[[0.0]]
[0.01718158],[[0.0]]
[0.01990411],[[0.0]]
[0.01917046],[[0.0]]
[0.01055518],[[0.0]]
[0.01179829],[[0.0]]
[0.0113523],[[0.0]]
[0.01158369],[[0.0]]
[0.06785318],[[0.0]]
[0.05229208],[[0.0]]
[0.08156964],[[0.0]]
[0.01985049],[[0.0]]
[0.03194147],[[0.0]]
[0.01982212],[[0.0]]
[0.03296828],[[0.0]]
[0.03842583],[[0.0]]
[0.04489121],[[0.0]]
[0.04284638],[[0.0]]
[0.04246873],[[0.0]]
[0.03302613],[[0.0]]
[0.00918749],[[0.0]]
[0.08347172],[[0.0]]
[0.0296635],[[0.0]]
[0.02339169],[[0.0]]
[0.03481036],[[0.0]]
[0.01658592],[[0.0]]
[0.02508426],[[0.0]]
[0.0194144],[[0.0]]
[0.07951111],[[0.0]]
[0.07482168],[[0.0]]
[0.02036718],[[0.0]]
[0.07971722],[[0.0]]
[0.01937702],[[0.0]]
[0.03071812],[[0.0]]
[0.01713142],[[0.0]]
[0.0425168],[[0.0]]
[0.02407268],[[0.0]]
[0.05517718],[[0.0]]
[0.03187957],[[0.0]]
[0.03547645],[[0.0]]
[0.05337203],[[0.0]]
[0.03670925],[[0.0]]
[0.01290193],[[0.0]]
[0.00841206],[[0.0]]
[0.04413763],[[0.0]]
[0.05660677],[[0.0]]
[0.03935188],[[0.0]]
[0.01595357],[[0.0]]
[0.03122926],[[0.0]]
[0.05342603],[[0.0]]
[0.05349755],[[0.0]]
[0.0071592],[[0.0]]
[0.00963855],[[0.0]]
[0.0090636],[[0.0]]
[0.03558731],[[0.0]]
[0.0786472],[[0.0]]
[0.03710175],[[0.0]]
[0.01287255],[[0.0]]
[0.0332962],[[0.0]]
[0.0265497],[[0.0]]
[0.03393322],[[0.0]]
[0.04514211],[[0.0]]
[0.03436956],[[0.0]]
[0.00977489],[[0.0]]
[0.03369692],[[0.0]]
[0.02260956],[[0.0]]
[0.02972814],[[0.0]]
[0.02793923],[[0.0]]
[0.00759539],[[0.0]]
[0.03167337],[[0.0]]
[0.02476272],[[0.0]]
[0.0170455],[[0.0]]
[0.01999879],[[0.0]]
[0.01660469],[[0.0]]
[0.01797143],[[0.0]]
[0.02083945],[[0.0]]
[0.03419101],[[0.0]]
[0.04069158],[[0.0]]
[0.03268835],[[0.0]]
[0.04226264],[[0.0]]
[0.04105729],[[0.0]]
[0.0566805],[[0.0]]
[0.04751149],[[0.0]]
[0.02184969],[[0.0]]
[0.0431028],[[0.0]]
[0.04002476],[[0.0]]
[0.00953177],[[0.0]]
[0.03821254],[[0.0]]
[0.01187986],[[0.0]]
[0.05978534],[[0.0]]
[0.02031463],[[0.0]]
[0.03769541],[[0.0]]
[0.01988125],[[0.0]]
[0.04979259],[[0.0]]
[0.02126125],[[0.0]]
[0.01000896],[[0.0]]
[0.02264383],[[0.0]]
[0.01258731],[[0.0]]
[0.0188421],[[0.0]]
[0.01777357],[[0.0]]
[0.06999567],[[0.0]]
[0.01849571],[[0.0]]
[0.08788618],[[0.0]]
[0.01733637],[[0.0]]
[0.00619984],[[0.0]]
[0.03497848],[[0.0]]
[0.05253971],[[0.0]]
[0.02065575],[[0.0]]
[0.00900811],[[0.0]]
[0.0915978],[[0.0]]
[0.07107756],[[0.0]]
[0.00937712],[[0.0]]
[0.014559],[[0.0]]
[0.0899038],[[0.0]]
[0.02803776],[[0.0]]
[0.03024879],[[0.0]]
[0.00839376],[[0.0]]
[0.02069059],[[0.0]]
[0.00627905],[[0.0]]
[0.0812436],[[0.0]]
[0.04044566],[[0.0]]
[0.04272154],[[0.0]]
[0.03406721],[[0.0]]
[0.04140428],[[0.0]]
[0.00954214],[[0.0]]
[0.02588096],[[0.0]]
[0.03776503],[[0.0]]
[0.04055005],[[0.0]]
[0.02169707],[[0.0]]
[0.00665626],[[0.0]]
[0.08667135],[[0.0]]
[0.01328638],[[0.0]]
[0.01226604],[[0.0]]
[0.03430733],[[0.0]]
[0.01998147],[[0.0]]
[0.01961258],[[0.0]]
[0.04235062],[[0.0]]
[0.01499173],[[0.0]]
[0.01494354],[[0.0]]
[0.0699943],[[0.0]]
[0.0379535],[[0.0]]
[0.01592869],[[0.0]]
[0.04427072],[[0.0]]
[0.05002078],[[0.0]]
[0.01775584],[[0.0]]
[0.01977226],[[0.0]]
[0.03566906],[[0.0]]
[0.01810464],[[0.0]]
[0.05455652],[[0.0]]
[0.05913204],[[0.0]]
[0.0326857],[[0.0]]
[0.07650065],[[0.0]]
[0.04539421],[[0.0]]
[0.02739841],[[0.0]]
[0.08407164],[[0.0]]
[0.01444864],[[0.0]]
[0.02214378],[[0.0]]
[0.00995919],[[0.0]]
[0.05144989],[[0.0]]
[0.05780265],[[0.0]]
[0.01946476],[[0.0]]
[0.01557046],[[0.0]]
[0.02789798],[[0.0]]
[0.04420635],[[0.0]]
[0.11193779],[[0.0]]
[0.01137221],[[0.0]]
[0.05320221],[[0.0]]
[0.0102759],[[0.0]]
[0.06222522],[[0.0]]
[0.01354754],[[0.0]]
[0.03272334],[[0.0]]
[0.03153682],[[0.0]]
[0.02237189],[[0.0]]
[0.02138388],[[0.0]]
[0.06306192],[[0.0]]
[0.0212332],[[0.0]]
[0.13666469],[[0.0]]
[0.01286542],[[0.0]]
[0.05514568],[[0.0]]
[0.05898494],[[0.0]]
[0.01385573],[[0.0]]
[0.04116949],[[0.0]]
[0.07788435],[[0.0]]
[0.08843604],[[0.0]]
[0.13577673],[[0.0]]
[0.01752573],[[0.0]]
[0.04080051],[[0.0]]
[0.01679668],[[0.0]]
[0.014431],[[0.0]]
[0.02861735],[[0.0]]
[0.03917667],[[0.0]]
[0.03789198],[[0.0]]
[0.04254973],[[0.0]]
[0.10335737],[[0.0]]
[0.05034474],[[0.0]]
[0.0096637],[[0.0]]
[0.03101629],[[0.0]]
[0.01194316],[[0.0]]
[0.01617736],[[0.0]]
[0.05813053],[[0.0]]
[0.02519977],[[0.0]]
[0.02984905],[[0.0]]
[0.03398061],[[0.0]]
[0.08283079],[[0.0]]
[0.02691433],[[0.0]]
[0.02071419],[[0.0]]
[0.03282669],[[0.0]]
[0.02569386],[[0.0]]
[0.03044224],[[0.0]]
[0.01822034],[[0.0]]
[0.01613775],[[0.0]]
[0.04744202],[[0.0]]
[0.02748281],[[0.0]]
[0.04244053],[[0.0]]
[0.01504543],[[0.0]]
[0.03245506],[[0.0]]
[0.01182386],[[0.0]]
[0.02191556],[[0.0]]
[0.01072836],[[0.0]]
[0.08412609],[[0.0]]
[0.01892683],[[0.0]]
[0.02146113],[[0.0]]
[0.05996794],[[0.0]]
[0.00609353],[[0.0]]
[0.05797508],[[0.0]]
[0.05073118],[[0.0]]
[0.02242136],[[0.0]]
[0.03648147],[[0.0]]
[0.0421595],[[0.0]]
[0.0566881],[[0.0]]
[0.08393946],[[0.0]]
[0.00850141],[[0.0]]
[0.02735671],[[0.0]]
[0.02211633],[[0.0]]
[0.03165582],[[0.0]]
[0.07255706],[[0.0]]
[0.03487769],[[0.0]]
[0.0330458],[[0.0]]
[0.01721036],[[0.0]]
[0.01124921],[[0.0]]
[0.03332186],[[0.0]]
[0.01432374],[[0.0]]
[0.03581515],[[0.0]]
[0.04526049],[[0.0]]
[0.04867715],[[0.0]]
[0.05249614],[[0.0]]
[0.00703293],[[0.0]]
[0.01657635],[[0.0]]
[0.01038492],[[0.0]]
[0.0247919],[[0.0]]
[0.01935086],[[0.0]]
[0.0661402],[[0.0]]
[0.02505001],[[0.0]]
[0.0173772],[[0.0]]
[0.0233781],[[0.0]]
[0.07016334],[[0.0]]
[0.00671592],[[0.0]]
[0.03137481],[[0.0]]
[0.01251155],[[0.0]]
[0.03538749],[[0.0]]
[0.14702693],[[0.0]]
[0.06036642],[[0.0]]
[0.01057813],[[0.0]]
[0.02719268],[[0.0]]
[0.02369496],[[0.0]]
[0.01741993],[[0.0]]
[0.03514802],[[0.0]]
[0.00875762],[[0.0]]
[0.00794947],[[0.0]]
[0.03940916],[[0.0]]
[0.00937355],[[0.0]]
[0.00378689],[[0.0]]
[0.04050529],[[0.0]]
[0.03142667],[[0.0]]
[0.05245024],[[0.0]]
[0.01690242],[[0.0]]
[0.039399],[[0.0]]
[0.0253104],[[0.0]]
[0.04912722],[[0.0]]
[0.06375703],[[0.0]]
[0.02293718],[[0.0]]
[0.01483691],[[0.0]]
[0.00949067],[[0.0]]
[0.02549502],[[0.0]]
[0.02172947],[[0.0]]
[0.0149895],[[0.0]]
[0.03708515],[[0.0]]
[0.0276618],[[0.0]]
[0.03387713],[[0.0]]
[0.01351464],[[0.0]]
[0.01385379],[[0.0]]
[0.02046937],[[0.0]]
[0.06207487],[[0.0]]
[0.02476692],[[0.0]]
[0.00649351],[[0.0]]
[0.01100093],[[0.0]]
[0.01401061],[[0.0]]
[0.03348663],[[0.0]]
[0.00633875],[[0.0]]
[0.00800553],[[0.0]]
[0.01980862],[[0.0]]
[0.01289529],[[0.0]]
[0.04442036],[[0.0]]
[0.01123708],[[0.0]]
[0.03725392],[[0.0]]
[0.04269901],[[0.0]]
[0.05283043],[[0.0]]
[0.00865439],[[0.0]]
[0.02095154],[[0.0]]
[0.01113561],[[0.0]]
[0.00993365],[[0.0]]
[0.01027086],[[0.0]]
[0.01801938],[[0.0]]
[0.0238525],[[0.0]]
[0.02765238],[[0.0]]
[0.00684208],[[0.0]]
[0.01489189],[[0.0]]
[0.06608462],[[0.0]]
[0.068876],[[0.0]]
[0.02315873],[[0.0]]
[0.03507096],[[0.0]]
[0.15230897],[[0.0]]
[0.01853621],[[0.0]]
[0.06618056],[[0.0]]
[0.00473514],[[0.0]]
[0.04218179],[[0.0]]
[0.02974182],[[0.0]]
[0.01009449],[[0.0]]
[0.04492322],[[0.0]]
[0.02841461],[[0.0]]
[0.09295854],[[0.0]]
[0.02439255],[[0.0]]
[0.0112927],[[0.0]]
[0.03899077],[[0.0]]
[0.04051036],[[0.0]]
[0.01511341],[[0.0]]
[0.02631444],[[0.0]]
[0.03572324],[[0.0]]
[0.04630265],[[0.0]]
[0.01642644],[[0.0]]
[0.0107201],[[0.0]]
[0.01850981],[[0.0]]
[0.01459494],[[0.0]]
[0.00875732],[[0.0]]
[0.0421412],[[0.0]]
[0.05323347],[[0.0]]
[0.01081043],[[0.0]]
[0.01455334],[[0.0]]
[0.02884489],[[0.0]]
[0.01397923],[[0.0]]
[0.07280976],[[0.0]]
[0.02655971],[[0.0]]
[0.06367189],[[0.0]]
[0.02725407],[[0.0]]
[0.02694845],[[0.0]]
[0.06025314],[[0.0]]
[0.00873432],[[0.0]]
[0.06588173],[[0.0]]
[0.0090538],[[0.0]]
[0.05164266],[[0.0]]
[0.06467295],[[0.0]]
[0.07107711],[[0.0]]
[0.05601233],[[0.0]]
[0.03234753],[[0.0]]
[0.01742643],[[0.0]]
[0.0394837],[[0.0]]
[0.05353743],[[0.0]]
[0.02690083],[[0.0]]
[0.04553118],[[0.0]]
[0.01727855],[[0.0]]
[0.04590425],[[0.0]]
[0.06279609],[[0.0]]
[0.01676515],[[0.0]]
[0.00721827],[[0.0]]
[0.04392135],[[0.0]]
[0.04994866],[[0.0]]
[0.03418058],[[0.0]]
[0.0778088],[[0.0]]
[0.04549515],[[0.0]]
[0.02090046],[[0.0]]
[0.01039723],[[0.0]]
[0.02052712],[[0.0]]
[0.04161337],[[0.0]]
[0.03197637],[[0.0]]
[0.01531941],[[0.0]]
[0.03757712],[[0.0]]
[0.01906446],[[0.0]]
[0.0281606],[[0.0]]
[0.01521647],[[0.0]]
[0.01838347],[[0.0]]
[0.04001054],[[0.0]]
[0.02019411],[[0.0]]
[0.04296306],[[0.0]]
[0.02164909],[[0.0]]
[0.02900115],[[0.0]]
[0.01813444],[[0.0]]
[0.01125968],[[0.0]]
[0.03010225],[[0.0]]
[0.01510525],[[0.0]]
[0.01742563],[[0.0]]
[0.07177597],[[0.0]]
[0.01445168],[[0.0]]
[0.01091561],[[0.0]]
[0.03095028],[[0.0]]
[0.02722284],[[0.0]]
[0.01597196],[[0.0]]
[0.02681181],[[0.0]]
[0.01700839],[[0.0]]
[0.05623782],[[0.0]]
[0.01705554],[[0.0]]
[0.00644353],[[0.0]]
[0.11391911],[[0.0]]
[0.0367339],[[0.0]]
[0.11140805],[[0.0]]
[0.05062377],[[0.0]]
[0.01139092],[[0.0]]
[0.01004192],[[0.0]]
[0.03889993],[[0.0]]
[0.04596138],[[0.0]]
[0.03861198],[[0.0]]
[0.02497748],[[0.0]]
[0.04734904],[[0.0]]
[0.05765083],[[0.0]]
[0.03353408],[[0.0]]
[0.02585331],[[0.0]]
[0.02070448],[[0.0]]
[0.08635208],[[0.0]]
[0.14580253],[[0.0]]
[0.03052071],[[0.0]]
[0.00241983],[[0.0]]
[0.02317345],[[0.0]]
[0.02487746],[[0.0]]
[0.02641332],[[0.0]]
[0.046949],[[0.0]]
[0.02011916],[[0.0]]
[0.12091008],[[0.0]]
[0.15404943],[[0.0]]
[0.10107565],[[0.0]]
[0.31062615],[[0.0]]
[0.03857896],[[0.0]]
[0.05940372],[[0.0]]
[0.12928441],[[0.0]]
[0.32598],[[0.0]]
[0.07900333],[[0.0]]
[0.420112],[[0.0]]
[0.37019283],[[0.0]]
[0.75464785],[[0.0]]
[0.6973076],[[0.0]]
[0.42089033],[[0.0]]
[0.30127236],[[0.0]]
[0.60206646],[[0.0]]
[0.27384624],[[0.0]]
[0.06032601],[[0.0]]
[0.18871102],[[0.0]]
[0.13798168],[[0.0]]
[0.15448487],[[0.0]]
[0.03193572],[[0.0]]
[0.08643228],[[0.0]]
[0.04938477],[[0.0]]
[0.01827165],[[0.0]]
[0.09669653],[[0.0]]
[0.12389678],[[0.0]]
[0.31413215],[[0.0]]
[0.18710762],[[0.0]]
[0.7972799],[[0.0]]
[0.12254044],[[0.0]]
[0.15562955],[[0.0]]
[0.8664349],[[0.0]]
[0.37913013],[[0.0]]
[0.03949362],[[0.0]]
[0.13031095],[[0.0]]
[0.41544557],[[0.0]]
[0.8812997],[[0.0]]
[0.3182829],[[0.0]]
[0.04800454],[[0.0]]
[0.4332509],[[0.0]]
[0.15802857],[[0.0]]
[0.5474415],[[0.0]]
[0.24330962],[[0.0]]
[0.04707462],[[0.0]]
[0.02515921],[[0.0]]
[0.29812306],[[0.0]]
[0.05763659],[[0.0]]
[0.11221188],[[0.0]]
[0.09425038],[[0.0]]
[0.30922225],[[0.0]]
[0.46186897],[[0.0]]
[0.05973846],[[0.0]]
[0.01348719],[[0.0]]
[0.02018282],[[0.0]]
[0.1214149],[[0.0]]
[0.00474542],[[0.0]]
[0.03692627],[[0.0]]
[0.02856305],[[0.0]]
[0.01132289],[[0.0]]
[0.01671484],[[0.0]]
[0.00753337],[[0.0]]
[0.00363335],[[0.0]]
[0.00103149],[[0.0]]
[0.03652659],[[0.0]]
[0.0060195],[[0.0]]
[0.07303372],[[0.0]]
[0.02669311],[[0.0]]
[0.0126541],[[0.0]]
[0.00643185],[[0.0]]
[0.02844259],[[0.0]]
[0.02216345],[[0.0]]
[0.00757998],[[0.0]]
[0.03363973],[[0.0]]
[0.00296113],[[0.0]]
[0.03557172],[[0.0]]
[0.0324311],[[0.0]]
[0.02721974],[[0.0]]
[0.02581334],[[0.0]]
[0.03150663],[[0.0]]
[0.01815769],[[0.0]]
[0.01182613],[[0.0]]
[0.01704136],[[0.0]]
[0.0117895],[[0.0]]
[0.01471516],[[0.0]]
[0.01369053],[[0.0]]
[0.01331988],[[0.0]]
[0.00750405],[[0.0]]
[0.00901183],[[0.0]]
[0.01348978],[[0.0]]
[0.00678194],[[0.0]]
[0.00806671],[[0.0]]
[0.01300156],[[0.0]]
[0.02430382],[[0.0]]
[0.01178342],[[0.0]]
[0.01566702],[[0.0]]
[0.0177449],[[0.0]]
[0.01140898],[[0.0]]
[0.01240453],[[0.0]]
[0.01512966],[[0.0]]
[0.0157527],[[0.0]]
[0.01106784],[[0.0]]
[0.01355091],[[0.0]]
[0.01392522],[[0.0]]
[0.00716934],[[0.0]]
[0.00901338],[[0.0]]
[0.00986096],[[0.0]]
[0.00932157],[[0.0]]
[0.01442742],[[0.0]]
[0.01586363],[[0.0]]
[0.01194626],[[0.0]]
[0.01780441],[[0.0]]
[0.02103567],[[0.0]]
[0.01319271],[[0.0]]
[0.01261291],[[0.0]]
[0.01036978],[[0.0]]
[0.01072374],[[0.0]]
[0.01048529],[[0.0]]
[0.01697513],[[0.0]]
[0.01673383],[[0.0]]
[0.01100516],[[0.0]]
[0.01069736],[[0.0]]
[0.01567516],[[0.0]]
[0.01348379],[[0.0]]
[0.01478982],[[0.0]]
[0.01559985],[[0.0]]
[0.00966609],[[0.0]]
[0.00950772],[[0.0]]
[0.01563221],[[0.0]]
[0.01900625],[[0.0]]
[0.02442425],[[0.0]]
[0.0242233],[[0.0]]
[0.02272552],[[0.0]]
[0.0164583],[[0.0]]
[0.02233675],[[0.0]]
[0.00820002],[[0.0]]
[0.02325949],[[0.0]]
[0.0256778],[[0.0]]
[0.01338845],[[0.0]]
[0.01855731],[[0.0]]
[0.0180814],[[0.0]]
[0.03883156],[[0.0]]
[0.01633033],[[0.0]]
[0.00660151],[[0.0]]
[0.03948018],[[0.0]]
[0.02106911],[[0.0]]
[0.01130602],[[0.0]]
[0.03253379],[[0.0]]
[0.01323017],[[0.0]]
[0.06317109],[[0.0]]
[0.02386877],[[0.0]]
[0.02033573],[[0.0]]
[0.00583133],[[0.0]]
[0.07190043],[[0.0]]
[0.0891296],[[0.0]]
[0.04151621],[[0.0]]
[0.00353408],[[0.0]]
[0.03226885],[[0.0]]
[0.02278924],[[0.0]]
[0.02596706],[[0.0]]
[0.01466727],[[0.0]]
[0.03052062],[[0.0]]
[0.02950928],[[0.0]]
[0.01716694],[[0.0]]
[0.00417525],[[0.0]]
[0.00619867],[[0.0]]
[0.09583303],[[0.0]]
[0.01738518],[[0.0]]
[0.0143716],[[0.0]]
[0.0154545],[[0.0]]
[0.00859573],[[0.0]]
[0.00273171],[[0.0]]
[0.02281013],[[0.0]]
[0.01056582],[[0.0]]
[0.00150043],[[0.0]]
[0.10752797],[[0.0]]
[0.12274376],[[0.0]]
[0.04569516],[[0.0]]
[0.07142812],[[0.0]]
[0.03413123],[[0.0]]
[0.01429224],[[0.0]]
[0.01993129],[[0.0]]
[0.05067718],[[0.0]]
[0.00638273],[[0.0]]
[0.16229874],[[0.0]]
[0.00708944],[[0.0]]
[0.01739359],[[0.0]]
[0.01709488],[[0.0]]
[0.01699418],[[0.0]]
[0.00784749],[[0.0]]
[0.16008162],[[0.0]]
[0.13134098],[[0.0]]
[0.14818141],[[0.0]]
[0.01443845],[[0.0]]
[0.01183593],[[0.0]]
[0.00476763],[[0.0]]
[0.03240994],[[0.0]]
[0.11542508],[[0.0]]
[0.00770539],[[0.0]]
[0.02297378],[[0.0]]
[0.00639609],[[0.0]]
[0.01079467],[[0.0]]
[0.0063774],[[0.0]]
[0.01809379],[[0.0]]
[0.00468278],[[0.0]]
[0.03131038],[[0.0]]
[0.05197749],[[0.0]]
[0.15849036],[[0.0]]
[0.01699379],[[0.0]]
[0.01287684],[[0.0]]
[0.28923494],[[0.0]]
[0.0021241],[[0.0]]
[0.04209295],[[0.0]]
[0.01102087],[[0.0]]
[0.00935742],[[0.0]]
[0.00047725],[[0.0]]
[0.0465951],[[0.0]]
[0.0074991],[[0.0]]
[0.00531074],[[0.0]]
[0.08128569],[[0.0]]
[0.01052472],[[0.0]]
[0.00319767],[[0.0]]
[0.00420398],[[0.0]]
[0.09812626],[[0.0]]
[0.39377004],[[0.0]]
[0.00656334],[[0.0]]
[0.19710657],[[0.0]]
[0.02464986],[[0.0]]
[0.00304106],[[0.0]]
[0.16556507],[[0.0]]
[0.26046044],[[0.0]]
[0.31207067],[[0.0]]
[0.00900546],[[0.0]]
[0.00403753],[[0.0]]
[0.08150798],[[0.0]]
[0.3285837],[[0.0]]
[0.02737892],[[0.0]]
[0.13705713],[[0.0]]
[0.05785337],[[0.0]]
[0.00958237],[[0.0]]
[0.06151903],[[0.0]]
[0.03112131],[[0.0]]
[0.0036656],[[0.0]]
[0.1247406],[[0.0]]
[0.06095532],[[0.0]]
[0.00518328],[[0.0]]
[0.0090197],[[0.0]]
[0.00692725],[[0.0]]
[0.02864611],[[0.0]]
[0.03591189],[[0.0]]
[0.00493604],[[0.0]]
[0.03942797],[[0.0]]
[0.00142324],[[0.0]]
[0.04559171],[[0.0]]
[0.05801028],[[0.0]]
[0.01298308],[[0.0]]
[0.01120314],[[0.0]]
[0.02095434],[[0.0]]
[0.00961152],[[0.0]]
[0.01169342],[[0.0]]
[0.02896583],[[0.0]]
[0.02289462],[[0.0]]
[0.0287016],[[0.0]]
[0.02033818],[[0.0]]
[0.0165979],[[0.0]]
[0.01126751],[[0.0]]
[0.02654651],[[0.0]]
[0.00646469],[[0.0]]
[0.02010256],[[0.0]]
[0.00704393],[[0.0]]
[0.01918671],[[0.0]]
[0.00475463],[[0.0]]
[0.01598796],[[0.0]]
[0.00939542],[[0.0]]
[0.02109808],[[0.0]]
[0.01589206],[[0.0]]
[0.02326876],[[0.0]]
[0.01201513],[[0.0]]
[0.039042],[[0.0]]
[0.02064171],[[0.0]]
[0.04543668],[[0.0]]
[0.02973789],[[0.0]]
[0.0031333],[[0.0]]
[0.00469801],[[0.0]]
[0.1433982],[[0.0]]
[0.04507673],[[0.0]]
[0.02604884],[[0.0]]
[0.01906243],[[0.0]]
[0.04073223],[[0.0]]
[0.00794286],[[0.0]]
[0.00388914],[[0.0]]
[0.03928363],[[0.0]]
[0.00891739],[[0.0]]
[0.01237091],[[0.0]]
[0.01629043],[[0.0]]
[0.01372814],[[0.0]]
[0.04121688],[[0.0]]
[0.06525153],[[0.0]]
[0.00357494],[[0.0]]
[0.00341982],[[0.0]]
[0.04847142],[[0.0]]
[0.00598913],[[0.0]]
[0.01636553],[[0.0]]
[0.02116674],[[0.0]]
[0.05680603],[[0.0]]
[0.10524377],[[0.0]]
[0.00414026],[[0.0]]
[0.0311521],[[0.0]]
[0.05917796],[[0.0]]
[0.0040679],[[0.0]]
[0.01444411],[[0.0]]
[0.05927306],[[0.0]]
[0.00806621],[[0.0]]
[0.03198114],[[0.0]]
[0.00158608],[[0.0]]
[0.00988472],[[0.0]]
[0.01205012],[[0.0]]
[0.00198856],[[0.0]]
[0.17060155],[[0.0]]
[0.01401874],[[0.0]]
[0.00587434],[[0.0]]
[0.0421837],[[0.0]]
[0.01315811],[[0.0]]
[0.00868016],[[0.0]]
[0.02166581],[[0.0]]
[0.01689735],[[0.0]]
[0.01605761],[[0.0]]
[0.01589465],[[0.0]]
[0.01957622],[[0.0]]
[0.00301054],[[0.0]]
[0.08631653],[[0.0]]
[0.03775856],[[0.0]]
[0.00464517],[[0.0]]
[0.01129353],[[0.0]]
[0.026279],[[0.0]]
[0.01315883],[[0.0]]
[0.02339387],[[0.0]]
[0.02486157],[[0.0]]
[0.00329897],[[0.0]]
[0.0729948],[[0.0]]
[0.06824604],[[0.0]]
[0.03420663],[[0.0]]
[0.00405982],[[0.0]]
[0.02828363],[[0.0]]
[0.07682568],[[0.0]]
[0.02221677],[[0.0]]
[0.05394614],[[0.0]]
[0.02430719],[[0.0]]
[0.02521816],[[0.0]]
[0.02144876],[[0.0]]
[0.02240583],[[0.0]]
[0.145381],[[0.0]]
[0.01336104],[[0.0]]
[0.01629555],[[0.0]]
[0.00647271],[[0.0]]
[0.0154174],[[0.0]]
[0.01056641],[[0.0]]
[0.02421406],[[0.0]]
[0.0176616],[[0.0]]
[0.01056343],[[0.0]]
[0.01882142],[[0.0]]
[0.02793071],[[0.0]]
[0.04840219],[[0.0]]
[0.04340708],[[0.0]]
[0.00177506],[[0.0]]
[0.01360342],[[0.0]]
[0.01183277],[[0.0]]
[0.05604765],[[0.0]]
[0.02097368],[[0.0]]
[0.01407114],[[0.0]]
[0.08591509],[[0.0]]
[0.00664034],[[0.0]]
[0.01205811],[[0.0]]
[0.00929287],[[0.0]]
[0.01391697],[[0.0]]
[0.00337672],[[0.0]]
[0.0188131],[[0.0]]
[0.07331777],[[0.0]]
[0.01575878],[[0.0]]
[0.0144262],[[0.0]]
[0.01303041],[[0.0]]
[0.02257904],[[0.0]]
[0.04207358],[[0.0]]
[0.02416059],[[0.0]]
[0.0187681],[[0.0]]
[0.03457904],[[0.0]]
[0.02133],[[0.0]]
[0.0195069],[[0.0]]
[0.01187775],[[0.0]]
[0.00756928],[[0.0]]
[0.04081628],[[0.0]]
[0.00809854],[[0.0]]
[0.03862423],[[0.0]]
[0.0181132],[[0.0]]
[0.20036584],[[0.0]]
[0.02406463],[[0.0]]
[0.00870997],[[0.0]]
[0.01987547],[[0.0]]
[0.07719195],[[0.0]]
[0.03072053],[[0.0]]
[0.01018956],[[0.0]]
[0.03745013],[[0.0]]
[0.07281995],[[0.0]]
[0.01502043],[[0.0]]
[0.00476947],[[0.0]]
[0.08312011],[[0.0]]
[0.02149758],[[0.0]]
[0.09426475],[[0.0]]
[0.0176352],[[0.0]]
[0.10253],[[0.0]]
[0.00718918],[[0.0]]
[0.02445504],[[0.0]]
[0.06596926],[[0.0]]
[0.004913],[[0.0]]
[0.00349948],[[0.0]]
[0.03421202],[[0.0]]
[0.12693655],[[0.0]]
[0.05430311],[[0.0]]
[0.03637329],[[0.0]]
[0.0122402],[[0.0]]
[0.01888162],[[0.0]]
[0.01359737],[[0.0]]
[0.02774248],[[0.0]]
[0.0274713],[[0.0]]
[0.02305651],[[0.0]]
[0.02225029],[[0.0]]
[0.02075762],[[0.0]]
[0.00970295],[[0.0]]
[0.05020371],[[0.0]]
[0.02708682],[[0.0]]
[0.01705858],[[0.0]]
[0.02547795],[[0.0]]
[0.02072364],[[0.0]]
[0.02291328],[[0.0]]
[0.01894352],[[0.0]]
[0.0238148],[[0.0]]
[0.01823589],[[0.0]]
[0.03457686],[[0.0]]
[0.0225012],[[0.0]]
[0.0158841],[[0.0]]
[0.03382108],[[0.0]]
[0.0118356],[[0.0]]
[0.02328864],[[0.0]]
[0.01904866],[[0.0]]
[0.05478999],[[0.0]]
[0.00865015],[[0.0]]
[0.02605286],[[0.0]]
[0.04228795],[[0.0]]
[0.01263019],[[0.0]]
[0.00569531],[[0.0]]
[0.00754556],[[0.0]]
[0.00365952],[[0.0]]
[0.11724323],[[0.0]]
[0.00892043],[[0.0]]
[0.03395078],[[0.0]]
[0.00374401],[[0.0]]
[0.00677016],[[0.0]]
[0.20076638],[[0.0]]
[0.00773779],[[0.0]]
[0.023967],[[0.0]]
[0.06291685],[[0.0]]
[0.09310398],[[0.0]]
[0.00811914],[[0.0]]
[0.03332308],[[0.0]]
[0.00527072],[[0.0]]
[0.05080181],[[0.0]]
[0.02515438],[[0.0]]
[0.01532626],[[0.0]]
[0.00048342],[[0.0]]
[0.03192762],[[0.0]]
[0.26686767],[[0.0]]
[0.01355666],[[0.0]]
[0.00832668],[[0.0]]
[0.02721789],[[0.0]]
[0.00217685],[[0.0]]
[0.0766342],[[0.0]]
[0.01300597],[[0.0]]
[0.02715415],[[0.0]]
[0.00481981],[[0.0]]
[0.01750723],[[0.0]]
[0.02802661],[[0.0]]
[0.02883628],[[0.0]]
[0.02216899],[[0.0]]
[0.01441798],[[0.0]]
[0.01350954],[[0.0]]
[0.00234434],[[0.0]]
[0.00704935],[[0.0]]
[0.06555706],[[0.0]]
[0.03735438],[[0.0]]
[0.00396571],[[0.0]]
[0.09223118],[[0.0]]
[0.01238593],[[0.0]]
[0.06056905],[[0.0]]
[0.01415902],[[0.0]]
[0.00830171],[[0.0]]
[0.02642998],[[0.0]]
[0.00491408],[[0.0]]
[0.01832959],[[0.0]]
[0.05181742],[[0.0]]
[0.00759307],[[0.0]]
[0.05285761],[[0.0]]
[0.01436087],[[0.0]]
[0.04688266],[[0.0]]
[0.02374497],[[0.0]]
[0.05722898],[[0.0]]
[0.02904379],[[0.0]]
[0.0654887],[[0.0]]
[0.02380404],[[0.0]]
[0.06386039],[[0.0]]
[0.03607616],[[0.0]]
[0.02161664],[[0.0]]
[0.04945314],[[0.0]]
[0.01156068],[[0.0]]
[0.00421917],[[0.0]]
[0.04317245],[[0.0]]
[0.01898479],[[0.0]]
[0.00068787],[[0.0]]
[0.01551923],[[0.0]]
[0.00256696],[[0.0]]
[0.00936955],[[0.0]]
[0.02470261],[[0.0]]
[0.01397565],[[0.0]]
[0.01354074],[[0.0]]
[0.00425917],[[0.0]]
[0.03437787],[[0.0]]
[0.01545596],[[0.0]]
[0.00615975],[[0.0]]
[0.03209364],[[0.0]]
[0.06110659],[[0.0]]
[0.06620613],[[0.0]]
[0.02330387],[[0.0]]
[0.09947497],[[0.0]]
[0.01517552],[[0.0]]
[0.02516598],[[0.0]]
[0.01726174],[[0.0]]
[0.00679982],[[0.0]]
[0.05006576],[[0.0]]
[0.02351737],[[0.0]]
[0.05640131],[[0.0]]
[0.03441662],[[0.0]]
[0.09021074],[[0.0]]
[0.02590722],[[0.0]]
[0.05337489],[[0.0]]
[0.01775086],[[0.0]]
[0.04803225],[[0.0]]
[0.03237739],[[0.0]]
[0.01378411],[[0.0]]
[0.00831571],[[0.0]]
[0.07069626],[[0.0]]
[0.01648596],[[0.0]]
[0.03037342],[[0.0]]
[0.01648948],[[0.0]]
[0.00817281],[[0.0]]
[0.01279598],[[0.0]]
[0.02582175],[[0.0]]
[0.01551884],[[0.0]]
[0.03863803],[[0.0]]
[0.04938453],[[0.0]]
[0.01317975],[[0.0]]
[0.02512515],[[0.0]]
[0.02945524],[[0.0]]
[0.05848283],[[0.0]]
[0.01216242],[[0.0]]
[0.01563632],[[0.0]]
[0.02306148],[[0.0]]
[0.01623318],[[0.0]]
[0.03470832],[[0.0]]
[0.03592694],[[0.0]]
[0.01005793],[[0.0]]
[0.07318154],[[0.0]]
[0.08329028],[[0.0]]
[0.0238404],[[0.0]]
[0.01331615],[[0.0]]
[0.03300753],[[0.0]]
[0.02375269],[[0.0]]
[0.04176402],[[0.0]]
[0.09236377],[[0.0]]
[0.03652188],[[0.0]]
[0.01181725],[[0.0]]
[0.01690301],[[0.0]]
[0.02516267],[[0.0]]
[0.05056798],[[0.0]]
[0.00965118],[[0.0]]
[0.10832995],[[0.0]]
[0.0123643],[[0.0]]
[0.05095452],[[0.0]]
[0.01157147],[[0.0]]
[0.06898105],[[0.0]]
[0.02514181],[[0.0]]
[0.01035908],[[0.0]]
[0.04943594],[[0.0]]
[0.04869673],[[0.0]]
[0.01196393],[[0.0]]
[0.05577284],[[0.0]]
[0.03437921],[[0.0]]
[0.02461666],[[0.0]]
[0.03101525],[[0.0]]
[0.02693382],[[0.0]]
[0.0437015],[[0.0]]
[0.01554245],[[0.0]]
[0.05700928],[[0.0]]
[0.03162649],[[0.0]]
[0.06703001],[[0.0]]
[0.01279473],[[0.0]]
[0.02499008],[[0.0]]
[0.02953461],[[0.0]]
[0.02216947],[[0.0]]
[0.01414245],[[0.0]]
[0.04386279],[[0.0]]
[0.01379618],[[0.0]]
[0.12323299],[[0.0]]
[0.02665806],[[0.0]]
[0.02533641],[[0.0]]
[0.02406394],[[0.0]]
[0.06108183],[[0.0]]
[0.00904688],[[0.0]]
[0.01414794],[[0.0]]
[0.01926252],[[0.0]]
[0.05434075],[[0.0]]
[0.02092403],[[0.0]]
[0.09348866],[[0.0]]
[0.0134252],[[0.0]]
[0.01013407],[[0.0]]
[0.02655041],[[0.0]]
[0.10739115],[[0.0]]
[0.05022982],[[0.0]]
[0.03323489],[[0.0]]
[0.02710256],[[0.0]]
[0.01747811],[[0.0]]
[0.05736294],[[0.0]]
[0.06928056],[[0.0]]
[0.0069133],[[0.0]]
[0.04527134],[[0.0]]
[0.01705334],[[0.0]]
[0.03176883],[[0.0]]
[0.02894256],[[0.0]]
[0.02053028],[[0.0]]
[0.07620302],[[0.0]]
[0.03966367],[[0.0]]
[0.03100756],[[0.0]]
[0.00639656],[[0.0]]
[0.05399203],[[0.0]]
[0.01410744],[[0.0]]
[0.06474048],[[0.0]]
[0.03928363],[[0.0]]
[0.01381266],[[0.0]]
[0.04897451],[[0.0]]
[0.01685932],[[0.0]]
[0.0161984],[[0.0]]
[0.02983949],[[0.0]]
[0.03650257],[[0.0]]
[0.08618164],[[0.0]]
[0.03859937],[[0.0]]
[0.05524591],[[0.0]]
[0.03908461],[[0.0]]
[0.04998186],[[0.0]]
[0.03393406],[[0.0]]
[0.0598672],[[0.0]]
[0.01668289],[[0.0]]
[0.04822713],[[0.0]]
[0.01429725],[[0.0]]
[0.02617952],[[0.0]]
[0.01437369],[[0.0]]
[0.01536584],[[0.0]]
[0.02152684],[[0.0]]
[0.02951667],[[0.0]]
[0.06597826],[[0.0]]
[0.01848835],[[0.0]]
[0.02850786],[[0.0]]
[0.04136315],[[0.0]]
[0.01634696],[[0.0]]
[0.03276426],[[0.0]]
[0.02388558],[[0.0]]
[0.06738517],[[0.0]]
[0.0982466],[[0.0]]
[0.00936836],[[0.0]]
[0.01320732],[[0.0]]
[0.05534562],[[0.0]]
[0.10503146],[[0.0]]
[0.11744243],[[0.0]]
[0.01961288],[[0.0]]
[0.03498524],[[0.0]]
[0.18287182],[[0.0]]
[0.02036509],[[0.0]]
[0.11049214],[[0.0]]
[0.05067131],[[0.0]]
[0.04517522],[[0.0]]
[0.01014507],[[0.0]]
[0.0655466],[[0.0]]
[0.00657624],[[0.0]]
[0.12228605],[[0.0]]
[0.01632175],[[0.0]]
[0.12283719],[[0.0]]
[0.01717329],[[0.0]]
[0.01673216],[[0.0]]
[0.04242095],[[0.0]]
[0.03132108],[[0.0]]
[0.02637056],[[0.0]]
[0.14294633],[[0.0]]
[0.03139579],[[0.0]]
[0.01959825],[[0.0]]
[0.05811116],[[0.0]]
[0.06571501],[[0.0]]
[0.03387219],[[0.0]]
[0.03976223],[[0.0]]
[0.03171146],[[0.0]]
[0.03151798],[[0.0]]
[0.02416539],[[0.0]]
[0.10103342],[[0.0]]
[0.11962688],[[0.0]]
[0.06506678],[[0.0]]
[0.01105884],[[0.0]]
[0.02178368],[[0.0]]
[0.009417],[[0.0]]
[0.0385507],[[0.0]]
[0.07279545],[[0.0]]
[0.00689611],[[0.0]]
[0.05099407],[[0.0]]
[0.017456],[[0.0]]
[0.14943412],[[0.0]]
[0.00515229],[[0.0]]
[0.03973112],[[0.0]]
[0.03733653],[[0.0]]
[0.07074195],[[0.0]]
[0.01446998],[[0.0]]
[0.05214176],[[0.0]]
[0.01802719],[[0.0]]
[0.05784667],[[0.0]]
[0.015699],[[0.0]]
[0.04766336],[[0.0]]
[0.02857918],[[0.0]]
[0.01431149],[[0.0]]
[0.04003155],[[0.0]]
[0.00571147],[[0.0]]
[0.01668516],[[0.0]]
[0.03483072],[[0.0]]
[0.05581319],[[0.0]]
[0.04699594],[[0.0]]
[0.02332902],[[0.0]]
[0.04251274],[[0.0]]
[0.03549135],[[0.0]]
[0.01055822],[[0.0]]
[0.05275127],[[0.0]]
[0.01123425],[[0.0]]
[0.02533406],[[0.0]]
[0.02943256],[[0.0]]
[0.04355437],[[0.0]]
[0.01495373],[[0.0]]
[0.06115663],[[0.0]]
[0.00555974],[[0.0]]
[0.07267642],[[0.0]]
[0.0215911],[[0.0]]
[0.1615158],[[0.0]]
[0.02432218],[[0.0]]
[0.19218022],[[0.0]]
[0.02839214],[[0.0]]
[0.01352066],[[0.0]]
[0.04040974],[[0.0]]
[0.01564106],[[0.0]]
[0.01594818],[[0.0]]
[0.01171246],[[0.0]]
[0.02331874],[[0.0]]
[0.04756576],[[0.0]]
[0.02859837],[[0.0]]
[0.04339224],[[0.0]]
[0.02011812],[[0.0]]
[0.04018661],[[0.0]]
[0.14442262],[[0.0]]
[0.02332786],[[0.0]]
[0.0295527],[[0.0]]
[0.03859434],[[0.0]]
[0.06105921],[[0.0]]
[0.03832513],[[0.0]]
[0.02010083],[[0.0]]
[0.02940121],[[0.0]]
[0.03798875],[[0.0]]
[0.03973931],[[0.0]]
[0.00829664],[[0.0]]
[0.04761496],[[0.0]]
[0.02160737],[[0.0]]
[0.01496053],[[0.0]]
[0.00817344],[[0.0]]
[0.05200264],[[0.0]]
[0.0646061],[[0.0]]
[0.0218724],[[0.0]]
[0.04572678],[[0.0]]
[0.06674609],[[0.0]]
[0.02443558],[[0.0]]
[0.02723527],[[0.0]]
[0.00871092],[[0.0]]
[0.04356995],[[0.0]]
[0.04986459],[[0.0]]
[0.02903545],[[0.0]]
[0.15084967],[[0.0]]
[0.02508751],[[0.0]]
[0.26255286],[[0.0]]
[0.03839234],[[0.0]]
[0.12000865],[[0.0]]
[0.06870678],[[0.0]]
[0.01810309],[[0.0]]
[0.01300168],[[0.0]]
[0.00971991],[[0.0]]
[0.01476511],[[0.0]]
[0.01352987],[[0.0]]
[0.05295163],[[0.0]]
[0.01045689],[[0.0]]
[0.09116131],[[0.0]]
[0.05737522],[[0.0]]
[0.03932565],[[0.0]]
[0.03644332],[[0.0]]
[0.08166081],[[0.0]]
[0.01675928],[[0.0]]
[0.03010798],[[0.0]]
[0.04499474],[[0.0]]
[0.08986339],[[0.0]]
[0.04227176],[[0.0]]
[0.01436922],[[0.0]]
[0.02054602],[[0.0]]
[0.04182279],[[0.0]]
[0.00890008],[[0.0]]
[0.05549464],[[0.0]]
[0.05320752],[[0.0]]
[0.01839],[[0.0]]
[0.03574303],[[0.0]]
[0.04449144],[[0.0]]
[0.00838149],[[0.0]]
[0.00874433],[[0.0]]
[0.15884742],[[0.0]]
[0.13872653],[[0.0]]
[0.07634413],[[0.0]]
[0.04763043],[[0.0]]
[0.02480888],[[0.0]]
[0.02006096],[[0.0]]
[0.0791434],[[0.0]]
[0.04665279],[[0.0]]
[0.01712584],[[0.0]]
[0.05429462],[[0.0]]
[0.0205898],[[0.0]]
[0.02250829],[[0.0]]
[0.02457428],[[0.0]]
[0.08482569],[[0.0]]
[0.01767617],[[0.0]]
[0.03290772],[[0.0]]
[0.02193668],[[0.0]]
[0.03356904],[[0.0]]
[0.02290472],[[0.0]]
[0.07164687],[[0.0]]
[0.03383622],[[0.0]]
[0.02938059],[[0.0]]
[0.04062417],[[0.0]]
[0.05630752],[[0.0]]
[0.03163967],[[0.0]]
[0.00890893],[[0.0]]
[0.05862829],[[0.0]]
[0.00989616],[[0.0]]
[0.03357267],[[0.0]]
[0.02553728],[[0.0]]
[0.0115408],[[0.0]]
[0.01747122],[[0.0]]
[0.05785009],[[0.0]]
[0.02639875],[[0.0]]
[0.02483571],[[0.0]]
[0.04893225],[[0.0]]
[0.03361133],[[0.0]]
[0.08966872],[[0.0]]
[0.06806129],[[0.0]]
[0.01627582],[[0.0]]
[0.01849827],[[0.0]]
[0.01285708],[[0.0]]
[0.05158618],[[0.0]]
[0.01646361],[[0.0]]
[0.16719225],[[0.0]]
[0.16091895],[[0.0]]
[0.01549003],[[0.0]]
[0.01656228],[[0.0]]
[0.00907779],[[0.0]]
[0.04254454],[[0.0]]
[0.01701868],[[0.0]]
[0.06361848],[[0.0]]
[0.06233293],[[0.0]]
[0.09354135],[[0.0]]
[0.01148272],[[0.0]]
[0.16004726],[[0.0]]
[0.01312512],[[0.0]]
[0.05432409],[[0.0]]
[0.05794585],[[0.0]]
[0.03679505],[[0.0]]
[0.02159327],[[0.0]]
[0.04490188],[[0.0]]
[0.01802993],[[0.0]]
[0.01336759],[[0.0]]
[0.02397695],[[0.0]]
[0.01432827],[[0.0]]
[0.01060846],[[0.0]]
[0.01938459],[[0.0]]
[0.02856266],[[0.0]]
[0.03747475],[[0.0]]
[0.04488257],[[0.0]]
[0.00872779],[[0.0]]
[0.02210057],[[0.0]]
[0.03825259],[[0.0]]
[0.17693806],[[0.0]]
[0.01043069],[[0.0]]
[0.0906786],[[0.0]]
[0.2562696],[[0.0]]
[0.03448746],[[0.0]]
[0.0194737],[[0.0]]
[0.039985],[[0.0]]
[0.02073115],[[0.0]]
[0.08985117],[[0.0]]
[0.03330612],[[0.0]]
[0.01183864],[[0.0]]
[0.01260641],[[0.0]]
[0.03644374],[[0.0]]
[0.03276956],[[0.0]]
[0.01026428],[[0.0]]
[0.06433541],[[0.0]]
[0.03324434],[[0.0]]
[0.06688446],[[0.0]]
[0.06095314],[[0.0]]
[0.01621166],[[0.0]]
[0.02725536],[[0.0]]
[0.08062631],[[0.0]]
[0.01751298],[[0.0]]
[0.00822279],[[0.0]]
[0.03941151],[[0.0]]
[0.00799781],[[0.0]]
[0.01410514],[[0.0]]
[0.05347466],[[0.0]]
[0.01250327],[[0.0]]
[0.03633332],[[0.0]]
[0.03997901],[[0.0]]
[0.00513849],[[0.0]]
[0.0132314],[[0.0]]
[0.01344311],[[0.0]]
[0.02320743],[[0.0]]
[0.09543219],[[0.0]]
[0.01296073],[[0.0]]
[0.02159998],[[0.0]]
[0.01185244],[[0.0]]
[0.02744827],[[0.0]]
[0.05086151],[[0.0]]
[0.04920712],[[0.0]]
[0.00763321],[[0.0]]
[0.03904811],[[0.0]]
[0.03415838],[[0.0]]
[0.01051879],[[0.0]]
[0.11942786],[[0.0]]
[0.03041089],[[0.0]]
[0.02167395],[[0.0]]
[0.0277217],[[0.0]]
[0.12029532],[[0.0]]
[0.0687159],[[0.0]]
[0.03168696],[[0.0]]
[0.05038908],[[0.0]]
[0.10216305],[[0.0]]
[0.12498733],[[0.0]]
[0.04051757],[[0.0]]
[0.01116341],[[0.0]]
[0.02571678],[[0.0]]
[0.01580372],[[0.0]]
[0.03955907],[[0.0]]
[0.07048705],[[0.0]]
[0.02592769],[[0.0]]
[0.04489738],[[0.0]]
[0.04239285],[[0.0]]
[0.01447481],[[0.0]]
[0.03720567],[[0.0]]
[0.06176606],[[0.0]]
[0.05437759],[[0.0]]
[0.05190235],[[0.0]]
[0.07313597],[[0.0]]
[0.03204066],[[0.0]]
[0.02372715],[[0.0]]
[0.05855954],[[0.0]]
[0.00380045],[[0.0]]
[0.10857761],[[0.0]]
[0.01911378],[[0.0]]
[0.03273144],[[0.0]]
[0.04110271],[[0.0]]
[0.01455823],[[0.0]]
[0.03133857],[[0.0]]
[0.01511776],[[0.0]]
[0.02232122],[[0.0]]
[0.00447252],[[0.0]]
[0.05893636],[[0.0]]
[0.14796457],[[0.0]]
[0.02738762],[[0.0]]
[0.02909705],[[0.0]]
[0.03333464],[[0.0]]
[0.03120628],[[0.0]]
[0.03897405],[[0.0]]
[0.03789127],[[0.0]]
[0.07466745],[[0.0]]
[0.03399369],[[0.0]]
[0.11708266],[[0.0]]
[0.09672794],[[0.0]]
[0.0356648],[[0.0]]
[0.02597034],[[0.0]]
[0.03235388],[[0.0]]
[0.07004359],[[0.0]]
[0.03087929],[[0.0]]
[0.02318335],[[0.0]]
[0.0442614],[[0.0]]
[0.02632755],[[0.0]]
[0.03453612],[[0.0]]
[0.03375736],[[0.0]]
[0.00304872],[[0.0]]
[0.01423553],[[0.0]]
[0.03380889],[[0.0]]
[0.18121028],[[0.0]]
[0.10471261],[[0.0]]
[0.01837078],[[0.0]]
[0.2742347],[[0.0]]
[0.0261358],[[0.0]]
[0.04099563],[[0.0]]
[0.07492059],[[0.0]]
[0.02290618],[[0.0]]
[0.15589163],[[0.0]]
[0.02247769],[[0.0]]
[0.06583732],[[0.0]]
[0.01271504],[[0.0]]
[0.02111325],[[0.0]]
[0.01518893],[[0.0]]
[0.03844118],[[0.0]]
[0.03983316],[[0.0]]
[0.01575205],[[0.0]]
[0.01889291],[[0.0]]
[0.04001093],[[0.0]]
[0.08177906],[[0.0]]
[0.03665704],[[0.0]]
[0.13630787],[[0.0]]
[0.02462938],[[0.0]]
[0.07065666],[[0.0]]
[0.05707604],[[0.0]]
[0.06463557],[[0.0]]
[0.06862703],[[0.0]]
[0.04245141],[[0.0]]
[0.07806653],[[0.0]]
[0.05499265],[[0.0]]
[0.02116781],[[0.0]]
[0.06008884],[[0.0]]
[0.01487705],[[0.0]]
[0.05634272],[[0.0]]
[0.07260627],[[0.0]]
[0.07797623],[[0.0]]
[0.01640397],[[0.0]]
[0.0519219],[[0.0]]
[0.07593927],[[0.0]]
[0.13045636],[[0.0]]
[0.13427085],[[0.0]]
[0.02651849],[[0.0]]
[0.0941084],[[0.0]]
[0.11118931],[[0.0]]
[0.01437584],[[0.0]]
[0.02098545],[[0.0]]
[0.07196271],[[0.0]]
[0.24889371],[[0.0]]
[0.00826442],[[0.0]]
[0.0258435],[[0.0]]
[0.02494904],[[0.0]]
[0.09419951],[[0.0]]
[0.02371892],[[0.0]]
[0.02148294],[[0.0]]
[0.13946497],[[0.0]]
[0.01176462],[[0.0]]
[0.14330277],[[0.0]]
[0.01793867],[[0.0]]
[0.01874655],[[0.0]]
[0.03940353],[[0.0]]
[0.04287544],[[0.0]]
[0.10858935],[[0.0]]
[0.05970916],[[0.0]]
[0.08151385],[[0.0]]
[0.01838413],[[0.0]]
[0.03256148],[[0.0]]
[0.00858867],[[0.0]]
[0.03959551],[[0.0]]
[0.07073113],[[0.0]]
[0.04128963],[[0.0]]
[0.03155527],[[0.0]]
[0.08991751],[[0.0]]
[0.03054425],[[0.0]]
[0.0869076],[[0.0]]
[0.06083396],[[0.0]]
[0.01929441],[[0.0]]
[0.00915191],[[0.0]]
[0.09684834],[[0.0]]
[0.02197891],[[0.0]]
[0.02217248],[[0.0]]
[0.03777805],[[0.0]]
[0.06382373],[[0.0]]
[0.03986603],[[0.0]]
[0.14580902],[[0.0]]
[0.09548968],[[0.0]]
[0.16381836],[[0.0]]
[0.04957452],[[0.0]]
[0.05989152],[[0.0]]
[0.02717721],[[0.0]]
[0.01821223],[[0.0]]
[0.0472548],[[0.0]]
[0.07976183],[[0.0]]
[0.02874738],[[0.0]]
[0.09994397],[[0.0]]
[0.21991143],[[0.0]]
[0.05258325],[[0.0]]
[0.03766859],[[0.0]]
[0.01383281],[[0.0]]
[0.01481029],[[0.0]]
[0.0477595],[[0.0]]
[0.02299881],[[0.0]]
[0.01691249],[[0.0]]
[0.03514731],[[0.0]]
[0.0526408],[[0.0]]
[0.03885147],[[0.0]]
[0.05781263],[[0.0]]
[0.02789706],[[0.0]]
[0.01880834],[[0.0]]
[0.13959444],[[0.0]]
[0.0359759],[[0.0]]
[0.00434896],[[0.0]]
[0.0390301],[[0.0]]
[0.00879174],[[0.0]]
[0.03961518],[[0.0]]
[0.0210517],[[0.0]]
[0.2140302],[[0.0]]
[0.03215671],[[0.0]]
[0.03962407],[[0.0]]
[0.02287868],[[0.0]]
[0.09781429],[[0.0]]
[0.01578367],[[0.0]]
[0.05014899],[[0.0]]
[0.01754132],[[0.0]]
[0.09841231],[[0.0]]
[0.03051645],[[0.0]]
[0.03147733],[[0.0]]
[0.01818889],[[0.0]]
[0.01727998],[[0.0]]
[0.04308912],[[0.0]]
[0.04016155],[[0.0]]
[0.09773356],[[0.0]]
[0.06781432],[[0.0]]
[0.01167125],[[0.0]]
[0.05368754],[[0.0]]
[0.01432094],[[0.0]]
[0.01572365],[[0.0]]
[0.01169375],[[0.0]]
[0.03682718],[[0.0]]
[0.00774577],[[0.0]]
[0.03056893],[[0.0]]
[0.01946092],[[0.0]]
[0.05173051],[[0.0]]
[0.06732935],[[0.0]]
[0.05199021],[[0.0]]
[0.09783459],[[0.0]]
[0.02881289],[[0.0]]
[0.06822106],[[0.0]]
[0.07673758],[[0.0]]
[0.10729122],[[0.0]]
[0.04169765],[[0.0]]
[0.03095788],[[0.0]]
[0.01246008],[[0.0]]
[0.08630008],[[0.0]]
[0.04157174],[[0.0]]
[0.01203665],[[0.0]]
[0.02976725],[[0.0]]
[0.02668133],[[0.0]]
[0.04255962],[[0.0]]
[0.02776492],[[0.0]]
[0.02809715],[[0.0]]
[0.03735712],[[0.0]]
[0.03514662],[[0.0]]
[0.01678407],[[0.0]]
[0.10787916],[[0.0]]
[0.01625103],[[0.0]]
[0.03764644],[[0.0]]
[0.03832123],[[0.0]]
[0.02468124],[[0.0]]
[0.02311018],[[0.0]]
[0.03359929],[[0.0]]
[0.03589767],[[0.0]]
[0.04256675],[[0.0]]
[0.07154444],[[0.0]]
[0.05253607],[[0.0]]
[0.04110771],[[0.0]]
[0.10234147],[[0.0]]
[0.12373003],[[0.0]]
[0.01901346],[[0.0]]
[0.03387791],[[0.0]]
[0.01491797],[[0.0]]
[0.03064191],[[0.0]]
[0.15787128],[[0.0]]
[0.01672643],[[0.0]]
[0.04807633],[[0.0]]
[0.04048446],[[0.0]]
[0.04453683],[[0.0]]
[0.01900524],[[0.0]]
[0.01536337],[[0.0]]
[0.04527044],[[0.0]]
[0.03683463],[[0.0]]
[0.02036572],[[0.0]]
[0.02072105],[[0.0]]
[0.08953997],[[0.0]]
[0.09783259],[[0.0]]
[0.00590578],[[0.0]]
[0.05852452],[[0.0]]
[0.04515198],[[0.0]]
[0.04278684],[[0.0]]
[0.05118811],[[0.0]]
[0.0358499],[[0.0]]
[0.01741377],[[0.0]]
[0.00487685],[[0.0]]
[0.12333414],[[0.0]]
[0.01714849],[[0.0]]
[0.09413579],[[0.0]]
[0.0336419],[[0.0]]
[0.08087623],[[0.0]]
[0.05327809],[[0.0]]
[0.00778693],[[0.0]]
[0.05393469],[[0.0]]
[0.02627468],[[0.0]]
[0.10005245],[[0.0]]
[0.00875118],[[0.0]]
[0.04467264],[[0.0]]
[0.01395977],[[0.0]]
[0.02351642],[[0.0]]
[0.01111287],[[0.0]]
[0.05429211],[[0.0]]
[0.02594927],[[0.0]]
[0.03077117],[[0.0]]
[0.01969695],[[0.0]]
[0.06404963],[[0.0]]
[0.02565107],[[0.0]]
[0.01860777],[[0.0]]
[0.06395802],[[0.0]]
[0.07899573],[[0.0]]
[0.03990468],[[0.0]]
[0.01406917],[[0.0]]
[0.09629634],[[0.0]]
[0.04493171],[[0.0]]
[0.0216476],[[0.0]]
[0.05983552],[[0.0]]
[0.03338659],[[0.0]]
[0.01302874],[[0.0]]
[0.07074657],[[0.0]]
[0.01952159],[[0.0]]
[0.1258643],[[0.0]]
[0.01682511],[[0.0]]
[0.03985673],[[0.0]]
[0.07198554],[[0.0]]
[0.03002104],[[0.0]]
[0.05219054],[[0.0]]
[0.06624204],[[0.0]]
[0.01188773],[[0.0]]
[0.10343501],[[0.0]]
[0.02077737],[[0.0]]
[0.02981445],[[0.0]]
[0.10391054],[[0.0]]
[0.01755318],[[0.0]]
[0.06358811],[[0.0]]
[0.02789646],[[0.0]]
[0.02169156],[[0.0]]
[0.10791108],[[0.0]]
[0.05177116],[[0.0]]
[0.00934494],[[0.0]]
[0.04932556],[[0.0]]
[0.02713481],[[0.0]]
[0.02313212],[[0.0]]
[0.01478937],[[0.0]]
[0.02027503],[[0.0]]
[0.05914611],[[0.0]]
[0.01262635],[[0.0]]
[0.12198672],[[0.0]]
[0.00935611],[[0.0]]
[0.03097439],[[0.0]]
[0.07379547],[[0.0]]
[0.00614014],[[0.0]]
[0.03808013],[[0.0]]
[0.01259127],[[0.0]]
[0.09322292],[[0.0]]
[0.03126401],[[0.0]]
[0.00896189],[[0.0]]
[0.02454245],[[0.0]]
[0.02404058],[[0.0]]
[0.03266466],[[0.0]]
[0.03730422],[[0.0]]
[0.04719523],[[0.0]]
[0.04059923],[[0.0]]
[0.01427686],[[0.0]]
[0.11636555],[[0.0]]
[0.04683194],[[0.0]]
[0.055107],[[0.0]]
[0.07619262],[[0.0]]
[0.14656764],[[0.0]]
[0.01112729],[[0.0]]
[0.02574855],[[0.0]]
[0.2293565],[[0.0]]
[0.04653698],[[0.0]]
[0.05569562],[[0.0]]
[0.02608365],[[0.0]]
[0.03856018],[[0.0]]
[0.0273222],[[0.0]]
[0.05328721],[[0.0]]
[0.07208368],[[0.0]]
[0.07843539],[[0.0]]
[0.02773455],[[0.0]]
[0.02205637],[[0.0]]
[0.03866616],[[0.0]]
[0.04580611],[[0.0]]
[0.0113942],[[0.0]]
[0.01771519],[[0.0]]
[0.03408778],[[0.0]]
[0.04226965],[[0.0]]
[0.01969647],[[0.0]]
[0.06394669],[[0.0]]
[0.05332354],[[0.0]]
[0.01074827],[[0.0]]
[0.06851479],[[0.0]]
[0.02062827],[[0.0]]
[0.01194015],[[0.0]]
[0.23201582],[[0.0]]
[0.13266444],[[0.0]]
[0.01488626],[[0.0]]
[0.04511383],[[0.0]]
[0.12308788],[[0.0]]
[0.01040825],[[0.0]]
[0.01252753],[[0.0]]
[0.03244776],[[0.0]]
[0.06610888],[[0.0]]
[0.024634],[[0.0]]
[0.05653608],[[0.0]]
[0.03011921],[[0.0]]
