0.016303927,0.0
0.0069597363,0.0
7.7655866e-05,0.0
1.2508173e-05,0.0
2.427439e-06,0.0
0.0010123253,0.0
5.4808658e-12,0.0
1.4706384e-11,0.0
2.9192606e-05,0.0
0.0041740537,0.0
0.00023427606,0.0
0.000103260856,0.0
0.000106010055,0.0
0.00013816357,0.0
3.0267238e-06,0.0
0.000116198105,0.0
4.381955e-06,0.0
0.013980657,0.0
1.3970539e-06,0.0
3.9926115e-05,0.0
6.6590974e-07,0.0
0.00023010373,0.0
0.00010711993,0.0
9.0043555e-05,0.0
0.0005928576,0.0
7.919368e-05,0.0
3.994285e-06,0.0
1.7602046e-05,0.0
1.0229642e-05,0.0
0.0026902556,0.0
0.0030172765,0.0
0.003985673,0.0
0.0004118085,0.0
0.010353416,0.0
7.040784e-05,0.0
3.7373197e-06,0.0
0.00015333295,0.0
1.3189938e-05,0.0
0.00085908175,0.0
2.9387777e-05,0.0
0.0006494522,0.0
0.00046691298,0.0
0.0049284697,0.0
2.1254596e-06,0.0
0.0019810796,0.0
0.0004131198,0.0
0.05596891,0.0
4.3533917e-05,0.0
0.00029671192,0.0
0.030373275,0.0
3.3717325e-07,0.0
0.00016927719,0.0
0.00012895465,0.0
0.012812138,0.0
0.08875376,0.0
0.013953984,0.0
0.006805986,0.0
0.001506567,0.0
0.0025604963,0.0
1.140644e-07,0.0
0.042782098,0.0
0.002602607,0.0
0.005654335,0.0
2.08876e-05,0.0
4.248443e-07,0.0
7.945407e-05,0.0
3.909544e-05,0.0
7.116432e-05,0.0
4.835937e-05,0.0
0.00017127395,0.0
0.00044676661,0.0
0.0038158298,0.0
0.0216752,0.0
0.0007841289,0.0
0.0004633665,0.0
8.757853e-05,0.0
0.03416729,0.0
4.076627e-05,0.0
0.0044008493,0.0
0.013727963,0.0
0.00025627017,0.0
0.012399733,0.0
0.0070097446,0.0
8.797414e-05,0.0
8.487965e-05,0.0
0.0011725724,0.0
0.005600214,0.0
0.008743852,0.0
0.0031683147,0.0
7.734928e-05,0.0
0.0019225478,0.0
0.0054805577,0.0
0.005866885,0.0
0.011938363,0.0
0.0005310178,0.0
5.3144904e-05,0.0
0.000451535,0.0
0.008846939,0.0
0.002672404,0.0
1.949086e-05,0.0
2.33828e-06,0.0
0.011672914,0.0
0.00110358,0.0
0.0026043952,0.0
0.0060119033,0.0
0.0044412315,0.0
0.0016121268,0.0
9.671519e-07,0.0
0.00016665459,0.0
0.00067931414,0.0
0.011013836,0.0
0.012990743,0.0
0.009370238,0.0
9.421162e-05,0.0
1.5287284e-08,0.0
8.961623e-11,0.0
7.6218166e-05,0.0
0.00044804811,0.0
0.004125446,0.0
0.048659533,0.0
0.001418978,0.0
0.050482094,0.0
0.0041165054,0.0
0.020905703,0.0
0.00035437942,0.0
0.0019157827,0.0
0.0063813925,0.0
0.0016983747,0.0
2.0157762e-05,0.0
0.0058265626,0.0
0.006632507,0.0
0.002870798,0.0
0.008685529,0.0
0.002064824,0.0
0.008514851,0.0
0.0075982213,0.0
0.0050540566,0.0
0.004041195,0.0
0.0009575784,0.0
0.14055854,0.0
0.00041154027,0.0
0.0005042851,0.0
0.0014412105,0.0
0.00017419457,0.0
0.0058550835,0.0
0.00047054887,0.0
0.09175551,0.0
0.004636705,0.0
0.05313191,0.0
0.0010770261,0.0
0.0008607507,0.0
0.0023122132,0.0
0.02603671,0.0
0.0018603504,0.0
0.0015656948,0.0
0.020761669,0.0
0.025287509,0.0
0.0054263175,0.0
0.0029672682,0.0
0.00057044625,0.0
0.00034090877,0.0
0.0072632134,0.0
0.00043946505,0.0
0.01994136,0.0
0.0021549463,0.0
4.8745256e-05,0.0
1.7803434e-09,0.0
0.0007067323,0.0
0.0021875203,0.0
0.0072391033,0.0
9.379562e-15,0.0
8.7271707e-07,0.0
1.9558313e-06,0.0
0.0007838905,0.0
5.2209918e-05,0.0
6.3295547e-06,0.0
5.089776e-05,0.0
0.00011787126,0.0
0.00029808283,0.0
2.5121552e-05,0.0
0.00021883845,0.0
0.0033019185,0.0
0.00030449033,0.0
0.000107073865,0.0
0.00028154254,0.0
0.00011371202,0.0
0.00059106946,0.0
0.01058498,0.0
8.673694e-07,0.0
0.0007430613,0.0
0.0013373792,0.0
0.0035853982,0.0
0.0003067255,0.0
0.03827709,0.0
4.687263e-05,0.0
1.784327e-06,0.0
2.0676537e-06,0.0
1.5330406e-07,0.0
0.0010196567,0.0
0.04520181,0.0
6.823459e-05,0.0
0.0008136928,0.0
0.00055861473,0.0
0.0018939674,0.0
0.64326775,1.0
0.3815267,1.0
0.3754679,1.0
0.64326775,1.0
0.21408704,1.0
0.4337142,1.0
0.46275598,1.0
0.5805798,1.0
0.64326775,1.0
0.611992,1.0
0.64326775,1.0
0.6216412,1.0
0.64326775,1.0
0.64326775,1.0
0.64326775,1.0
0.5789775,1.0
0.20904335,1.0
0.64326775,1.0
0.64326775,1.0
0.64326775,1.0
0.64326775,1.0
0.64326775,1.0
0.64326775,1.0
0.64326775,1.0
0.64326775,1.0
0.64326775,1.0
0.64326775,1.0
0.64326775,1.0
0.64326775,1.0
0.64326775,1.0
0.64326775,1.0
0.64326775,1.0
0.64326775,1.0
0.64326775,1.0
0.49806502,1.0
0.621629,1.0
0.64326775,1.0
0.64008945,1.0
0.64326775,1.0
0.64326775,1.0
0.64326775,1.0
0.64326775,1.0
0.34670344,1.0
0.5997194,1.0
0.64326775,1.0
0.5676181,1.0
0.64326775,1.0
0.64326775,1.0
0.64326775,1.0
0.64326775,1.0
0.64326775,1.0
0.64326775,1.0
0.64326775,1.0
0.48993957,1.0
0.63532084,1.0
0.64326775,1.0
0.64326775,1.0
0.64326775,1.0
0.2948254,1.0
0.60484344,1.0
0.5918719,1.0
0.579893,1.0
0.62043744,1.0
0.09761551,1.0
0.59422433,1.0
0.6353552,1.0
0.5535512,1.0
0.64326775,1.0
0.25604635,1.0
0.64326775,1.0
0.38184217,1.0
0.5686069,1.0
0.64326775,1.0
0.64326775,1.0
0.64326775,1.0
0.64326775,1.0
0.64326775,1.0
0.63774467,1.0
0.6274403,1.0
0.64326775,1.0
0.64326775,1.0
0.64326775,1.0
0.64326775,1.0
0.56976503,1.0
0.64326775,1.0
0.64326775,1.0
0.64326775,1.0
0.012681842,0.0
0.09356916,0.0
0.011874229,0.0
0.040455014,0.0
0.00010853985,0.0
0.006955683,0.0
0.0065384805,0.0
0.00035825372,0.0
8.700026e-06,0.0
2.5546315e-06,0.0
0.0015932918,0.0
0.007855386,0.0
0.00019875169,0.0
0.00076693296,0.0
2.6101995e-06,0.0
0.00027430058,0.0
6.0606712e-06,0.0
0.00058344007,0.0
0.0010956824,0.0
8.86964e-06,0.0
0.00048792362,0.0
4.4797907e-06,0.0
5.187122e-08,0.0
5.5412306e-07,0.0
7.652527e-06,0.0
8.5094434e-05,0.0
0.001686126,0.0
0.0009920895,0.0
0.0020785034,0.0
0.00013521314,0.0
0.0051663816,0.0
0.03351429,0.0
0.0003964305,0.0
0.026715606,0.0
0.00029036403,0.0
0.007992238,0.0
0.00014004111,0.0
0.00027492642,0.0
4.2308428e-05,0.0
0.00017049909,0.0
7.946286e-05,0.0
2.7836498e-07,0.0
0.04065624,0.0
0.002235353,0.0
0.17365065,0.0
6.224407e-05,0.0
1.0640543e-05,0.0
6.901272e-05,0.0
0.00011978834,0.0
0.0035779476,0.0
0.0015359521,0.0
0.01073283,0.0
0.000415951,0.0
0.0031664073,0.0
0.00012478232,0.0
0.00015503168,0.0
0.003273487,0.0
0.00565055,0.0
0.0004684627,0.0
0.0035080016,0.0
0.00038021803,0.0
0.0065127015,0.0
0.009877741,0.0
0.011409521,0.0
0.001201272,0.0
0.011710286,0.0
0.001144886,0.0
0.00096291304,0.0
0.00015124679,0.0
0.02897662,0.0
0.014197856,0.0
0.0031636655,0.0
0.000118350996,0.0
0.0020436049,0.0
0.00092068315,0.0
0.0001603961,0.0
0.0001270473,0.0
0.0042952895,0.0
3.1325875e-05,0.0
0.00067067146,0.0
4.9478047e-05,0.0
0.000284791,0.0
3.576944e-05,0.0
0.03886634,0.0
4.8557533e-05,0.0
0.0003848374,0.0
0.0004183948,0.0
0.00052952766,0.0
0.0037358403,0.0
0.00016593933,0.0
0.00023534894,0.0
0.007016182,0.0
5.438881e-05,0.0
0.00019830465,0.0
5.624318e-07,0.0
4.572704e-05,0.0
0.040551007,0.0
1.5093781e-05,0.0
7.240335e-06,0.0
0.01599285,0.0
0.007833034,0.0
0.0024076998,0.0
0.02012074,0.0
0.005099267,0.0
0.05571878,0.0
0.10259825,0.0
0.013792723,0.0
0.0014859736,0.0
0.0013765991,0.0
0.009450346,0.0
0.0014376044,0.0
4.5572968e-05,0.0
0.003027618,0.0
0.00029921532,0.0
0.00023236871,0.0
1.6465455e-07,0.0
2.890207e-07,0.0
4.8893565e-08,0.0
4.7147644e-08,0.0
0.005357951,0.0
1.4898817e-06,0.0
9.541765e-05,0.0
2.735313e-07,0.0
6.0243037e-06,0.0
1.6759722e-08,0.0
2.127459e-06,0.0
3.307883e-05,0.0
1.2248556e-07,0.0
5.0935805e-06,0.0
0.0056685805,0.0
4.3959726e-06,0.0
3.8274753e-05,0.0
2.874155e-07,0.0
4.9373666e-06,0.0
4.470342e-06,0.0
0.00078088045,0.0
0.017201275,0.0
1.44566675e-05,0.0
1.6559096e-06,0.0
6.2113315e-05,0.0
0.00040730834,0.0
0.0001005163,0.0
0.000526011,0.0
0.0008021295,0.0
3.539377e-05,0.0
0.001886338,0.0
0.00010962957,0.0
0.00030052662,0.0
0.00016158819,0.0
3.1114095e-07,0.0
5.8465723e-08,0.0
0.0008095801,0.0
6.629022e-10,0.0
2.53679e-06,0.0
0.0012804568,0.0
0.038879186,0.0
0.00019979477,0.0
0.048358172,0.0
9.8294084e-05,0.0
0.009052128,0.0
0.00031164289,0.0
0.0019892454,0.0
0.0058395565,0.0
3.3049255e-05,0.0
0.012510061,0.0
0.02301392,0.0
0.0009301603,0.0
0.004454255,0.0
1.2683164e-05,0.0
0.0005517602,0.0
0.00043734908,0.0
0.0001005745,0.0
0.000102639955,0.0
4.4801154e-06,0.0
0.0002386868,0.0
4.5464618e-05,0.0
0.0005850494,0.0
2.9433326e-05,0.0
0.0001784265,0.0
0.0038302839,0.0
7.5628673e-06,0.0
1.6978229e-05,0.0
0.000693202,0.0
8.297856e-06,0.0
0.00037649274,0.0
0.020846903,0.0
0.0024476647,0.0
0.0065735877,0.0
0.00036290288,0.0
0.00016283989,0.0
0.019717813,0.0
0.001134634,0.0
1.447699e-05,0.0
2.7306869e-05,0.0
0.0014234185,0.0
0.0002373457,0.0
0.0024327934,0.0
0.0011620522,0.0
0.00022941828,0.0
0.026608616,0.0
0.00011900086,0.0
0.00190112,0.0
0.0011896789,0.0
6.3930755e-05,0.0
9.730302e-07,0.0
0.00023066998,0.0
7.206232e-09,0.0
6.554201e-07,0.0
0.0029172003,0.0
0.04602045,0.0
6.8242145e-05,0.0
0.00012362003,0.0
5.932911e-07,0.0
8.379082e-07,0.0
7.370457e-05,0.0
2.8357143e-05,0.0
3.5603239e-06,0.0
0.0048297346,0.0
0.00041016936,0.0
0.09280431,0.0
4.6725697e-07,0.0
8.921201e-06,0.0
0.015987098,0.0
0.0007674396,0.0
0.00051903725,0.0
2.0369094e-05,0.0
0.013898313,0.0
1.9137613e-06,0.0
1.7946433e-06,0.0
0.0017471313,0.0
0.00073575974,0.0
0.0036892593,0.0
9.463548e-05,0.0
0.00047931075,0.0
0.0033752024,0.0
0.00012319685,0.0
0.001545161,0.0
0.004530996,0.0
0.017303139,0.0
0.0049582124,0.0
0.0004258752,0.0
0.00018209219,0.0
0.0014250875,0.0
6.637711e-05,0.0
0.000346452,0.0
0.0002451837,0.0
0.0011422932,0.0
0.00057318807,0.0
0.0014559627,0.0
0.006304741,0.0
0.013859272,0.0
0.03622356,0.0
0.00022035837,0.0
0.0008624196,0.0
0.009346753,0.0
0.0018450618,0.0
0.00032940507,0.0
0.0010114014,0.0
2.854832e-06,0.0
1.3813019e-06,0.0
8.371375e-05,0.0
2.0846576e-06,0.0
0.0027675033,0.0
0.00051921606,0.0
0.004531622,0.0
2.6676136e-05,0.0
0.002100855,0.0
9.526689e-05,0.0
5.316592e-06,0.0
0.0010576844,0.0
0.016186357,0.0
0.0026853383,0.0
0.002016008,0.0
0.00012321329,0.0
0.0045001805,0.0
0.00017213821,0.0
0.0035486817,0.0
0.0014728904,0.0
0.019513309,0.0
0.08949262,0.0
0.0013785064,0.0
0.001299113,0.0
0.00040358305,0.0
0.0048222244,0.0
0.0014077127,0.0
0.0009089112,0.0
0.017187089,0.0
0.006065756,0.0
0.0010549128,0.0
0.0007621646,0.0
0.008662462,0.0
0.014211535,0.0
0.0009957254,0.0
0.00037491322,0.0
0.00018653274,0.0
7.394546e-06,0.0
0.0015545487,0.0
3.990379e-06,0.0
0.0002259314,0.0
0.00010107335,0.0
3.365993e-06,0.0
0.0066506565,0.0
9.0686444e-05,0.0
6.287097e-05,0.0
0.00077188015,0.0
0.00041648746,0.0
0.00045230985,0.0
0.00016331673,0.0
4.525939e-05,0.0
2.2914182e-06,0.0
0.0009050667,0.0
1.8752386e-05,0.0
0.00087583065,0.0
1.709857e-05,0.0
7.9862843e-07,0.0
1.129808e-05,0.0
4.928802e-05,0.0
0.00012143894,0.0
0.027067065,0.0
7.043659e-05,0.0
2.7469041e-05,0.0
0.0006814599,0.0
0.003352344,0.0
0.0003554225,0.0
0.0004004538,0.0
0.0055728555,0.0
0.010623485,0.0
0.18538636,0.0
0.015970856,0.0
0.0094611645,0.0
5.3049203e-05,0.0
0.062722534,0.0
0.009453058,0.0
0.0029230416,0.0
1.4014569e-05,0.0
0.0011718571,0.0
0.0006992221,0.0
0.0018426478,0.0
0.00031751394,0.0
1.1839655e-05,0.0
0.112298936,0.0
0.00015968084,0.0
0.0067929924,0.0
0.002047509,0.0
0.0011149943,0.0
0.00045889616,0.0
0.0031537414,0.0
0.03182572,0.0
0.00028386712,0.0
0.0030981898,0.0
0.0006327033,0.0
0.0011537969,0.0
0.0007580519,0.0
0.0024713874,0.0
0.0023698807,0.0
5.1780895e-05,0.0
2.8600109e-05,0.0
0.0017567873,0.0
0.037982345,0.0
0.017911375,0.0
0.02044487,0.0
5.904364e-06,0.0
0.0006352067,0.0
0.0023253262,0.0
2.7173548e-05,0.0
1.4575987e-05,0.0
0.0009886622,0.0
0.01546514,0.0
4.3641617e-07,0.0
0.107866496,0.0
5.409988e-07,0.0
0.03489673,0.0
0.026666552,0.0
5.768792e-05,0.0
0.05616352,0.0
0.033191144,0.0
0.042299658,0.0
0.022130996,0.0
0.009480417,0.0
0.08137748,0.0
0.0018056333,0.0
1.0175107e-05,0.0
0.029295474,0.0
0.006777674,0.0
0.00040769577,0.0
0.47542357,0.0
3.225634e-05,0.0
0.00024339557,0.0
1.0345987e-06,0.0
2.3914055e-08,0.0
2.150398e-05,0.0
0.0071242154,0.0
0.00042513013,0.0
3.7388047e-05,0.0
1.5174164e-06,0.0
2.1049476e-07,0.0
2.0145443e-07,0.0
0.00021573901,0.0
3.2106367e-08,0.0
6.685218e-05,0.0
0.0003131926,0.0
9.397803e-05,0.0
8.189401e-05,0.0
4.063095e-06,0.0
2.7660838e-07,0.0
1.2639628e-06,0.0
3.0683054e-07,0.0
0.0027279556,0.0
0.005259782,0.0
0.00035911798,0.0
0.0027072132,0.0
8.902703e-05,0.0
0.002296716,0.0
0.00072157383,0.0
4.485928e-05,0.0
0.0019654632,0.0
0.000526309,0.0
0.00079768896,0.0
0.00023058057,0.0
0.0036852658,0.0
0.0043472946,0.0
0.017404348,0.0
8.9392944e-07,0.0
9.7236e-10,0.0
5.997833e-09,0.0
3.225357e-05,0.0
0.00022494793,0.0
0.001262188,0.0
0.014369965,0.0
0.007978171,0.0
0.0015870929,0.0
0.01682359,0.0
0.008000225,0.0
0.00054627657,0.0
4.7556627e-05,0.0
0.0003002286,0.0
0.08577293,0.0
2.9796242e-05,0.0
7.221568e-05,0.0
0.0024454594,0.0
0.0003851652,0.0
0.00024789572,0.0
0.00021243095,0.0
0.0009446144,0.0
0.0009024441,0.0
9.43105e-05,0.0
0.0025254488,0.0
0.003958285,0.0
0.10291347,0.0
5.2922016e-05,0.0
1.715474e-05,0.0
0.01325953,0.0
2.2922108e-05,0.0
0.0030975342,0.0
2.6484424e-05,0.0
7.953428e-05,0.0
0.007040024,0.0
0.010074228,0.0
0.0009613633,0.0
0.06175959,0.0
0.00090411305,0.0
0.0019830465,0.0
0.00427562,0.0
0.00090536475,0.0
0.014558613,0.0
0.0010204911,0.0
0.002162695,0.0
6.1068777e-06,0.0
0.00042447448,0.0
2.4389195e-05,0.0
0.0022790432,0.0
0.00054115057,0.0
0.0009189546,0.0
0.00020879507,0.0
3.6527474e-06,0.0
1.0577572e-05,0.0
0.00032013655,0.0
0.0013363361,0.0
0.00014850497,0.0
0.028138071,0.0
0.0006137192,0.0
0.00030946732,0.0
0.0060067773,0.0
8.310606e-06,0.0
6.108908e-05,0.0
0.017737508,0.0
0.00046601892,0.0
0.00034838915,0.0
0.000616163,0.0
6.2398595e-07,0.0
0.0005598068,0.0
0.00053060055,0.0
0.002218008,0.0
9.272212e-08,0.0
1.6878088e-05,0.0
1.339687e-05,0.0
3.6571168e-05,0.0
8.636341e-06,0.0
1.3474614e-06,0.0
0.00060766935,0.0
3.512858e-05,0.0
4.917862e-05,0.0
3.896249e-05,0.0
6.1006926e-07,0.0
7.2940986e-07,0.0
4.4739077e-06,0.0
1.3104578e-05,0.0
0.00026735663,0.0
3.8426055e-07,0.0
7.517303e-05,0.0
1.3066616e-05,0.0
0.017631888,0.0
4.8861653e-09,0.0
0.0012652278,0.0
2.8201423e-05,0.0
0.006144792,0.0
0.00013440847,0.0
5.9027316e-06,0.0
0.006363213,0.0
0.00015091896,0.0
2.6728924e-07,0.0
0.00086310506,0.0
5.738194e-06,0.0
3.42384e-05,0.0
6.102689e-05,0.0
0.005450666,0.0
2.3820381e-05,0.0
2.3420259e-07,0.0
0.00037366152,0.0
1.7763952e-07,0.0
0.0045461357,0.0
4.4230286e-10,0.0
8.5192034e-05,0.0
0.00481987,0.0
0.00055232644,0.0
1.5315405e-06,0.0
1.8301197e-06,0.0
0.00041815639,0.0
0.0003142655,0.0
9.068921e-07,0.0
8.257694e-05,0.0
1.5937316e-05,0.0
1.2469078e-06,0.0
2.4759831e-05,0.0
0.0006071627,0.0
1.9707943e-05,0.0
0.00018966198,0.0
4.5175366e-06,0.0
0.00020244718,0.0
8.923635e-06,0.0
5.2591686e-06,0.0
8.337406e-06,0.0
6.3804876e-08,0.0
0.0029813051,0.0
0.027404577,0.0
0.006622672,0.0
0.00010337623,0.0
1.7431452e-05,0.0
0.00010640447,0.0
3.3226402e-06,0.0
1.6069882e-05,0.0
2.0793155e-05,0.0
2.1515612e-05,0.0
6.1971637e-06,0.0
0.0005145371,0.0
6.286947e-05,0.0
0.04617983,0.0
0.037564933,0.0
4.632818e-05,0.0
0.02343446,0.0
0.01981014,0.0
0.0004247129,0.0
0.0094153285,0.0
0.05366385,0.0
1.7713119e-05,0.0
8.519894e-05,0.0
4.1703634e-06,0.0
1.3570076e-05,0.0
8.46883e-06,0.0
1.8116752e-05,0.0
0.007899433,0.0
0.0060733557,0.0
0.0052701235,0.0
0.008924007,0.0
3.5199744e-05,0.0
0.0064452887,0.0
0.00041341782,0.0
0.00075024366,0.0
2.9653023e-11,0.0
0.008461684,0.0
0.0019676983,0.0
0.0006285906,0.0
2.5765344e-06,0.0
0.04759109,0.0
2.0183423e-05,0.0
0.0041700304,0.0
0.00010085612,0.0
0.067214906,0.0
0.010289222,0.0
0.00039839745,0.0
0.0013529956,0.0
0.017124444,0.0
0.0008761585,0.0
0.034124345,0.0
0.0026301146,0.0
0.0001308024,0.0
0.0009339154,0.0
0.0018092096,0.0
0.031891316,0.0
0.00020736456,0.0
0.001977563,0.0
0.0018370748,0.0
0.0024002492,0.0
0.00024840236,0.0
0.0015374124,0.0
0.030781,0.0
0.006983727,0.0
0.0070095956,0.0
0.018108219,0.0
0.0030293763,0.0
0.015394688,0.0
0.0007405579,0.0
0.00048792362,0.0
0.0038569868,0.0
0.00067409873,0.0
0.0008408427,0.0
0.007908285,0.0
0.01608798,0.0
0.05368063,0.0
0.0017087162,0.0
0.0005014241,0.0
0.012597561,0.0
0.0061234236,0.0
0.00017860532,0.0
6.585975e-05,0.0
0.00060141087,0.0
1.0317245e-06,0.0
0.0035774112,0.0
1.769178e-05,0.0
1.974021e-08,0.0
3.6799916e-10,0.0
2.8781048e-07,0.0
1.3185117e-13,0.0
6.790708e-09,0.0
3.4616282e-06,0.0
0.00037005544,0.0
0.00027641654,0.0
0.00028270483,0.0
0.0003786683,0.0
7.0712544e-05,0.0
1.2522722e-07,0.0
1.3735123e-06,0.0
4.728451e-09,0.0
3.7221312e-08,0.0
3.371567e-08,0.0
2.3515017e-07,0.0
2.945787e-05,0.0
5.576923e-08,0.0
1.5227039e-09,0.0
2.328835e-10,0.0
9.919466e-10,0.0
2.3496018e-08,0.0
1.819983e-08,0.0
2.8317876e-05,0.0
1.2174071e-05,0.0
0.0009378493,0.0
3.4530405e-09,0.0
7.170492e-08,0.0
3.3305678e-10,0.0
1.7994796e-06,0.0
5.3454535e-08,0.0
1.2407412e-07,0.0
3.1147198e-07,0.0
2.8131928e-09,0.0
3.8550114e-09,0.0
2.1340469e-08,0.0
0.00028908253,0.0
2.0891766e-05,0.0
9.056881e-07,0.0
1.0347841e-08,0.0
3.770578e-08,0.0
0.0022360682,0.0
5.2338584e-07,0.0
0.005714476,0.0
4.8625814e-08,0.0
0.0020997822,0.0
2.832363e-05,0.0
9.607417e-07,0.0
2.8190034e-06,0.0
0.004854709,0.0
0.00042405725,0.0
0.011182278,0.0
0.02544874,0.0
0.0071690083,0.0
0.003257513,0.0
0.0010591149,0.0
7.1303236e-07,0.0
9.149836e-18,0.0
4.446345e-06,0.0
1.5583595e-12,0.0
2.7539704e-07,0.0
0.023389667,0.0
0.0009022951,0.0
1.4660176e-05,0.0
1.2705754e-05,0.0
1.2857793e-05,0.0
0.0064790845,0.0
0.043970436,0.0
0.016025245,0.0
0.13134149,0.0
0.0003633499,0.0
0.0020788908,0.0
0.055695176,0.0
0.0047642887,0.0
0.009303659,0.0
0.005187452,0.0
0.0036304295,0.0
5.3743523e-05,0.0
0.0014593005,0.0
0.009154469,0.0
0.005698681,0.0
0.003426671,0.0
0.018871516,0.0
0.05265218,0.0
0.016539425,0.0
0.020364076,0.0
0.12152818,0.0
0.1956597,0.0
0.0040915906,0.0
0.005153209,0.0
0.0061274767,0.0
0.00012153232,0.0
0.00014051795,0.0
3.1950945e-05,0.0
0.0036504269,0.0
0.00020614266,0.0
0.037377745,0.0
0.0025892258,0.0
0.00064477324,0.0
0.0049370527,0.0
0.0003706813,0.0
7.96922e-05,0.0
0.002482921,0.0
1.4580429e-06,0.0
0.0027065873,0.0
8.13181e-05,0.0
3.510363e-07,0.0
0.0042971373,0.0
2.4391775e-07,0.0
0.00077804923,0.0
9.782742e-07,0.0
0.00013628602,0.0
2.9593163e-09,0.0
5.0055027e-05,0.0
0.0016597807,0.0
3.4269385e-06,0.0
0.0005440414,0.0
0.00033432245,0.0
0.00015628338,0.0
1.7996934e-05,0.0
4.4022273e-12,0.0
6.046789e-09,0.0
4.0836112e-09,0.0
5.6091324e-07,0.0
5.406989e-08,0.0
5.4885238e-08,0.0
1.9285281e-08,0.0
4.494006e-06,0.0
4.6305994e-11,0.0
3.6166852e-09,0.0
2.3354794e-11,0.0
1.0381819e-09,0.0
3.5502064e-06,0.0
3.5574473e-07,0.0
0.00025439262,0.0
3.1616082e-08,0.0
8.2854e-10,0.0
8.5266265e-12,0.0
6.4913914e-09,0.0
1.6817643e-07,0.0
4.9186634e-11,0.0
1.8475816e-07,0.0
6.396862e-07,0.0
3.5341314e-09,0.0
1.0267881e-06,0.0
0.0002836287,0.0
0.00015997887,0.0
0.09126204,0.0
3.0725441e-06,0.0
6.2725167e-06,0.0
0.0002824664,0.0
3.229412e-08,0.0
1.0546697e-09,0.0
5.682668e-08,0.0
1.3936314e-06,0.0
1.9889581e-05,0.0
0.00038808584,0.0
8.575967e-06,0.0
0.004470676,0.0
0.009391099,0.0
0.0144735575,0.0
3.3464796e-05,0.0
4.5266075e-09,0.0
1.6338247e-06,0.0
1.0188457e-09,0.0
7.3228773e-07,0.0
3.6604865e-11,0.0
7.805204e-11,0.0
0.00013777614,0.0
0.00061252713,0.0
0.016164482,0.0
7.736178e-06,0.0
5.5705714e-06,0.0
4.419013e-07,0.0
3.771988e-08,0.0
0.00043562055,0.0
3.6759968e-08,0.0
1.906692e-07,0.0
7.972435e-07,0.0
4.942862e-05,0.0
3.7201475e-10,0.0
5.335034e-06,0.0
1.1843149e-06,0.0
6.779269e-05,0.0
0.0009379387,0.0
4.3131286e-07,0.0
8.425855e-09,0.0
2.0830072e-07,0.0
0.0001398325,0.0
3.9607286e-05,0.0
2.917706e-06,0.0
0.0003424585,0.0
2.2560762e-06,0.0
0.0002799034,0.0
1.3212662e-05,0.0
8.287804e-06,0.0
5.3843866e-07,0.0
0.00032427907,0.0
0.010245353,0.0
0.00015977025,0.0
4.9269176e-05,0.0
0.0005097985,0.0
3.3689796e-06,0.0
5.150588e-05,0.0
3.908948e-05,0.0
2.8743113e-07,0.0
8.215587e-06,0.0
0.00053304434,0.0
6.0959355e-05,0.0
0.0021398365,0.0
0.00015822053,0.0
0.00011199457,0.0
0.000852257,0.0
0.101539105,0.0
5.8630103e-06,0.0
9.959426e-05,0.0
2.1111297e-05,0.0
2.9219288e-07,0.0
3.690731e-07,0.0
0.00028902292,0.0
0.15639216,0.0
6.2978076e-09,0.0
0.0020056665,0.0
6.301215e-05,0.0
0.0066479445,0.0
0.05621603,0.0
1.920438e-06,0.0
0.00026598573,0.0
0.00033536553,0.0
2.4285412e-06,0.0
0.003043145,0.0
4.3616616e-05,0.0
0.0002912879,0.0
1.5634567e-06,0.0
0.0043510795,0.0
1.8190738e-06,0.0
6.863584e-05,0.0
1.762905e-06,0.0
0.00011677678,0.0
4.0131876e-05,0.0
0.008795589,0.0
0.0006221533,0.0
3.4858997e-05,0.0
2.9140509e-05,0.0
2.7805258e-06,0.0
6.0934075e-05,0.0
0.0030603409,0.0
0.0002002716,0.0
0.0024775863,0.0
0.0014095604,0.0
0.008310914,0.0
0.0054140687,0.0
0.0002450049,0.0
0.00024047494,0.0
0.00035774708,0.0
2.1983176e-07,0.0
0.0014753044,0.0
0.0011028349,0.0
1.3642911e-05,0.0
3.2811062e-08,0.0
4.1391937e-07,0.0
0.0001643002,0.0
0.00018903613,0.0
1.1215499e-06,0.0
1.4300306e-07,0.0
4.063562e-05,0.0
8.6021413e-07,0.0
4.700826e-09,0.0
1.543562e-07,0.0
2.462539e-07,0.0
0.00045719743,0.0
1.4501564e-08,0.0
2.6278152e-10,0.0
7.521652e-08,0.0
8.919461e-07,0.0
5.0334963e-09,0.0
1.8997002e-13,0.0
1.1355432e-08,0.0
0.0009074211,0.0
0.0022276044,0.0
1.1227405e-05,0.0
3.800883e-08,0.0
5.512308e-06,0.0
1.9807523e-07,0.0
1.517679e-07,0.0
2.5725175e-08,0.0
1.0551652e-08,0.0
1.6521261e-07,0.0
9.2584095e-08,0.0
1.646711e-10,0.0
3.0070296e-10,0.0
1.5874407e-09,0.0
4.4292103e-09,0.0
5.888256e-09,0.0
3.8911185e-10,0.0
1.2379165e-07,0.0
6.981386e-10,0.0
1.2642677e-06,0.0
4.248289e-05,0.0
5.992212e-11,0.0
9.397869e-10,0.0
1.5816772e-09,0.0
4.7865524e-07,0.0
9.12946e-10,0.0
2.0839956e-08,0.0
2.1646528e-07,0.0
2.7868583e-09,0.0
2.7882623e-07,0.0
2.457693e-06,0.0
0.038831353,0.0
2.1280406e-05,0.0
0.0013771951,0.0
9.812493e-07,0.0
2.4563763e-06,0.0
1.2660613e-05,0.0
2.0656069e-05,0.0
7.079057e-06,0.0
3.5321574e-07,0.0
2.1715557e-06,0.0
1.0022244e-06,0.0
1.9176134e-05,0.0
0.052358866,0.0
0.00038734078,0.0
0.007097274,0.0
9.515916e-06,0.0
0.077631205,0.0
0.047096103,0.0
2.323429e-08,0.0
3.7326893e-06,0.0
6.0755006e-05,0.0
0.007493973,0.0
7.169436e-07,0.0
0.0014116764,0.0
0.003435403,0.0
0.0026170313,0.0
2.108134e-05,0.0
0.0027830899,0.0
0.008553565,0.0
2.7910852e-05,0.0
0.003848642,0.0
0.0025934875,0.0
0.0463261,0.0
2.0692349e-05,0.0
0.001769036,0.0
8.336762e-06,0.0
0.0001270473,0.0
1.7884343e-08,0.0
3.2614913e-05,0.0
5.490129e-05,0.0
6.0579005e-05,0.0
1.3879857e-05,0.0
0.008427858,0.0
0.0042040944,0.0
0.0003298223,0.0
2.1856736e-06,0.0
3.282861e-05,0.0
3.638991e-05,0.0
0.011184454,0.0
5.9529207e-06,0.0
0.0014577508,0.0
0.03148499,0.0
0.0060088336,0.0
3.0766216e-05,0.0
0.00019821525,0.0
9.418682e-05,0.0
0.00025734305,0.0
0.0027261674,0.0
0.0004826784,0.0
0.00020495057,0.0
0.00024303794,0.0
0.0028049648,0.0
0.0014365315,0.0
0.00050610304,0.0
0.00031244755,0.0
0.00019335747,0.0
0.004110217,0.0
0.031251192,0.0
0.012567222,0.0
0.00028452277,0.0
0.0048113465,0.0
0.0005144179,0.0
0.003265798,0.0
2.9524285e-06,0.0
5.571501e-08,0.0
0.0003388524,0.0
3.6866627e-06,0.0
0.0063061714,0.0
0.015076101,0.0
0.025184095,0.0
0.0021381378,0.0
0.0002707541,0.0
0.0026634932,0.0
8.651789e-06,0.0
1.9015839e-05,0.0
2.1724474e-05,0.0
0.0016391873,0.0
0.014033288,0.0
0.00029176474,0.0
0.00011023912,0.0
4.5244546e-05,0.0
5.9720067e-05,0.0
2.174229e-06,0.0
0.00064504147,0.0
9.656297e-08,0.0
0.00021725893,0.0
1.0944033e-05,0.0
0.0016140938,0.0
4.8403685e-06,0.0
7.951797e-05,0.0
3.8760543e-05,0.0
0.002218604,0.0
0.00017228723,0.0
2.4042938e-06,0.0
7.603239e-05,0.0
1.5695939e-06,0.0
0.0020110607,0.0
0.0012704134,0.0
0.10794327,0.0
0.0001654923,0.0
0.0051960647,0.0
0.08059242,0.0
0.0011607707,0.0
0.054037154,0.0
2.3913508e-06,0.0
8.3551044e-05,0.0
1.527849e-05,0.0
0.021010458,0.0
0.0017366409,0.0
0.0003284514,0.0
4.0683273e-05,0.0
0.00032392144,0.0
0.002099365,0.0
0.039071083,0.0
2.671584e-06,0.0
0.00017291307,0.0
0.0006657839,0.0
0.0006931126,0.0
0.0030080974,0.0
2.9115657e-08,0.0
7.130795e-14,0.0
9.967391e-10,0.0
1.4843397e-11,0.0
5.28843e-06,0.0
6.39717e-08,0.0
4.6117e-08,0.0
8.7483784e-07,0.0
1.4108626e-07,0.0
0.00023391843,0.0
0.00014677644,0.0
0.008924961,0.0
0.00034856796,0.0
0.0118150115,0.0
0.0043495893,0.0
0.0008162856,0.0
0.00845319,0.0
1.6530088e-05,0.0
0.0018422604,0.0
0.002003163,0.0
0.007325858,0.0
0.0010472834,0.0
4.7281945e-05,0.0
0.014839649,0.0
0.15562654,0.0
0.00061151385,0.0
0.0011264086,0.0
0.00063592196,0.0
0.0018350482,0.0
0.0016596615,0.0
0.00035241246,0.0
0.0062153637,0.0
0.0034877658,0.0
0.01653552,0.0
0.02325517,0.0
0.020523429,0.0
0.0010531247,0.0
0.00011433652,0.0
0.013030469,0.0
0.00013336539,0.0
0.007928461,0.0
0.0022770762,0.0
0.0025909245,0.0
0.0033591688,0.0
0.0013569295,0.0
0.0003028214,0.0
0.00059348345,0.0
0.0012412071,0.0
0.0010917783,0.0
0.0014307499,0.0
0.0053398907,0.0
9.804229e-06,0.0
0.0061028004,0.0
1.16916235e-05,0.0
0.000116328054,0.0
0.00093203783,0.0
0.00071784854,0.0
1.6546144e-05,0.0
0.0008595586,0.0
0.00087088346,0.0
5.9109705e-05,0.0
0.00051406026,0.0
0.010201186,0.0
0.0015616417,0.0
0.049960822,0.0
0.049470156,0.0
0.0017041862,0.0
0.009036869,0.0
0.0490658,0.0
0.006654322,0.0
0.0015149713,0.0
0.008959383,0.0
0.00044852495,0.0
9.810987e-05,0.0
1.8016312e-06,0.0
2.298971e-07,0.0
3.6153217e-06,0.0
0.0003912747,0.0
0.004929155,0.0
0.0001224708,0.0
5.7815173e-06,0.0
1.9667002e-06,0.0
0.0011291206,0.0
7.3990327e-06,0.0
0.00063177943,0.0
9.194674e-05,0.0
4.0327905e-06,0.0
0.004763782,0.0
0.004255682,0.0
7.893212e-05,0.0
2.2860445e-06,0.0
2.4943198e-05,0.0
9.836141e-07,0.0
0.00049707294,0.0
0.04772955,0.0
0.020970196,0.0
0.000117511765,0.0
0.0035591722,0.0
0.000780195,0.0
0.00013196468,0.0
0.0021407008,0.0
0.00017127395,0.0
0.0019443929,0.0
0.00047799945,0.0
0.0001154688,0.0
1.0321083e-06,0.0
2.8567942e-05,0.0
0.019613862,0.0
0.0007016957,0.0
2.7997734e-05,0.0
0.00056383014,0.0
1.8600738e-07,0.0
0.0004683137,0.0
0.0004749596,0.0
0.003300041,0.0
0.0002014637,0.0
1.0181158e-06,0.0
1.0361944e-06,0.0
5.421033e-08,0.0
6.756591e-08,0.0
1.3176931e-06,0.0
3.4113767e-05,0.0
2.4710906e-05,0.0
1.2258642e-05,0.0
0.00021317601,0.0
6.746942e-07,0.0
9.008731e-08,0.0
0.0032213926,0.0
5.8966638e-05,0.0
1.6620855e-07,0.0
1.0302309e-08,0.0
2.5487753e-07,0.0
2.8554052e-05,0.0
0.009295404,0.0
1.5612433e-05,0.0
5.343188e-07,0.0
8.656758e-06,0.0
2.6227691e-09,0.0
3.1638086e-07,0.0
4.8792117e-06,0.0
1.6151527e-05,0.0
5.135376e-06,0.0
3.0685194e-05,0.0
0.0020101368,0.0
1.3887761e-05,0.0
2.4132449e-05,0.0
2.821603e-05,0.0
0.00046288967,0.0
3.6682575e-06,0.0
0.00019353628,0.0
0.001696527,0.0
0.00043213367,0.0
0.0039340556,0.0
0.0005736947,0.0
6.282134e-05,0.0
0.0012534261,0.0
0.0007957816,0.0
0.00038012862,0.0
1.2705966e-06,0.0
4.6795758e-05,0.0
2.1177525e-10,0.0
1.7917564e-08,0.0
4.1806746e-07,0.0
5.216368e-09,0.0
1.0181559e-13,0.0
1.6145911e-12,0.0
5.131109e-09,0.0
2.7860986e-07,0.0
1.6049818e-05,0.0
1.09871074e-07,0.0
1.814727e-09,0.0
1.0164388e-09,0.0
3.8907197e-09,0.0
5.8117394e-06,0.0
1.1057699e-08,0.0
1.0584431e-11,0.0
2.0123464e-10,0.0
6.64387e-10,0.0
1.6226358e-09,0.0
4.68166e-09,0.0
9.560915e-10,0.0
5.187782e-07,0.0
3.4815823e-06,0.0
4.996638e-10,0.0
9.38713e-06,0.0
3.9834227e-05,0.0
1.4937173e-06,0.0
0.094521224,0.0
1.7905924e-05,0.0
2.7475562e-07,0.0
4.4788747e-05,0.0
1.32423065e-05,0.0
4.283071e-05,0.0
2.9629837e-06,0.0
0.00015032291,0.0
1.4167061e-07,0.0
3.442678e-08,0.0
5.0568127e-07,0.0
3.905616e-07,0.0
6.830357e-08,0.0
7.773659e-08,0.0
5.617114e-07,0.0
7.8618726e-08,0.0
0.00023525953,0.0
0.00016829371,0.0
0.00012373924,0.0
7.072343e-06,0.0
0.0008889735,0.0
8.529459e-06,0.0
3.1877973e-06,0.0
0.00052425265,0.0
0.005041361,0.0
0.011524111,0.0
0.0039212704,0.0
0.00032407045,0.0
0.0032762885,0.0
0.001647085,0.0
4.6743972e-07,0.0
0.00017145276,0.0
0.0012942553,0.0
0.00011830022,0.0
0.00015458465,0.0
1.905465e-05,0.0
2.5801196e-06,0.0
1.2890575e-05,0.0
7.8388184e-05,0.0
5.7264187e-06,0.0
8.212097e-05,0.0
0.00016793609,0.0
0.0020795465,0.0
0.00022116303,0.0
0.0008607507,0.0
0.0002566576,0.0
0.00036168098,0.0
0.002452433,0.0
0.0035513043,0.0
0.010355413,0.0
0.0007044971,0.0
5.4668917e-06,0.0
6.9414375e-05,0.0
7.5940065e-05,0.0
0.00046756864,0.0
0.0001552105,0.0
0.00038656592,0.0
0.012041032,0.0
0.00068083405,0.0
0.0010397732,0.0
0.0045796037,0.0
0.018921763,0.0
0.0106906295,0.0
0.00659281,0.0
0.031513214,0.0
2.6905316e-05,0.0
0.010707587,0.0
0.00034180284,0.0
0.20547935,0.0
9.615515e-06,0.0
0.0002180636,0.0
0.00016254187,0.0
9.598131e-05,0.0
0.00042533875,0.0
0.0014818907,0.0
2.5507767e-05,0.0
0.017854393,0.0
0.00014147162,0.0
4.2158557e-05,0.0
1.704234e-05,0.0
0.0024966896,0.0
3.3253204e-05,0.0
0.052206933,0.0
0.00012356043,0.0
1.9061039e-06,0.0
2.2734282e-06,0.0
0.00010980902,0.0
0.0078381,0.0
0.0053815246,0.0
0.00031995773,0.0
0.02137351,0.0
0.00021398067,0.0
0.00016313791,0.0
0.00028079748,0.0
0.09930056,0.0
0.0001630485,0.0
0.05049351,0.0
0.0049221516,0.0
0.0052157342,0.0
0.011998355,0.0
0.009934485,0.0
0.0070418417,0.0
0.000102736616,0.0
0.08424705,0.0
0.0021276772,0.0
2.4376848e-05,0.0
1.6899527e-05,0.0
0.0007305145,0.0
0.0044539273,0.0
0.012831777,0.0
0.0002693534,0.0
0.00011173479,0.0
1.72091e-06,0.0
0.00017908216,0.0
0.00019153953,0.0
3.2766147e-05,0.0
0.005063504,0.0
0.0020903647,0.0
0.0041855574,0.0
0.010679334,0.0
4.287828e-05,0.0
0.0014903843,0.0
0.023390353,0.0
0.00015550852,0.0
0.0067903697,0.0
0.0048089325,0.0
0.004501164,0.0
0.0048806667,0.0
0.000418514,0.0
0.002814889,0.0
0.013055861,0.0
3.4156412e-05,0.0
0.0026184022,0.0
0.029081672,0.0
0.00066676736,0.0
1.7184146e-07,0.0
1.4661727e-07,0.0
6.043034e-06,0.0
1.9400824e-07,0.0
2.0032417e-08,0.0
1.2926584e-05,0.0
1.3799725e-11,0.0
4.9657842e-08,0.0
4.7973582e-08,0.0
3.978172e-07,0.0
0.00044935942,0.0
5.913995e-10,0.0
4.5269852e-10,0.0
1.449591e-06,0.0
6.007903e-07,0.0
1.49609605e-05,0.0
1.2340191e-06,0.0
5.50278e-06,0.0
0.0043486953,0.0
4.0306068e-06,0.0
1.906881e-07,0.0
3.0680891e-07,0.0
2.952237e-06,0.0
8.1519474e-08,0.0
1.4038493e-06,0.0
5.947756e-08,0.0
1.4633733e-07,0.0
4.876204e-07,0.0
0.00024914742,0.0
0.0001719296,0.0
4.814592e-06,0.0
1.2331398e-05,0.0
9.5002015e-06,0.0
9.206637e-08,0.0
4.1053706e-08,0.0
5.3918708e-08,0.0
5.039919e-05,0.0
4.5826246e-06,0.0
0.0003311932,0.0
0.00084143877,0.0
1.0818047e-07,0.0
5.3707914e-05,0.0
0.0012150705,0.0
1.918247e-06,0.0
0.0015942752,0.0
3.1273998e-05,0.0
3.8632356e-06,0.0
0.0006804764,0.0
2.9615443e-05,0.0
1.01073e-05,0.0
6.168934e-07,0.0
8.2239785e-05,0.0
0.001619786,0.0
0.0029855072,0.0
0.00094491243,0.0
3.2652865e-06,0.0
0.0059859157,0.0
0.0016005337,0.0
0.000101076424,0.0
0.00011765608,0.0
1.10190085e-05,0.0
0.0010448694,0.0
0.020967066,0.0
0.013548255,0.0
0.011770666,0.0
0.17221722,0.0
6.827769e-05,0.0
0.007949948,0.0
0.04730147,0.0
0.00039482117,0.0
0.004397601,0.0
1.3813764e-05,0.0
1.298827e-05,0.0
0.0065115094,0.0
0.0030190349,0.0
2.004596e-05,0.0
0.00014740229,0.0
4.981758e-05,0.0
2.550088e-07,0.0
1.6052696e-05,0.0
2.0895709e-07,0.0
0.00015977025,0.0
0.00094914436,0.0
0.00012758374,0.0
0.00090044737,0.0
3.2619047e-07,0.0
9.6754896e-08,0.0
4.2199022e-07,0.0
0.00043174624,0.0
0.005937159,0.0
0.008244693,0.0
0.00011859753,0.0
3.4894954e-05,0.0
0.00050362945,0.0
0.0009431839,0.0
0.0009749234,0.0
0.00035497546,0.0
0.011685371,0.0
0.00014150143,0.0
0.014122486,0.0
0.00016745925,0.0
0.001691401,0.0
0.00034037232,0.0
0.0019656122,0.0
0.003789246,0.0
8.051264e-05,0.0
5.7868792e-06,0.0
0.0021129549,0.0
0.011983365,0.0
0.0014614463,0.0
0.0054645836,0.0
0.00089526176,0.0
0.00638628,0.0
3.78325e-06,0.0
8.390662e-05,0.0
2.1275415e-05,0.0
1.2516329e-06,0.0
0.00017786026,0.0
0.001716733,0.0
4.130901e-05,0.0
2.7799277e-07,0.0
0.004949242,0.0
0.0029052198,0.0
0.00039592385,0.0
0.005134493,0.0
0.0004092157,0.0
0.016901165,0.0
0.0026385486,0.0
0.00010097517,0.0
0.0009807944,0.0
0.0002539754,0.0
0.037905723,0.0
0.0036859214,0.0
0.0007608831,0.0
0.0011730194,0.0
0.0013676286,0.0
0.012953967,0.0
0.022897512,0.0
0.00030490756,0.0
0.000228405,0.0
0.0027591288,0.0
0.0038913488,0.0
0.02362752,0.0
0.00041359663,0.0
0.00020119548,0.0
0.0024694204,0.0
0.0015111566,0.0
0.006632507,0.0
0.00025591254,0.0
0.0044695735,0.0
0.0009824932,0.0
0.00066167116,0.0
0.01422897,0.0
0.00086298585,0.0
0.00010623383,0.0
0.00017949939,0.0
0.00055390596,0.0
0.0006392896,0.0
0.00021386147,0.0
0.0011349022,0.0
0.00023886561,0.0
4.013999e-05,0.0
5.9482816e-05,0.0
0.007479161,0.0
0.0004516542,0.0
9.5551055e-05,0.0
0.15851456,0.0
0.00059086084,0.0
5.60841e-07,0.0
1.7260867e-05,0.0
4.6353119e-10,0.0
0.0076850355,0.0
4.4518292e-05,0.0
0.00018876791,0.0
3.1768064e-05,0.0
3.0560434e-05,0.0
0.00044816732,0.0
0.005834073,0.0
0.00013196468,0.0
0.17734432,0.0
0.000523895,0.0
0.019155174,0.0
0.016197056,0.0
0.015220344,0.0
6.863322e-05,0.0
0.0138505995,0.0
0.008100241,0.0
0.0002759397,0.0
0.00012785196,0.0
0.0036230683,0.0
0.018508703,0.0
0.003838569,0.0
0.0011880696,0.0
0.00047925115,0.0
0.008062303,0.0
0.010883272,0.0
0.0028769672,0.0
0.016002357,0.0
0.0012683272,0.0
0.00015583634,0.0
0.00092837214,0.0
0.0027750432,0.0
0.0012664497,0.0
0.010576308,0.0
0.00045394897,0.0
0.0064249337,0.0
0.0072085857,0.0
0.00018125772,0.0
0.00016573071,0.0
3.064751e-06,0.0
0.00014647841,0.0
0.001838088,0.0
0.00016862154,0.0
0.00023418665,0.0
0.001526624,0.0
0.0007803142,0.0
0.006327033,0.0
3.459597e-05,0.0
0.0004258752,0.0
0.0011432171,0.0
7.999792e-07,0.0
0.0021993816,0.0
9.628609e-06,0.0
7.4387696e-09,0.0
5.2078036e-07,0.0
0.00034484267,0.0
0.0016241372,0.0
0.0002887249,0.0
0.05890158,0.0
0.000546366,0.0
0.0058971345,0.0
0.0864276,0.0
8.434313e-05,0.0
3.586202e-06,0.0
1.4510364e-06,0.0
0.00029847026,0.0
1.0375891e-05,0.0
2.9850338e-05,0.0
2.4770223e-05,0.0
0.0010796189,0.0
0.0014114082,0.0
0.00010042537,0.0
0.00012176539,0.0
3.672775e-05,0.0
5.784644e-08,0.0
2.342238e-05,0.0
7.662283e-06,0.0
0.0026325881,0.0
0.00012238778,0.0
0.0002759099,0.0
6.1209846e-07,0.0
0.0005123317,0.0
1.3775323e-05,0.0
1.0506086e-06,0.0
0.0004733801,0.0
3.315689e-06,0.0
2.3247012e-06,0.0
0.0035557747,0.0
0.00016713142,0.0
0.0007250905,0.0
0.00024664402,0.0
0.0002603233,0.0
7.98899e-05,0.0
2.941681e-06,0.0
0.00011650213,0.0
0.0002066195,0.0
0.00033134222,0.0
6.034729e-06,0.0
8.4177594e-07,0.0
0.00091046095,0.0
0.00053215027,0.0
5.333383e-05,0.0
0.008324325,0.0
4.4796223e-05,0.0
2.0719924e-06,0.0
1.0570713e-07,0.0
3.0564324e-06,0.0
0.00012519956,0.0
0.0011942387,0.0
0.124542594,0.0
2.3925564e-05,0.0
2.1273497e-06,0.0
0.0022541583,0.0
2.9140841e-05,0.0
2.3168232e-05,0.0
2.261112e-06,0.0
8.4115e-05,0.0
0.0013756454,0.0
6.02998e-05,0.0
1.436874e-07,0.0
0.00085794926,0.0
2.940353e-05,0.0
0.00013697147,0.0
3.4773728e-07,0.0
7.674174e-06,0.0
1.3962747e-06,0.0
6.772945e-06,0.0
2.3436614e-05,0.0
0.00045627356,0.0
2.7271266e-05,0.0
0.0013483763,0.0
0.00045070052,0.0
0.0009011626,0.0
6.936345e-06,0.0
3.829036e-06,0.0
6.3263684e-08,0.0
6.6320805e-05,0.0
2.5272626e-05,0.0
2.5891077e-05,0.0
0.0008943677,0.0
8.216323e-06,0.0
4.138736e-05,0.0
7.166442e-07,0.0
0.003703922,0.0
5.5443128e-05,0.0
0.00047540665,0.0
0.001092732,0.0
6.395282e-05,0.0
0.0004709959,0.0
0.005625248,0.0
3.891694e-06,0.0
1.6630702e-05,0.0
0.0005468726,0.0
8.8864166e-05,0.0
0.0003863573,0.0
0.009626389,0.0
6.7670284e-05,0.0
5.0585727e-11,0.0
2.1399878e-06,0.0
1.921812e-08,0.0
1.8419519e-07,0.0
3.930827e-13,0.0
6.3544094e-09,0.0
5.0432307e-09,0.0
1.3797792e-09,0.0
1.015531e-07,0.0
0.022050112,0.0
0.00019618869,0.0
0.0005994141,0.0
1.0125405e-06,0.0
0.008357525,0.0
1.933744e-06,0.0
1.0223682e-07,0.0
1.9364197e-06,0.0
2.3311071e-07,0.0
2.2983581e-08,0.0
6.9762383e-09,0.0
2.5931254e-11,0.0
3.1472904e-05,0.0
3.630389e-06,0.0
1.4784445e-07,0.0
2.8588465e-05,0.0
2.618597e-06,0.0
6.265234e-08,0.0
3.558918e-08,0.0
3.703892e-06,0.0
0.0040659606,0.0
0.0014486611,0.0
7.0133983e-06,0.0
1.5772308e-07,0.0
3.84293e-06,0.0
4.416843e-09,0.0
1.3410373e-08,0.0
2.2171243e-08,0.0
1.8155288e-05,0.0
1.9451911e-06,0.0
2.3816904e-07,0.0
8.154831e-10,0.0
2.51186e-09,0.0
5.0085157e-07,0.0
8.165166e-10,0.0
1.167044e-06,0.0
6.9740374e-05,0.0
4.346942e-08,0.0
8.92027e-05,0.0
2.8498703e-06,0.0
0.0016054213,0.0
0.0012079477,0.0
0.0003760159,0.0
0.0018101633,0.0
0.00011078082,0.0
2.3233637e-05,0.0
0.06017843,0.0
0.074109584,0.0
9.9506346e-05,0.0
0.00012186344,0.0
0.0014212132,0.0
0.0020450652,0.0
1.8966888e-12,0.0
0.0023755431,0.0
0.00031265616,0.0
0.0018749237,0.0
5.601309e-06,0.0
0.0035497248,0.0
0.00083673,0.0
0.0015963614,0.0
0.00958398,0.0
0.038148135,0.0
0.000988692,0.0
0.033420652,0.0
0.0010826886,0.0
0.0045487285,0.0
0.0021132827,0.0
0.103126734,0.0
0.0018755496,0.0
1.48973895e-05,0.0
5.3792697e-05,0.0
0.022151232,0.0
0.0042327046,0.0
0.0007458925,0.0
0.0011723936,0.0
0.00030714273,0.0
0.025422871,0.0
0.025784433,0.0
0.00048670173,0.0
0.001065582,0.0
0.0017100275,0.0
0.071272135,0.0
0.16075647,0.0
0.007999599,0.0
0.00060516596,0.0
0.0008996129,0.0
0.00418818,0.0
0.011105418,0.0
0.0056969523,0.0
0.0075920224,0.0
0.00010389422,0.0
0.09715283,0.0
0.004949391,0.0
0.0012089908,0.0
0.0070767105,0.0
0.013228506,0.0
0.0037143528,0.0
0.0025694966,0.0
6.9829184e-06,0.0
4.0121773e-05,0.0
0.00014734268,0.0
0.00039869547,0.0
5.7265417e-05,0.0
0.012223393,0.0
2.0949325e-05,0.0
1.6239434e-06,0.0
2.77691e-07,0.0
2.0947466e-07,0.0
0.0009365678,0.0
0.0005559921,0.0
0.0013738573,0.0
4.2324773e-05,0.0
0.0049069524,0.0
0.0001552701,0.0
3.683688e-05,0.0
4.082969e-05,0.0
4.942332e-06,0.0
7.0246364e-10,0.0
5.3158897e-07,0.0
0.0018746257,0.0
2.1317008e-05,0.0
0.00034838915,0.0
2.410718e-06,0.0
0.0001834631,0.0
1.2350734e-05,0.0
0.00016319752,0.0
2.0331618e-07,0.0
0.0012581944,0.0
1.2828134e-06,0.0
0.003915429,0.0
0.0050686896,0.0
2.4372037e-05,0.0
4.203208e-06,0.0
1.0724642e-05,0.0
3.5002273e-07,0.0
7.579926e-05,0.0
3.9493486e-07,0.0
0.000151515,0.0
0.0144942105,0.0
0.0030960143,0.0
0.00049471855,0.0
2.1134705e-05,0.0
0.0017006397,0.0
0.00041541457,0.0
1.8517764e-07,0.0
0.00014188886,0.0
0.0003029704,0.0
2.5404493e-05,0.0
0.00033456087,0.0
0.00018543005,0.0
6.413046e-06,0.0
1.390186e-05,0.0
9.684791e-07,0.0
0.0005032718,0.0
0.00013813376,0.0
2.0155253e-06,0.0
1.4941817e-08,0.0
9.173981e-08,0.0
5.679151e-10,0.0
6.625016e-06,0.0
6.1839214e-06,0.0
3.0798096e-20,0.0
3.4037972e-15,0.0
0.0054778755,0.0
1.5921295e-08,0.0
2.761354e-06,0.0
6.2445e-08,0.0
8.2644607e-07,0.0
2.4677485e-09,0.0
7.512544e-07,0.0
3.4103973e-09,0.0
2.6462946e-10,0.0
3.8969583e-09,0.0
2.3547083e-11,0.0
4.158714e-10,0.0
8.478285e-08,0.0
1.3508973e-07,0.0
1.072569e-06,0.0
3.7138576e-05,0.0
9.612773e-10,0.0
2.3687708e-08,0.0
4.6006855e-07,0.0
5.8732377e-07,0.0
7.378886e-06,0.0
8.009656e-05,0.0
9.87342e-06,0.0
6.312823e-07,0.0
5.795312e-06,0.0
5.538998e-10,0.0
2.2592365e-08,0.0
5.877709e-07,0.0
3.982425e-08,0.0
1.3248451e-06,0.0
4.67817e-05,0.0
3.866651e-05,0.0
2.1647118e-06,0.0
7.162769e-06,0.0
5.7444086e-06,0.0
5.8090186e-06,0.0
1.3717935e-06,0.0
0.00018066168,0.0
0.0006403625,0.0
5.0050085e-06,0.0
1.0752898e-05,0.0
9.369886e-06,0.0
1.5769872e-05,0.0
1.3800168e-06,0.0
2.686201e-07,0.0
3.263383e-05,0.0
0.006319821,0.0
8.79577e-05,0.0
3.810285e-05,0.0
0.011323214,0.0
2.1953815e-06,0.0
1.02158665e-05,0.0
4.1421806e-08,0.0
3.0008164e-06,0.0
0.00017684698,0.0
0.0003860891,0.0
1.0576785e-05,0.0
0.00035884976,0.0
0.0003950894,0.0
0.0026067197,0.0
0.00034159422,0.0
3.486668e-05,0.0
6.1767275e-07,0.0
2.7490387e-06,0.0
3.0504743e-06,0.0
0.0014789999,0.0
8.993881e-06,0.0
0.0045306683,0.0
0.00051152706,0.0
4.6835493e-07,0.0
6.516578e-06,0.0
0.00029107928,0.0
1.1822537e-07,0.0
2.2499407e-05,0.0
0.00034752488,0.0
0.0017141104,0.0
4.4127468e-05,0.0
0.0042997897,0.0
3.1111456e-05,0.0
0.0005863309,0.0
0.00040555,0.0
1.1735569e-05,0.0
0.010314256,0.0
0.005036086,0.0
3.147786e-05,0.0
3.335761e-05,0.0
0.0013608932,0.0
3.3421277e-06,0.0
0.005419135,0.0
0.00032183528,0.0
3.0643492e-05,0.0
0.06171161,0.0
0.00014916062,0.0
0.0005055368,0.0
0.00021094084,0.0
6.040939e-05,0.0
0.03863603,0.0
0.004986435,0.0
2.4868308e-05,0.0
0.0005943477,0.0
0.030362576,0.0
0.00024801493,0.0
0.0025560856,0.0
0.00012674928,0.0
0.0033751428,0.0
0.00015628338,0.0
5.016939e-05,0.0
2.7684496e-06,0.0
3.2578726e-05,0.0
0.0007647574,0.0
0.0006778836,0.0
8.39287e-05,0.0
7.79781e-05,0.0
0.0046375096,0.0
0.037166715,0.0
0.008144975,0.0
0.00694257,0.0
0.0011673272,0.0
0.000108524015,0.0
0.00016608834,0.0
0.046555102,0.0
2.6753638e-05,0.0
0.00210616,0.0
0.020736724,0.0
0.025171757,0.0
0.005389452,0.0
0.023765236,0.0
0.06509629,0.0
0.009308875,0.0
0.0019358993,0.0
0.0010463595,0.0
0.012494981,0.0
0.026631594,0.0
0.007072985,0.0
0.279374,0.0
0.0022588074,0.0
0.20528185,0.0
0.008757353,0.0
0.0005545914,0.0
0.64326775,0.0
0.0009303093,0.0
2.3592536e-05,0.0
0.0026301444,0.0
5.0161067e-05,0.0
9.469244e-05,0.0
0.039483666,0.0
7.989035e-05,0.0
0.0030470192,0.0
0.007411003,0.0
0.0031828582,0.0
0.0030427873,0.0
0.035915315,0.0
0.00012847781,0.0
0.00014469028,0.0
2.3109049e-05,0.0
1.0143898e-05,0.0
1.5078342e-07,0.0
0.0051002204,0.0
1.2415533e-05,0.0
0.0005094409,0.0
5.895038e-07,0.0
0.0013660789,0.0
2.1955907e-06,0.0
0.013546079,0.0
4.3740998e-05,0.0
0.0001552403,0.0
0.0023746192,0.0
4.188135e-06,0.0
0.00696072,0.0
0.00058558583,0.0
1.5909616e-05,0.0
0.000415951,0.0
0.00028547645,0.0
5.1914003e-07,0.0
0.0014199615,0.0
1.5235754e-07,0.0
1.4291179e-06,0.0
7.3997876e-06,0.0
4.0769106e-07,0.0
0.00042638183,0.0
5.0384386e-07,0.0
8.294252e-07,0.0
0.0067786872,0.0
0.0071076155,0.0
0.00022867322,0.0
0.011181444,0.0
8.926308e-06,0.0
1.7206687e-06,0.0
3.975341e-06,0.0
0.0005504489,0.0
8.871293e-07,0.0
0.0001296103,0.0
0.0029367208,0.0
2.197974e-05,0.0
8.31733e-06,0.0
0.0027789474,0.0
0.004455626,0.0
0.0001578629,0.0
0.0032839775,0.0
0.0009899735,0.0
0.019383818,0.0
0.024067044,0.0
0.00058063865,0.0
0.0008612573,0.0
0.00012180546,0.0
0.0021021664,0.0
0.00566566,0.0
0.00036141276,0.0
0.015188634,0.0
0.0009839535,0.0
1.7481929e-05,0.0
0.02085659,0.0
5.0861927e-06,0.0
6.273094e-05,0.0
1.3608657e-05,0.0
2.9071266e-06,0.0
3.231678e-07,0.0
0.013856053,0.0
0.007781267,0.0
0.004811853,0.0
0.0007328093,0.0
0.00077572465,0.0
0.00019225478,0.0
0.010602206,0.0
0.0002565384,0.0
0.0035078228,0.0
0.004228115,0.0
0.024672657,0.0
0.035034925,0.0
0.018466085,0.0
0.003154993,0.0
0.00092205405,0.0
0.005172044,0.0
0.18856007,0.0
0.0016180575,0.0
3.436215e-05,0.0
0.0035043955,0.0
0.0003656149,0.0
0.00024461746,0.0
0.00023120642,0.0
0.00026026368,0.0
0.0029743016,0.0
0.0002568364,0.0
0.0009876788,0.0
0.026377589,0.0
0.0058995783,0.0
0.00012276431,0.0
0.025432348,0.0
0.04188773,0.0
0.00029325485,0.0
0.0034472644,0.0
0.004098892,0.0
0.0045588017,0.0
0.00036779046,0.0
0.0018003285,0.0
0.0010861158,0.0
0.005376607,0.0
0.010662019,0.0
0.00074929,0.0
0.0052191317,0.0
9.858173e-05,0.0
0.004009366,0.0
0.00020369887,0.0
0.007408172,0.0
0.019746184,0.0
1.9160002e-06,0.0
0.00045779347,0.0
0.0014367998,0.0
2.6491604e-12,0.0
1.9668417e-07,0.0
7.92432e-06,0.0
9.859581e-13,0.0
1.970885e-10,0.0
0.0011239946,0.0
4.0125883e-06,0.0
7.477976e-07,0.0
6.638794e-07,0.0
4.622563e-10,0.0
0.0005233586,0.0
4.0917194e-09,0.0
0.0710645,0.0
0.00088340044,0.0
0.00032281876,0.0
6.648545e-05,0.0
2.403112e-05,0.0
0.0037877858,0.0
0.010396808,0.0
1.9121715e-05,0.0
0.00026762486,0.0
0.0014321804,0.0
2.8458873e-05,0.0
0.025226831,0.0
0.003287077,0.0
0.036100596,0.0
0.00020602345,0.0
0.059847474,0.0
0.009155691,0.0
0.014957488,0.0
0.17772928,0.0
0.004549116,0.0
4.5358385e-05,0.0
0.00011863769,0.0
0.0005046427,0.0
0.0037811697,0.0
0.0003837347,0.0
0.0003041029,0.0
0.0003117323,0.0
0.006685674,0.0
0.0015840232,0.0
0.03333956,0.0
0.00019553304,0.0
0.01800567,0.0
0.0042937696,0.0
0.009926587,0.0
0.00022760034,0.0
0.00042533875,0.0
0.015272379,0.0
0.00043597817,0.0
0.0114970505,0.0
3.0559386e-05,0.0
0.00012115148,0.0
1.7251477e-08,0.0
1.6185134e-06,0.0
3.6008216e-06,0.0
1.8593963e-09,0.0
4.7864216e-14,0.0
1.3370627e-07,0.0
7.0291605e-08,0.0
1.4705396e-08,0.0
0.15287128,0.0
1.4431212e-05,0.0
4.1843567e-05,0.0
1.1084337e-06,0.0
1.4184021e-06,0.0
2.7538074e-09,0.0
2.2898812e-09,0.0
1.03875776e-10,0.0
2.7766025e-09,0.0
1.2146035e-08,0.0
1.0424699e-09,0.0
1.3825716e-09,0.0
6.6527654e-08,0.0
3.295304e-09,0.0
2.5259392e-11,0.0
3.4492256e-11,0.0
7.9194244e-08,0.0
7.0259136e-07,0.0
1.2523815e-06,0.0
6.128169e-07,0.0
1.0986669e-05,0.0
8.607364e-08,0.0
1.607815e-08,0.0
3.6468322e-05,0.0
2.155242e-10,0.0
2.8718426e-07,0.0
8.201144e-06,0.0
1.58085e-10,0.0
9.380038e-07,0.0
1.8522612e-06,0.0
6.1518165e-08,0.0
1.3188843e-07,0.0
1.3852576e-05,0.0
5.340788e-11,0.0
9.049586e-07,0.0
2.6492708e-07,0.0
0.00013175607,0.0
1.1870451e-05,0.0
5.7248926e-05,0.0
0.00012552738,0.0
1.8082488e-07,0.0
1.9946253e-06,0.0
9.741956e-05,0.0
0.005113423,0.0
0.0011819303,0.0
0.0058415234,0.0
0.011240751,0.0
0.0010635555,0.0
0.00033265352,0.0
0.017709225,0.0
0.0012871027,0.0
0.0006945431,0.0
2.3109622e-05,0.0
0.00057569146,0.0
0.0036227107,0.0
4.2643675e-05,0.0
0.0010064542,0.0
0.0006645322,0.0
0.012989968,0.0
0.0073572695,0.0
0.079990685,0.0
0.023533046,0.0
0.023991138,0.0
0.00042444468,0.0
0.0012667179,0.0
0.0012542903,0.0
9.372134e-05,0.0
0.000433743,0.0
0.024832278,0.0
0.0718444,0.0
0.0041157305,0.0
0.15285191,0.0
0.0027942061,0.0
2.8549994e-05,0.0
0.00060531497,0.0
0.0042339265,0.0
0.022401601,0.0
7.285805e-05,0.0
0.0004541278,0.0
0.0026773512,0.0
0.03052631,0.0
0.0053608418,0.0
0.00010273926,0.0
0.154625,0.0
8.315795e-05,0.0
0.064988345,0.0
0.000107844935,0.0
0.025421739,0.0
0.011650592,0.0
0.00024688244,0.0
0.004658848,0.0
0.022542506,0.0
0.011646062,0.0
0.0026371777,0.0
0.00010003013,0.0
0.00043711066,0.0
0.0022318363,0.0
0.0009137988,0.0
0.0003554821,0.0
0.0060387254,0.0
0.0071029067,0.0
0.0054508448,0.0
2.278213e-05,0.0
4.0357627e-05,0.0
0.002359718,0.0
0.0012071729,0.0
5.442951e-06,0.0
9.303829e-09,0.0
3.3818782e-08,0.0
5.7505447e-05,0.0
8.738648e-05,0.0
0.00012186867,0.0
2.2774155e-05,0.0
2.0909007e-05,0.0
0.00018173456,0.0
0.00021877885,0.0
0.0016411841,0.0
0.01764065,0.0
0.00027787685,0.0
1.1856411e-05,0.0
0.07345241,0.0
0.002885908,0.0
0.010909855,0.0
0.0007662773,0.0
0.0011689067,0.0
0.016122103,0.0
0.0009943247,0.0
0.0060866773,0.0
0.015440226,0.0
0.050200492,0.0
0.0007814467,0.0
0.0025171936,0.0
0.0421395,0.0
1.4837399e-05,0.0
0.00094753504,0.0
9.434117e-05,0.0
0.0048439503,0.0
0.067584604,0.0
0.0045173466,0.0
0.014009535,0.0
0.044606984,0.0
0.00016990304,0.0
0.0023158789,0.0
0.0006045401,0.0
0.010792404,0.0
0.00047263503,0.0
0.05174154,0.0
0.00010557592,0.0
6.447913e-05,0.0
0.0011942685,0.0
0.016569167,0.0
0.0007338524,0.0
0.0008390248,0.0
0.06034413,0.0
0.0011737049,0.0
9.45363e-06,0.0
1.5282883e-06,0.0
0.0062693954,0.0
0.00020802021,0.0
1.4412994e-06,0.0
0.00015971065,0.0
4.779838e-05,0.0
0.00671193,0.0
0.0008368194,0.0
0.001796186,0.0
5.0615752e-05,0.0
1.973077e-05,0.0
5.57998e-05,0.0
5.0107874e-06,0.0
1.8379941e-06,0.0
6.890746e-08,0.0
0.00018170476,0.0
3.9967716e-05,0.0
5.700515e-06,0.0
4.5800795e-07,0.0
8.320721e-05,0.0
1.2157439e-08,0.0
0.0027124882,0.0
1.1730948e-05,0.0
1.0362003e-06,0.0
2.2470736e-07,0.0
6.318807e-06,0.0
0.00095897913,0.0
0.00048074126,0.0
1.52287685e-05,0.0
1.5122763e-06,0.0
7.123439e-05,0.0
8.222083e-10,0.0
3.3703486e-06,0.0
6.0372877e-05,0.0
0.00033691525,0.0
0.0002527237,0.0
0.00069743395,0.0
0.00058192015,0.0
4.0125424e-06,0.0
3.7394464e-05,0.0
5.6591853e-06,0.0
0.0002988279,0.0
1.4744949e-05,0.0
3.881503e-05,0.0
2.8124648e-06,0.0
5.4432967e-05,0.0
0.024645686,0.0
0.00026875734,0.0
0.00015074015,0.0
0.00023534894,0.0
1.0293005e-05,0.0
0.0019494891,0.0
1.6297926e-06,0.0
1.4189819e-05,0.0
0.0007867217,0.0
0.4372275,0.0
7.422896e-07,0.0
2.9899794e-11,0.0
4.836211e-08,0.0
1.8253872e-06,0.0
7.781748e-05,0.0
0.00333938,0.0
4.974148e-05,0.0
0.002130717,0.0
3.4983536e-06,0.0
0.00021409988,0.0
1.800071e-05,0.0
1.300083e-06,0.0
0.002778083,0.0
2.2630309e-07,0.0
0.00010384103,0.0
9.793861e-05,0.0
3.303134e-06,0.0
1.5702295e-05,0.0
2.994681e-08,0.0
0.00037106872,0.0
5.310384e-06,0.0
1.0889754e-06,0.0
8.5545935e-07,0.0
2.4687185e-07,0.0
1.3437796e-06,0.0
0.0024231672,0.0
5.884608e-05,0.0
4.330121e-07,0.0
3.1487314e-05,0.0
1.4215729e-07,0.0
4.754261e-09,0.0
2.3053533e-07,0.0
4.8218703e-06,0.0
1.0169067e-06,0.0
1.342468e-06,0.0
8.940676e-05,0.0
0.0002219677,0.0
0.0009279251,0.0
1.2126158e-05,0.0
6.0199363e-05,0.0
6.944672e-06,0.0
0.028295428,0.0
3.2305088e-06,0.0
0.0007315874,0.0
2.227162e-05,0.0
0.0017264485,0.0
0.015752167,0.0
2.6929406e-06,0.0
0.00071427226,0.0
0.011388242,0.0
0.0023268163,0.0
2.7506514e-06,0.0
0.00015982985,0.0
9.8186765e-06,0.0
0.0055342615,0.0
5.804951e-05,0.0
2.9077215e-05,0.0
1.7637895e-08,0.0
2.8728617e-05,0.0
0.013395935,0.0
8.909404e-05,0.0
0.0010281205,0.0
0.0010622442,0.0
5.4795106e-05,0.0
0.010740966,0.0
0.0001360178,0.0
0.016564816,0.0
0.0020215213,0.0
0.003628701,0.0
0.0013845861,0.0
0.014848262,0.0
0.02232781,0.0
0.0020107627,0.0
0.007946163,0.0
0.000990659,0.0
4.207405e-05,0.0
0.00021094084,0.0
0.036968887,0.0
0.0013661385,0.0
1.15992876e-07,0.0
5.561654e-06,0.0
3.0759481e-06,0.0
0.00015285611,0.0
0.00016772747,0.0
8.966711e-05,0.0
0.0034623146,0.0
0.00024014711,0.0
6.6176717e-06,0.0
8.72064e-05,0.0
0.0003593266,0.0
0.012265712,0.0
0.005981952,0.0
3.9775994e-05,0.0
1.3897857e-05,0.0
1.607235e-05,0.0
0.00011410614,0.0
2.6953019e-06,0.0
3.0421306e-06,0.0
2.9170149e-05,0.0
2.9906814e-05,0.0
5.0635904e-08,0.0
1.2960629e-05,0.0
2.2304173e-06,0.0
1.1900907e-09,0.0
2.8679437e-06,0.0
0.0009088814,0.0
3.21783e-05,0.0
3.776129e-05,0.0
0.00015285611,0.0
2.3422981e-09,0.0
2.9314942e-05,0.0
3.05352e-11,0.0
1.208996e-12,0.0
3.9752592e-09,0.0
5.7530462e-05,0.0
1.4409103e-10,0.0
4.2189447e-07,0.0
9.9075635e-08,0.0
1.3739289e-06,0.0
9.060445e-06,0.0
3.571185e-06,0.0
1.1008834e-06,0.0
6.239618e-08,0.0
0.0007600486,0.0
9.7325676e-05,0.0
5.2512877e-07,0.0
2.1663907e-06,0.0
1.2433544e-05,0.0
2.6885e-07,0.0
4.697369e-08,0.0
4.795074e-07,0.0
6.5654206e-08,0.0
5.430451e-06,0.0
3.8372484e-05,0.0
0.039901167,0.0
2.6046496e-06,0.0
1.9761957e-05,0.0
9.973601e-08,0.0
0.0026055872,0.0
1.0757083e-05,0.0
2.1663752e-07,0.0
2.6066212e-07,0.0
9.907428e-05,0.0
9.799649e-06,0.0
2.8462116e-06,0.0
0.00081291795,0.0
1.6732031e-06,0.0
2.7302442e-05,0.0
0.00011107343,0.0
1.33295425e-05,0.0
0.0018214285,0.0
0.00023567677,0.0
1.4482989e-06,0.0
1.3169569e-06,0.0
5.961451e-05,0.0
0.0024778843,0.0
0.0003504157,0.0
0.002812475,0.0
0.0046672523,0.0
2.4521994e-05,0.0
1.056442e-06,0.0
7.3135354e-08,0.0
1.2817733e-07,0.0
1.8055176e-05,0.0
4.1608982e-07,0.0
5.2660944e-06,0.0
6.9996058e-12,0.0
2.5137123e-11,0.0
1.1974778e-08,0.0
0.0008762479,0.0
3.1621348e-05,0.0
7.2952386e-09,0.0
2.4129212e-08,0.0
4.361374e-07,0.0
1.217843e-10,0.0
1.3923182e-07,0.0
1.1533565e-13,0.0
2.831613e-10,0.0
4.808488e-12,0.0
2.2719921e-07,0.0
1.9701668e-14,0.0
1.3397053e-08,0.0
9.7527e-11,0.0
8.125364e-06,0.0
4.5494238e-07,0.0
5.356846e-11,0.0
4.6047894e-09,0.0
1.4138393e-09,0.0
4.65839e-05,0.0
3.066068e-05,0.0
6.608666e-06,0.0
1.9324341e-07,0.0
5.041827e-07,0.0
1.2987149e-06,0.0
2.437366e-09,0.0
3.149156e-08,0.0
9.723424e-06,0.0
1.7546887e-07,0.0
5.8321157e-06,0.0
2.1557898e-09,0.0
5.317821e-09,0.0
2.8819128e-08,0.0
1.2889793e-08,0.0
1.6615883e-12,0.0
0.0013450086,0.0
0.00010046043,0.0
0.0045673847,0.0
0.034744233,0.0
0.00012674928,0.0
0.01638794,0.0
7.27861e-05,0.0
0.0009408593,0.0
2.4694793e-05,0.0
3.4529667e-06,0.0
1.8335813e-05,0.0
0.00062695146,0.0
0.0033823252,0.0
3.5000037e-05,0.0
1.13298565e-05,0.0
8.8344535e-08,0.0
0.002185315,0.0
0.0004760623,0.0
0.00014415383,0.0
0.0076572895,0.0
0.029991,0.0
0.009780586,0.0
0.043418735,0.0
0.00010768851,0.0
1.0097916e-05,0.0
3.8107068e-05,0.0
0.13632473,0.0
0.0014101863,0.0
0.00049239397,0.0
0.0046451986,0.0
0.00073203444,0.0
0.002326429,0.0
0.008953929,0.0
0.002267003,0.0
0.032870978,0.0
0.0062072277,0.0
0.0071799457,0.0
0.0010457933,0.0
0.002888143,0.0
0.00018927455,0.0
0.05080095,0.0
0.00017082691,0.0
0.00034093857,0.0
0.0013390183,0.0
8.7820576e-05,0.0
0.001190126,0.0
0.00422585,0.0
0.24833825,0.0
0.0026721656,0.0
0.025054634,0.0
0.008549482,0.0
2.7475498e-06,0.0
0.003032893,0.0
0.0007722378,0.0
0.00057548285,0.0
0.0042633116,0.0
0.0007675886,0.0
0.00097361207,0.0
0.0062152445,0.0
0.0005171299,0.0
0.0016931295,0.0
0.00016272068,0.0
0.00014382601,0.0
0.0016044378,0.0
2.5030007e-05,0.0
0.0014434755,0.0
0.074704915,0.0
0.0017953515,0.0
0.0008761883,0.0
2.7714836e-05,0.0
3.3103068e-05,0.0
3.2297402e-07,0.0
2.0145433e-06,0.0
2.374551e-05,0.0
0.002965331,0.0
0.00029587746,0.0
5.291288e-05,0.0
0.019204795,0.0
0.0003888011,0.0
0.111730546,0.0
0.0030739903,0.0
0.00028821826,0.0
0.009106576,0.0
0.044772208,0.0
0.00050634146,0.0
0.008159041,0.0
0.003269583,0.0
0.024400204,0.0
0.00017508864,0.0
0.0020791888,0.0
0.00382483,0.0
0.00029367208,0.0
0.01638475,0.0
0.00027871132,0.0
0.00019589067,0.0
0.012570888,0.0
0.00045907497,0.0
0.0014379323,0.0
0.0068763793,0.0
0.007846177,0.0
0.008180469,0.0
0.0010553002,0.0
0.007364303,0.0
0.025387168,0.0
0.029714406,0.0
0.056854934,0.0
0.006951183,0.0
0.021406382,0.0
0.0021831095,0.0
0.002442509,0.0
0.004981756,0.0
9.114842e-05,0.0
0.00072437525,0.0
9.189406e-05,0.0
6.7849796e-05,0.0
0.0012789071,0.0
0.00071400404,0.0
0.00013965368,0.0
0.0056802332,0.0
0.0051732957,0.0
0.00038802624,0.0
0.002067715,0.0
0.048298627,0.0
0.001606822,0.0
2.3902745e-08,0.0
0.0009948611,0.0
0.010341048,0.0
0.0070361495,0.0
3.5757314e-06,0.0
7.251401e-07,0.0
0.00013172626,0.0
0.0006941855,0.0
7.813516e-05,0.0
6.9501286e-05,0.0
7.3418276e-05,0.0
1.176696e-05,0.0
0.0006799996,0.0
0.018476278,0.0
0.0016919374,0.0
0.00041881204,0.0
0.0008663535,0.0
0.0038101375,0.0
5.2538173e-05,0.0
0.0012888014,0.0
0.01634413,0.0
0.00228858,0.0
0.003176093,0.0
0.014514506,0.0
0.0008869767,0.0
0.0008560419,0.0
0.019465178,0.0
0.043034673,0.0
0.019652009,0.0
0.006826967,0.0
0.00041863322,0.0
0.0016549826,0.0
0.007168889,0.0
0.00060147047,0.0
9.401102e-05,0.0
0.001755774,0.0
0.0022161603,0.0
0.0011387169,0.0
0.04575014,0.0
0.0031886995,0.0
1.6306298e-05,0.0
3.7900696e-05,0.0
0.00215438,0.0
0.0041985214,0.0
0.011733264,0.0
0.0111505985,0.0
0.00012065108,0.0
0.0037112832,0.0
0.00011298356,0.0
9.188775e-05,0.0
0.0035400987,0.0
0.0012775362,0.0
0.0012785494,0.0
6.709332e-06,0.0
9.674027e-09,0.0
6.407782e-08,0.0
0.007815331,0.0
1.5278351e-06,0.0
0.005069256,0.0
0.00347206,0.0
0.00010883308,0.0
0.00013932586,0.0
4.6281944e-05,0.0
0.0071855187,0.0
4.8521935e-05,0.0
0.0028082132,0.0
6.181578e-05,0.0
1.7293358e-05,0.0
0.016205162,0.0
0.0036299527,0.0
3.4743152e-06,0.0
7.539668e-05,0.0
1.6211688e-06,0.0
0.0037982166,0.0
0.00017619133,0.0
3.1429954e-05,0.0
2.5151191e-06,0.0
0.0033018887,0.0
0.008784831,0.0
8.099354e-06,0.0
0.0001051214,0.0
0.0005824268,0.0
1.3651845e-06,0.0
3.887675e-05,0.0
5.4923964e-07,0.0
4.113658e-05,0.0
2.1997184e-07,0.0
0.0008390546,0.0
0.0010387003,0.0
0.0071415007,0.0
0.0028260648,0.0
0.012507439,0.0
0.0006451607,0.0
2.7978516e-05,0.0
0.022686362,0.0
3.23974e-06,0.0
7.494583e-05,0.0
0.00017637014,0.0
2.7587732e-05,0.0
5.4160493e-05,0.0
5.747214e-06,0.0
1.51763425e-05,0.0
0.00019666553,0.0
0.00021627545,0.0
3.073856e-05,0.0
2.3812191e-08,0.0
4.906003e-08,0.0
6.0797973e-12,0.0
3.1822933e-06,0.0
0.0008701086,0.0
3.8777566e-06,0.0
1.1392972e-18,0.0
1.3077141e-10,0.0
1.7465453e-12,0.0
0.0063617826,0.0
5.2967458e-05,0.0
1.0280639e-08,0.0
6.3107207e-13,0.0
5.811376e-07,0.0
4.121759e-09,0.0
1.06068654e-07,0.0
5.4381903e-09,0.0
7.3096395e-13,0.0
2.2384655e-10,0.0
2.5897647e-05,0.0
1.4817268e-10,0.0
0.0006066561,0.0
3.2767406e-12,0.0
2.8688478e-07,0.0
4.0482114e-08,0.0
1.5693476e-07,0.0
1.276622e-10,0.0
7.3169434e-07,0.0
9.0383213e-07,0.0
0.00073322654,0.0
1.825429e-06,0.0
1.0832289e-06,0.0
1.7595836e-05,0.0
1.1513935e-06,0.0
1.4326849e-08,0.0
2.5630763e-05,0.0
2.3587833e-07,0.0
4.9208666e-08,0.0
3.5966484e-06,0.0
3.7956413e-10,0.0
5.0758226e-06,0.0
0.00013038516,0.0
8.4077186e-08,0.0
1.7783547e-07,0.0
1.9257504e-05,0.0
0.0003425777,0.0
0.000118753036,0.0
0.0005145669,0.0
0.00044074655,0.0
0.006556034,0.0
7.142432e-05,0.0
7.764076e-05,0.0
5.04314e-07,0.0
0.0003042519,0.0
0.00021851063,0.0
5.199204e-05,0.0
0.00024229288,0.0
0.06323296,0.0
1.6140903e-05,0.0
4.930365e-06,0.0
0.018178642,0.0
0.00027766824,0.0
5.2127627e-05,0.0
0.0007915497,0.0
0.0010990798,0.0
0.00011823638,0.0
0.15313554,0.0
0.044180423,0.0
0.020090282,0.0
0.00026777387,0.0
0.0017012656,0.0
0.0012434125,0.0
0.053162634,0.0
0.00021186471,0.0
0.0026228428,0.0
0.09878662,0.0
0.022660643,0.0
0.00013059378,0.0
0.03112176,0.0
0.004096538,0.0
0.0003886521,0.0
0.0030612648,0.0
0.00014796853,0.0
0.0012747943,0.0
0.00029802322,0.0
0.002992481,0.0
2.9167533e-05,0.0
0.00042012334,0.0
3.324488e-06,0.0
9.4572815e-06,0.0
0.015416175,0.0
0.013883799,0.0
0.0002464056,0.0
2.0354842e-05,0.0
0.053222805,0.0
0.0022006333,0.0
0.00156492,0.0
0.002344668,0.0
0.0012006462,0.0
0.00031343102,0.0
0.00441584,0.0
0.00071296096,0.0
0.002677381,0.0
0.0033223033,0.0
1.137176e-05,0.0
0.0001977086,0.0
0.00023812056,0.0
0.00578776,0.0
6.0554055e-05,0.0
2.1774536e-06,0.0
4.6006082e-10,0.0
1.4732263e-06,0.0
0.006525874,0.0
3.5982797e-05,0.0
0.0003902614,0.0
0.00044050813,0.0
5.182036e-09,0.0
0.000346452,0.0
8.969841e-05,0.0
0.00050470233,0.0
1.4711211e-05,0.0
5.0642234e-06,0.0
7.123368e-06,0.0
2.0357625e-08,0.0
2.4541866e-10,0.0
7.12977e-08,0.0
2.8305521e-08,0.0
3.1830685e-09,0.0
1.07212564e-07,0.0
5.053182e-11,0.0
3.3994166e-12,0.0
1.3279309e-07,0.0
1.7233272e-10,0.0
2.0851983e-10,0.0
2.1891822e-10,0.0
4.53087e-11,0.0
6.3228063e-09,0.0
2.0283367e-06,0.0
2.442681e-07,0.0
1.9932035e-11,0.0
2.832685e-12,0.0
2.5937377e-08,0.0
1.6087543e-11,0.0
2.8518914e-09,0.0
4.6274187e-12,0.0
1.7758472e-08,0.0
2.9465426e-07,0.0
2.7921487e-06,0.0
5.6979716e-06,0.0
5.033585e-08,0.0
5.5674536e-06,0.0
6.588795e-07,0.0
3.710356e-09,0.0
1.8677147e-06,0.0
2.5485174e-09,0.0
9.8392604e-08,0.0
6.5897995e-11,0.0
2.5250847e-07,0.0
2.2191371e-07,0.0
2.406021e-06,0.0
0.007817984,0.0
0.1199643,0.0
0.00019776821,0.0
4.2279547e-07,0.0
1.2232039e-05,0.0
0.012896448,0.0
0.03551027,0.0
6.6777598e-06,0.0
5.0904307e-09,0.0
2.0955618e-07,0.0
0.0028897226,0.0
0.013829827,0.0
9.832137e-05,0.0
0.00045225024,0.0
0.000582546,0.0
4.7912068e-05,0.0
0.0005352199,0.0
0.0017066598,0.0
0.00019237399,0.0
3.0758542e-06,0.0
2.6209318e-05,0.0
0.0019923449,0.0
0.000121400844,0.0
0.003361851,0.0
0.014324874,0.0
0.0042366385,0.0
0.001897037,0.0
0.016399175,0.0
0.00037300587,0.0
0.0014367998,0.0
1.8062892e-05,0.0
0.00067821145,0.0
0.04354629,0.0
0.0007593632,0.0
0.0001283884,0.0
5.8243982e-05,0.0
0.013156027,0.0
2.924272e-06,0.0
6.7783603e-06,0.0
1.2451746e-05,0.0
0.00022560358,0.0
2.0769077e-05,0.0
8.8235036e-05,0.0
0.003148377,0.0
0.0075057447,0.0
1.8925235e-05,0.0
0.0008787513,0.0
0.00072443485,0.0
0.0068793893,0.0
8.889489e-06,0.0
0.00039219856,0.0
0.00033596158,0.0
0.00015518069,0.0
0.0003901422,0.0
0.003930837,0.0
2.7089352e-05,0.0
0.01466614,0.0
0.0017955899,0.0
0.025633007,0.0
0.023089767,0.0
0.02608642,0.0
8.9473804e-05,0.0
2.9432033e-07,0.0
4.7003155e-05,0.0
0.003715992,0.0
0.00021529198,0.0
0.0008741319,0.0
2.0171454e-05,0.0
6.1174745e-08,0.0
5.240089e-06,0.0
3.2261818e-05,0.0
0.00028005242,0.0
0.0008377731,0.0
0.00018826127,0.0
0.005612284,0.0
0.0057578683,0.0
0.00015571713,0.0
0.0001603961,0.0
6.298157e-05,0.0
0.00076395273,0.0
5.2591513e-05,0.0
0.002359271,0.0
2.1170088e-05,0.0
0.00083476305,0.0
0.022638649,0.0
0.0018816292,0.0
0.00081029534,0.0
0.007758349,0.0
0.014163971,0.0
0.029682219,0.0
0.0025197268,0.0
0.004300922,0.0
0.041727066,0.0
0.1325196,0.0
0.00013175607,0.0
0.0028039515,0.0
0.01730603,0.0
0.004420936,0.0
0.0010192096,0.0
0.003069371,0.0
0.0012618303,0.0
0.0012175143,0.0
2.056022e-05,0.0
0.0006535351,0.0
0.00064495206,0.0
0.00011859301,0.0
0.003451854,0.0
0.00015580654,0.0
0.0037856698,0.0
0.0002464354,0.0
3.2374837e-07,0.0
1.7391592e-06,0.0
0.00030702353,0.0
5.6149956e-06,0.0
0.004299015,0.0
0.0010207295,0.0
0.001363039,0.0
6.660403e-06,0.0
0.022343785,0.0
0.0008133948,0.0
0.00011155369,0.0
0.00035259128,0.0
2.2343975e-05,0.0
1.7752276e-06,0.0
0.0014563799,0.0
3.470679e-06,0.0
0.00047180057,0.0
1.34318325e-05,0.0
1.2129367e-06,0.0
0.00020575523,0.0
0.0033880472,0.0
0.00017300248,0.0
7.117002e-05,0.0
4.929554e-07,0.0
5.0118192e-08,0.0
8.7658657e-07,0.0
2.8404506e-07,0.0
9.845554e-07,0.0
4.6698347e-07,0.0
6.557753e-05,0.0
9.0149715e-06,0.0
0.0012326837,0.0
0.007400006,0.0
3.516525e-07,0.0
2.458318e-05,0.0
1.4270198e-07,0.0
2.6609921e-05,0.0
3.7433836e-08,0.0
8.723818e-05,0.0
2.2882716e-06,0.0
5.942396e-05,0.0
7.3842784e-06,0.0
0.004366219,0.0
4.0343716e-06,0.0
0.0014228225,0.0
0.0013910234,0.0
7.870707e-05,0.0
0.0018039942,0.0
1.4682871e-05,0.0
0.0001210248,0.0
1.9914598e-05,0.0
0.00028404593,0.0
3.7089416e-05,0.0
1.9229185e-07,0.0
6.110504e-05,0.0
0.00023928285,0.0
0.0001962781,0.0
0.007992536,0.0
9.427826e-06,0.0
0.002826035,0.0
0.00038409233,0.0
5.154415e-09,0.0
7.772088e-06,0.0
0.0008611679,0.0
4.370359e-07,0.0
0.01844436,0.0
3.622084e-05,0.0
0.0053569973,0.0
3.8375827e-08,0.0
2.0629049e-08,0.0
5.9561458e-08,0.0
2.9089513e-08,0.0
3.2136663e-10,0.0
8.347076e-07,0.0
3.3579845e-13,0.0
4.8357824e-06,0.0
7.282029e-06,0.0
1.7527552e-07,0.0
1.5672299e-07,0.0
1.197467e-05,0.0
0.0017922819,0.0
7.3188803e-06,0.0
2.4157728e-07,0.0
0.0010138154,0.0
3.0395898e-12,0.0
5.293486e-06,0.0
2.9709076e-05,0.0
4.1560957e-05,0.0
0.0031534433,0.0
0.000111253656,0.0
0.00038942695,0.0
0.00010604575,0.0
4.768151e-05,0.0
6.463761e-05,0.0
0.005784303,0.0
0.00048708916,0.0
0.00010793651,0.0
0.0010525584,0.0
0.00063186884,0.0
1.41612945e-05,0.0
0.0015068054,0.0
0.00034290552,0.0
2.5830308e-05,0.0
2.9586334e-07,0.0
6.1729975e-06,0.0
2.178995e-06,0.0
6.1721937e-07,0.0
1.0006771e-06,0.0
3.4747012e-05,0.0
5.1041027e-08,0.0
1.2167224e-05,0.0
3.4193224e-06,0.0
9.34118e-05,0.0
0.0012392402,0.0
1.7030252e-05,0.0
0.00010485817,0.0
2.4305004e-05,0.0
4.7430412e-06,0.0
2.3958694e-07,0.0
0.005266905,0.0
0.00026866794,0.0
0.0022075772,0.0
2.118864e-06,0.0
0.010625303,0.0
6.980346e-05,0.0
7.1897884e-06,0.0
8.194842e-06,0.0
4.2789718e-05,0.0
7.5797674e-05,0.0
0.05509302,0.0
7.215414e-05,0.0
0.005853057,0.0
0.00017386675,0.0
1.9629674e-06,0.0
3.7576643e-05,0.0
0.00030112267,0.0
0.000284791,0.0
4.83439e-06,0.0
0.0006558001,0.0
0.039139062,0.0
0.0039900243,0.0
2.7831788e-06,0.0
2.1222877e-06,0.0
1.593015e-06,0.0
9.754115e-05,0.0
0.00017055869,0.0
0.0011638105,0.0
3.5734254e-05,0.0
0.004255295,0.0
0.000109836146,0.0
1.7382961e-05,0.0
0.0009525418,0.0
0.013061792,0.0
0.0023081303,0.0
1.3807218e-05,0.0
8.3513005e-06,0.0
3.6868016e-05,0.0
2.8719413e-05,0.0
0.0058302283,0.0
0.00011432725,0.0
0.00040870905,0.0
0.0017771721,0.0
0.0016215444,0.0
0.00046530366,0.0
0.013083547,0.0
0.0138806105,0.0
