1.0624004e-09,0.0
1.5503297e-10,0.0
2.868883e-11,0.0
1.9676492e-08,0.0
8.5763335e-10,0.0
7.5116476e-11,0.0
2.0433435e-09,0.0
1.924654e-09,0.0
5.0510984e-08,0.0
7.590835e-07,0.0
1.3832522e-09,0.0
8.248027e-11,0.0
1.02883725e-07,0.0
3.976558e-06,0.0
7.861134e-09,0.0
6.750845e-08,0.0
1.1270008e-08,0.0
5.144079e-07,0.0
2.0913991e-07,0.0
2.0328465e-10,0.0
6.342379e-11,0.0
1.502086e-11,0.0
1.0062904e-05,0.0
1.7883584e-09,0.0
1.733648e-08,0.0
2.2715543e-09,0.0
5.9787815e-09,0.0
2.0478927e-09,0.0
1.1599111e-09,0.0
4.340933e-09,0.0
2.409504e-08,0.0
3.581692e-07,0.0
1.1844074e-08,0.0
8.6929145e-07,0.0
1.0434023e-10,0.0
1.8363547e-11,0.0
4.617749e-11,0.0
2.8931924e-08,0.0
7.2919494e-07,0.0
3.102692e-07,0.0
3.9734175e-07,0.0
1.9863336e-08,0.0
5.0101466e-08,0.0
6.276558e-09,0.0
1.925282e-07,0.0
1.9797844e-06,0.0
4.2498346e-08,0.0
1.0778518e-08,0.0
7.4209674e-06,0.0
3.2423113e-08,0.0
1.0229734e-06,0.0
6.4839583e-06,0.0
1.378178e-08,0.0
1.0668994e-07,0.0
5.804945e-09,0.0
5.271192e-07,0.0
4.382569e-10,0.0
1.3862717e-08,0.0
5.105388e-08,0.0
1.3565352e-07,0.0
4.5344386e-08,0.0
1.9696377e-06,0.0
5.286816e-08,0.0
2.1215742e-09,0.0
1.1953037e-07,0.0
2.3714199e-08,0.0
5.152838e-07,0.0
3.877413e-06,0.0
7.637948e-07,0.0
2.369173e-08,0.0
1.5669908e-05,0.0
1.375933e-07,0.0
1.2850093e-09,0.0
1.9954462e-07,0.0
8.672855e-08,0.0
1.1505652e-07,0.0
3.7421233e-10,0.0
8.3707555e-08,0.0
1.0332674e-08,0.0
1.0802484e-10,0.0
3.5832276e-08,0.0
8.683564e-08,0.0
6.491354e-09,0.0
6.6556844e-08,0.0
1.2660588e-07,0.0
1.0486751e-07,0.0
4.6509477e-08,0.0
2.800558e-09,0.0
7.370063e-09,0.0
1.1498703e-06,0.0
4.2327043e-14,0.0
1.9333593e-09,0.0
1.2227553e-08,0.0
3.6149824e-05,0.0
2.1274346e-08,0.0
3.1701057e-07,0.0
7.09105e-08,0.0
4.0960572e-07,0.0
1.2566724e-07,0.0
2.3993152e-07,0.0
2.5841014e-06,0.0
3.8201943e-08,0.0
2.133934e-07,0.0
1.2813078e-05,0.0
5.3356723e-07,0.0
2.1206851e-08,0.0
6.68334e-08,0.0
3.4308594e-06,0.0
2.5203558e-08,0.0
1.0250285e-09,0.0
9.9451445e-12,0.0
3.2586076e-06,0.0
4.165434e-08,0.0
7.883668e-10,0.0
6.929227e-09,0.0
1.6643631e-09,0.0
2.5773475e-10,0.0
9.978387e-06,0.0
3.7828346e-10,0.0
2.2627306e-11,0.0
4.5195137e-10,0.0
2.5006833e-13,0.0
6.80692e-12,0.0
7.2285294e-10,0.0
9.681397e-08,0.0
1.6167261e-05,0.0
4.14904e-10,0.0
1.5238404e-12,0.0
3.2463737e-10,0.0
6.4037224e-09,0.0
4.435475e-09,0.0
1.2869576e-08,0.0
9.27846e-11,0.0
6.739594e-10,0.0
5.4111467e-08,0.0
1.2149471e-07,0.0
1.0809791e-08,0.0
5.6548586e-08,0.0
9.884102e-08,0.0
5.0077364e-09,0.0
2.9482288e-09,0.0
1.9311406e-09,0.0
2.825987e-09,0.0
5.5342273e-09,0.0
1.3394466e-09,0.0
1.8211513e-10,0.0
7.807396e-10,0.0
3.3624508e-06,0.0
6.8869394e-07,0.0
2.3461684e-05,0.0
1.0525426e-07,0.0
5.908603e-07,0.0
1.0456492e-07,0.0
1.5441915e-06,0.0
1.2323256e-06,0.0
5.583506e-06,0.0
5.024233e-08,0.0
7.05573e-08,0.0
2.696212e-06,0.0
1.8593105e-06,0.0
1.18716734e-07,0.0
2.2442928e-06,0.0
1.3956517e-06,0.0
2.2604954e-06,0.0
7.2072834e-11,0.0
4.363714e-08,0.0
6.206833e-12,0.0
1.2273953e-09,0.0
4.3617127e-10,0.0
9.201125e-08,0.0
2.6888166e-08,0.0
3.5908474e-09,0.0
6.015442e-09,0.0
2.082056e-05,0.0
1.3684549e-08,0.0
1.2894768e-07,0.0
1.4654912e-08,0.0
5.6339964e-11,0.0
6.1863954e-09,0.0
7.795593e-07,0.0
3.490728e-08,0.0
1.3764325e-06,0.0
3.506783e-05,0.0
5.7101396e-10,0.0
1.5098956e-06,0.0
4.3062787e-10,0.0
2.3390347e-09,0.0
7.4861106e-07,0.0
1.7560856e-08,0.0
1.1996306e-09,0.0
4.4170365e-09,0.0
1.2182223e-09,0.0
4.539707e-05,0.0
7.389755e-09,0.0
6.8069563e-09,0.0
6.7930466e-07,0.0
3.3249953e-06,0.0
4.0102545e-08,0.0
2.494234e-07,0.0
2.0880726e-13,0.0
1.0872611e-08,0.0
3.5742619e-06,0.0
6.9104193e-09,0.0
1.4633608e-07,0.0
1.9157196e-07,0.0
5.7532105e-07,0.0
1.2049055e-08,0.0
1.7955215e-06,0.0
2.6572592e-05,0.0
6.365609e-08,0.0
1.2577125e-06,0.0
2.1596895e-07,0.0
3.031632e-06,0.0
4.9944776e-07,0.0
1.9186697e-08,0.0
3.362231e-07,0.0
5.7154846e-08,0.0
5.633632e-07,0.0
6.6381914e-11,0.0
9.595833e-09,0.0
1.0939538e-14,0.0
9.870786e-11,0.0
2.5682291e-07,0.0
1.005159e-08,0.0
4.2020616e-08,0.0
2.1891936e-11,0.0
1.5674786e-08,0.0
2.158556e-08,0.0
5.294975e-10,0.0
1.0089892e-08,0.0
3.663436e-10,0.0
8.6280245e-12,0.0
4.154942e-09,0.0
8.47811e-11,0.0
3.7904474e-06,0.0
9.217856e-10,0.0
3.5215866e-14,0.0
6.105409e-12,0.0
1.9579631e-09,0.0
2.8372218e-12,0.0
4.1820463e-09,0.0
3.4927706e-13,0.0
1.6469003e-09,0.0
2.1777598e-09,0.0
5.323491e-10,0.0
4.178797e-07,0.0
1.814913e-10,0.0
4.2640655e-13,0.0
1.0709744e-08,0.0
1.9026748e-08,0.0
8.26102e-10,0.0
1.4198272e-06,0.0
2.2175387e-08,0.0
6.1241843e-09,0.0
3.5842357e-10,0.0
5.2099614e-10,0.0
7.650417e-10,0.0
4.632714e-06,0.0
2.2429673e-05,0.0
1.2385723e-10,0.0
7.172249e-10,0.0
2.7600046e-07,0.0
2.2407128e-06,0.0
6.461128e-07,0.0
7.4502853e-09,0.0
2.9051715e-05,0.0
2.0821433e-05,0.0
5.808376e-06,0.0
1.016997e-06,0.0
8.857387e-07,0.0
1.5578426e-08,0.0
1.4668916e-07,0.0
2.0590437e-07,0.0
1.4966174e-08,0.0
2.3865208e-08,0.0
1.5976451e-11,0.0
5.314136e-05,0.0
2.8549798e-11,0.0
1.6083419e-07,0.0
1.984797e-07,0.0
3.8133716e-05,0.0
3.8070212e-08,0.0
4.4762996e-07,0.0
8.5341816e-07,0.0
5.5793297e-11,0.0
2.9665072e-11,0.0
4.852755e-10,0.0
5.110197e-13,0.0
4.8807583e-11,0.0
1.2606839e-09,0.0
9.4982354e-08,0.0
3.7367298e-07,0.0
4.8913543e-11,0.0
1.4692003e-07,0.0
1.0250886e-06,0.0
2.7916873e-14,0.0
8.754303e-09,0.0
2.6796568e-12,0.0
3.6717833e-09,0.0
9.3179926e-07,0.0
5.2600986e-09,0.0
1.430531e-11,0.0
1.00712086e-07,0.0
4.3294413e-08,0.0
1.700523e-10,0.0
2.6227542e-09,0.0
3.4428638e-07,0.0
4.4955553e-07,0.0
3.5843176e-10,0.0
3.6678514e-08,0.0
7.5578626e-08,0.0
5.1214123e-08,0.0
1.363281e-08,0.0
1.7446144e-08,0.0
3.9788034e-08,0.0
5.8026806e-11,0.0
1.337449e-07,0.0
7.4984e-07,0.0
1.8610862e-08,0.0
2.6772408e-08,0.0
1.15409075e-05,0.0
1.7653538e-05,0.0
5.365062e-09,0.0
5.401186e-08,0.0
3.506356e-08,0.0
3.8142134e-06,0.0
4.078581e-06,0.0
7.378263e-09,0.0
1.0553805e-08,0.0
9.781389e-11,0.0
1.259976e-07,0.0
2.620464e-09,0.0
9.477998e-09,0.0
8.7551394e-05,0.0
1.0070809e-10,0.0
3.5822502e-08,0.0
1.3159519e-05,0.0
1.6032125e-08,0.0
1.5837067e-08,0.0
3.376131e-07,0.0
4.3264535e-08,0.0
4.1663476e-08,0.0
2.311439e-10,0.0
2.738086e-08,0.0
7.119489e-10,0.0
2.9448021e-08,0.0
2.3748167e-10,0.0
7.944909e-10,0.0
5.677995e-09,0.0
8.780838e-10,0.0
1.4958456e-06,0.0
1.4214977e-08,0.0
6.632651e-10,0.0
4.18856e-09,0.0
3.5557377e-07,0.0
1.8424078e-06,0.0
1.5262033e-07,0.0
9.5056116e-08,0.0
7.808796e-10,0.0
7.958973e-09,0.0
3.3117304e-09,0.0
6.493596e-09,0.0
3.3478333e-05,0.0
4.2289984e-11,0.0
1.4588362e-09,0.0
1.5412798e-08,0.0
1.4728148e-06,0.0
1.2747736e-05,0.0
2.382773e-08,0.0
1.6474188e-07,0.0
9.243751e-07,0.0
1.342763e-07,0.0
1.6372944e-07,0.0
2.7091146e-06,0.0
7.999984e-05,0.0
8.877823e-06,0.0
2.3389144e-07,0.0
7.3067097e-10,0.0
8.319594e-09,0.0
1.15878e-07,0.0
3.9189584e-07,0.0
8.364148e-08,0.0
6.8796453e-09,0.0
7.855509e-10,0.0
6.1817365e-09,0.0
3.3497603e-08,0.0
8.988662e-09,0.0
1.4539092e-08,0.0
3.5528922e-06,0.0
1.13191746e-07,0.0
1.7054687e-08,0.0
4.2223313e-08,0.0
1.6845643e-08,0.0
7.277773e-08,0.0
1.0954078e-05,0.0
3.4255583e-05,0.0
3.0717575e-07,0.0
1.3964463e-08,0.0
1.0389807e-08,0.0
3.5123032e-10,0.0
4.4478986e-11,0.0
4.634775e-09,0.0
1.1431127e-07,0.0
1.3959564e-08,0.0
3.1596654e-09,0.0
4.6676103e-08,0.0
2.7546583e-09,0.0
1.723237e-08,0.0
8.9045143e-10,0.0
8.5979374e-10,0.0
3.380709e-09,0.0
3.709265e-06,0.0
3.049453e-10,0.0
7.955366e-06,0.0
2.7657261e-08,0.0
3.737938e-09,0.0
1.3487341e-06,0.0
2.6499364e-10,0.0
1.3596033e-09,0.0
2.2868576e-08,0.0
1.532376e-10,0.0
3.408721e-08,0.0
6.3943766e-08,0.0
4.905495e-09,0.0
4.1172646e-07,0.0
4.1592613e-10,0.0
3.3168607e-07,0.0
3.5151416e-08,0.0
2.647268e-07,0.0
2.2851658e-08,0.0
5.981765e-07,0.0
4.1026252e-07,0.0
1.6964188e-06,0.0
5.5310597e-06,0.0
3.6535625e-06,0.0
8.7963906e-07,0.0
2.9561065e-09,0.0
1.1988431e-10,0.0
7.348008e-10,0.0
2.4733454e-10,0.0
7.9411026e-11,0.0
9.74648e-09,0.0
1.36123095e-08,0.0
3.5956896e-07,0.0
1.1203898e-10,0.0
2.6296254e-10,0.0
9.925157e-11,0.0
8.0282225e-09,0.0
5.946346e-13,0.0
2.1351125e-09,0.0
2.4089536e-11,0.0
6.7889077e-09,0.0
9.961595e-10,0.0
9.860258e-09,0.0
1.2313446e-08,0.0
6.740141e-08,0.0
1.1816732e-07,0.0
1.841092e-08,0.0
1.6103677e-09,0.0
4.2858716e-08,0.0
1.7459735e-07,0.0
1.2267055e-08,0.0
5.4231943e-08,0.0
2.4758542e-08,0.0
4.4272594e-09,0.0
1.851403e-08,0.0
1.7083002e-09,0.0
4.5232177e-08,0.0
3.2979637e-09,0.0
4.438092e-08,0.0
8.458151e-10,0.0
2.1317599e-05,0.0
4.0221985e-11,0.0
2.4772395e-05,0.0
1.1998887e-06,0.0
8.638124e-07,0.0
3.714614e-06,0.0
8.37883e-10,0.0
2.917048e-07,0.0
1.7982865e-07,0.0
6.260585e-05,0.0
3.171237e-07,0.0
3.1408094e-06,0.0
1.8560408e-07,0.0
2.461156e-07,0.0
1.6127085e-07,0.0
1.7283126e-08,0.0
8.847416e-09,0.0
9.109518e-08,0.0
2.5794466e-07,0.0
4.888428e-10,0.0
3.7631379e-10,0.0
3.4970405e-11,0.0
1.0248818e-09,0.0
5.769333e-10,0.0
2.0457087e-07,0.0
1.7479558e-11,0.0
7.6739903e-10,0.0
5.6369846e-11,0.0
7.4623946e-11,0.0
2.1514091e-07,0.0
6.393748e-10,0.0
5.7887046e-12,0.0
7.039333e-11,0.0
8.684156e-09,0.0
8.145263e-12,0.0
1.9098965e-11,0.0
9.701276e-14,0.0
1.0585365e-10,0.0
1.0312135e-05,0.0
6.646695e-14,0.0
1.9335098e-06,0.0
1.1974772e-09,0.0
1.3207046e-12,0.0
6.0829085e-11,0.0
6.27198e-11,0.0
1.4448616e-11,0.0
4.8701565e-15,0.0
3.2842007e-11,0.0
5.26448e-07,0.0
2.6633324e-11,0.0
9.397217e-15,0.0
1.5609751e-11,0.0
5.6709087e-08,0.0
6.796301e-14,0.0
1.2324302e-08,0.0
4.5209405e-12,0.0
2.2173883e-14,0.0
2.1236197e-08,0.0
1.4980239e-10,0.0
1.4902559e-09,0.0
1.420732e-06,0.0
1.5633306e-09,0.0
1.2653822e-08,0.0
3.015037e-09,0.0
6.7977055e-09,0.0
4.7829317e-08,0.0
2.0840183e-09,0.0
5.336156e-05,0.0
3.4233534e-09,0.0
4.8072666e-09,0.0
2.9469541e-08,0.0
4.673488e-05,0.0
3.3736924e-10,0.0
7.579354e-09,0.0
4.6823717e-10,0.0
7.438469e-06,0.0
2.9158787e-06,0.0
3.021391e-10,0.0
1.437124e-08,0.0
6.739813e-06,0.0
1.6332335e-05,0.0
2.6272857e-05,0.0
6.525925e-10,0.0
2.054e-12,0.0
4.993532e-10,0.0
9.4033785e-09,0.0
1.0899921e-07,0.0
2.4108294e-05,0.0
9.853829e-09,0.0
4.931823e-06,0.0
5.649282e-09,0.0
3.9103323e-08,0.0
1.9454034e-09,0.0
4.261318e-09,0.0
4.8554563e-11,0.0
6.836187e-05,0.0
4.445348e-10,0.0
4.140923e-07,0.0
7.478682e-07,0.0
1.3274744e-10,0.0
1.3415395e-05,0.0
2.4614621e-10,0.0
5.0499303e-09,0.0
1.4119044e-07,0.0
3.5720298e-08,0.0
8.657088e-08,0.0
1.7522437e-09,0.0
2.3077774e-07,0.0
3.4325449e-06,0.0
2.2405565e-08,0.0
6.472256e-12,0.0
1.5767568e-11,0.0
2.48284e-07,0.0
6.8745427e-09,0.0
6.53748e-08,0.0
4.850916e-09,0.0
7.696289e-09,0.0
4.442791e-05,0.0
1.09862635e-08,0.0
5.1799635e-08,0.0
2.553697e-11,0.0
1.4280435e-09,0.0
1.2706856e-05,0.0
5.8111596e-09,0.0
1.8562674e-09,0.0
1.5666776e-08,0.0
2.9974913e-07,0.0
1.2051567e-05,0.0
1.8506402e-08,0.0
1.5289808e-06,0.0
5.5125387e-08,0.0
1.1980375e-08,0.0
3.9774284e-07,0.0
1.9087688e-06,0.0
4.6497138e-12,0.0
2.6151189e-11,0.0
5.8827556e-09,0.0
5.43854e-10,0.0
3.4134429e-09,0.0
3.1735416e-11,0.0
1.5206424e-10,0.0
9.577876e-09,0.0
1.2634576e-08,0.0
4.5786516e-07,0.0
1.1275599e-08,0.0
1.443176e-11,0.0
2.1638888e-09,0.0
1.5097537e-09,0.0
4.336946e-08,0.0
2.7282644e-08,0.0
2.6305698e-09,0.0
8.355716e-11,0.0
1.0416505e-10,0.0
6.6927894e-09,0.0
4.1498595e-08,0.0
2.4038947e-08,0.0
4.0272944e-08,0.0
8.8286754e-08,0.0
2.3968282e-06,0.0
1.8765416e-08,0.0
4.995052e-08,0.0
4.0874625e-08,0.0
3.6547178e-07,0.0
4.4515634e-08,0.0
1.135109e-10,0.0
2.277576e-09,0.0
2.278808e-07,0.0
9.170377e-08,0.0
5.290904e-07,0.0
7.855772e-08,0.0
1.7413083e-06,0.0
4.6142232e-09,0.0
5.80988e-07,0.0
7.5063207e-07,0.0
1.5379388e-07,0.0
1.2026462e-06,0.0
1.0832268e-06,0.0
2.9192074e-07,0.0
2.7353207e-07,0.0
7.905475e-09,0.0
3.063408e-07,0.0
3.0823423e-07,0.0
6.862209e-07,0.0
2.922046e-05,0.0
9.537857e-06,0.0
9.320497e-11,0.0
6.884335e-08,0.0
1.8423523e-09,0.0
6.12887e-09,0.0
4.521308e-06,0.0
1.8706763e-09,0.0
1.367545e-07,0.0
7.1344455e-09,0.0
3.2573055e-08,0.0
1.0790506e-05,0.0
1.5008283e-06,0.0
1.1922879e-07,0.0
2.252649e-08,0.0
2.1125452e-09,0.0
4.934036e-07,0.0
6.9354644e-10,0.0
9.405284e-12,0.0
2.6005093e-08,0.0
2.05252e-08,0.0
4.831502e-07,0.0
2.415092e-10,0.0
3.522612e-08,0.0
1.0908557e-10,0.0
2.436003e-10,0.0
3.382838e-07,0.0
1.4151101e-07,0.0
4.265227e-10,0.0
3.802007e-08,0.0
4.0067283e-07,0.0
1.8535414e-07,0.0
6.671458e-08,0.0
2.0304732e-08,0.0
3.4854857e-08,0.0
2.5540845e-07,0.0
2.6571952e-13,0.0
3.125764e-08,0.0
1.0195757e-07,0.0
7.9441874e-05,0.0
6.0664306e-08,0.0
1.4313676e-09,0.0
2.0122563e-08,0.0
5.2505687e-08,0.0
7.7075164e-08,0.0
7.0087175e-08,0.0
9.6209915e-06,0.0
2.2149052e-08,0.0
3.495994e-07,0.0
4.786806e-06,0.0
2.791989e-06,0.0
1.19823635e-08,0.0
4.7499057e-07,0.0
1.4676709e-07,0.0
4.627684e-08,0.0
1.256417e-07,0.0
2.921995e-13,0.0
3.5188896e-09,0.0
2.8676033e-07,0.0
6.3723815e-10,0.0
2.2499448e-07,0.0
1.1836244e-07,0.0
1.2985761e-08,0.0
6.6116727e-06,0.0
2.243917e-07,0.0
2.2132403e-09,0.0
3.3464588e-08,0.0
7.5983264e-10,0.0
2.3714142e-09,0.0
3.8394186e-09,0.0
1.4374969e-08,0.0
2.2406098e-10,0.0
1.2519342e-07,0.0
1.1552551e-08,0.0
2.5043638e-09,0.0
1.089833e-09,0.0
9.605441e-10,0.0
2.3570026e-05,0.0
1.8088445e-10,0.0
7.3041836e-11,0.0
1.03399145e-07,0.0
8.0531485e-08,0.0
1.7327206e-10,0.0
4.005731e-05,0.0
1.7347344e-10,0.0
4.615863e-06,0.0
1.601646e-10,0.0
4.3898268e-08,0.0
1.063445e-08,0.0
2.1487836e-08,0.0
2.4429792e-09,0.0
5.396755e-09,0.0
3.4147192e-09,0.0
6.6442496e-10,0.0
1.1741883e-07,0.0
1.7415149e-09,0.0
2.4742715e-09,0.0
5.2650523e-07,0.0
1.2553464e-07,0.0
1.4968559e-06,0.0
1.4716311e-08,0.0
7.7977495e-07,0.0
1.5271139e-08,0.0
1.4772487e-06,0.0
3.945055e-08,0.0
2.1743531e-08,0.0
3.5315878e-07,0.0
2.7817405e-06,0.0
4.8954663e-09,0.0
1.612704e-05,0.0
8.037024e-11,0.0
1.4813017e-08,0.0
3.1660688e-11,0.0
1.2161816e-09,0.0
6.616759e-09,0.0
5.584619e-08,0.0
1.270754e-08,0.0
5.572728e-10,0.0
2.2016113e-09,0.0
8.850256e-08,0.0
1.2873865e-09,0.0
1.1888429e-09,0.0
6.085114e-07,0.0
1.14627134e-08,0.0
2.022185e-06,0.0
1.249078e-09,0.0
1.6355498e-05,0.0
1.5702482e-06,0.0
1.0818846e-08,0.0
2.9227798e-10,0.0
2.323994e-06,0.0
5.458403e-05,0.0
5.3891927e-06,0.0
1.0381547e-08,0.0
4.7755802e-06,0.0
3.189144e-10,0.0
5.2543584e-07,0.0
6.7233246e-05,0.0
2.2135611e-09,0.0
8.020127e-09,0.0
3.2593954e-07,0.0
3.3146897e-08,0.0
5.5863286e-10,0.0
4.6682423e-08,0.0
3.9105243e-09,0.0
7.4389606e-11,0.0
1.7366877e-10,0.0
1.2339032e-07,0.0
6.6938516e-12,0.0
1.8052671e-06,0.0
7.378548e-08,0.0
1.0670046e-08,0.0
9.843352e-08,0.0
1.7677165e-08,0.0
1.0808092e-06,0.0
4.8194334e-08,0.0
4.252839e-06,0.0
4.6705474e-05,0.0
1.0955692e-06,0.0
7.663729e-08,0.0
4.626722e-08,0.0
1.3397053e-08,0.0
0.00013533235,0.0
3.791767e-08,0.0
9.081573e-11,0.0
5.6888866e-10,0.0
1.1240892e-09,0.0
8.5371155e-10,0.0
4.1285197e-08,0.0
1.6240888e-08,0.0
1.9544139e-10,0.0
1.2367045e-11,0.0
2.3252296e-11,0.0
1.6017431e-07,0.0
2.19997e-09,0.0
2.390972e-08,0.0
3.1500452e-08,0.0
5.833058e-09,0.0
8.9099e-10,0.0
1.3995154e-08,0.0
2.2974923e-10,0.0
7.1762585e-10,0.0
1.9846463e-10,0.0
5.061809e-06,0.0
6.814849e-07,0.0
9.4629776e-11,0.0
1.8667822e-11,0.0
1.8331371e-09,0.0
7.765671e-08,0.0
7.907817e-08,0.0
8.464099e-08,0.0
4.07277e-08,0.0
5.6768995e-06,0.0
4.057772e-07,0.0
1.6918634e-07,0.0
2.5503567e-08,0.0
7.8982296e-08,0.0
1.911218e-05,0.0
1.7970451e-07,0.0
5.763182e-11,0.0
1.348534e-09,0.0
1.8337187e-06,0.0
1.6410304e-09,0.0
5.997295e-09,0.0
1.0827233e-07,0.0
4.9763776e-07,0.0
1.6850722e-08,0.0
3.6170253e-08,0.0
1.2283778e-07,0.0
7.1228544e-07,0.0
3.0405236e-08,0.0
1.0931787e-05,0.0
0.00011807716,0.0
1.2076181e-08,0.0
3.772882e-07,0.0
2.1158745e-05,0.0
4.3763023e-07,0.0
2.0770966e-10,0.0
2.4240613e-08,0.0
1.9552752e-10,0.0
7.2168194e-10,0.0
5.020334e-12,0.0
4.015256e-10,0.0
4.1688038e-12,0.0
1.4724979e-09,0.0
7.705261e-06,0.0
3.0185183e-09,0.0
8.3875005e-09,0.0
2.1750863e-09,0.0
2.5689515e-09,0.0
4.9375044e-13,0.0
4.9435194e-08,0.0
7.5665065e-07,0.0
2.02451e-12,0.0
2.0454704e-11,0.0
6.060832e-12,0.0
4.0453899e-10,0.0
1.9122386e-09,0.0
1.1059296e-09,0.0
8.9228344e-08,0.0
5.476305e-10,0.0
5.9083746e-08,0.0
6.938651e-07,0.0
1.600713e-08,0.0
1.3991758e-09,0.0
1.4543426e-07,0.0
2.2296728e-08,0.0
5.2226144e-11,0.0
5.6814452e-11,0.0
9.547303e-10,0.0
2.1316183e-08,0.0
3.5022273e-07,0.0
9.36448e-10,0.0
2.0598961e-07,0.0
3.1150596e-10,0.0
6.06189e-10,0.0
4.7997652e-08,0.0
3.9455936e-06,0.0
1.0038757e-11,0.0
5.112623e-10,0.0
4.1236774e-09,0.0
3.059303e-07,0.0
1.3940153e-10,0.0
1.0741986e-08,0.0
1.4780786e-08,0.0
7.913244e-09,0.0
1.6595759e-06,0.0
2.4173528e-06,0.0
7.036448e-07,0.0
1.7425799e-07,0.0
8.200306e-08,0.0
7.4325226e-07,0.0
9.445834e-06,0.0
9.418937e-10,0.0
8.432202e-06,0.0
1.2845865e-11,0.0
2.5365172e-11,0.0
7.224081e-09,0.0
2.4364692e-07,0.0
8.316512e-06,0.0
4.864659e-08,0.0
1.3566561e-08,0.0
1.5743467e-11,0.0
3.4255776e-05,0.0
1.1099759e-10,0.0
1.02788385e-11,0.0
1.4100777e-08,0.0
2.0827171e-07,0.0
1.2489106e-10,0.0
7.1655555e-12,0.0
1.929277e-06,0.0
4.073554e-12,0.0
7.1284063e-09,0.0
2.8260516e-09,0.0
2.7842181e-05,0.0
2.8767475e-10,0.0
3.241169e-07,0.0
4.043242e-08,0.0
2.6461267e-11,0.0
4.1435106e-07,0.0
1.0052395e-08,0.0
1.7665459e-09,0.0
3.4596678e-08,0.0
4.749831e-08,0.0
1.922649e-07,0.0
7.1084205e-09,0.0
3.4709552e-07,0.0
7.0835e-10,0.0
4.7671183e-09,0.0
5.332407e-20,0.0
2.8976893e-07,0.0
3.239828e-07,0.0
8.696177e-08,0.0
6.085352e-09,0.0
1.3685717e-09,0.0
6.5228946e-08,0.0
4.2643103e-07,0.0
1.7724464e-08,0.0
2.466303e-06,0.0
2.3717944e-07,0.0
7.151479e-08,0.0
1.1400985e-08,0.0
1.6912149e-07,0.0
9.066426e-08,0.0
6.084435e-09,0.0
2.3986642e-08,0.0
1.2693909e-07,0.0
1.9763e-08,0.0
5.044946e-08,0.0
1.0353216e-07,0.0
2.7910554e-09,0.0
8.269586e-05,0.0
3.870004e-07,0.0
3.2506787e-07,0.0
1.0895254e-09,0.0
1.6792255e-09,0.0
5.264726e-07,0.0
1.4548016e-09,0.0
4.23725e-11,0.0
4.4009916e-09,0.0
7.5611717e-10,0.0
4.6336324e-10,0.0
1.1532026e-09,0.0
1.7082945e-08,0.0
5.7850883e-07,0.0
7.3383615e-09,0.0
1.0335581e-10,0.0
1.4368958e-09,0.0
7.255514e-08,0.0
1.2613455e-05,0.0
2.1737383e-09,0.0
3.7045402e-07,0.0
9.296822e-09,0.0
1.8434358e-08,0.0
2.1970315e-08,0.0
2.5390707e-09,0.0
7.604097e-10,0.0
1.5033558e-07,0.0
5.110778e-07,0.0
2.5512654e-09,0.0
4.7878945e-09,0.0
1.3374019e-07,0.0
6.890453e-09,0.0
2.1306894e-10,0.0
9.124785e-12,0.0
3.819684e-08,0.0
2.7370076e-10,0.0
2.0274885e-07,0.0
1.820001e-11,0.0
1.0884121e-09,0.0
4.376542e-08,0.0
2.519993e-06,0.0
3.7758696e-07,0.0
1.423076e-05,0.0
7.3791325e-06,0.0
1.11714805e-07,0.0
2.2782235e-07,0.0
9.301399e-07,0.0
1.5979731e-07,0.0
4.94747e-07,0.0
3.025275e-08,0.0
5.75929e-08,0.0
3.181219e-08,0.0
4.5826548e-10,0.0
3.495424e-05,0.0
2.4811144e-09,0.0
6.4302015e-11,0.0
5.938665e-08,0.0
2.6459807e-07,0.0
4.1288545e-06,0.0
3.503528e-12,0.0
1.0018018e-08,0.0
1.9598482e-07,0.0
1.8825654e-07,0.0
5.292789e-08,0.0
2.848814e-09,0.0
8.310372e-07,0.0
1.4479881e-10,0.0
1.9971338e-08,0.0
2.3201088e-05,0.0
7.58256e-10,0.0
1.47356e-07,0.0
4.7215252e-07,0.0
1.849909e-07,0.0
2.5235557e-11,0.0
8.957099e-10,0.0
1.5185021e-08,0.0
2.930309e-07,0.0
1.5227947e-08,0.0
8.185922e-06,0.0
1.4569592e-09,0.0
5.7552296e-07,0.0
1.8810236e-09,0.0
1.2036576e-09,0.0
1.2282195e-09,0.0
1.277141e-06,0.0
4.8306813e-11,0.0
7.83374e-06,0.0
1.6663674e-09,0.0
3.8168862e-05,0.0
4.461991e-09,0.0
8.380293e-08,0.0
4.8217073e-05,0.0
3.3108525e-09,0.0
0.00015869737,0.0
8.080567e-08,0.0
2.6200382e-06,0.0
4.2089138e-07,0.0
3.8487595e-09,0.0
3.647021e-08,0.0
7.9107405e-05,0.0
1.03866626e-07,0.0
6.2312307e-07,0.0
1.5069006e-08,0.0
3.2500325e-06,0.0
3.6226559e-06,0.0
1.3490036e-07,0.0
3.9381186e-05,0.0
1.3889911e-10,0.0
4.1007492e-10,0.0
1.5517778e-12,0.0
2.0898538e-09,0.0
1.2823216e-08,0.0
4.4907982e-13,0.0
6.659236e-13,0.0
1.2204562e-07,0.0
4.8111785e-11,0.0
1.474231e-10,0.0
4.6353144e-09,0.0
1.7140184e-05,0.0
1.5446611e-12,0.0
8.4303485e-07,0.0
2.5450941e-08,0.0
6.5371526e-09,0.0
9.414204e-12,0.0
1.2056715e-11,0.0
1.3389575e-07,0.0
2.1071689e-09,0.0
2.8216741e-08,0.0
7.7290576e-07,0.0
1.5763503e-08,0.0
9.468408e-08,0.0
2.7578997e-07,0.0
9.135688e-08,0.0
9.889057e-09,0.0
3.9190184e-07,0.0
3.5550426e-07,0.0
2.1796462e-09,0.0
1.6367277e-07,0.0
2.0187196e-07,0.0
9.247199e-05,0.0
3.467876e-10,0.0
5.4630145e-06,0.0
7.3846755e-11,0.0
1.0672901e-07,0.0
2.1519489e-07,0.0
1.4396221e-06,0.0
8.6078735e-08,0.0
8.657558e-06,0.0
1.5385373e-07,0.0
6.396941e-07,0.0
1.9022522e-06,0.0
1.213528e-06,0.0
4.4377134e-07,0.0
1.7015616e-06,0.0
6.2580924e-08,0.0
1.3866645e-06,0.0
2.0179803e-07,0.0
1.1890187e-07,0.0
1.817637e-07,0.0
1.8816355e-07,0.0
2.0913014e-07,0.0
4.251926e-12,0.0
4.2659085e-11,0.0
4.279719e-05,0.0
1.388984e-07,0.0
9.3021654e-08,0.0
6.8230745e-09,0.0
1.2356383e-08,0.0
9.317943e-10,0.0
2.7013566e-10,0.0
1.0700418e-07,0.0
7.029854e-09,0.0
4.0160777e-09,0.0
5.068687e-10,0.0
1.9117035e-08,0.0
1.525032e-07,0.0
1.0073239e-08,0.0
2.7721084e-10,0.0
8.015867e-11,0.0
1.0603e-11,0.0
3.5071388e-08,0.0
1.3360639e-08,0.0
1.46772905e-08,0.0
2.7644114e-09,0.0
2.163501e-09,0.0
8.9913375e-09,0.0
2.3086567e-08,0.0
8.3469723e-07,0.0
1.580104e-08,0.0
1.173144e-07,0.0
2.3826924e-07,0.0
8.433649e-10,0.0
3.045804e-09,0.0
3.5757773e-07,0.0
2.1632205e-09,0.0
4.1385796e-08,0.0
2.5244828e-05,0.0
1.1250201e-09,0.0
6.566235e-08,0.0
5.1442504e-07,0.0
6.203603e-08,0.0
5.2960885e-09,0.0
6.9085586e-06,0.0
8.942001e-08,0.0
8.179748e-08,0.0
3.0384905e-07,0.0
1.2079602e-06,0.0
5.40335e-08,0.0
0.00010837405,0.0
5.6232506e-07,0.0
1.2435571e-07,0.0
9.707576e-07,0.0
1.463083e-09,0.0
2.5913987e-08,0.0
9.709746e-08,0.0
3.6470925e-07,0.0
1.9850694e-11,0.0
9.127245e-07,0.0
4.4655075e-09,0.0
6.0232123e-06,0.0
1.6033265e-07,0.0
7.338834e-10,0.0
1.2787916e-09,0.0
1.0616393e-08,0.0
5.3821402e-08,0.0
5.151823e-08,0.0
2.004003e-11,0.0
4.2060444e-09,0.0
1.634812e-07,0.0
7.273683e-05,0.0
3.4588346e-09,0.0
3.0250715e-09,0.0
7.2209514e-06,0.0
3.0446049e-07,0.0
1.0344184e-09,0.0
4.9250115e-10,0.0
1.7628796e-10,0.0
2.9847957e-10,0.0
2.575205e-10,0.0
1.6542482e-09,0.0
4.2309883e-05,0.0
3.258393e-08,0.0
1.8647174e-08,0.0
3.524463e-10,0.0
4.68291e-09,0.0
9.8461875e-08,0.0
7.6300705e-07,0.0
9.107998e-06,0.0
2.057231e-08,0.0
7.0810413e-10,0.0
8.1756224e-10,0.0
2.2013613e-11,0.0
1.3094757e-07,0.0
5.953017e-06,0.0
4.071935e-06,0.0
3.7911363e-05,0.0
3.3313082e-08,0.0
1.2894933e-08,0.0
4.3563173e-06,0.0
2.7009151e-05,0.0
1.4273934e-08,0.0
2.7614723e-08,0.0
1.2059608e-08,0.0
2.3860737e-05,0.0
1.5131462e-06,0.0
1.1746614e-08,0.0
3.6698057e-07,0.0
4.920294e-08,0.0
3.302981e-09,0.0
6.536695e-08,0.0
1.9169158e-06,0.0
1.5657434e-07,0.0
7.2701662e-09,0.0
9.866123e-10,0.0
1.5672538e-07,0.0
6.556383e-07,0.0
2.827691e-07,0.0
2.3147315e-09,0.0
9.104525e-06,0.0
1.2720997e-12,0.0
2.4822942e-08,0.0
1.3049093e-07,0.0
1.135638e-09,0.0
1.0028022e-11,0.0
3.4778869e-09,0.0
7.4583964e-11,0.0
4.5666088e-10,0.0
7.1806436e-09,0.0
1.9903035e-05,0.0
1.4257099e-05,0.0
3.8219594e-11,0.0
8.058399e-09,0.0
3.7790554e-10,0.0
1.8713411e-08,0.0
5.5157887e-08,0.0
3.5893342e-09,0.0
9.872867e-09,0.0
2.1146943e-05,0.0
2.7335826e-08,0.0
7.7339124e-10,0.0
9.5289145e-09,0.0
2.3431553e-06,0.0
3.02193e-08,0.0
2.5890395e-10,0.0
1.745718e-06,0.0
3.404257e-12,0.0
3.228819e-09,0.0
2.0680696e-08,0.0
1.7522974e-05,0.0
8.154369e-07,0.0
1.2478148e-07,0.0
7.798114e-07,0.0
6.922382e-06,0.0
1.4558698e-06,0.0
6.0812505e-07,0.0
6.619518e-07,0.0
5.180082e-08,0.0
1.12882894e-07,0.0
2.5875621e-11,0.0
4.3019423e-07,0.0
2.333625e-07,0.0
2.3688976e-06,0.0
4.2888217e-07,0.0
2.1367157e-07,0.0
4.931596e-12,0.0
7.0171716e-08,0.0
3.1963955e-07,0.0
2.1662477e-12,0.0
1.8991724e-08,0.0
4.7331317e-10,0.0
2.1303227e-11,0.0
5.8642236e-10,0.0
8.119646e-10,0.0
2.346901e-08,0.0
7.823089e-11,0.0
3.143194e-10,0.0
2.0566945e-07,0.0
1.2813359e-05,0.0
4.3585818e-08,0.0
2.4970315e-10,0.0
4.1925183e-12,0.0
2.1083418e-10,0.0
1.5864645e-11,0.0
1.2481541e-05,0.0
1.3673779e-11,0.0
9.580768e-08,0.0
1.3272256e-11,0.0
1.64718e-05,0.0
3.0353187e-09,0.0
6.296294e-09,0.0
7.654489e-10,0.0
1.2046746e-06,0.0
2.8134932e-09,0.0
1.5299382e-09,0.0
4.776882e-10,0.0
2.0881814e-08,0.0
3.373215e-11,0.0
9.012869e-09,0.0
1.7924016e-09,0.0
9.314788e-12,0.0
5.5311056e-16,0.0
8.0248395e-09,0.0
1.347185e-08,0.0
1.3650712e-08,0.0
1.9657393e-05,0.0
1.03227315e-07,0.0
7.9350504e-10,0.0
7.184963e-08,0.0
2.4312362e-06,0.0
2.4976963e-08,0.0
4.8201804e-07,0.0
2.8455627e-08,0.0
7.9018355e-05,0.0
1.3167791e-07,0.0
9.296219e-09,0.0
8.149938e-09,0.0
2.994544e-08,0.0
8.105311e-08,0.0
6.237527e-07,0.0
2.5884506e-11,0.0
5.3330805e-06,0.0
1.801722e-12,0.0
1.11312216e-10,0.0
7.2432416e-10,0.0
1.4607395e-05,0.0
5.3573928e-09,0.0
9.552913e-10,0.0
4.012674e-11,0.0
7.0509e-08,0.0
2.7028615e-10,0.0
1.3495639e-08,0.0
6.5080594e-11,0.0
2.3860962e-09,0.0
1.2743917e-09,0.0
2.7062304e-06,0.0
1.3732129e-09,0.0
2.1640881e-08,0.0
6.71664e-05,0.0
1.9840682e-09,0.0
1.8458513e-06,0.0
3.5702848e-05,0.0
1.8544608e-07,0.0
6.0133907e-12,0.0
2.5136037e-06,0.0
3.1970324e-09,0.0
3.21533e-05,0.0
8.6414725e-10,0.0
1.9421081e-12,0.0
7.695247e-09,0.0
3.5032777e-10,0.0
9.0451636e-08,0.0
2.5958425e-05,0.0
1.0680878e-08,0.0
6.891545e-07,0.0
3.180241e-05,0.0
5.8264117e-08,0.0
1.6646918e-07,0.0
6.941814e-11,0.0
4.531538e-10,0.0
1.6887618e-09,0.0
1.1111072e-06,0.0
3.10015e-08,0.0
1.1449391e-07,0.0
3.3914625e-07,0.0
1.3273643e-08,0.0
6.349981e-07,0.0
3.3000782e-05,0.0
7.1648046e-08,0.0
0.00013282895,0.0
5.0060135e-07,0.0
1.5367592e-08,0.0
8.276678e-07,0.0
4.0524584e-09,0.0
1.1419538e-10,0.0
7.498864e-11,0.0
1.6038944e-08,0.0
1.3191181e-09,0.0
2.4429778e-10,0.0
5.2854347e-08,0.0
1.04253495e-10,0.0
6.5880195e-06,0.0
1.397277e-09,0.0
1.0155e-07,0.0
2.799146e-07,0.0
4.118851e-09,0.0
1.2344547e-06,0.0
2.591228e-10,0.0
7.702494e-07,0.0
3.75582e-12,0.0
1.6316915e-06,0.0
1.1596433e-09,0.0
1.9758403e-08,0.0
2.0641229e-10,0.0
2.983632e-08,0.0
7.0287314e-08,0.0
1.3943544e-08,0.0
1.7400531e-10,0.0
1.9373886e-07,0.0
4.9511697e-09,0.0
3.822982e-10,0.0
3.132002e-07,0.0
1.1078698e-09,0.0
1.1616762e-08,0.0
5.4753524e-05,0.0
4.1891493e-10,0.0
1.6118252e-08,0.0
1.4360987e-05,0.0
3.7441495e-07,0.0
2.3994446e-06,0.0
1.659449e-10,0.0
1.9882052e-07,0.0
2.394429e-10,0.0
1.0656521e-08,0.0
1.6726542e-08,0.0
9.409604e-09,0.0
1.6697798e-07,0.0
3.426419e-08,0.0
3.0312414e-08,0.0
7.1606314e-06,0.0
1.32408715e-08,0.0
6.751467e-07,0.0
4.8615057e-08,0.0
2.2696272e-09,0.0
3.9020362e-10,0.0
1.6541497e-06,0.0
4.963443e-09,0.0
1.5886886e-09,0.0
1.6452428e-05,0.0
1.9495563e-09,0.0
2.436432e-05,0.0
5.925068e-07,0.0
0.00010920602,0.0
1.4550459e-09,0.0
3.7549024e-05,0.0
4.306558e-10,0.0
2.166899e-06,0.0
1.2431384e-07,0.0
9.116258e-09,0.0
3.7644163e-06,0.0
1.7047109e-08,0.0
9.637305e-07,0.0
1.827704e-06,0.0
9.503426e-10,0.0
4.542624e-06,0.0
1.38886005e-08,0.0
1.0459803e-07,0.0
1.5834189e-07,0.0
1.3112633e-10,0.0
9.289081e-08,0.0
2.6530922e-10,0.0
4.242526e-06,0.0
5.3755903e-06,0.0
2.287027e-05,0.0
5.568473e-08,0.0
1.5521318e-06,0.0
1.8207876e-07,0.0
1.18109575e-08,0.0
7.890908e-09,0.0
9.300852e-08,0.0
1.2705352e-09,0.0
1.0153005e-07,0.0
2.504292e-09,0.0
5.8138066e-06,0.0
3.0531577e-08,0.0
4.612353e-11,0.0
1.0859565e-06,0.0
3.9790788e-07,0.0
4.4196767e-08,0.0
5.7109355e-06,0.0
2.980272e-07,0.0
3.8828466e-07,0.0
1.0124096e-07,0.0
6.642473e-07,0.0
2.1338008e-06,0.0
4.1051592e-08,0.0
9.1372385e-08,0.0
3.104185e-08,0.0
3.265193e-08,0.0
1.0622176e-06,0.0
3.8269877e-06,0.0
2.5299041e-06,0.0
7.443518e-07,0.0
3.4780592e-09,0.0
2.4548888e-10,0.0
1.1987905e-10,0.0
7.7531426e-10,0.0
6.909141e-09,0.0
1.5941013e-12,0.0
5.716155e-06,0.0
1.1694749e-12,0.0
2.5145716e-14,0.0
1.8446019e-06,0.0
1.187787e-16,0.0
3.7610803e-09,0.0
4.332862e-06,0.0
1.1056787e-09,0.0
4.5234088e-15,0.0
2.3025781e-09,0.0
4.684138e-11,0.0
5.3502014e-10,0.0
5.3877345e-13,0.0
2.5187313e-12,0.0
4.9041243e-11,0.0
1.713514e-10,0.0
3.2893023e-08,0.0
6.593277e-05,0.0
2.2663276e-08,0.0
1.0199812e-09,0.0
4.0599045e-11,0.0
9.728757e-10,0.0
1.8425668e-05,0.0
2.72533e-05,0.0
9.593788e-08,0.0
3.0473661e-06,0.0
5.524035e-07,0.0
6.28923e-11,0.0
4.337811e-06,0.0
3.7916436e-08,0.0
5.8511757e-13,0.0
1.7533703e-09,0.0
2.0920952e-09,0.0
3.650306e-08,0.0
2.1378184e-09,0.0
4.305903e-09,0.0
1.979387e-07,0.0
7.557805e-08,0.0
1.7566325e-07,0.0
5.457562e-08,0.0
4.599479e-07,0.0
1.0008885e-09,0.0
2.7225047e-08,0.0
2.1957467e-07,0.0
5.2143907e-08,0.0
4.6016922e-08,0.0
7.72817e-08,0.0
4.6417819e-07,0.0
5.19094e-05,0.0
3.1833508e-11,0.0
1.2157467e-07,0.0
6.127325e-06,0.0
2.1597284e-09,0.0
5.9215005e-10,0.0
6.130425e-09,0.0
5.376584e-10,0.0
6.260667e-13,0.0
5.325383e-09,0.0
3.387039e-10,0.0
2.2956845e-09,0.0
3.9105407e-12,0.0
5.4216968e-11,0.0
5.725321e-06,0.0
1.7258998e-06,0.0
2.4635443e-07,0.0
3.5422328e-11,0.0
2.5008257e-10,0.0
3.0988847e-08,0.0
5.360122e-09,0.0
1.7635353e-10,0.0
1.1636027e-09,0.0
2.1166086e-11,0.0
6.5111823e-09,0.0
2.2958632e-06,0.0
5.0313773e-08,0.0
6.096885e-10,0.0
1.0557514e-11,0.0
2.1920035e-09,0.0
3.7552722e-10,0.0
5.740763e-09,0.0
3.173509e-05,0.0
5.5444554e-05,0.0
3.013383e-08,0.0
3.9530303e-05,0.0
2.3025781e-09,0.0
9.6447045e-11,0.0
6.95286e-05,0.0
6.3595834e-10,0.0
2.3367284e-06,0.0
4.9890003e-10,0.0
8.257811e-07,0.0
1.3962931e-10,0.0
5.497573e-09,0.0
4.972679e-10,0.0
1.6159292e-07,0.0
6.104609e-07,0.0
1.9123507e-10,0.0
4.794434e-07,0.0
8.195459e-08,0.0
6.326356e-08,0.0
1.1749319e-09,0.0
6.149283e-08,0.0
2.9587688e-09,0.0
5.9641345e-09,0.0
1.3281897e-12,0.0
1.9323813e-10,0.0
1.3282696e-10,0.0
1.4599217e-09,0.0
2.973335e-10,0.0
2.0260988e-07,0.0
1.9430803e-07,0.0
1.0651303e-11,0.0
1.1363329e-10,0.0
7.614405e-09,0.0
4.2125397e-09,0.0
1.2105566e-11,0.0
3.4337962e-13,0.0
1.7867967e-09,0.0
1.7246311e-08,0.0
1.1816275e-08,0.0
3.4320748e-09,0.0
6.9290556e-09,0.0
5.2840518e-05,0.0
3.6299787e-07,0.0
9.893694e-06,0.0
2.2945267e-07,0.0
1.6946367e-10,0.0
3.1967966e-06,0.0
7.277099e-10,0.0
0.00010619574,0.0
4.0025824e-08,0.0
2.9805134e-09,0.0
1.2668329e-09,0.0
3.2522073e-07,0.0
1.3054888e-06,0.0
5.5851457e-10,0.0
6.046504e-06,0.0
1.7796143e-08,0.0
5.6703493e-07,0.0
2.5951452e-10,0.0
9.318183e-08,0.0
5.081223e-06,0.0
4.5450333e-06,0.0
1.0991227e-05,0.0
1.1434207e-06,0.0
2.5880263e-07,0.0
2.2702238e-06,0.0
1.9219195e-05,0.0
2.4424295e-07,0.0
3.073838e-05,0.0
2.5766536e-07,0.0
5.745e-06,0.0
1.1244816e-09,0.0
8.693607e-08,0.0
1.2361717e-07,0.0
7.406046e-07,0.0
1.3292752e-07,0.0
4.956461e-09,0.0
1.0990556e-05,0.0
3.6910689e-07,0.0
1.578035e-08,0.0
1.7739777e-07,0.0
1.3992292e-09,0.0
1.6143371e-10,0.0
8.594801e-11,0.0
1.0654896e-08,0.0
1.04702864e-10,0.0
3.01241e-09,0.0
1.1611666e-08,0.0
5.3482045e-09,0.0
7.961532e-07,0.0
2.0557884e-11,0.0
7.089646e-11,0.0
2.651328e-09,0.0
1.8549358e-06,0.0
2.1006603e-05,0.0
2.3287375e-06,0.0
4.7962835e-06,0.0
8.3333236e-07,0.0
1.7581089e-09,0.0
1.9769213e-09,0.0
2.6147438e-08,0.0
2.8075578e-06,0.0
3.6852936e-05,0.0
7.931937e-09,0.0
3.377356e-10,0.0
1.3045293e-06,0.0
2.2947475e-09,0.0
2.522118e-10,0.0
3.4500827e-10,0.0
3.524657e-07,0.0
2.7675519e-08,0.0
1.4650623e-06,0.0
1.5302935e-10,0.0
1.1120473e-12,0.0
2.845935e-06,0.0
1.1294595e-06,0.0
9.460375e-08,0.0
3.3909465e-08,0.0
1.572233e-05,0.0
5.8880436e-05,0.0
4.0086834e-06,0.0
1.4084342e-06,0.0
3.3979845e-08,0.0
1.2072267e-06,0.0
4.7868678e-05,0.0
5.7371926e-06,0.0
7.008878e-08,0.0
3.9307264e-07,0.0
3.3874528e-06,0.0
5.7689016e-07,0.0
4.8412567e-09,0.0
5.063643e-10,0.0
2.2116567e-10,0.0
3.3790798e-08,0.0
4.0982786e-06,0.0
3.2110916e-07,0.0
5.865275e-10,0.0
1.5757972e-06,0.0
4.5535276e-10,0.0
1.8016563e-05,0.0
8.2724994e-10,0.0
2.1512305e-09,0.0
5.827765e-09,0.0
4.050333e-09,0.0
2.5718931e-09,0.0
9.182134e-07,0.0
4.1264394e-07,0.0
1.0392453e-10,0.0
2.2026527e-13,0.0
1.0531032e-10,0.0
1.4116236e-10,0.0
4.1465342e-09,0.0
7.133371e-09,0.0
6.420266e-10,0.0
9.331012e-05,0.0
1.4002971e-07,0.0
8.60713e-09,0.0
8.63723e-06,0.0
1.4452206e-10,0.0
2.3012808e-07,0.0
2.2346381e-07,0.0
2.844837e-07,0.0
6.2635714e-05,0.0
1.4193129e-06,0.0
1.4954724e-09,0.0
1.33047e-07,0.0
2.9489716e-05,0.0
4.2909606e-11,0.0
4.6890145e-09,0.0
3.4291453e-08,0.0
1.552154e-08,0.0
7.422999e-08,0.0
3.7625942e-09,0.0
7.6254046e-06,0.0
3.399931e-07,0.0
9.339736e-07,0.0
2.5560436e-07,0.0
1.574916e-07,0.0
8.973678e-08,0.0
4.133058e-08,0.0
6.638487e-06,0.0
4.4703782e-07,0.0
8.3246977e-07,0.0
7.758387e-08,0.0
8.780579e-08,0.0
6.134461e-07,0.0
8.751615e-09,0.0
1.3332135e-07,0.0
3.425112e-08,0.0
8.114631e-06,0.0
2.0829682e-10,0.0
1.2496219e-08,0.0
8.8304974e-11,0.0
6.4519257e-10,0.0
8.2687215e-08,0.0
1.6832266e-10,0.0
2.5587614e-12,0.0
4.2901156e-12,0.0
2.9492136e-05,0.0
4.548567e-08,0.0
1.8894377e-09,0.0
2.865695e-07,0.0
1.316376e-09,0.0
1.2090758e-10,0.0
1.3675462e-09,0.0
4.8660764e-09,0.0
5.996775e-07,0.0
1.8879067e-09,0.0
1.3088977e-09,0.0
7.90026e-09,0.0
4.009528e-08,0.0
8.964146e-07,0.0
5.84894e-07,0.0
3.7334613e-10,0.0
9.1110725e-10,0.0
2.3261602e-08,0.0
1.5711206e-09,0.0
5.6514835e-08,0.0
7.662082e-07,0.0
1.178436e-08,0.0
1.4728033e-10,0.0
3.943319e-11,0.0
4.7041895e-09,0.0
6.5476186e-10,0.0
5.2679553e-07,0.0
5.062743e-07,0.0
8.879517e-06,0.0
1.2743178e-07,0.0
4.4001482e-07,0.0
3.0782645e-09,0.0
2.9340097e-08,0.0
5.901884e-07,0.0
9.68322e-09,0.0
4.186803e-09,0.0
2.0511433e-07,0.0
1.3992725e-08,0.0
9.3538474e-05,0.0
2.1352787e-06,0.0
9.389189e-08,0.0
7.0143113e-07,0.0
2.0457953e-10,0.0
7.7752377e-10,0.0
3.4216058e-08,0.0
4.351328e-09,0.0
1.8697444e-10,0.0
4.862363e-10,0.0
0.000106215586,0.0
2.98335e-10,0.0
6.818105e-09,0.0
5.534676e-11,0.0
2.6265539e-09,0.0
3.1243214e-08,0.0
3.7560958e-14,0.0
2.6987067e-12,0.0
2.6123063e-08,0.0
1.1569177e-08,0.0
6.850256e-11,0.0
1.198526e-07,0.0
8.1874075e-13,0.0
9.707274e-10,0.0
5.172458e-07,0.0
4.5164873e-07,0.0
3.1581425e-08,0.0
6.7098334e-11,0.0
1.7578516e-08,0.0
5.0854447e-12,0.0
1.3439287e-11,0.0
4.5642077e-09,0.0
2.541246e-09,0.0
9.0488953e-07,0.0
2.6147412e-10,0.0
9.8853e-06,0.0
1.0754116e-09,0.0
1.7905222e-09,0.0
1.1587584e-10,0.0
8.542137e-05,0.0
1.2565721e-12,0.0
6.3325736e-08,0.0
6.447285e-07,0.0
4.872374e-05,0.0
4.2820005e-07,0.0
3.9998273e-08,0.0
8.22989e-08,0.0
3.0642187e-08,0.0
2.8779704e-07,0.0
3.0911394e-08,0.0
1.1131584e-06,0.0
1.8996334e-07,0.0
2.814171e-08,0.0
5.2390396e-06,0.0
7.235196e-05,0.0
3.02665e-07,0.0
4.7956866e-05,0.0
1.5761819e-08,0.0
3.318561e-08,0.0
4.625085e-10,0.0
1.272854e-09,0.0
1.9035876e-10,0.0
3.6813486e-09,0.0
1.03644426e-10,0.0
1.5801975e-08,0.0
5.0607035e-08,0.0
5.3669254e-07,0.0
2.5410232e-09,0.0
3.9110187e-08,0.0
2.9870883e-08,0.0
1.0161112e-09,0.0
7.203185e-08,0.0
3.4341524e-06,0.0
1.1164403e-08,0.0
4.1916348e-10,0.0
2.2829975e-07,0.0
3.1269537e-06,0.0
1.0505033e-10,0.0
1.6063245e-09,0.0
3.3498654e-10,0.0
1.41772585e-08,0.0
5.472554e-07,0.0
1.08333315e-10,0.0
1.4279535e-09,0.0
0.00010548393,0.0
4.9931085e-08,0.0
2.8854165e-08,0.0
7.8644225e-06,0.0
9.4199706e-08,0.0
1.1722867e-08,0.0
4.8960236e-10,0.0
1.4977233e-07,0.0
6.444307e-08,0.0
3.0231335e-09,0.0
1.342927e-07,0.0
9.938068e-09,0.0
2.1557158e-09,0.0
3.7343467e-05,0.0
4.8168397e-07,0.0
5.9633465e-10,0.0
2.5535374e-10,0.0
6.070415e-07,0.0
9.148247e-07,0.0
2.2830618e-06,0.0
8.770983e-09,0.0
9.680165e-07,0.0
1.360571e-09,0.0
3.9809865e-06,0.0
5.865499e-06,0.0
1.1758944e-08,0.0
3.88448e-07,0.0
9.630804e-08,0.0
4.452115e-08,0.0
6.177296e-08,0.0
6.634183e-06,0.0
3.7066616e-14,0.0
3.616842e-10,0.0
7.5855255e-10,0.0
1.1784462e-06,0.0
1.7961096e-07,0.0
3.8162398e-08,0.0
4.0703934e-08,0.0
4.714227e-11,0.0
2.4041923e-12,0.0
1.2026105e-10,0.0
1.002567e-07,0.0
1.395404e-10,0.0
2.5231057e-09,0.0
2.9013389e-11,0.0
5.579929e-10,0.0
2.3675459e-05,0.0
2.795463e-06,0.0
1.223251e-06,0.0
1.8615202e-07,0.0
1.5744972e-05,0.0
7.2820567e-06,0.0
1.8457913e-10,0.0
8.5644986e-10,0.0
2.5871811e-08,0.0
9.768958e-10,0.0
6.172114e-08,0.0
2.4846665e-07,0.0
2.4792716e-11,0.0
2.622059e-09,0.0
3.462214e-09,0.0
2.062067e-08,0.0
6.52246e-08,0.0
2.5584053e-12,0.0
1.346148e-07,0.0
2.0357412e-10,0.0
1.5680737e-08,0.0
7.1729614e-06,0.0
3.7909892e-10,0.0
3.5454896e-08,0.0
5.505e-10,0.0
1.3081764e-05,0.0
6.3060295e-09,0.0
4.2708237e-08,0.0
4.5146635e-06,0.0
8.643344e-08,0.0
6.4491917e-07,0.0
3.0023504e-08,0.0
6.511812e-10,0.0
6.975195e-05,0.0
2.5301745e-06,0.0
9.133754e-08,0.0
3.085598e-07,0.0
7.712586e-09,0.0
5.0435452e-14,0.0
9.698285e-09,0.0
4.4784362e-10,0.0
1.160322e-10,0.0
7.186394e-10,0.0
6.3623284e-09,0.0
1.1200138e-10,0.0
1.0515592e-11,0.0
5.022788e-11,0.0
1.0610199e-06,0.0
3.513625e-09,0.0
2.4196822e-08,0.0
1.0085337e-07,0.0
1.8732829e-09,0.0
9.949646e-11,0.0
3.3408684e-10,0.0
2.2725456e-10,0.0
4.1141348e-06,0.0
5.374964e-10,0.0
1.076013e-05,0.0
1.0028668e-08,0.0
1.197243e-11,0.0
2.7825799e-11,0.0
1.9098838e-09,0.0
1.1542062e-09,0.0
1.7672747e-08,0.0
8.974624e-07,0.0
7.229113e-07,0.0
2.1573562e-06,0.0
4.8311403e-08,0.0
1.9994789e-07,0.0
3.7095017e-08,0.0
8.911749e-07,0.0
5.3386953e-09,0.0
2.8142782e-08,0.0
2.745322e-09,0.0
7.166157e-12,0.0
3.7881037e-07,0.0
3.5868772e-09,0.0
1.573102e-06,0.0
2.4420244e-05,0.0
6.123916e-07,0.0
5.0683906e-05,0.0
1.6586131e-07,0.0
2.2159057e-09,0.0
3.1629643e-05,0.0
1.6378449e-08,0.0
2.4262345e-05,0.0
1.2117655e-06,0.0
1.02264845e-08,0.0
9.839241e-08,0.0
2.8215748e-06,0.0
3.4418083e-06,0.0
3.0429241e-09,0.0
6.4894795e-07,0.0
1.454452e-09,0.0
1.12116485e-08,0.0
1.4716732e-08,0.0
1.0325089e-08,0.0
3.1547804e-06,0.0
2.8484e-06,0.0
1.1455283e-08,0.0
1.6578318e-07,0.0
1.2341003e-08,0.0
3.1870404e-06,0.0
3.963303e-10,0.0
8.6859897e-10,0.0
5.0939616e-07,0.0
3.5467373e-10,0.0
1.3831439e-09,0.0
3.9838003e-08,0.0
4.396306e-07,0.0
2.6165188e-05,0.0
1.6423227e-10,0.0
2.2428011e-08,0.0
7.2749756e-10,0.0
9.429434e-10,0.0
4.9021264e-06,0.0
1.4394456e-07,0.0
2.981055e-08,0.0
1.4262367e-08,0.0
1.585511e-08,0.0
2.9901022e-09,0.0
7.784706e-06,0.0
3.059019e-06,0.0
8.439156e-09,0.0
2.6809404e-08,0.0
4.052829e-09,0.0
7.732007e-05,0.0
0.00011100259,0.0
1.03409405e-07,0.0
7.079465e-09,0.0
5.812781e-08,0.0
2.7400802e-09,0.0
1.15639764e-07,0.0
1.5302564e-09,0.0
2.7902956e-08,0.0
1.2506896e-05,0.0
2.1068995e-09,0.0
7.663068e-07,0.0
2.1630224e-09,0.0
5.1218812e-08,0.0
9.84692e-08,0.0
1.7257327e-07,0.0
4.6279666e-08,0.0
2.2563223e-07,0.0
1.662183e-06,0.0
1.8192767e-06,0.0
2.3347924e-08,0.0
6.757109e-11,0.0
1.3407258e-11,0.0
9.134817e-06,0.0
7.677365e-08,0.0
3.5616634e-07,0.0
8.547938e-09,0.0
1.6741224e-08,0.0
1.2551966e-09,0.0
1.0776992e-09,0.0
3.721104e-07,0.0
2.353524e-10,0.0
2.9285946e-10,0.0
3.8410698e-11,0.0
2.5127623e-08,0.0
5.961811e-10,0.0
3.495547e-07,0.0
7.353318e-11,0.0
2.0853585e-07,0.0
3.4826874e-12,0.0
1.9233193e-08,0.0
2.1751036e-12,0.0
5.8209854e-10,0.0
1.6315924e-09,0.0
3.9483658e-07,0.0
2.9991638e-11,0.0
3.6961215e-10,0.0
2.5984031e-11,0.0
1.418047e-09,0.0
8.6429885e-10,0.0
1.1659714e-12,0.0
2.0599973e-06,0.0
2.437765e-06,0.0
7.936553e-09,0.0
1.7589157e-07,0.0
7.7329176e-08,0.0
5.4268107e-10,0.0
8.368367e-14,0.0
3.2980124e-10,0.0
6.03501e-10,0.0
1.2630355e-07,0.0
5.8144303e-07,0.0
2.4825923e-12,0.0
3.1337393e-08,0.0
7.043118e-06,0.0
1.1642132e-09,0.0
4.0436966e-08,0.0
1.7438136e-07,0.0
2.6383697e-08,0.0
1.281832e-09,0.0
2.1716467e-08,0.0
5.4892464e-08,0.0
3.702073e-08,0.0
1.3571098e-07,0.0
1.0927118e-05,0.0
1.666381e-08,0.0
9.425581e-11,0.0
7.3370323e-09,0.0
2.8596858e-09,0.0
3.9605055e-07,0.0
7.134088e-10,0.0
1.3102428e-07,0.0
9.7771835e-09,0.0
3.556129e-12,0.0
1.448511e-05,0.0
2.138013e-10,0.0
1.1761286e-10,0.0
3.885695e-11,0.0
6.595824e-07,0.0
6.156218e-08,0.0
7.2324747e-06,0.0
6.3058814e-10,0.0
2.1863822e-10,0.0
1.5192625e-10,0.0
1.2290147e-08,0.0
4.9911905e-06,0.0
1.0497867e-09,0.0
6.033284e-10,0.0
2.7228149e-09,0.0
2.1174851e-07,0.0
2.3222224e-09,0.0
3.6095543e-08,0.0
3.7577513e-10,0.0
6.395455e-10,0.0
1.4473281e-10,0.0
1.1089301e-07,0.0
1.2690142e-09,0.0
8.135719e-07,0.0
1.505554e-07,0.0
1.0634374e-07,0.0
3.4956505e-05,0.0
4.6264837e-08,0.0
2.6569698e-11,0.0
2.5694786e-05,0.0
2.0994344e-09,0.0
4.515445e-07,0.0
1.8094458e-09,0.0
1.8948387e-07,0.0
1.5314126e-09,0.0
4.2365457e-08,0.0
1.9345619e-07,0.0
1.8310745e-10,0.0
1.5427983e-07,0.0
2.7063347e-09,0.0
8.624077e-08,0.0
4.490347e-08,0.0
1.1997731e-08,0.0
8.2031765e-10,0.0
1.6203018e-08,0.0
8.2957975e-08,0.0
1.00785485e-07,0.0
2.5142543e-11,0.0
8.722244e-11,0.0
7.2053695e-08,0.0
2.0104445e-09,0.0
5.4689284e-05,0.0
4.4544358e-11,0.0
6.116313e-10,0.0
2.0110917e-10,0.0
4.776049e-08,0.0
4.8977935e-12,0.0
2.8597172e-10,0.0
9.678839e-10,0.0
1.32492645e-11,0.0
2.8909525e-12,0.0
0.9996931,1.0
0.9998037,1.0
0.9997257,1.0
0.999923,1.0
0.99998856,1.0
0.9998172,1.0
0.99975383,1.0
1.0,1.0
0.9998231,1.0
0.9996985,1.0
0.99993885,1.0
0.9999591,1.0
0.99994826,1.0
0.99979615,1.0
0.9997937,1.0
0.99989146,1.0
0.9999347,1.0
0.9997386,1.0
0.99983096,1.0
0.999905,1.0
0.9996851,1.0
0.9999982,1.0
0.9996251,1.0
0.99985206,1.0
0.99957937,1.0
0.99966145,1.0
0.9999382,1.0
0.99965286,1.0
0.999502,1.0
0.9997864,1.0
0.9996815,1.0
0.99950737,1.0
0.9996697,1.0
0.9998008,1.0
0.99964184,1.0
0.99988294,1.0
0.9993243,1.0
0.9994843,1.0
0.9996363,1.0
0.99965185,1.0
0.9997442,1.0
0.9999988,1.0
0.99958277,1.0
0.9996378,1.0
0.999655,1.0
0.9997717,1.0
0.9994968,1.0
0.9997574,1.0
0.9999225,1.0
0.99965227,1.0
0.9998932,1.0
0.9999957,1.0
0.99976027,1.0
0.9999928,1.0
0.99941707,1.0
0.9996828,1.0
0.99989295,1.0
0.9995855,1.0
0.999951,1.0
0.9998392,1.0
0.99998975,1.0
0.99966234,1.0
0.9997028,1.0
0.9997157,1.0
0.9996781,1.0
0.99971366,1.0
0.9996836,1.0
0.9998977,1.0
0.99985945,1.0
0.9996954,1.0
0.99977577,1.0
0.99986243,1.0
0.99976003,1.0
0.9998171,1.0
0.9990852,1.0
0.99985695,1.0
0.9999185,1.0
0.9996614,1.0
0.9997008,1.0
0.999809,1.0
0.9999281,1.0
0.99930483,1.0
0.99912167,1.0
0.9991994,1.0
0.9994439,1.0
0.9995134,1.0
0.99926937,1.0
0.99932575,1.0
0.9993546,1.0
0.9993516,1.0
0.999391,1.0
5.6342524e-06,0.0
3.726294e-08,0.0
7.093526e-08,0.0
3.1427473e-12,0.0
1.1698855e-08,0.0
2.7248907e-07,0.0
1.5044666e-10,0.0
4.627814e-09,0.0
1.8329345e-05,0.0
3.2359416e-08,0.0
1.7696647e-06,0.0
8.663875e-12,0.0
8.198819e-12,0.0
8.86566e-09,0.0
3.1090006e-09,0.0
3.6102053e-06,0.0
8.696128e-06,0.0
1.400083e-06,0.0
1.7047191e-06,0.0
2.3868019e-09,0.0
3.1031755e-10,0.0
4.0576514e-11,0.0
2.907692e-08,0.0
9.50906e-11,0.0
7.9088715e-12,0.0
2.1532492e-10,0.0
7.077251e-09,0.0
1.3048948e-12,0.0
8.861767e-10,0.0
2.4903168e-09,0.0
3.97022e-09,0.0
2.0864206e-09,0.0
6.2186956e-08,0.0
3.79812e-09,0.0
1.8902028e-08,0.0
2.985351e-08,0.0
1.7995928e-08,0.0
1.1509685e-08,0.0
2.5010715e-06,0.0
2.367171e-09,0.0
8.949726e-09,0.0
7.956791e-08,0.0
5.972499e-06,0.0
9.4662e-09,0.0
2.6414195e-09,0.0
1.1811859e-06,0.0
2.0592637e-07,0.0
4.392911e-07,0.0
8.3997676e-08,0.0
3.938306e-07,0.0
3.2902986e-05,0.0
7.5900164e-07,0.0
2.3388218e-08,0.0
3.028612e-08,0.0
5.9351066e-07,0.0
3.1380903e-10,0.0
9.613694e-07,0.0
9.051601e-08,0.0
3.0236553e-11,0.0
2.6459518e-06,0.0
6.340095e-14,0.0
4.1144697e-09,0.0
6.072791e-10,0.0
7.0832396e-11,0.0
5.517293e-12,0.0
1.5508207e-10,0.0
2.4169008e-08,0.0
5.50663e-09,0.0
9.512662e-09,0.0
1.963366e-10,0.0
4.3710763e-05,0.0
4.339726e-12,0.0
9.87607e-09,0.0
1.75575e-05,0.0
2.1531108e-07,0.0
3.9975429e-10,0.0
3.3373864e-09,0.0
2.1877025e-08,0.0
1.7363284e-08,0.0
3.221849e-09,0.0
4.0689805e-08,0.0
9.170211e-06,0.0
1.6433642e-05,0.0
3.6890574e-10,0.0
1.4770914e-09,0.0
2.3665458e-05,0.0
5.148204e-06,0.0
1.8255118e-05,0.0
5.2609215e-09,0.0
7.277523e-08,0.0
6.797497e-13,0.0
3.201315e-06,0.0
1.2422395e-10,0.0
9.106125e-13,0.0
8.4563355e-12,0.0
3.425424e-05,0.0
1.3431563e-05,0.0
2.613167e-09,0.0
6.372999e-07,0.0
7.430318e-09,0.0
1.2589479e-07,0.0
4.716894e-09,0.0
7.901134e-09,0.0
4.2902454e-07,0.0
1.6000101e-09,0.0
2.8160527e-10,0.0
5.6155276e-09,0.0
7.0402166e-08,0.0
1.6979612e-08,0.0
0.00010028918,0.0
1.7904225e-06,0.0
2.742628e-08,0.0
3.3792426e-07,0.0
3.0337444e-09,0.0
5.9521028e-08,0.0
8.180142e-11,0.0
9.188594e-10,0.0
1.613346e-10,0.0
2.0781734e-11,0.0
1.4185888e-06,0.0
7.543307e-07,0.0
1.892353e-08,0.0
3.2147347e-09,0.0
6.1601266e-09,0.0
9.557428e-07,0.0
6.624244e-10,0.0
2.0759519e-10,0.0
6.7895496e-07,0.0
1.0332235e-09,0.0
4.192379e-06,0.0
1.2892509e-10,0.0
1.0118724e-08,0.0
5.0906928e-09,0.0
1.0524663e-07,0.0
4.969624e-07,0.0
2.38974e-09,0.0
1.10665454e-07,0.0
1.0286616e-09,0.0
1.2317245e-09,0.0
9.853059e-09,0.0
1.52343e-09,0.0
9.008675e-09,0.0
2.2463098e-06,0.0
5.553796e-07,0.0
7.5142303e-10,0.0
6.831565e-09,0.0
5.8965957e-09,0.0
1.7340193e-05,0.0
1.0074608e-11,0.0
7.7977155e-08,0.0
4.385692e-08,0.0
2.2731094e-06,0.0
3.735048e-07,0.0
2.4512195e-07,0.0
1.9300747e-07,0.0
2.0904718e-09,0.0
4.8829538e-08,0.0
7.503664e-09,0.0
2.1280445e-07,0.0
9.7922775e-06,0.0
6.4175325e-11,0.0
7.0926467e-06,0.0
1.6012866e-05,0.0
1.074751e-06,0.0
0.00011657026,0.0
5.8479716e-10,0.0
6.4873937e-09,0.0
3.9762066e-13,0.0
1.8344284e-12,0.0
4.855017e-07,0.0
3.2882058e-11,0.0
2.5308236e-08,0.0
2.4327588e-07,0.0
8.772593e-12,0.0
8.1604445e-11,0.0
2.3996007e-13,0.0
6.405032e-12,0.0
8.589606e-11,0.0
4.1161986e-08,0.0
1.4400174e-10,0.0
3.7398883e-11,0.0
6.437751e-14,0.0
2.9368329e-07,0.0
3.5730096e-05,0.0
6.641433e-11,0.0
3.282848e-11,0.0
5.4176885e-10,0.0
1.7192619e-11,0.0
7.252197e-07,0.0
1.3507795e-08,0.0
6.732072e-08,0.0
1.8135644e-09,0.0
1.2211781e-07,0.0
5.2920523e-08,0.0
5.5235316e-10,0.0
8.758346e-05,0.0
1.8789243e-07,0.0
3.8489354e-09,0.0
1.7046197e-08,0.0
4.8317762e-08,0.0
1.5961634e-09,0.0
3.3293373e-09,0.0
2.6403152e-10,0.0
3.6302482e-11,0.0
1.7359113e-08,0.0
6.44313e-07,0.0
3.8518846e-07,0.0
2.1131893e-06,0.0
7.38817e-07,0.0
5.3180568e-08,0.0
4.5563928e-07,0.0
8.606597e-07,0.0
6.8730026e-07,0.0
0.00012615323,0.0
1.3070678e-07,0.0
1.3102178e-07,0.0
5.9624403e-05,0.0
1.297175e-06,0.0
2.6499254e-07,0.0
7.2823866e-07,0.0
6.267634e-05,0.0
6.9102653e-06,0.0
8.246317e-10,0.0
1.923666e-06,0.0
1.4444697e-08,0.0
2.3506797e-10,0.0
4.801365e-09,0.0
1.3976842e-06,0.0
1.16213e-09,0.0
1.1964195e-10,0.0
7.0673765e-09,0.0
2.4921307e-10,0.0
1.4629872e-10,0.0
1.3175114e-09,0.0
2.1985271e-09,0.0
2.106765e-11,0.0
3.010463e-09,0.0
2.404962e-09,0.0
8.335354e-08,0.0
9.788879e-06,0.0
6.913719e-08,0.0
7.5316757e-07,0.0
9.248063e-09,0.0
4.55336e-11,0.0
4.8282805e-06,0.0
1.4138467e-10,0.0
4.904417e-10,0.0
8.538821e-11,0.0
1.615956e-08,0.0
1.1542552e-08,0.0
3.1475167e-08,0.0
1.3941226e-05,0.0
5.208623e-09,0.0
8.168836e-06,0.0
4.0884876e-10,0.0
3.1892444e-08,0.0
3.243273e-10,0.0
2.969062e-10,0.0
5.4257893e-05,0.0
1.2407099e-06,0.0
2.6364705e-10,0.0
5.8379672e-05,0.0
2.878729e-10,0.0
1.52228e-05,0.0
0.00015467405,0.0
8.525847e-08,0.0
1.8220288e-06,0.0
2.215818e-08,0.0
7.975789e-07,0.0
2.8212412e-06,0.0
5.916486e-07,0.0
1.1114091e-08,0.0
9.560086e-08,0.0
3.7075796e-07,0.0
1.8741193e-05,0.0
1.4131094e-08,0.0
4.298614e-10,0.0
5.2071745e-12,0.0
4.7349014e-10,0.0
3.964452e-10,0.0
1.7042377e-10,0.0
4.8288832e-08,0.0
9.520813e-09,0.0
3.959536e-12,0.0
5.8586884e-14,0.0
2.6571194e-09,0.0
6.99681e-10,0.0
2.8050687e-10,0.0
1.5910107e-10,0.0
1.123944e-08,0.0
9.973992e-06,0.0
1.576242e-08,0.0
1.4021767e-08,0.0
2.516208e-10,0.0
6.184426e-05,0.0
1.0891753e-11,0.0
3.0591718e-09,0.0
3.0216044e-10,0.0
5.4465463e-09,0.0
1.0123815e-09,0.0
3.0635101e-09,0.0
1.3454934e-07,0.0
8.2134704e-08,0.0
6.3568217e-09,0.0
4.209315e-07,0.0
2.5917842e-08,0.0
4.430332e-10,0.0
4.196877e-09,0.0
1.3531783e-07,0.0
1.8702401e-10,0.0
7.378348e-05,0.0
1.40322545e-08,0.0
5.499786e-13,0.0
2.142472e-07,0.0
8.422729e-11,0.0
1.0102073e-06,0.0
8.849082e-10,0.0
2.735232e-07,0.0
1.00582696e-07,0.0
1.3764719e-06,0.0
1.4693298e-06,0.0
4.9613252e-08,0.0
1.0224281e-08,0.0
7.104518e-05,0.0
3.134494e-07,0.0
9.1165276e-07,0.0
8.656505e-09,0.0
6.191156e-08,0.0
6.5499734e-08,0.0
9.056471e-08,0.0
3.6514252e-09,0.0
2.0012874e-07,0.0
1.2294102e-09,0.0
2.5983634e-11,0.0
1.5619679e-06,0.0
6.875664e-11,0.0
2.1250157e-06,0.0
5.9357514e-09,0.0
2.5923332e-06,0.0
2.1359058e-10,0.0
1.0311165e-10,0.0
5.091312e-10,0.0
8.241615e-10,0.0
5.389843e-05,0.0
9.939241e-13,0.0
3.5463055e-13,0.0
7.436748e-11,0.0
9.903392e-11,0.0
1.3359952e-06,0.0
3.335373e-05,0.0
3.2197973e-09,0.0
6.6174377e-10,0.0
1.6634143e-05,0.0
3.7084438e-10,0.0
3.210701e-10,0.0
1.694694e-11,0.0
3.752883e-09,0.0
1.4188696e-07,0.0
3.364717e-05,0.0
2.7948334e-12,0.0
1.9092313e-06,0.0
6.311315e-08,0.0
5.1657164e-08,0.0
5.4241847e-09,0.0
1.3667964e-11,0.0
1.9320147e-08,0.0
9.8224035e-08,0.0
1.8084262e-11,0.0
8.27394e-09,0.0
4.1654522e-07,0.0
7.8083456e-11,0.0
2.647528e-09,0.0
1.2069634e-09,0.0
0.00010447816,0.0
1.2812698e-09,0.0
5.4852117e-06,0.0
1.2097436e-08,0.0
5.756135e-09,0.0
9.000654e-09,0.0
1.894752e-07,0.0
2.6214952e-08,0.0
8.655118e-09,0.0
9.0833026e-08,0.0
5.9931987e-10,0.0
9.925172e-08,0.0
2.0166212e-08,0.0
5.087198e-09,0.0
2.4278313e-09,0.0
1.2582631e-08,0.0
1.582071e-07,0.0
2.6269186e-06,0.0
7.500513e-10,0.0
9.416727e-10,0.0
3.0681488e-08,0.0
3.0166466e-06,0.0
1.9090862e-09,0.0
8.77602e-09,0.0
1.9813399e-07,0.0
1.2157451e-06,0.0
1.6411205e-06,0.0
6.1272103e-09,0.0
1.6710971e-09,0.0
5.110437e-07,0.0
4.5813483e-08,0.0
8.302378e-09,0.0
7.3892057e-09,0.0
1.7322327e-05,0.0
1.8815925e-07,0.0
1.1108974e-06,0.0
3.3876415e-09,0.0
4.7945176e-10,0.0
4.6469104e-09,0.0
9.910331e-10,0.0
2.4896533e-08,0.0
7.295764e-10,0.0
3.3744635e-07,0.0
1.398749e-07,0.0
1.4897041e-06,0.0
7.713867e-05,0.0
0.00015026331,0.0
2.356002e-11,0.0
1.499996e-11,0.0
1.1655869e-06,0.0
2.5873636e-08,0.0
8.509354e-05,0.0
1.4547413e-08,0.0
6.808872e-07,0.0
3.9657397e-09,0.0
4.9135537e-07,0.0
2.4547908e-06,0.0
6.687918e-08,0.0
3.1115192e-07,0.0
3.81993e-09,0.0
2.8404197e-06,0.0
1.4646662e-07,0.0
4.8277803e-07,0.0
1.9392427e-07,0.0
3.6146805e-06,0.0
2.7312947e-08,0.0
2.7219908e-06,0.0
3.5006592e-10,0.0
3.1181507e-10,0.0
8.441716e-09,0.0
2.4199845e-10,0.0
1.05638e-07,0.0
1.5984263e-10,0.0
1.15167836e-07,0.0
1.9316755e-12,0.0
1.1559796e-09,0.0
1.1307559e-08,0.0
1.4128406e-07,0.0
7.2921785e-07,0.0
3.7684018e-05,0.0
2.5772323e-08,0.0
2.7469237e-06,0.0
1.147195e-07,0.0
3.8030112e-10,0.0
1.1756179e-09,0.0
1.4256621e-09,0.0
4.8146945e-11,0.0
1.7114685e-11,0.0
5.143034e-05,0.0
1.261402e-07,0.0
1.7805981e-09,0.0
7.770765e-07,0.0
5.5507476e-10,0.0
4.5609376e-08,0.0
1.470644e-11,0.0
3.4439324e-08,0.0
3.5914383e-08,0.0
7.291438e-06,0.0
4.35489e-09,0.0
8.1516674e-08,0.0
4.5490553e-05,0.0
4.6763702e-08,0.0
9.417485e-13,0.0
2.5275056e-11,0.0
5.5712565e-08,0.0
4.992154e-09,0.0
6.066408e-06,0.0
4.1842227e-06,0.0
3.3470888e-09,0.0
3.768606e-09,0.0
7.035451e-08,0.0
3.2241238e-07,0.0
2.859588e-07,0.0
5.0551156e-05,0.0
9.672709e-05,0.0
1.1359544e-05,0.0
6.719869e-05,0.0
8.703097e-08,0.0
5.4995087e-07,0.0
3.011889e-08,0.0
6.5910044e-08,0.0
5.4225504e-09,0.0
3.6105249e-12,0.0
2.8771046e-06,0.0
3.013887e-13,0.0
1.018713e-10,0.0
3.6742857e-12,0.0
1.3699035e-09,0.0
2.7781069e-09,0.0
6.5423313e-12,0.0
1.2804536e-13,0.0
1.4480001e-05,0.0
2.6880945e-11,0.0
4.2720765e-09,0.0
8.9578167e-10,0.0
2.9714414e-10,0.0
8.538646e-10,0.0
2.1141103e-08,0.0
8.316293e-09,0.0
2.4528497e-05,0.0
7.6196054e-13,0.0
6.1375595e-06,0.0
1.5210458e-06,0.0
8.688197e-13,0.0
9.875598e-09,0.0
4.3380295e-12,0.0
2.8594197e-12,0.0
2.3395166e-09,0.0
6.184862e-07,0.0
2.367124e-14,0.0
4.1768762e-11,0.0
2.3615268e-11,0.0
1.3546553e-11,0.0
3.3277172e-06,0.0
2.6798525e-11,0.0
4.8681233e-11,0.0
7.9987853e-07,0.0
1.5412424e-07,0.0
2.3178472e-08,0.0
2.6343935e-07,0.0
4.1976054e-09,0.0
3.1651697e-07,0.0
7.609226e-08,0.0
1.8672052e-08,0.0
1.0744342e-08,0.0
8.424413e-08,0.0
2.096941e-09,0.0
6.9089565e-09,0.0
4.3852384e-09,0.0
1.07407416e-07,0.0
5.271883e-08,0.0
1.8077419e-05,0.0
5.6460532e-08,0.0
1.6468729e-08,0.0
1.4673029e-07,0.0
1.240801e-08,0.0
7.1247537e-06,0.0
2.5189658e-07,0.0
1.5391994e-05,0.0
7.758905e-08,0.0
4.5037623e-06,0.0
5.41164e-05,0.0
4.917568e-10,0.0
3.753205e-09,0.0
1.1904852e-10,0.0
5.8898995e-06,0.0
1.1548289e-06,0.0
1.2676518e-06,0.0
5.114621e-07,0.0
7.4498345e-08,0.0
1.0373387e-09,0.0
6.774472e-09,0.0
1.2228843e-07,0.0
9.882147e-07,0.0
4.1799625e-10,0.0
7.5617675e-07,0.0
2.1667015e-09,0.0
5.9983113e-06,0.0
3.3736223e-06,0.0
1.7759454e-08,0.0
5.010529e-08,0.0
4.3429748e-07,0.0
4.399097e-08,0.0
1.0734909e-10,0.0
2.1395197e-05,0.0
2.3985282e-07,0.0
5.2102425e-09,0.0
1.7226594e-07,0.0
4.5212192e-07,0.0
1.8809759e-10,0.0
4.8489693e-07,0.0
1.1177395e-09,0.0
2.0129452e-10,0.0
1.908818e-06,0.0
2.1078144e-05,0.0
2.9956277e-09,0.0
1.723458e-07,0.0
2.3930563e-05,0.0
8.3280494e-05,0.0
1.512391e-05,0.0
4.6437767e-06,0.0
9.649269e-07,0.0
0.00033721328,0.0
2.0215652e-05,0.0
5.683627e-06,0.0
1.4078473e-06,0.0
2.8564344e-07,0.0
8.361022e-08,0.0
9.649555e-07,0.0
1.8087266e-07,0.0
1.375956e-08,0.0
1.1359505e-08,0.0
4.6123403e-09,0.0
1.5308343e-09,0.0
3.593862e-09,0.0
5.048043e-09,0.0
1.4137132e-08,0.0
1.9804482e-07,0.0
3.6073344e-10,0.0
1.4971364e-07,0.0
3.8110826e-08,0.0
1.3996582e-10,0.0
4.2358586e-08,0.0
7.628608e-09,0.0
6.795855e-08,0.0
3.8871686e-08,0.0
2.0328078e-10,0.0
1.4904857e-06,0.0
3.6152215e-10,0.0
3.5713515e-10,0.0
3.7414296e-07,0.0
2.425834e-07,0.0
4.0703533e-05,0.0
1.220327e-09,0.0
1.2355365e-05,0.0
7.121883e-09,0.0
2.9693583e-05,0.0
5.8318095e-10,0.0
1.2412436e-08,0.0
1.9695746e-07,0.0
3.723644e-08,0.0
7.676981e-09,0.0
4.5099147e-09,0.0
3.8541092e-08,0.0
1.100749e-08,0.0
1.365092e-08,0.0
6.7591805e-12,0.0
2.21176e-08,0.0
4.4131423e-07,0.0
4.4518202e-07,0.0
3.818779e-09,0.0
7.991191e-09,0.0
1.851426e-06,0.0
1.8690662e-07,0.0
1.1192867e-08,0.0
2.6679634e-06,0.0
1.9489207e-07,0.0
1.3283571e-08,0.0
3.0797992e-06,0.0
6.412101e-07,0.0
1.6417953e-06,0.0
3.008094e-08,0.0
3.9874646e-08,0.0
4.736948e-06,0.0
6.647391e-07,0.0
2.0408542e-13,0.0
2.331636e-09,0.0
5.0533614e-05,0.0
1.3262584e-08,0.0
6.3065553e-10,0.0
6.047593e-10,0.0
1.8094509e-11,0.0
5.4414823e-08,0.0
1.5792844e-08,0.0
1.0244617e-05,0.0
2.410345e-12,0.0
6.256692e-13,0.0
2.2961028e-07,0.0
7.612681e-08,0.0
4.2664334e-09,0.0
8.2223184e-10,0.0
1.2611224e-06,0.0
1.605277e-09,0.0
9.671854e-12,0.0
6.318966e-11,0.0
3.1214115e-10,0.0
3.5627518e-10,0.0
1.098309e-06,0.0
5.159434e-08,0.0
6.042964e-08,0.0
3.5324785e-10,0.0
7.00185e-08,0.0
3.5102556e-09,0.0
9.899979e-10,0.0
9.830481e-08,0.0
6.903794e-05,0.0
3.959478e-07,0.0
5.818116e-08,0.0
5.4305793e-10,0.0
3.4521268e-08,0.0
1.59295e-15,0.0
2.0546505e-12,0.0
1.1339184e-07,0.0
1.3313444e-09,0.0
2.3974476e-08,0.0
9.178579e-09,0.0
7.958407e-10,0.0
2.6989902e-08,0.0
2.8183745e-06,0.0
2.4755084e-07,0.0
5.2269996e-07,0.0
7.849975e-08,0.0
6.8833215e-05,0.0
1.910795e-05,0.0
1.676794e-08,0.0
7.165898e-08,0.0
6.346321e-08,0.0
1.4044204e-07,0.0
7.9708116e-08,0.0
3.4843708e-07,0.0
4.299988e-08,0.0
2.16437e-05,0.0
5.6289565e-08,0.0
4.8991344e-10,0.0
1.86763e-07,0.0
2.97518e-09,0.0
9.640774e-10,0.0
8.821596e-10,0.0
3.268369e-09,0.0
9.550467e-11,0.0
1.2488367e-10,0.0
1.4714816e-09,0.0
4.660199e-16,0.0
9.018631e-05,0.0
8.4512647e-10,0.0
1.2109312e-10,0.0
9.130231e-09,0.0
8.033358e-08,0.0
1.1116709e-10,0.0
3.2829453e-07,0.0
2.0485425e-06,0.0
6.9324624e-10,0.0
8.136921e-09,0.0
4.509753e-12,0.0
8.40704e-09,0.0
2.1047396e-12,0.0
7.843412e-10,0.0
6.3069047e-06,0.0
2.0422652e-08,0.0
8.843278e-10,0.0
4.7886045e-10,0.0
2.0756888e-06,0.0
1.3721024e-06,0.0
1.0613577e-12,0.0
6.233421e-08,0.0
2.4812397e-11,0.0
3.1998986e-06,0.0
5.2794903e-08,0.0
9.705654e-08,0.0
1.8147349e-08,0.0
3.353337e-06,0.0
1.302021e-08,0.0
3.7349412e-07,0.0
6.027286e-08,0.0
1.20808e-06,0.0
1.5131318e-06,0.0
2.1648625e-06,0.0
6.320482e-08,0.0
1.687165e-05,0.0
4.4399447e-05,0.0
3.7403166e-07,0.0
8.8465225e-05,0.0
3.070857e-06,0.0
3.2554811e-07,0.0
3.0094854e-10,0.0
3.504703e-09,0.0
1.13897975e-07,0.0
6.532061e-11,0.0
2.1318237e-06,0.0
8.716154e-08,0.0
2.2989609e-10,0.0
3.003082e-09,0.0
4.929605e-11,0.0
7.384045e-10,0.0
1.0425265e-11,0.0
8.07785e-09,0.0
9.1331075e-12,0.0
4.304431e-10,0.0
1.7821787e-12,0.0
2.243915e-07,0.0
2.9282472e-07,0.0
2.0449448e-10,0.0
2.4485897e-10,0.0
1.3224025e-10,0.0
2.3778683e-09,0.0
2.671426e-08,0.0
1.97338e-09,0.0
2.7523894e-09,0.0
8.2979573e-10,0.0
2.0789297e-08,0.0
1.3928852e-07,0.0
1.4917426e-10,0.0
2.5129493e-06,0.0
8.6135394e-08,0.0
1.9651767e-09,0.0
1.299136e-08,0.0
2.0742718e-08,0.0
1.2882493e-08,0.0
2.4780783e-07,0.0
1.6377213e-10,0.0
1.3119119e-09,0.0
4.4856044e-08,0.0
1.220152e-06,0.0
4.7974885e-07,0.0
1.792312e-06,0.0
8.098485e-07,0.0
5.5457374e-08,0.0
2.0234052e-07,0.0
1.741697e-06,0.0
5.194857e-07,0.0
2.6218693e-05,0.0
1.08431465e-07,0.0
1.2717123e-07,0.0
3.6431855e-05,0.0
6.2640186e-07,0.0
4.2657948e-07,0.0
4.6486306e-07,0.0
1.7393424e-05,0.0
3.135437e-08,0.0
2.1834485e-06,0.0
1.8104907e-14,0.0
4.1663517e-10,0.0
1.8815034e-10,0.0
1.2402118e-08,0.0
6.566498e-08,0.0
1.2247077e-10,0.0
2.057588e-08,0.0
3.0464653e-06,0.0
2.1139781e-11,0.0
4.799474e-11,0.0
4.922397e-06,0.0
6.205365e-12,0.0
2.7391982e-12,0.0
2.5208498e-09,0.0
6.729199e-11,0.0
1.4061141e-11,0.0
7.528109e-12,0.0
1.5951795e-10,0.0
1.5049487e-10,0.0
4.3173837e-05,0.0
1.5584027e-10,0.0
1.5552293e-07,0.0
2.6849856e-10,0.0
4.8942016e-05,0.0
3.5922105e-09,0.0
4.014847e-06,0.0
9.944648e-09,0.0
1.1509828e-06,0.0
3.514314e-06,0.0
8.3665385e-05,0.0
5.4703673e-09,0.0
1.0897374e-09,0.0
6.105773e-11,0.0
4.751077e-10,0.0
5.2505608e-11,0.0
3.9020106e-06,0.0
1.3178546e-07,0.0
6.593584e-11,0.0
6.501732e-11,0.0
2.6203179e-10,0.0
4.430869e-08,0.0
9.569252e-10,0.0
4.53347e-08,0.0
1.6092986e-06,0.0
5.856014e-08,0.0
4.341581e-08,0.0
1.6489412e-06,0.0
3.8409144e-08,0.0
3.270045e-06,0.0
2.6842216e-07,0.0
1.1282133e-09,0.0
6.878776e-10,0.0
1.0105836e-05,0.0
1.3464553e-12,0.0
4.1781993e-07,0.0
9.259097e-12,0.0
6.5413494e-11,0.0
1.6329046e-11,0.0
1.8746707e-08,0.0
7.2332526e-12,0.0
1.564952e-11,0.0
1.3969444e-12,0.0
2.547204e-10,0.0
9.270416e-10,0.0
8.9317055e-08,0.0
5.352789e-08,0.0
2.294323e-09,0.0
3.4210732e-14,0.0
4.106447e-10,0.0
2.4707674e-09,0.0
5.665317e-07,0.0
1.1500786e-10,0.0
1.8782497e-08,0.0
1.1519858e-11,0.0
6.634998e-12,0.0
6.3252936e-12,0.0
4.153791e-10,0.0
2.2533299e-10,0.0
2.9687943e-11,0.0
3.4004547e-08,0.0
1.516019e-08,0.0
1.3089289e-07,0.0
3.8489836e-07,0.0
1.9529962e-08,0.0
2.4464356e-08,0.0
5.3879903e-06,0.0
2.7537967e-09,0.0
2.451907e-07,0.0
2.568927e-09,0.0
2.2213655e-12,0.0
6.7410184e-07,0.0
8.336729e-10,0.0
1.664799e-08,0.0
2.7371498e-09,0.0
6.4088543e-09,0.0
1.814979e-06,0.0
9.018746e-06,0.0
1.4108062e-07,0.0
5.5104947e-06,0.0
1.9023265e-08,0.0
4.3233703e-07,0.0
1.2592931e-08,0.0
3.5439056e-09,0.0
7.1100516e-08,0.0
3.3049837e-06,0.0
1.429535e-06,0.0
3.3228015e-10,0.0
5.4235847e-09,0.0
6.189269e-11,0.0
1.8091993e-07,0.0
2.1508852e-06,0.0
6.9484247e-07,0.0
1.2510927e-09,0.0
1.9936296e-07,0.0
5.162348e-08,0.0
2.6738983e-08,0.0
2.101185e-09,0.0
3.2812297e-09,0.0
1.26277055e-05,0.0
1.41825325e-08,0.0
4.8185444e-07,0.0
1.0003055e-07,0.0
1.159551e-08,0.0
8.777465e-06,0.0
5.7685355e-08,0.0
1.3142205e-06,0.0
1.496133e-07,0.0
3.151926e-12,0.0
6.978994e-07,0.0
1.3101382e-10,0.0
1.2875277e-07,0.0
1.897515e-07,0.0
6.962212e-06,0.0
2.878452e-08,0.0
1.3940493e-07,0.0
9.119262e-06,0.0
3.3614325e-09,0.0
2.848385e-09,0.0
1.5225536e-08,0.0
1.9416964e-09,0.0
1.12754755e-07,0.0
8.428764e-09,0.0
2.1217797e-06,0.0
1.1854775e-10,0.0
1.3401678e-12,0.0
4.4857353e-07,0.0
1.0970078e-06,0.0
3.2891705e-08,0.0
8.947235e-05,0.0
9.881826e-07,0.0
6.8799284e-07,0.0
1.2001445e-07,0.0
4.1132813e-07,0.0
1.5212837e-06,0.0
2.480206e-07,0.0
2.1994961e-07,0.0
5.846695e-08,0.0
2.6006097e-07,0.0
5.063822e-08,0.0
7.664903e-07,0.0
1.0695711e-06,0.0
8.2379813e-07,0.0
1.7831266e-09,0.0
4.2111398e-10,0.0
4.451877e-12,0.0
1.9367366e-05,0.0
7.657954e-09,0.0
4.3168398e-09,0.0
3.427978e-06,0.0
7.3907946e-10,0.0
1.4765225e-09,0.0
4.3870768e-10,0.0
4.0433882e-08,0.0
1.4117059e-08,0.0
3.037201e-09,0.0
1.3321325e-08,0.0
1.4972964e-05,0.0
7.4648585e-07,0.0
4.0352987e-08,0.0
9.118796e-09,0.0
6.8212163e-12,0.0
8.443423e-09,0.0
2.3239695e-08,0.0
2.9427685e-05,0.0
7.503709e-05,0.0
6.596802e-08,0.0
1.1823686e-09,0.0
2.9017293e-09,0.0
5.862825e-10,0.0
1.2399125e-10,0.0
2.2769767e-07,0.0
7.2162867e-09,0.0
1.4890833e-08,0.0
2.9134486e-12,0.0
3.4737997e-07,0.0
1.4866944e-07,0.0
1.9892843e-07,0.0
3.3526685e-08,0.0
1.3016212e-08,0.0
4.925454e-06,0.0
6.58981e-08,0.0
1.0243518e-06,0.0
7.92932e-09,0.0
1.759127e-07,0.0
8.4874663e-10,0.0
3.83626e-07,0.0
7.737904e-08,0.0
1.9904817e-07,0.0
3.9619863e-07,0.0
7.571624e-09,0.0
1.0182076e-05,0.0
1.7338392e-05,0.0
2.2468252e-05,0.0
1.8291809e-08,0.0
1.8296842e-07,0.0
4.1591623e-08,0.0
3.0060264e-06,0.0
6.7301684e-09,0.0
3.6547785e-08,0.0
2.2725206e-09,0.0
4.3324818e-08,0.0
2.2340434e-09,0.0
1.3194452e-09,0.0
1.0641496e-07,0.0
5.0973115e-12,0.0
1.7793012e-09,0.0
1.6030549e-10,0.0
6.7553724e-10,0.0
2.9999792e-09,0.0
1.0352283e-08,0.0
6.8678105e-08,0.0
3.9472343e-06,0.0
2.882916e-10,0.0
1.6709842e-05,0.0
5.4585815e-12,0.0
5.944447e-11,0.0
7.707013e-09,0.0
1.0204954e-08,0.0
9.526113e-06,0.0
1.18668176e-07,0.0
2.2611184e-06,0.0
5.6427e-06,0.0
1.4976711e-08,0.0
3.3723385e-08,0.0
6.6661593e-10,0.0
5.0065955e-07,0.0
6.6388313e-09,0.0
5.697479e-09,0.0
1.7408302e-06,0.0
3.1825647e-09,0.0
2.7732416e-09,0.0
4.1727976e-08,0.0
8.465967e-09,0.0
4.4236276e-10,0.0
1.1542326e-07,0.0
1.0358538e-09,0.0
5.0730446e-08,0.0
3.7778017e-10,0.0
5.8254204e-07,0.0
7.3492874e-09,0.0
7.660891e-07,0.0
6.462598e-08,0.0
4.8668517e-07,0.0
4.0538883e-09,0.0
3.0706914e-07,0.0
1.7203108e-08,0.0
6.5730546e-07,0.0
3.1367753e-09,0.0
2.1066866e-09,0.0
1.7113667e-08,0.0
2.2987145e-07,0.0
2.1852086e-08,0.0
6.049528e-11,0.0
3.031023e-11,0.0
6.932483e-08,0.0
1.8873738e-09,0.0
1.5571853e-09,0.0
8.3287075e-09,0.0
4.4997163e-05,0.0
4.5632131e-10,0.0
1.4938504e-07,0.0
2.8776778e-08,0.0
2.148814e-10,0.0
1.1514971e-09,0.0
2.6225742e-09,0.0
1.1074035e-08,0.0
2.756619e-09,0.0
2.8335785e-07,0.0
1.748056e-07,0.0
2.623496e-08,0.0
2.161953e-10,0.0
1.6389676e-07,0.0
5.370701e-10,0.0
2.040841e-07,0.0
4.7786187e-08,0.0
1.0025775e-09,0.0
5.075798e-10,0.0
1.7236723e-10,0.0
2.8845596e-07,0.0
3.615932e-06,0.0
1.5561438e-08,0.0
7.9570155e-09,0.0
1.1007815e-10,0.0
1.2659218e-06,0.0
3.0262068e-10,0.0
6.1580705e-09,0.0
1.0413546e-06,0.0
6.8089815e-13,0.0
5.450756e-07,0.0
2.9124378e-08,0.0
7.258334e-07,0.0
3.7355468e-07,0.0
7.522728e-08,0.0
1.3219191e-05,0.0
1.33461215e-08,0.0
6.155925e-06,0.0
1.10339125e-08,0.0
2.170241e-06,0.0
6.806509e-05,0.0
1.4790008e-06,0.0
1.2175947e-06,0.0
3.8081453e-05,0.0
1.4174014e-08,0.0
1.0264122e-08,0.0
7.200492e-08,0.0
3.4903323e-06,0.0
1.7654102e-06,0.0
5.4210997e-10,0.0
7.9822564e-07,0.0
6.17366e-05,0.0
2.9781763e-10,0.0
1.1183872e-10,0.0
2.5846115e-08,0.0
1.2001329e-11,0.0
2.014035e-11,0.0
1.9114546e-09,0.0
9.735606e-10,0.0
3.8803278e-06,0.0
5.275721e-06,0.0
2.966713e-06,0.0
4.490544e-08,0.0
1.8945936e-10,0.0
2.5822215e-08,0.0
2.6028118e-08,0.0
4.5199817e-09,0.0
2.657074e-09,0.0
2.8611917e-09,0.0
2.4840585e-10,0.0
9.457104e-09,0.0
1.256586e-09,0.0
1.5379308e-06,0.0
3.2544907e-09,0.0
9.912662e-09,0.0
2.5568383e-09,0.0
1.946451e-08,0.0
5.5256656e-08,0.0
1.4952642e-09,0.0
5.519869e-09,0.0
2.6824404e-07,0.0
1.0056787e-08,0.0
6.16916e-08,0.0
1.4279157e-05,0.0
2.3401814e-09,0.0
6.4357396e-06,0.0
5.62597e-09,0.0
7.239382e-08,0.0
1.1416261e-08,0.0
2.8070906e-07,0.0
2.2067047e-07,0.0
1.9084948e-07,0.0
9.445766e-09,0.0
1.166129e-05,0.0
3.3391998e-06,0.0
2.5743176e-09,0.0
1.9081437e-05,0.0
4.523583e-05,0.0
0.00021111965,0.0
1.6358867e-05,0.0
1.7350003e-05,0.0
9.4160947e-07,0.0
3.3120826e-10,0.0
7.498474e-12,0.0
1.1677953e-10,0.0
5.057816e-07,0.0
6.206555e-10,0.0
2.853774e-07,0.0
6.517056e-10,0.0
1.0939546e-05,0.0
5.728348e-13,0.0
6.2410015e-11,0.0
2.4353247e-10,0.0
1.7099767e-08,0.0
8.886585e-09,0.0
3.1325083e-08,0.0
2.1099058e-07,0.0
3.3578957e-07,0.0
7.980398e-11,0.0
9.740834e-12,0.0
1.8914191e-07,0.0
1.7728024e-05,0.0
8.27757e-09,0.0
1.5115495e-08,0.0
4.213186e-11,0.0
1.611466e-11,0.0
3.6937077e-12,0.0
1.905732e-09,0.0
1.2148885e-08,0.0
9.473511e-10,0.0
8.677007e-08,0.0
1.0333807e-10,0.0
1.1315467e-06,0.0
6.50264e-10,0.0
2.2117117e-06,0.0
2.5534442e-05,0.0
1.1277937e-09,0.0
6.3419986e-07,0.0
5.5858464e-11,0.0
9.146689e-12,0.0
2.6635028e-09,0.0
2.5145348e-09,0.0
2.287355e-08,0.0
2.3484457e-12,0.0
5.455132e-06,0.0
2.0762093e-10,0.0
1.4320073e-08,0.0
1.1979609e-10,0.0
2.7288928e-07,0.0
5.0409665e-07,0.0
6.4302604e-08,0.0
1.10500935e-07,0.0
7.961859e-07,0.0
2.6932066e-05,0.0
1.194067e-06,0.0
4.4022528e-08,0.0
1.7030827e-08,0.0
