0.0030083965675254285,0.0
0.003787367718537752,0.0
0.0011570661061762462,0.0
0.004357700384698181,0.0
0.0010596763210308933,0.0
0.003661490319624464,0.0
0.0021524992118520355,0.0
0.0009610542400105,0.0
0.0025545484756261624,0.0
0.0017037450333306427,0.0
0.003686002266396424,0.0
0.003195582624723051,0.0
0.0016902192081396585,0.0
0.003877033117413672,0.0
0.002164278414779613,0.0
0.00463454913516675,0.0
0.0011910413190587066,0.0
0.001275995367389756,0.0
0.01655531159019367,0.0
5.94650828917713e-05,0.0
0.02440399169453252,0.0
0.0029648222300486336,0.0
0.0003059519247152909,0.0
0.0027921958911616444,0.0
0.0038354203321160013,0.0
0.011198210136548366,0.0
0.0020376221584726332,0.0
0.0018257346738230601,0.0
0.002360356518669824,0.0
0.0009161517224160206,0.0
0.017544366840265804,0.0
0.001645302386852215,0.0
0.001962496866007772,0.0
0.0035097166353886206,0.0
0.0025365443929990725,0.0
0.0037027354635407236,0.0
0.001519878672482135,0.0
0.15607833096368226,0.0
0.0009055916737187731,0.0
0.005749002762589932,0.0
0.0049008265164708345,0.0
0.00097597199602289,0.0
0.0013327365204923644,0.0
0.001431589539052111,0.0
0.001964822515935699,0.0
0.0008928983453699193,0.0
0.0020560896354239284,0.0
0.0028047495779037427,0.0
0.006181600475145765,0.0
0.00530510586617418,0.0
0.002238043199040181,0.0
0.004867854089129918,0.0
0.0007726410096323339,0.0
0.000762113178916165,0.0
0.00460964998601189,0.0
0.002544040489269855,0.0
0.002504304625959621,0.0
0.004711432685940637,0.0
0.0038322346635928386,0.0
0.003094096693048846,0.0
0.001479696607847099,0.0
0.003504545692474046,0.0
0.011565854367344187,0.0
5.632525403228885e-05,0.0
0.0008208059078440585,0.0
0.006304607390328677,0.0
0.0031896127773413606,0.0
0.002419307503014847,0.0
0.002789813482867721,0.0
0.005439555856841165,0.0
0.00034529673409102195,0.0
0.0014311155411486864,0.0
0.0023438327364839516,0.0
0.006929769516338162,0.0
0.0035520637259346625,0.0
0.001335897123445431,0.0
0.0037730797309723663,0.0
0.000769274150973736,0.0
0.0024268993212622526,0.0
0.003955655567658833,0.0
0.002984507569243368,0.0
0.005078125079395291,0.0
0.0009625503095900662,0.0
0.0015556460698468756,0.0
0.004357263453342219,0.0
0.0008075112902062657,0.0
0.01022572336739139,0.0
0.005181231252351855,0.0
0.0063080477225809445,0.0
0.005255521028896563,0.0
0.005972130504544893,0.0
0.009198291185028412,0.0
0.0019104335414939486,0.0
0.0012721234485942275,0.0
0.0029497936644526023,0.0
0.01258159889750777,0.0
0.001929814106044993,0.0
0.003013525521980808,0.0
0.004558593914469119,0.0
0.005613531631000469,0.0
0.0038302084090783696,0.0
0.0055327475685588825,0.0
0.0006999378689660344,0.0
0.0011518960044603487,0.0
0.0009366127667414785,0.0
0.0014566222642636247,0.0
0.0033661517101245732,0.0
0.0017150834323035671,0.0
0.0061876372243898844,0.0
0.005906726822082014,0.0
0.0014985209623244193,0.0
0.0024112039282761424,0.0
0.0028913466722433343,0.0
0.0006615935958398185,0.0
0.0030296297256297566,0.0
0.0005342876692826129,0.0
0.0010376769647035152,0.0
0.0016891598077261615,0.0
0.0014375521235700513,0.0
0.006438319495336365,0.0
0.0018929782596925917,0.0
0.003812739118432875,0.0
0.0021148956231529475,0.0
0.004983743417833438,0.0
0.005332670986462788,0.0
0.00045828052292926286,0.0
0.00013828035043992752,0.0
0.008863760008443964,0.0
0.0024934802589875885,0.0
0.007400532057194317,0.0
0.004319602236209755,0.0
0.009699998314383255,0.0
0.0035324651860468782,0.0
0.0004400863914787102,0.0
0.002125371353002268,0.0
0.003847342038084432,0.0
0.004218490573398556,0.0
0.009375050571242707,0.0
0.0008952471689060189,0.0
0.0012532063700739827,0.0
0.0038108861155744145,0.0
0.0006039988289498734,0.0
0.0041060850506817225,0.0
0.001594015604956644,0.0
0.003708044564246524,0.0
0.0018897329700501737,0.0
0.0002694792385844705,0.0
0.0027055659649337415,0.0
0.003099067902001599,0.0
0.007978645158233707,0.0
0.0052368394503518115,0.0
0.0024872740950516617,0.0
0.0023855232742424947,0.0
0.010211426680302742,0.0
0.003029519551778136,0.0
0.001405287007262737,0.0
0.0034293909247832123,0.0
0.000907370550982838,0.0
0.0009616342828647766,0.0
0.0015337293849144447,0.0
0.005815212931148037,0.0
0.0038958909088022365,0.0
0.002752084545164981,0.0
0.001036050286089811,0.0
0.005060515789280305,0.0
0.03272769584238301,0.0
0.002049614282648261,0.0
0.005253303477306598,0.0
0.0025103607922208476,0.0
0.002543242769559766,0.0
0.0032639861805328456,0.0
0.002882535305184306,0.0
0.002751561343358683,0.0
0.0006999618292371541,0.0
0.003775250797715101,0.0
0.0017374004805168848,0.0
0.002027942094102119,0.0
0.011957242823650294,0.0
0.0022132249885223037,0.0
0.0011923968505789756,0.0
0.0024269211256563623,0.0
0.001737164681648116,0.0
0.0012173828652692102,0.0
0.0021635773508075842,0.0
0.0006947757624518284,0.0
0.00014562169324572216,0.0
0.004162582303153897,0.0
0.00048483659281438584,0.0
0.003085804875761437,0.0
0.0022322895082846745,0.0
0.008720232109185837,0.0
0.001332131997119951,0.0
0.007853678821173639,0.0
0.0038878201858335688,0.0
0.0013462152720732361,0.0
0.004785009536675429,0.0
0.005385761779323276,0.0
0.006490630484145973,0.0
0.004821850206005282,0.0
0.01033276568177946,0.0
0.0036653242541027295,0.0
0.0016960214021281138,0.0
0.006991582758358372,0.0
0.003212760166995361,0.0
0.0030163013901161073,0.0
0.0018813149009544352,0.0
0.003236638182869652,0.0
0.002930677277118612,0.0
0.0015773656897308367,0.0
0.0009744205461815614,0.0
0.00507326553455726,0.0
0.0008858277241858843,0.0
0.002041767839242958,0.0
0.00793530976988151,0.0
0.017953450325768897,0.0
0.0017882530930327686,0.0
0.0012238568914481908,0.0
0.000580510334976416,0.0
0.0007669490544602907,0.0
0.005157370247039,0.0
0.0017136124861186893,0.0
0.008345727413901589,0.0
0.002839296661266287,0.0
0.004965076231572632,0.0
0.0026133702344982813,0.0
0.009391664999874004,0.0
0.0022033796635900415,0.0
0.0024050280346374726,0.0
0.0056212642941076375,0.0
0.0005945719938055084,0.0
0.005436127048109988,0.0
0.0014239088325379327,0.0
0.001707121527125198,0.0
0.0011215630381494895,0.0
0.0014901207579353815,0.0
0.005879696865803091,0.0
0.001865412906764955,0.0
0.0030299921201213547,0.0
0.003400315924536669,0.0
0.002082878277577281,0.0
0.002930517043934524,0.0
0.0017437609038968432,0.0
0.002675527275969286,0.0
0.0015129937000811745,0.0
0.00190115760569537,0.0
0.0026254810572461686,0.0
0.0024675499732294704,0.0
0.0013264032309082006,0.0
0.0013208684009604153,0.0
0.0009535252616619019,0.0
0.000995686133592642,0.0
0.001159551295605793,0.0
0.006231124781177245,0.0
0.001135263056102404,0.0
0.0015758007981379546,0.0
0.0025533517437743803,0.0
0.0058278245908724245,0.0
0.0033828481570480594,0.0
0.0033314047664559534,0.0
0.006498288579434207,0.0
0.003821649550146711,0.0
0.0015391235651146494,0.0
0.0004091635284344284,0.0
0.004163583803079499,0.0
0.004149588836449057,0.0
0.0016482501740211996,0.0
0.003239453659895133,0.0
0.004801737787685594,0.0
0.00713436926446356,0.0
0.0007196557302700352,0.0
0.002796105928862993,0.0
0.0030219260914786097,0.0
0.004091925911142208,0.0
0.002343049113518122,0.0
0.006463028505812943,0.0
0.0009243227853620249,0.0
0.0008591633784971144,0.0
0.0011517400989146129,0.0
0.0033985708803018163,0.0
0.0011367730532838298,0.0
0.004098240264272359,0.0
0.001357800201497543,0.0
0.001156224453510899,0.0
0.003254290226399235,0.0
0.0019572360277684444,0.0
0.00963119440074749,0.0
0.0033983677815904983,0.0
0.0021343129505172736,0.0
0.004067819891257788,0.0
0.0033094921378180207,0.0
0.0035609324198472543,0.0
0.0009895159343571854,0.0
0.004653045960322734,0.0
0.0006681133158285069,0.0
0.004911063202554531,0.0
0.002349610996041398,0.0
0.004524202824410145,0.0
0.0016301461433234148,0.0
0.004226482843123872,0.0
0.003382317232975948,0.0
0.003156858517848275,0.0
0.0011846854378582748,0.0
0.0014454443640623243,0.0
0.0021422473355604712,0.0
0.0035555234593090813,0.0
0.00641773345949052,0.0
0.0053263778140980175,0.0
0.0013100253938674257,0.0
0.009977077182698907,0.0
0.0025992454131529754,0.0
0.0024775977350579774,0.0
0.008824193566648235,0.0
0.0029605691219261637,0.0
0.004807651881480947,0.0
0.0018552124636552554,0.0
0.006498383768705464,0.0
0.0014099334345113689,0.0
0.0008221744208349401,0.0
0.0024950931721451734,0.0
0.0014502436062267818,0.0
0.01244168261274801,0.0
0.0056674804917925675,0.0
0.001188697980037565,0.0
0.0030691316820302458,0.0
0.0030981397285002286,0.0
0.0030901997181072395,0.0
0.0031616919326880985,0.0
0.0022902088430176645,0.0
0.0020639433931021194,0.0
0.0012599486527403048,0.0
0.0017672508749517633,0.0
0.0014556187921172508,0.0
0.004227737193893255,0.0
0.0014843148872196615,0.0
0.0018084327387317487,0.0
0.0020257336913087538,0.0
0.003470153587376262,0.0
0.005221119841688948,0.0
0.003981590595425605,0.0
0.0025278514880815654,0.0
0.0016921557849581056,0.0
0.002750130183539033,0.0
0.004375118832675238,0.0
0.002473632877426551,0.0
0.0018156843429732688,0.0
0.0018814932302903308,0.0
0.0034435441762120473,0.0
0.0019408413264609024,0.0
0.0009667076118385835,0.0
0.0014038741892655083,0.0
0.002856781847128923,0.0
0.002485385383712105,0.0
0.006786614770750165,0.0
0.002981335114445642,0.0
0.008215354786122203,0.0
0.0007076150469337725,0.0
0.0010160214306674492,0.0
0.003962382197949675,0.0
0.00339185656766165,0.0
0.0014874970305515723,0.0
0.013060058898286118,0.0
0.0056888943544842864,0.0
0.0016421145166662942,0.0
0.0005814521397136595,0.0
0.004487652439224815,0.0
0.001903492921829248,0.0
0.0018263121831126384,0.0
0.0013810889871723859,0.0
0.001650418441832724,0.0
0.004597225858120924,0.0
0.0018835113651162875,0.0
0.001901379340410086,0.0
0.0014578389031025807,0.0
0.0013104642399956524,0.0
0.0024910239399279755,0.0
0.0020550526138298805,0.0
0.0033456271462128763,0.0
0.002049105244682687,0.0
0.0013868744479911413,0.0
0.003491700530571655,0.0
0.002142629994926653,0.0
0.003913629042360538,0.0
0.006618711603252319,0.0
0.0021158969761821684,0.0
0.00854614155779033,0.0
0.002296478131871804,0.0
0.003669420558920263,0.0
0.004119567613932465,0.0
0.002568807144079833,0.0
0.0005093202038631988,0.0
0.0040507480309237955,0.0
0.003590330990045987,0.0
0.0024779536883891462,0.0
0.0010734967029997768,0.0
0.003257892527082665,0.0
0.003464068459288403,0.0
0.002194907108384727,0.0
0.0013477171993504938,0.0
0.00810259919293911,0.0
0.0067923654507413625,0.0
0.002342024317011237,0.0
0.0030838836604639664,0.0
0.0029763974224948234,0.0
0.004655088217157442,0.0
0.0028986764853460817,0.0
0.007886622511688757,0.0
0.013931029678560991,0.0
0.0008604942001077716,0.0
0.002677084313986088,0.0
0.000785742419462731,0.0
0.0024548032803034326,0.0
0.0016778788152251763,0.0
0.002126028890754049,0.0
0.006801470934010971,0.0
0.0007715361180230457,0.0
0.003012358746250939,0.0
0.006906321830049276,0.0
0.006098668454261743,0.0
0.001301669126012776,0.0
0.004007179685146959,0.0
0.001583652839437036,0.0
0.008168233114008898,0.0
0.0024841402417893556,0.0
0.002173928762690133,0.0
0.00789717608283792,0.0
0.0030784312137285023,0.0
0.005063436591222027,0.0
0.001098106078374932,0.0
0.002866497970398139,0.0
0.004304301388314241,0.0
0.0011052342187602912,0.0
0.002518835976714053,0.0
0.0014188936299549372,0.0
0.007262936738213247,0.0
0.0025121270154747455,0.0
0.005384718732252593,0.0
0.0017778452462558604,0.0
0.006294830981075651,0.0
0.001341135283937963,0.0
0.002961134599662801,0.0
0.008235824771711715,0.0
0.0014050846135181152,0.0
0.0006286851943085478,0.0
0.002594553229197435,0.0
0.009744619704896021,0.0
0.0026760343399815467,0.0
0.00856092851921785,0.0
0.007469188447975732,0.0
0.002127880682648452,0.0
0.0015344865500827433,0.0
0.003620217610206421,0.0
0.000980367502934044,0.0
0.0007343707005756041,0.0
0.004907500111733081,0.0
0.003699886789665416,0.0
0.006680738180504697,0.0
0.006480474366600002,0.0
0.002466424326157198,0.0
0.006748411326568456,0.0
0.0013126525299372684,0.0
0.0031049943062626106,0.0
0.0015869390332841587,0.0
0.009755656782387635,0.0
0.0037176215286394815,0.0
0.006206906570823895,0.0
0.002811334384177891,0.0
0.0030253834525584855,0.0
0.0033631151623729322,0.0
0.003292947031757891,0.0
0.001191781733215115,0.0
0.0008973014322352935,0.0
0.008034374093579754,0.0
0.0010953663517170927,0.0
0.008309438410175146,0.0
0.0024201732106540427,0.0
0.0034460408242161134,0.0
0.0017859223154442728,0.0
0.0008580463595691055,0.0
0.0006423070173935441,0.0
0.013245425398932791,0.0
0.003516450916290289,0.0
0.0019445987134938095,0.0
0.001021011933496432,0.0
0.00196053564920732,0.0
0.007261319876398956,0.0
0.0019803718174565086,0.0
0.000838971436439808,0.0
0.0013641431453306231,0.0
0.006421190020936637,0.0
0.006537317860133106,0.0
0.0030868978781645844,0.0
0.006770171903518701,0.0
0.005811504486243373,0.0
0.003523987302080658,0.0
0.001873944419952063,0.0
0.0004007324114967793,0.0
0.0012785591233456788,0.0
0.003712702666452974,0.0
0.007079255054934457,0.0
0.0019647511031002725,0.0
0.0015820785931149434,0.0
0.004286762353111551,0.0
0.0016979310430779908,0.0
0.0034146187753917433,0.0
0.006201061178886727,0.0
0.0008057767539737471,0.0
0.012530458811400476,0.0
0.00385993385283155,0.0
0.0012936127379607081,0.0
0.0029182897936699905,0.0
0.002722114486925696,0.0
0.0162252961786994,0.0
0.0017060361319443987,0.0
0.010538919936438339,0.0
0.004386495769751525,0.0
0.007994088134384836,0.0
0.008010098612825624,0.0
0.004740447889475098,0.0
0.0009857932088840617,0.0
0.0021108458847239092,0.0
0.002836709780746296,0.0
0.00024098635298552704,0.0
0.004749333282782051,0.0
0.0018673651788023958,0.0
0.0008421842750241836,0.0
0.007009549606770018,0.0
0.005261084100924282,0.0
0.0005180433659602732,0.0
0.000938333820538491,0.0
0.0009419126319784029,0.0
0.009824753486146824,0.0
0.0032169732608346878,0.0
0.0006477586589797873,0.0
0.002094828992662347,0.0
0.0023668645534366756,0.0
0.004476451724910102,0.0
0.003673643523764203,0.0
0.0005741532830197327,0.0
0.00551395986200674,0.0
0.0007733553258939401,0.0
0.002712753654025789,0.0
0.0028449633569329687,0.0
0.0010891243046913799,0.0
0.002105609186006098,0.0
0.00411610976127542,0.0
0.004204400682904205,0.0
0.001955003213514479,0.0
0.003387385194228932,0.0
0.015880706794269308,0.0
0.0015907709687704927,0.0
0.0018085073088902708,0.0
0.001199824161856663,0.0
0.006447442019137964,0.0
0.006307927261502529,0.0
0.0019632419273421385,0.0
0.0019829736453939005,0.0
0.004482456670257837,0.0
0.0011940942872411223,0.0
0.00232912763807912,0.0
0.0040318280032711,0.0
0.003250153182625731,0.0
0.0006786990496720001,0.0
0.004095644315614711,0.0
0.004938742429927023,0.0
0.0025823008838299806,0.0
0.0053113819744983635,0.0
0.001472939999712923,0.0
0.0025159374048423586,0.0
0.006137901828809766,0.0
0.006114467162331773,0.0
0.0024619616483316487,0.0
0.0031862894338444054,0.0
0.0025410983612120294,0.0
0.0009007244855409261,0.0
0.0014814464073947022,0.0
0.002231109124916636,0.0
0.0015574213528295902,0.0
0.0007134667531985968,0.0
0.00127420785432404,0.0
0.0014021223101966006,0.0
0.0019089729174883252,0.0
0.002331164076537439,0.0
0.004199657369093819,0.0
0.00047990395606273956,0.0
0.0004997601204232286,0.0
0.005162841887822001,0.0
0.00075770749821049,0.0
0.00198215783012655,0.0
0.00207252270994446,0.0
0.001177222342025669,0.0
0.0023287249230851937,0.0
0.002443037820619386,0.0
0.0004836159876680615,0.0
0.003581186996784962,0.0
0.013506305970432892,0.0
0.0008885114221945252,0.0
0.0034072581522045136,0.0
0.01540629970494947,0.0
0.002700261638550354,0.0
0.0034235833132301215,0.0
0.0012710974020351193,0.0
0.0007616465053473857,0.0
0.0011599291720399828,0.0
0.004044029126331714,0.0
0.004943623173030968,0.0
0.008029268570235865,0.0
0.003468306992666298,0.0
0.0032263897130945306,0.0
0.0028998959377125625,0.0
0.000692845841201692,0.0
0.002763684220544277,0.0
0.003707576709224595,0.0
0.0018318668352985009,0.0
0.003090881764085247,0.0
0.003580256315902874,0.0
0.004827173118659457,0.0
0.000873343965643655,0.0
0.003928322333055947,0.0
0.0018374843962120143,0.0
0.005311530678252457,0.0
0.002123160246921493,0.0
0.008829815082127396,0.0
0.00146860781500218,0.0
0.0027721974106597364,0.0
0.0016197726637836047,0.0
0.002824500195987799,0.0
0.003362151111814278,0.0
0.004436880462320634,0.0
0.001456619359873143,0.0
0.002135964709688142,0.0
0.0026750269183846535,0.0
0.004807078560367777,0.0
0.007076927833110334,0.0
0.005280308387774774,0.0
0.0028595564409059724,0.0
0.0033522436838796846,0.0
0.0021273521046310715,0.0
0.0010405389342666375,0.0
0.008925835623623035,0.0
0.0034263439451208853,0.0
0.008271373002580448,0.0
0.00374579058872091,0.0
0.0034344114027383813,0.0
0.0012835233749604,0.0
0.0037537809374707043,0.0
0.004235170808588967,0.0
0.005818143247007091,0.0
0.00434144194216909,0.0
0.0019651741809311595,0.0
0.004419191469679359,0.0
0.005438615905245524,0.0
0.0025962291315358736,0.0
0.014505266253655872,0.0
0.005342860480966551,0.0
0.002393744924532013,0.0
0.0013589571868154351,0.0
0.001074440537779663,0.0
0.001171950831968302,0.0
0.0027419731981716397,0.0
0.0028073900921694412,0.0
0.0016276751904197896,0.0
0.0008474085273158556,0.0
0.0026525661160724514,0.0
0.008091387556607366,0.0
0.004570430053255561,0.0
0.0020144829882070498,0.0
0.004981189661156398,0.0
0.0019255547922286534,0.0
0.0019260048666231344,0.0
0.0043505034106855415,0.0
0.0029734807471585036,0.0
0.005149475097864677,0.0
0.00656016057203546,0.0
0.001963725171846652,0.0
0.0037551334719402537,0.0
0.007066910792734706,0.0
0.0078863595891721,0.0
0.0070114113760306514,0.0
0.004453854728031661,0.0
0.0040915247868600554,0.0
0.0024751750685232513,0.0
0.0015846433037104673,0.0
0.0013688686164126283,0.0
0.004409330360367006,0.0
0.00453701379607832,0.0
0.006750336515509204,0.0
0.0018066883525317539,0.0
0.0018225611795382377,0.0
0.0032447282329638527,0.0
0.0017394777239772717,0.0
0.0013295214996393982,0.0
0.000632126355047192,0.0
0.007102105863246552,0.0
0.00357669858327486,0.0
0.00475500845670615,0.0
0.004965002373097739,0.0
0.0016652621081467641,0.0
0.0013522119470500908,0.0
0.002298430640410056,0.0
0.0023984099346442745,0.0
0.002063004503120608,0.0
0.003353151389214751,0.0
0.004170431764962633,0.0
0.0018043650659158488,0.0
0.0033020177846899423,0.0
0.004504133118488372,0.0
0.003981488096543453,0.0
0.0014510161352064787,0.0
0.0027438025053034,0.0
0.006045520696719547,0.0
0.0014954877083094512,0.0
0.0011846068731170055,0.0
0.002693600348269185,0.0
0.001044352726175974,0.0
0.008098892539781063,0.0
0.007121808853149524,0.0
0.006115301254674589,0.0
0.0010468932124962093,0.0
0.0014646355973746274,0.0
0.001124828143126508,0.0
0.004735530102710096,0.0
0.0030283396882512265,0.0
0.0029460083698266493,0.0
0.006560262431249933,0.0
0.0038500425176773594,0.0
0.001800194117561509,0.0
0.0044111628463072775,0.0
0.0020474548302448956,0.0
0.0011272730632926108,0.0
0.0024949610371655744,0.0
0.0019028385967196273,0.0
0.00614454340547827,0.0
0.00097984317723661,0.0
0.0025240334631292604,0.0
0.006962025078654599,0.0
0.0022625962945408947,0.0
0.002707242326933767,0.0
0.0020225099958011347,0.0
0.0010600560849444267,0.0
0.004707075691709931,0.0
0.003996354621385104,0.0
0.003847727196397537,0.0
0.0015553077030533299,0.0
0.008838566489136166,0.0
0.0057923204342477256,0.0
0.0010212155020329324,0.0
0.0015557590436973403,0.0
0.001897742871908068,0.0
0.00763857327100696,0.0
0.0015919603435925955,0.0
0.0016508005040987237,0.0
0.0019611068227572714,0.0
0.002204571985058269,0.0
0.0011965302945689598,0.0
0.0017430275230248162,0.0
0.0036646778089492876,0.0
0.001811031609568221,0.0
0.0035676665460017834,0.0
0.0028680369181737202,0.0
0.0009237661168791691,0.0
0.008371395184530162,0.0
0.0028934087540955903,0.0
0.0025579508141667902,0.0
0.002692458321970249,0.0
0.004341254130094202,0.0
0.0031899733369886796,0.0
0.004914501951599023,0.0
0.0022972838491998214,0.0
0.004426591330799905,0.0
0.007394681955802047,0.0
0.00451860557587174,0.0
0.001021675698349889,0.0
0.0023111515939377957,0.0
0.005415546086091583,0.0
0.0028151401578904982,0.0
0.0008932294992065682,0.0
0.007139699798479702,0.0
0.0003435484994444633,0.0
0.00807871316906388,0.0
0.0006253163309789495,0.0
0.0017926972529335229,0.0
0.007483162321289452,0.0
0.002124592960550111,0.0
0.002139460748490386,0.0
0.005221952433305347,0.0
0.0049299396254516145,0.0
0.001844736384197422,0.0
0.004236731532877041,0.0
0.003955565238912757,0.0
0.0020582267054910426,0.0
0.004671839845888987,0.0
0.0017639552823092428,0.0
0.004355454754745181,0.0
0.00712743558502417,0.0
0.0033902486886380747,0.0
0.0015915788235238836,0.0
0.0026682296078607325,0.0
0.002371002344704935,0.0
0.0015746871814598725,0.0
0.001156124027254186,0.0
0.003205163896186788,0.0
0.006758811013702681,0.0
0.001877551902119182,0.0
0.0022296786038984266,0.0
0.004828352222386339,0.0
0.001639846415120181,0.0
0.002386108059004662,0.0
0.0018900438886640576,0.0
0.00391566243180067,0.0
0.0012622144893823912,0.0
0.015231303738231432,0.0
0.003733600422613475,0.0
0.00374599190302775,0.0
0.004183017513448178,0.0
0.002734806810766798,0.0
0.0023262567538585533,0.0
0.004027048748132417,0.0
0.014673354010967293,0.0
0.00372577135381084,0.0
0.0012676129797986322,0.0
0.00789356355711401,0.0
0.0021405360907319707,0.0
0.0019510934496747923,0.0
0.002315107094005893,0.0
0.004098169258746801,0.0
0.0023395273583987934,0.0
0.001040599794081916,0.0
0.001764686214392855,0.0
0.0018180321232214834,0.0
0.004765913226085842,0.0
0.0033330951805739034,0.0
0.0015268406924890156,0.0
0.004847945761671742,0.0
0.0011557884115734659,0.0
0.005358048415691898,0.0
0.0024659193145899158,0.0
0.0013717357032706468,0.0
0.0024995808281552657,0.0
0.004506123142433029,0.0
0.0010424016471620033,0.0
0.0026987532315529642,0.0
0.003681376785246722,0.0
0.004716158924628585,0.0
0.0015750328695833698,0.0
0.003439755252171001,0.0
0.003046093704778742,0.0
0.006851580121214803,0.0
0.006765636568623599,0.0
0.013916234640753923,0.0
0.002093761838380489,0.0
0.0007497537984866702,0.0
0.0009875717531195977,0.0
0.00740468451236259,0.0
0.0026603648212890165,0.0
0.001815565552438932,0.0
0.000946937884483777,0.0
0.0020433658354762907,0.0
0.0008406181361407265,0.0
0.004035389229631175,0.0
0.0005767808768989666,0.0
0.002731933220387127,0.0
0.0025593553518447683,0.0
0.0017736327519201852,0.0
0.0015585251289570302,0.0
0.005788651457825718,0.0
0.0009874057895496756,0.0
0.0014496560876353698,0.0
0.003198033283679309,0.0
0.003025430182069833,0.0
0.007927580294697856,0.0
0.0013346981231502802,0.0
0.0033746426560786738,0.0
0.005736773046152902,0.0
0.0016403342339732156,0.0
0.0010581066744192586,0.0
0.0047106662667430865,0.0
0.0009482369452324433,0.0
0.0009596217366042754,0.0
0.011191402365857101,0.0
0.007730519552312964,0.0
0.004144296796235433,0.0
0.0010701872899877166,0.0
0.0008091597331745525,0.0
0.0029687806615234175,0.0
0.0013215272699266445,0.0
0.0011661939049874702,0.0
0.0018388779828190827,0.0
0.0008323894390389704,0.0
0.024143403279295966,0.0
0.0014691518648615547,0.0
0.010235741687416042,0.0
0.0019071567132225584,0.0
0.00431095727456235,0.0
0.00170244337300058,0.0
0.0010421381733930703,0.0
0.0062181221304126785,0.0
0.002701347330966004,0.0
0.0029483508707670064,0.0
0.0018810373428383698,0.0
0.0023614877011053203,0.0
0.010030342460039084,0.0
0.00934595849448269,0.0
0.0028929317837484295,0.0
0.002454590369992181,0.0
0.0015351784359326852,0.0
0.003749124221367949,0.0
0.003705074122340257,0.0
0.0010589617454226903,0.0
0.0025244266468902776,0.0
0.003650632875919724,0.0
0.0007892613261313518,0.0
0.0022658857902304467,0.0
0.0027268833520762968,0.0
0.00663447998220638,0.0
0.0018785533022728969,0.0
0.001463209107431995,0.0
0.003176938169861348,0.0
0.007434401561157208,0.0
0.0020642273804120674,0.0
0.0039999268648926835,0.0
0.011472478226704863,0.0
0.0019730742238927295,0.0
0.005731063060534653,0.0
0.0008147737819221866,0.0
0.0013417739111079394,0.0
0.0036470929057161715,0.0
0.002025027866992931,0.0
0.001197077085363717,0.0
0.001704042871922674,0.0
0.0011871764989090908,0.0
0.019152307840302397,0.0
0.014733870090575276,0.0
0.0022916931345361878,0.0
0.0014201432839629942,0.0
0.005754695274537815,0.0
0.002803007622453403,0.0
0.004833248186836765,0.0
0.004491107363302774,0.0
0.0012146992203239829,0.0
0.0030377059096558163,0.0
0.008464008838419048,0.0
0.008322766270706935,0.0
0.008843776291862148,0.0
0.0030758493323220404,0.0
0.0014888424107676454,0.0
0.00317705525250389,0.0
0.004708264514122148,0.0
0.004442679081201985,0.0
0.00595308975134379,0.0
0.002269149821738382,0.0
0.00039140427461967507,0.0
0.002091130074183222,0.0
0.0023097855204833088,0.0
0.0029574716453419237,0.0
0.005690323998528699,0.0
0.0036930734912715133,0.0
0.003923958471894767,0.0
0.0029875996889884545,0.0
0.00240443603641476,0.0
0.001138058005231811,0.0
0.004791446941746623,0.0
0.001911516174798009,0.0
0.0026664851144247285,0.0
0.004809498845990248,0.0
0.0010085920109444571,0.0
0.005311983710266472,0.0
0.0017416022498572734,0.0
0.004059690722303808,0.0
0.0025548014798758385,0.0
0.011748524978063776,0.0
0.0018269291091886843,0.0
0.0056651963876084505,0.0
0.006232496032593203,0.0
0.006932951901057937,0.0
0.0009744481375804902,0.0
0.0010972586520814759,0.0
0.006866467947130312,0.0
0.0020359903415013226,0.0
0.004122474533371521,0.0
0.001966389113040351,0.0
0.0011988088467273328,0.0
0.0024289789212445295,0.0
0.002410610697003489,0.0
0.0028056660410458955,0.0
0.005724108841705503,0.0
0.010833271980090618,0.0
0.0012109551484704606,0.0
0.0029063623608257183,0.0
0.004936603088088277,0.0
0.0018938964692945856,0.0
0.004662793985762632,0.0
0.007222161009137912,0.0
0.0030815053457209887,0.0
0.001849971799858827,0.0
0.0018883601822311526,0.0
0.001888788363602712,0.0
0.0009769327318388745,0.0
0.002449359857663813,0.0
0.0029034387133140315,0.0
0.003915804596084835,0.0
0.0055028993295911065,0.0
0.0035154981320625013,0.0
0.0023314771862922305,0.0
0.002383882584541438,0.0
0.004550160120178018,0.0
0.001119931209321027,0.0
0.004912090179780668,0.0
0.00279437812859246,0.0
0.000998980761223294,0.0
0.0020565959579742447,0.0
0.0016712771753917782,0.0
0.0017400354294323105,0.0
0.0064327036495881946,0.0
0.0028216925599729233,0.0
0.001065266289124575,0.0
0.005619333852161542,0.0
0.0014987253693738009,0.0
0.003955016408031715,0.0
0.006898401762248891,0.0
0.0013991174814749789,0.0
0.0034920465001805783,0.0
0.00852481795225491,0.0
0.0029776651633424515,0.0
0.006327255887135862,0.0
0.0021010525556139506,0.0
0.003890588048364005,0.0
0.008673334209480578,0.0
0.006533499372336448,0.0
0.003898766090664087,0.0
0.007945958500231099,0.0
0.002097427420943112,0.0
0.004532536838022273,0.0
0.003955885758528442,0.0
0.0039735281723965905,0.0
0.004047123195884625,0.0
0.004240557605699575,0.0
0.0012584230289075472,0.0
0.001429825228781875,0.0
0.0019448816101884138,0.0
0.0036270868349458866,0.0
0.002632727890946289,0.0
0.0020078556509003837,0.0
0.0062451608293828615,0.0
0.0035760514081168613,0.0
0.005491242113286488,0.0
0.001917249943543093,0.0
0.0018902954326208807,0.0
0.0031614428600722595,0.0
0.0015157566663497745,0.0
0.0020625420691125383,0.0
0.0014654645626158984,0.0
0.0021211234401233474,0.0
0.004025601114185416,0.0
0.0031937663822474978,0.0
0.0008939095767010946,0.0
0.005922450717808374,0.0
0.0029573755181029697,0.0
0.0019195178282089623,0.0
0.0029850380835401815,0.0
0.0009285160952367088,0.0
0.003914820624706908,0.0
0.00395944813418831,0.0
0.003959707004351763,0.0
0.004676577220253773,0.0
0.007364351423045248,0.0
0.0024926073774885955,0.0
0.0016307223365173106,0.0
0.0028311597941955554,0.0
0.0018033794058500004,0.0
0.004328221821793785,0.0
0.004228848944511901,0.0
0.0038915588276039505,0.0
0.003541515344015916,0.0
0.0010364667759701538,0.0
0.0016498596161602368,0.0
0.0012247696751375296,0.0
0.00153346837287529,0.0
0.0014423487805330587,0.0
0.003497381740246204,0.0
0.0014579940874467638,0.0
0.004287886765520722,0.0
0.0032358224671141566,0.0
0.0015674610401527837,0.0
0.003614131977029458,0.0
0.003063757603825609,0.0
0.01037831331734741,0.0
0.005735711850112108,0.0
0.0047854482099578205,0.0
0.006333380569631875,0.0
0.003531228311264836,0.0
0.005303627755010843,0.0
0.001396391106137378,0.0
0.0017386164536807203,0.0
0.008550556284884981,0.0
0.001477480782986157,0.0
0.0048458054405554314,0.0
0.0023565173511663267,0.0
0.003047664773667016,0.0
0.0028309165830934877,0.0
0.0016996784759619602,0.0
0.0017718211313072422,0.0
0.0007815349151426417,0.0
0.00648729463491114,0.0
0.003992235933599324,0.0
0.001765390689884932,0.0
0.002135816700743035,0.0
0.002222741066048706,0.0
0.003695010859188551,0.0
0.004987714213928436,0.0
0.001429734333861927,0.0
0.004740579856284068,0.0
0.006923540719031364,0.0
0.005906167776723738,0.0
0.0041177568512521575,0.0
0.0030393229897413402,0.0
0.000891081949616231,0.0
0.003682638815931248,0.0
0.005639758413787139,0.0
0.003023934005969136,0.0
0.0009533829515620802,0.0
0.002033997961581109,0.0
0.0018174032429248163,0.0
0.004371626842773678,0.0
0.001536276711359464,0.0
0.0029142287726741135,0.0
0.002587442415488808,0.0
0.0020566676578755664,0.0
0.002768161635157872,0.0
0.0014041720856751182,0.0
0.0037244456368133103,0.0
0.0021983118313561945,0.0
0.0014774547331822443,0.0
0.006112966702708806,0.0
0.0033002922005403003,0.0
0.0031674759285356276,0.0
0.002363700349315483,0.0
0.0007030267221028135,0.0
0.0026039063791786403,0.0
0.0024299808312901474,0.0
0.0014558350016628903,0.0
0.00291066839805342,0.0
0.0018880551015628526,0.0
0.0023150753774839996,0.0
0.012439203269312436,0.0
0.009849282785297868,0.0
0.002033143877765568,0.0
0.0038850508683669527,0.0
0.01175653688787514,0.0
0.0029530731641870638,0.0
0.0007122644494391304,0.0
0.0017336110411577607,0.0
0.0031436621251550593,0.0
0.002068126420702275,0.0
0.004151865610738781,0.0
0.0036633885895511194,0.0
0.00674869076135284,0.0
0.002303492794122213,0.0
0.0044275999646669105,0.0
0.0023440794022526225,0.0
0.00423059787735547,0.0
0.003252536429520572,0.0
0.0017037842986667314,0.0
0.006109155020968441,0.0
0.007242724286033987,0.0
0.0022569282247285848,0.0
0.0012475873256655992,0.0
0.004409273529269867,0.0
0.004431459360570092,0.0
0.002903003899121007,0.0
0.008296336987737435,0.0
0.004122912885069855,0.0
0.0008585082442069664,0.0
0.0006961769639168387,0.0
0.012447441805088348,0.0
0.002312958166597331,0.0
0.015262602773329357,0.0
0.002436177915416564,0.0
0.0017816477888158897,0.0
0.0050456728528158485,0.0
0.004837451415382109,0.0
0.0013593508536664455,0.0
0.004527583979699686,0.0
0.0009896073766703839,0.0
0.005571752368959267,0.0
0.0020692208404063943,0.0
0.0013857820041692248,0.0
0.00041196521725965214,0.0
0.0012764621174447164,0.0
0.0017456618313735689,0.0
0.0016562555172669334,0.0
0.0024052461816558364,0.0
0.0011053916712437147,0.0
0.00076219082277249,0.0
0.0010881563128875896,0.0
0.0017019173568570151,0.0
0.020771925943839895,0.0
0.003432273281308801,0.0
0.00555545406260242,0.0
0.0028542729839906066,0.0
0.0017690023029510958,0.0
0.0007862094060348446,0.0
0.0024038220161684875,0.0
0.00021309987500962754,0.0
0.004050237285505268,0.0
0.00933700997301249,0.0
0.0014502697874954529,0.0
0.0017296800106740735,0.0
0.00300877332772142,0.0
0.002320734220033358,0.0
0.0011312694339560083,0.0
0.004145845266457049,0.0
0.0024132203120298774,0.0
0.0014339115150961632,0.0
0.007180900708636948,0.0
0.0040990555454558115,0.0
0.002872382463832716,0.0
0.003394824865942882,0.0
0.006885524876061212,0.0
0.0008888456142394563,0.0
0.0017663720023063077,0.0
0.004982620769237181,0.0
0.014721397198398942,0.0
0.0027843127032751475,0.0
0.0060846162199251165,0.0
0.0027059057209301257,0.0
0.007106725579376177,0.0
0.0012697306312118401,0.0
0.001769094639556043,0.0
0.0010162592869161148,0.0
0.0017025890102440812,0.0
0.015570644664749994,0.0
0.0076774386681567166,0.0
0.002095772405691941,0.0
0.005975733829227329,0.0
0.001340864455813908,0.0
0.008497363580659403,0.0
0.009678666816344005,0.0
0.004211320643420154,0.0
0.005106628829741922,0.0
0.004387588454309696,0.0
0.008073609375031663,0.0
0.0022760219383799636,0.0
0.006295911648609715,0.0
0.014890942768160541,0.0
0.032611923847784975,0.0
0.0009549937305817248,0.0
0.0023509590066193562,0.0
0.0009557316694418898,0.0
0.007757689994913404,0.0
0.03759895292391513,0.0
0.013458067065798416,0.0
0.0039680183116000385,0.0
0.0007721159221292831,0.0
0.0006327400884741032,0.0
0.0016679227770559208,0.0
0.0013178252195412388,0.0
0.006685112597258604,0.0
0.0026617022217908116,0.0
0.003818799992626572,0.0
0.003542462932886725,0.0
0.003378883596166963,0.0
0.007818953575201381,0.0
0.003155224293786084,0.0
0.008824373355413152,0.0
0.0029462482205226165,0.0
0.004993966174675873,0.0
0.0018098764054383695,0.0
0.008811085446343365,0.0
0.001561231171778331,0.0
0.013482368783817521,0.0
0.00013415466961247895,0.0
0.003455296679180843,0.0
0.0058741276758420445,0.0
0.00928475377125004,0.0
0.006668834613937879,0.0
0.013372038488886125,0.0
0.004336181275582176,0.0
0.0023649483370745393,0.0
0.002210951283345638,0.0
0.003482690686382897,0.0
0.00292377493316774,0.0
0.003095054688606838,0.0
0.0005412966079394089,0.0
0.0019313156731235572,0.0
0.003524741805998085,0.0
0.0013186563581915444,0.0
0.0029457717312516125,0.0
0.003022190089461588,0.0
0.008593510209669262,0.0
0.0019045703430927003,0.0
0.0076957281649364315,0.0
0.005472319503536425,0.0
0.005695238898220049,0.0
0.0033893574602378088,0.0
0.0007301334564901584,0.0
0.011244373806043522,0.0
0.002353680132148304,0.0
0.005028249904527311,0.0
0.00253255876709492,0.0
0.00039257245352502244,0.0
0.003266476169590751,0.0
0.0032385753957835115,0.0
0.0030073861340351544,0.0
0.004645052858328189,0.0
0.0020653612464780337,0.0
0.0010119644988384163,0.0
0.003115215612960584,0.0
0.001037540917602464,0.0
0.002103685775540721,0.0
0.0020210629800069897,0.0
0.0029644344384449836,0.0
0.0008345952157471319,0.0
0.0014424728801737906,0.0
0.00246835482079483,0.0
0.004003343770883605,0.0
0.002266310656367068,0.0
0.0016422125989414762,0.0
0.0009389312337147688,0.0
0.005557749301733832,0.0
0.00492704071359919,0.0
0.005394529839951538,0.0
0.010173148596119577,0.0
0.002022172935375224,0.0
0.0007393221220424495,0.0
0.0023366113000584487,0.0
0.001407654117250055,0.0
0.0027600962286141576,0.0
0.0057142609774446665,0.0
0.0057953954452670195,0.0
0.001504788211124117,0.0
0.005285012343584732,0.0
0.0022830881991311052,0.0
0.002391303435664267,0.0
0.002915993254779111,0.0
0.004566561670843826,0.0
0.012620113552317588,0.0
0.009403629568531304,0.0
0.0009993381311205628,0.0
0.0014467393075189826,0.0
0.003310736467575482,0.0
0.0024690064314132135,0.0
0.007777575794257195,0.0
0.005542510446636275,0.0
0.0019259792285491065,0.0
0.001503601521516034,0.0
0.0033923405948575657,0.0
0.0018919944302916323,0.0
0.002278371323589298,0.0
0.0014170468176217274,0.0
0.0018485842683543642,0.0
0.0016143762513354983,0.0
0.0008205529105136682,0.0
0.007148231461049998,0.0
0.003298848219507681,0.0
0.0021558064712929245,0.0
0.004552312552523247,0.0
0.002461399029696424,0.0
0.004137328561979628,0.0
0.0030243226405016017,0.0
0.0018037155701710649,0.0
0.0014516750266481667,0.0
0.0009194110855547578,0.0
0.0024746918593863475,0.0
0.004997397255363165,0.0
0.0025648964035988164,0.0
0.0008099914855251832,0.0
0.007819234403544886,0.0
0.001505584640119819,0.0
0.003191206068656777,0.0
0.008047089824251417,0.0
0.003514167077980533,0.0
0.0013407808367333896,0.0
0.0018119384384751229,0.0
0.00052150515061994,0.0
0.00413723953680023,0.0
0.004356721204041859,0.0
0.0015626947831314303,0.0
0.002065732164627117,0.0
0.0038374012821562014,0.0
0.0011321895524177502,0.0
0.0026402177796691394,0.0
0.0015759164379618364,0.0
0.002981264229449619,0.0
0.0024624349748584473,0.0
0.001816273761760623,0.0
0.002120211920339937,0.0
0.00370786458704465,0.0
0.0025570418486356005,0.0
0.0012770418146859964,0.0
0.004946220982151197,0.0
0.005372847362199134,0.0
0.006177119837976037,0.0
0.008596194195323295,0.0
0.003437964729966978,0.0
0.0011032385557652685,0.0
0.0008964244647397413,0.0
0.0020899144427322467,0.0
0.0046390155422214386,0.0
0.0030291216756705096,0.0
0.004250635287860179,0.0
0.00364530645555834,0.0
0.0012482897420433953,0.0
0.002766109298921162,0.0
0.004976278019648881,0.0
0.0028003236330120624,0.0
0.0016536895359475234,0.0
0.001637455677495754,0.0
0.003952367186666898,0.0
0.0011127585771997124,0.0
0.0021359586646250398,0.0
0.003200088688327313,0.0
0.0022391062698987572,0.0
0.007933876406137847,0.0
0.0029445539612790684,0.0
0.005784419127554595,0.0
0.0010694368814971925,0.0
0.0017452583250702838,0.0
0.00212636925182527,0.0
0.0021602620902034905,0.0
0.004034206634912175,0.0
0.0036881275213148388,0.0
0.0030852254967237607,0.0
0.005395147096699815,0.0
0.0009743902034231391,0.0
0.0017742207397899712,0.0
0.0020085789833238213,0.0
0.0037651379964101454,0.0
0.002352414563537105,0.0
0.0022338657587358196,0.0
0.0016229277843850388,0.0
0.005363905698817191,0.0
0.002069450861630224,0.0
0.0011272934852304564,0.0
0.0025319543126837126,0.0
0.0027434132561092867,0.0
0.0022196302972232237,0.0
0.004513778512568032,0.0
0.0010524366272646327,0.0
0.0015016475029948737,0.0
0.0077187169575858895,0.0
0.002085497598229951,0.0
0.0025038845369522913,0.0
0.002513439370758362,0.0
0.0029499390641082777,0.0
0.008597941353419873,0.0
0.0017798514389743023,0.0
0.007692372207287095,0.0
0.0015227737531914747,0.0
0.0032330887314642744,0.0
0.001426826086879895,0.0
0.005394497262879987,0.0
0.003948743933610173,0.0
0.0017318168524611205,0.0
0.001062745429686183,0.0
0.0031598347000715405,0.0
0.006694652817392308,0.0
0.0007679086482703281,0.0
0.0055656501325950574,0.0
0.00314421609171166,0.0
0.006750630584799922,0.0
0.005037635840338067,0.0
0.0021990084247814337,0.0
0.002711541144151091,0.0
0.0011754879579758315,0.0
0.0016902862549522126,0.0
0.0015595495704952421,0.0
0.0019678780693376126,0.0
0.004960319484540195,0.0
0.003402719535089802,0.0
0.00997817039872428,0.0
0.002572817574917569,0.0
0.003336652030953967,0.0
0.0019151001840763608,0.0
0.006110713030349008,0.0
0.0016334658029261216,0.0
0.0027891480326491364,0.0
0.0007584643824560288,0.0
0.0029854260963940696,0.0
0.0034713863531906984,0.0
0.00764078177795104,0.0
0.001439892889277857,0.0
0.007005645026878671,0.0
0.009953961822345866,0.0
0.0007474987497753784,0.0
0.003429270845319873,0.0
0.0011124177793403961,0.0
0.0006676941937563108,0.0
0.0029741856826428063,0.0
0.0009468112270226368,0.0
0.0011159417224372089,0.0
0.0014943345227376576,0.0
0.0015434700060854899,0.0
0.0028767154379982815,0.0
0.007238064020159316,0.0
0.008144993977235048,0.0
0.001674596929965731,0.0
0.00062169958243401,0.0
0.0022735329934770116,0.0
0.0016827565863957858,0.0
0.0013728751358665736,0.0
0.0062703253775228595,0.0
0.0014579571459869614,0.0
0.003133819943797618,0.0
0.005000565341347116,0.0
0.00617630493258357,0.0
0.0015038438216486369,0.0
0.002330231271921598,0.0
0.009377583539739871,0.0
0.0021142808112113777,0.0
0.0018406209576997308,0.0
0.00446842870696601,0.0
0.004893778572687679,0.0
0.0012801693532836626,0.0
0.009144368312368863,0.0
0.005390549852023936,0.0
0.001716491654505775,0.0
0.003836939066154345,0.0
0.005510916728032537,0.0
0.0036921047528414336,0.0
0.0024452630152508575,0.0
0.0015457219757635363,0.0
0.004802783124561585,0.0
0.004499459411330853,0.0
0.003435098689712377,0.0
0.008513477556016254,0.0
0.007966596809932698,0.0
0.00235926688107579,0.0
0.0008841863604279582,0.0
0.0034288439730531914,0.0
0.00976355263561213,0.0
0.00618713268751257,0.0
0.0077642492044223,0.0
0.0021694150711299228,0.0
0.00114742488524184,0.0
0.0070535955190873575,0.0
0.0032176696229241374,0.0
0.001791702192958373,0.0
0.0031631678017078496,0.0
0.0026647841596375357,0.0
0.00530943853420376,0.0
0.003358726549290327,0.0
0.00215951126769109,0.0
0.0023474312214681967,0.0
0.005615883152662837,0.0
0.002643248538319858,0.0
0.008875739410932927,0.0
0.0019029869532591103,0.0
0.005244241692787251,0.0
0.001727851938223798,0.0
0.0028316169736454263,0.0
0.007335956154804059,0.0
0.006591286116500106,0.0
0.004890542090160122,0.0
0.0044569121895687005,0.0
0.001006152923770411,0.0
0.001615266106520767,0.0
0.009336079263761505,0.0
0.0024855876428230366,0.0
0.001775161940336883,0.0
0.0031246036642125635,0.0
0.0010912322923746548,0.0
0.001386340794794882,0.0
0.002180488612671977,0.0
0.0031801725991759114,0.0
0.0032032142446086725,0.0
0.0071706548410604065,0.0
0.0023651216957666504,0.0
0.0027026016220212147,0.0
0.0016412935326985997,0.0
0.002207565764710334,0.0
0.0021246926231996864,0.0
0.0033975869510742378,0.0
0.00209438442994294,0.0
0.006528629265392854,0.0
0.0005559000560642737,0.0
0.0015070414257805918,0.0
0.0022797112983095895,0.0
0.005340996592051839,0.0
0.002661328365181922,0.0
0.004646641839824435,0.0
0.006059510986366009,0.0
0.002426564719834669,0.0
0.002386296786036124,0.0
0.0020350915207692014,0.0
0.0035958317161866402,0.0
0.003573922058536298,0.0
0.00693541006540765,0.0
0.0028671134783191947,0.0
0.0020397813928270166,0.0
0.0014104355042976683,0.0
0.005011203777406056,0.0
0.010510616926082897,0.0
0.001977458110230217,0.0
0.012246427271914748,0.0
0.0016530350879362364,0.0
0.004367507232055937,0.0
0.004469713656560361,0.0
0.00260405964063303,0.0
0.0012636253120032004,0.0
0.002596141278734553,0.0
0.0025770865896535627,0.0
0.002805755072038584,0.0
0.00490905136246309,0.0
0.0042008027690180584,0.0
0.00361150037902627,0.0
0.0009040335909957956,0.0
0.002646469486127366,0.0
0.002071575094003455,0.0
0.00808086816613211,0.0
0.004872514648856444,0.0
0.002432911319129052,0.0
0.0013382036472441704,0.0
0.00854683734713713,0.0
0.0018030691338806707,0.0
0.0030771318349940794,0.0
0.0023820073622653555,0.0
0.001704124456652621,0.0
0.0016869278076515548,0.0
0.0015779144356626888,0.0
0.006201384907472716,0.0
0.0063427373738148725,0.0
0.002039611583696739,0.0
0.0030922352562535826,0.0
0.0014734562719697477,0.0
0.0048544928592113065,0.0
0.0036056902020683277,0.0
0.0008018416043238176,0.0
0.002206789594515447,0.0
0.004186074702893479,0.0
0.0019431107414609819,0.0
0.0025787030180176,0.0
0.0011322983771360619,0.0
0.004183483023443449,0.0
0.003357799480884636,0.0
0.0026618691757578235,0.0
0.0034099046650673892,0.0
0.002726137401036635,0.0
0.0028611466016655747,0.0
0.009102548360092326,0.0
0.0031049886806132024,0.0
0.004591181382744733,0.0
0.0015643041804832807,0.0
0.0028629362861105454,0.0
0.0021839539373139177,0.0
0.00433084708379282,0.0
0.003172757556347302,0.0
0.0017984016727146447,0.0
0.0022704785502458036,0.0
0.0035708397932643706,0.0
0.001054245787489723,0.0
0.0017144201972052566,0.0
0.0013242429807748242,0.0
0.0016646107306308475,0.0
0.003253844683157617,0.0
0.003179270194048622,0.0
0.0017194955140192726,0.0
0.0010197480521141992,0.0
0.0031907186603827666,0.0
0.0032094522439985217,0.0
0.005636760400288293,0.0
0.0027567941325393744,0.0
0.0028035892082289918,0.0
0.0020765166109551355,0.0
0.002386249633531066,0.0
0.0023059138272121353,0.0
0.008361586663159632,0.0
0.008333800925200004,0.0
0.011952090396470643,0.0
0.0013948091340992678,0.0
0.005764298337243219,0.0
0.006895825465888909,0.0
0.004504411398285956,0.0
0.011975684214442152,0.0
0.0019103587155512908,0.0
0.009022072945084909,0.0
0.006469465102601337,0.0
0.0029158865567487507,0.0
0.003136105124512456,0.0
0.005572631994648233,0.0
0.005065447588238867,0.0
0.0023994697903516227,0.0
0.0019598472461423836,0.0
0.006082259759468976,0.0
0.0009274059754985042,0.0
0.003771521415803109,0.0
0.0013226221243799634,0.0
0.0017874927523391225,0.0
0.003179445392313635,0.0
0.0010401756495718238,0.0
0.0036073422074869316,0.0
0.006576071699518255,0.0
0.004313645185378252,0.0
0.004658899202842672,0.0
0.000700923295986006,0.0
0.0009203910168602267,0.0
0.001248980250283668,0.0
0.0005945118987304535,0.0
0.0005201663494273255,0.0
0.007460552888118193,0.0
0.003895153475382319,0.0
0.004603944365253077,0.0
0.0009104892165513991,0.0
0.007049076268570235,0.0
0.005546062251937717,0.0
0.0005502270348233147,0.0
0.0012851653632424418,0.0
0.0016754189924612025,0.0
0.0035276431144156033,0.0
0.0018598973293790055,0.0
0.007848832833634575,0.0
0.003980124623892045,0.0
0.0004218937608316057,0.0
0.0018246191564601337,0.0
0.00353704402313289,0.0
0.004244873014525968,0.0
0.004691150107516697,0.0
0.007979182395890632,0.0
0.004703521199879041,0.0
0.0033147048121586606,0.0
0.002205099813500486,0.0
0.0008690977856278532,0.0
0.004684735138154402,0.0
0.0037965923384010113,0.0
0.002609047843598935,0.0
0.00540779846601567,0.0
0.0021136022556845742,0.0
0.0007912693426150909,0.0
0.0011097982974921945,0.0
0.001246403654605281,0.0
0.0022123912935887,0.0
0.0030888635386395586,0.0
0.006929478893846332,0.0
0.003292991061946544,0.0
0.0010073458335903393,0.0
0.0033139177627868207,0.0
0.026142924981753374,0.0
0.00675429291007962,0.0
0.0033810697048619292,0.0
0.0073147318632696655,0.0
0.030856103769260266,0.0
0.008125546291296743,0.0
0.0015411934210267312,0.0
0.003144190331685369,0.0
0.008036880471217379,0.0
0.007488702491135077,0.0
0.006063966217341186,0.0
0.0031089333836105686,0.0
0.002015668460704121,0.0
0.000986915707420609,0.0
0.00681310125846668,0.0
0.002841745557800375,0.0
0.00841254383751455,0.0
0.00038880568401681995,0.0
0.0008776076989892827,0.0
0.008800634692642436,0.0
0.002134174411633981,0.0
0.0020412187334440273,0.0
0.0017182575072698936,0.0
0.010840980539291828,0.0
0.005795205862516245,0.0
0.003453144868722998,0.0
0.001219412628077445,0.0
0.003160310300835041,0.0
0.0005222926354402926,0.0
0.010565381666349979,0.0
0.0009957663132713762,0.0
0.009445797976887329,0.0
0.006911550977411336,0.0
0.005819955500546716,0.0
0.004361096424889846,0.0
0.0026515491737764954,0.0
0.0005606140559562014,0.0
0.003369648225925739,0.0
0.007618321297932257,0.0
0.0014125556402864799,0.0
0.005844277524331755,0.0
0.0022404788084757106,0.0
0.002842109048014912,0.0
0.00220084057464882,0.0
0.0018834541519615509,0.0
0.011202349111941831,0.0
0.005679916261208046,0.0
0.0020749232381283033,0.0
0.0011872650170448547,0.0
0.004515019023976773,0.0
0.001792089817860182,0.0
0.0025253205262174214,0.0
0.0008603095091467681,0.0
0.0018525140417447398,0.0
0.000669032944428842,0.0
0.0024122886952723547,0.0
0.002837867147993448,0.0
0.0016348902354901993,0.0
0.001045630660413775,0.0
0.005496235355896277,0.0
0.004645226485678206,0.0
0.017788702717616997,0.0
0.009002436410664573,0.0
0.0010521392048859065,0.0
0.017882294006249327,0.0
0.004827885592978857,0.0
0.0015132820302858113,0.0
0.003451856454880366,0.0
0.0006944035556256303,0.0
0.001202283153034049,0.0
0.00379247403516849,0.0
0.005862397431997245,0.0
0.005852885056569363,0.0
0.0019453669398605015,0.0
0.0013526614415028178,0.0
0.004990086444642078,0.0
0.005526249914386039,0.0
0.0014294606417984805,0.0
0.0010445512864456455,0.0
0.0011066807217925685,0.0
0.0029289904194284883,0.0
0.008969298406246898,0.0
0.003976144765076395,0.0
0.007750785611542542,0.0
0.011675529626411265,0.0
0.002581917381415531,0.0
0.0053751758645829255,0.0
0.009118624580020936,0.0
0.005596607858796099,0.0
0.0019012562119691333,0.0
0.0025960448432999573,0.0
0.0015397579718330339,0.0
0.0011737114682676467,0.0
0.002893221940974865,0.0
0.0014423605414158314,0.0
0.002145765765064869,0.0
0.002517324969538742,0.0
0.002153414174607902,0.0
0.005661161110948128,0.0
0.007941876417718237,0.0
0.0017133763496957005,0.0
0.0030474492115288698,0.0
0.0015248702131280024,0.0
0.003568078821226803,0.0
0.0038576195921939437,0.0
0.0025628681389234936,0.0
0.0005644066843668964,0.0
0.005987502473612444,0.0
0.00022885894778574536,0.0
0.00778533972947421,0.0
0.0026279539857877133,0.0
0.0012505256268419585,0.0
0.007787575734230741,0.0
0.007313292894280696,0.0
0.0019512781259557687,0.0
0.006586902917545366,0.0
0.0033574007112652073,0.0
0.010494001402584432,0.0
0.0028498338783084203,0.0
0.004145660974853659,0.0
0.0023379654233045906,0.0
0.0029817007352142184,0.0
0.0015265816547202808,0.0
0.0008991940299728843,0.0
0.006736470483135763,0.0
0.0036867710449540515,0.0
0.002663093768730761,0.0
0.002341883065960268,0.0
0.002037203964968628,0.0
0.002087248066703874,0.0
0.0010485063541199895,0.0
0.0028924003682510016,0.0
0.00591108494677629,0.0
0.01514890415871011,0.0
0.006662536842000697,0.0
0.06263027714992908,0.0
0.004076996327859119,0.0
0.001309541837204409,0.0
0.0010458547502779202,0.0
0.0024705724322746448,0.0
0.0022729896199960823,0.0
0.008481039155225993,0.0
0.0050022584271041965,0.0
0.003172757889592306,0.0
0.0018054464643634683,0.0
0.0031965766146321963,0.0
0.0037369478080150117,0.0
0.0070816117112584235,0.0
0.0005968637686256499,0.0
0.0021121933191209146,0.0
0.003039134514812489,0.0
0.0005008774562537726,0.0
0.00041521248961000644,0.0
0.002049546012290159,0.0
0.0013593255910323474,0.0
0.003509649392158795,0.0
0.0022071065984867176,0.0
0.0038087675428694215,0.0
0.0031379147286611456,0.0
0.0056706163894657095,0.0
0.007901904587222836,0.0
0.009244214667918868,0.0
0.01884081376037102,0.0
0.00023720881549168187,0.0
0.009217060381993294,0.0
0.0002896335540762804,0.0
0.011133213266892329,0.0
0.0016506487375422027,0.0
0.0058868935520340285,0.0
0.0010572232257391244,0.0
0.0010809053135038156,0.0
0.0012363255697577596,0.0
0.0017892397033790817,0.0
0.003460430514725216,0.0
0.0009836948571567083,0.0
0.004855574570062824,0.0
0.0011839989799397347,0.0
0.0030900965462728087,0.0
0.0019217385453749046,0.0
0.006341612353659066,0.0
0.004819726347167247,0.0
0.0035401222151966345,0.0
0.001482253447205047,0.0
0.0037979960246975254,0.0
0.0006711644197408716,0.0
0.0017959202892752443,0.0
0.0010612762584669433,0.0
0.0006317685928387556,0.0
0.0014152286120797995,0.0
0.003966133117859377,0.0
0.009805483484963103,0.0
0.0008401723980149821,0.0
0.003555248147605137,0.0
0.006595591070674032,0.0
0.0007017785564026319,0.0
0.006877660782111322,0.0
0.04047615970532786,0.0
0.0018866338507008535,0.0
0.012711061195509951,0.0
0.010167411062659469,0.0
0.0012973771663264203,0.0
0.0099759884405917,0.0
0.010294663417832776,0.0
0.0014157243843588314,0.0
0.0001264689928138096,0.0
0.0035019932449674718,0.0
0.0007254157522207203,0.0
0.0008043981415838331,0.0
0.0021880590293428775,0.0
0.0004209486139651101,0.0
0.0017708723758793244,0.0
0.0036679942771201874,0.0
0.003780763524513139,0.0
0.004285982055426291,0.0
0.011045268481262579,0.0
0.000829373005174494,0.0
0.000474486488233839,0.0
0.0018154076887003337,0.0
0.0019057346360138359,0.0
0.012365816128931601,0.0
0.005131221719151145,0.0
0.0039632423706111326,0.0
0.007276859767228653,0.0
0.001284496975163032,0.0
0.006097902774824172,0.0
0.0006358773489989933,0.0
0.004599693154746736,0.0
0.0017127559742451703,0.0
0.005175978938327442,0.0
0.0007893264924233581,0.0
0.0018293702825332547,0.0
0.0027311136230755615,0.0
0.006146198101012259,0.0
0.059884866823644446,0.0
0.00786063423760107,0.0
0.003446006758983851,0.0
0.0019428063692335708,0.0
0.00439037411851677,0.0
0.0015323400929951564,0.0
0.002066141270733174,0.0
0.0017102520413220994,0.0
0.004242936416365995,0.0
0.011609247183799269,0.0
0.001914527093361193,0.0
0.002069245053983171,0.0
0.0017965125445186959,0.0
0.0029049727743507385,0.0
0.004814577035458227,0.0
0.0015625057154141293,0.0
0.0002581342135167311,0.0
0.001773231212543732,0.0
0.0003938728201682028,0.0
0.004673029506731601,0.0
0.0038315835440651883,0.0
0.008573780482616193,0.0
0.009956942616919349,0.0
0.001866470473402304,0.0
0.0026263354750646465,0.0
0.002201811414115231,0.0
0.010304486519201265,0.0
0.008844112647688439,0.0
0.0035811834721846928,0.0
0.0024579317448670678,0.0
0.1219490808742543,0.0
0.01698003204629387,0.0
0.000982258278975704,0.0
0.004503841937627852,0.0
0.0011551367189001258,0.0
0.002697813885867386,0.0
0.0004722934241397179,0.0
0.012959285981253952,0.0
0.0008179977799534275,0.0
0.0033275501513679692,0.0
0.004463239621876266,0.0
0.0010384705176573862,0.0
0.0006084903018624533,0.0
0.0013092775398238588,0.0
0.006733877525661277,0.0
0.0033113897857481897,0.0
0.0007882949958452017,0.0
0.0066773510915634545,0.0
0.001975219271879366,0.0
0.0016443018615066077,0.0
0.007172895334297204,0.0
0.005042563675680075,0.0
0.0029909822225276093,0.0
0.012866732210661928,0.0
0.0018035783703808496,0.0
0.0010935191935279318,0.0
0.0007289566289762622,0.0
0.003907031531379861,0.0
0.00198538910571232,0.0
0.0024049372551262238,0.0
0.011056961224014242,0.0
0.0007103829904706172,0.0
0.003909477443347479,0.0
0.004926496994373841,0.0
0.019793845121640292,0.0
0.0036767232786268414,0.0
0.002745432492717524,0.0
0.04706132306123643,0.0
0.0006200218845187878,0.0
0.0011838190091907127,0.0
0.000903428453874714,0.0
0.0006909085443281086,0.0
0.0012931092462488882,0.0
0.0008039552791377437,0.0
0.0018434610743056038,0.0
0.009370903270633982,0.0
0.0030613651094982598,0.0
0.0013462970946472989,0.0
0.0007170040149907247,0.0
0.0012369035446865824,0.0
0.0025236104219753383,0.0
0.00018911190585734663,0.0
0.0026631559787894375,0.0
0.0002504313269011605,0.0
0.0007778705075929392,0.0
0.0005445197446989829,0.0
0.0010616224796466962,0.0
0.008569716205498635,0.0
0.001590110814195068,0.0
0.014269742410403633,0.0
0.0008199307295289544,0.0
0.005979723963381592,0.0
0.00018850400338872028,0.0
0.0016253682737042763,0.0
0.004874728543630038,0.0
0.0007651417123625618,0.0
0.002265810999215975,0.0
0.010243405675962792,0.0
0.005276655934076497,0.0
0.002795021720466386,0.0
0.00263735168234878,0.0
0.002942614174104533,0.0
0.0017090548949347793,0.0
0.0037695556534614325,0.0
0.001480180574605812,0.0
0.001262560536077489,0.0
0.0018210249423721637,0.0
0.0025830033439787183,0.0
0.011344944757769765,0.0
0.004777321304232888,0.0
0.006902912142790246,0.0
0.00380605970932919,0.0
0.0019664721169299097,0.0
0.0029720741324733265,0.0
0.0010630052954371965,0.0
0.0005325494691792833,0.0
0.0031022899703341015,0.0
0.0015151128900992674,0.0
0.0028392909160636724,0.0
0.010981288438220714,0.0
0.004347780632062675,0.0
0.0009809664155535256,0.0
0.17349524754126772,0.0
0.005063594936832556,0.0
0.0003952564691239063,0.0
0.004385062171598827,0.0
0.002277368269034115,0.0
0.003066632321701623,0.0
0.0017659629664344338,0.0
0.002646575248337049,0.0
0.00034028890433502993,0.0
0.0030250502146334105,0.0
0.0011713969477574553,0.0
0.0012536987880525689,0.0
0.010180601762729427,0.0
0.003550300531431482,0.0
0.0006349446446329516,0.0
0.003143960488755291,0.0
0.0004429609635347652,0.0
0.0061088585935045805,0.0
0.0006612695423337956,0.0
0.001589522998719172,0.0
0.005062617414219984,0.0
0.0034893360818040895,0.0
0.0009882262425379138,0.0
0.004029616787411024,0.0
0.007768298410539043,0.0
0.006195726053586416,0.0
0.0034741013952400445,0.0
0.0008403656378147066,0.0
0.0018296867531576069,0.0
0.004041254013066529,0.0
0.00021252864968878765,0.0
0.0004545282479680061,0.0
0.002723309128094949,0.0
0.015704879517855225,0.0
0.016342239277430174,0.0
0.0025944072508586203,0.0
0.00028965565214587256,0.0
0.0031175502505189447,0.0
0.0017315184899193406,0.0
0.005689581363232951,0.0
0.014889128802918402,0.0
0.003118356214165553,0.0
0.0024554414356947303,0.0
0.001829158669356833,0.0
0.009054165220286424,0.0
0.002591832184281056,0.0
0.00466109997460177,0.0
0.0006178196235858865,0.0
0.006407832963411864,0.0
0.0015089846842657431,0.0
0.0053195589553902845,0.0
0.0008134955539141988,0.0
0.0025760266176689498,0.0
0.0016994545036872139,0.0
0.010910851070936966,0.0
0.001949072194623962,0.0
0.00641845076810427,0.0
0.005437433521964202,0.0
0.0012669658065858542,0.0
0.004101153566398227,0.0
0.0015842936743507613,0.0
0.0033136279823471285,0.0
0.004977280905077234,0.0
0.0029092574905419653,0.0
0.005648725942374198,0.0
0.004342391664368054,0.0
0.000504342008916302,0.0
0.006762693228432498,0.0
0.0016581970527468949,0.0
0.0017016079410145633,0.0
0.002080761265985961,0.0
0.0019038240788560755,0.0
0.006613888626696935,0.0
0.00515368376846959,0.0
0.006551958364673062,0.0
0.00542110260832516,0.0
0.001273301522684547,0.0
0.0012893648688405244,0.0
0.0018363341191438309,0.0
0.000458294065678425,0.0
0.0031738646375471836,0.0
0.0002085389119059455,0.0
0.005028531117965254,0.0
0.0005365968832710773,0.0
0.005816303582310195,0.0
0.001994266962374349,0.0
0.009779609924253993,0.0
0.002395687425500071,0.0
0.006385132937870312,0.0
0.0022494997602753117,0.0
0.0026964161754520523,0.0
0.0009404982489334434,0.0
0.0008250899155122414,0.0
0.002241941823384018,0.0
0.0005128964423907509,0.0
0.004860775273336089,0.0
0.004693345647986509,0.0
0.0009895338063816814,0.0
0.00022286667099457596,0.0
0.0021730812734845587,0.0
0.0004380988638557282,0.0
0.006993436795281633,0.0
0.005689411898011514,0.0
0.032694452615425064,0.0
0.001583813986272883,0.0
0.00462857208424647,0.0
0.000221509074289661,0.0
0.005119569799311246,0.0
0.0032521922711221396,0.0
0.002177624116220329,0.0
0.0034497943555042774,0.0
0.0030463915860527804,0.0
0.005481857088443786,0.0
0.0013757149105928174,0.0
0.002456912568560473,0.0
0.006180231476628167,0.0
0.009305009861651047,0.0
0.0025895477093062385,0.0
0.0024314039077301267,0.0
0.0019131218957589942,0.0
0.0019965811764325173,0.0
0.002233072211958436,0.0
0.002491220804004905,0.0
0.00917221351426771,0.0
0.0038009468643834363,0.0
0.001741714420199462,0.0
0.0020804026479903444,0.0
0.003748000445119312,0.0
0.010732178570032407,0.0
0.005108915415526243,0.0
0.0029898245261353817,0.0
7.815547474339447e-05,0.0
0.0006533734076379575,0.0
0.005751250982117876,0.0
0.008649590435715844,0.0
0.001678220395711375,0.0
0.003286304281995696,0.0
0.00034702228848982247,0.0
0.0026250270186137376,0.0
0.003614936250167301,0.0
0.001709824097702291,0.0
0.0007352375202529632,0.0
0.0023164631808967884,0.0
0.005180867097348671,0.0
0.0017215490539290845,0.0
0.007517726218362389,0.0
0.005766179449226316,0.0
0.04454074263544084,0.0
0.009836548111165064,0.0
0.0014284028710202699,0.0
0.012087016744248055,0.0
0.014029411738168187,0.0
0.002142137501070036,0.0
0.008733338230386361,0.0
0.009333972242183422,0.0
0.008393267121780512,0.0
0.0018221430555584684,0.0
0.016494516175347168,0.0
0.004966922638435699,0.0
0.0010782333777095672,0.0
0.0016076842398331404,0.0
0.0021061552036459757,1.0
0.001064409438223338,1.0
0.001533120665114115,1.0
0.0010915633004728094,1.0
0.001491499481039426,1.0
0.0037561681457721208,1.0
0.0021334927151079055,1.0
0.0020005402488942545,1.0
0.0013474459591225584,1.0
0.0010744688797323506,1.0
0.001492390147631678,1.0
0.0030217314776102887,1.0
0.00238507046735368,1.0
0.0023793432886284327,1.0
0.0006272632503064512,1.0
0.01200302320058118,1.0
0.004071286242409704,1.0
0.00432075714509842,1.0
0.0077239515426150585,1.0
0.006633552194875736,1.0
0.0013356679392782778,1.0
0.0063895158799669085,1.0
0.0032599150401003796,1.0
0.0005585820103675347,1.0
0.002842520642628061,1.0
0.10807110983082521,1.0
0.01917127536899194,1.0
0.04069641508062769,1.0
0.0005281765772485619,1.0
0.042890175412367906,1.0
0.00038569793452766457,1.0
0.9999547774572627,1.0
0.025852756107583988,1.0
0.10990288094767142,1.0
0.06201973556028199,1.0
6.079142097118448e-06,1.0
0.0012876152016542157,1.0
0.0002275612935612842,1.0
0.0595078891632386,1.0
0.14510831561566598,1.0
5.644933444194985e-10,1.0
0.9999999998489064,1.0
0.004041561628038152,1.0
0.9999999998584539,1.0
1.0,1.0
0.14751869459302264,1.0
1.0,1.0
0.9999999993907538,1.0
1.0,1.0
0.9999999999999991,1.0
1.0,1.0
1.0,1.0
0.9999999999981453,1.0
0.9999999994908411,1.0
1.0,1.0
8.45666970498215e-09,1.0
0.9999999999660218,1.0
1.0,1.0
0.9999998298377349,1.0
0.711803400155704,1.0
0.9999999999999944,1.0
1.0,1.0
0.9999999999999998,1.0
1.0,1.0
1.0,1.0
0.9999999990897404,1.0
0.8286090385202669,1.0
1.0,1.0
0.9999434750068122,1.0
0.9999999999086053,1.0
0.0006897245790350004,1.0
3.368934131387511e-06,1.0
0.9999999999869185,1.0
2.1064423462923653e-10,1.0
0.9999999999215712,1.0
0.9999999999999998,1.0
1.4545840163059042e-10,1.0
0.9999999999894271,1.0
1.0,1.0
0.34181353833421885,1.0
0.9999992320761877,1.0
7.099923645677956e-07,1.0
0.08002468059638167,1.0
1.6899377153421727e-06,1.0
7.99455772891458e-05,1.0
0.0038804658444498846,1.0
0.00032156901039781353,1.0
1.0,1.0
0.08571881576929267,1.0
0.0006413459585004643,1.0
0.9999999999612681,1.0
0.0023278312690906597,0.0
0.0031565918043337427,0.0
0.0024160182674116066,0.0
0.0021682651635919173,0.0
0.003109145343662556,0.0
0.0025905309264739685,0.0
0.002034142984043418,0.0
0.0018131982479562693,0.0
0.0024744744394348283,0.0
0.0026985650252020093,0.0
0.0029676338479849985,0.0
0.003571009073507255,0.0
0.002604132322450442,0.0
0.002342971334934234,0.0
0.0036605649277008205,0.0
0.002864153117169992,0.0
0.002152641684798644,0.0
0.0027836656218990555,0.0
0.0026352892924927495,0.0
0.0026787933543228736,0.0
0.0027812050660593283,0.0
0.0031869697827439825,0.0
0.00286969102868293,0.0
0.002993538867368337,0.0
0.003091955281037452,0.0
0.0023361660985528002,0.0
0.0026010386637941993,0.0
0.002245562467771656,0.0
0.003296137232222763,0.0
0.002483371515070766,0.0
0.00337534869207733,0.0
0.0027046683254612165,0.0
0.0024238353924266355,0.0
0.002507578286544694,0.0
0.002283288396751978,0.0
0.001388043968744134,0.0
0.002512575114204624,0.0
0.002492624963708704,0.0
0.003595868751244925,0.0
8.134279002327867e-05,0.0
0.0025840707958440412,0.0
0.003998231274895649,0.0
0.002653714278966419,0.0
0.00477826862337604,0.0
0.004645837475799664,0.0
0.005504695069408719,0.0
0.0014783979372169202,0.0
0.004947062076360978,0.0
0.005636391466680312,0.0
0.019292125361764587,0.0
0.006042419987587641,0.0
0.007985310419456023,0.0
0.002377300939091272,0.0
0.00441079609559541,0.0
0.002974000793094022,0.0
0.061769268516432455,0.0
0.004226906729385194,0.0
0.002089310286575081,0.0
0.002680941539705277,0.0
0.004915176434599407,0.0
0.005881442443686579,0.0
0.0005779686009244097,0.0
0.0012799649287301925,0.0
0.0006380924800930419,0.0
0.0010463515205910469,0.0
0.009582516829640881,0.0
0.0039000098194399433,0.0
0.006533301139128288,0.0
0.001852957180819591,0.0
0.012286513127274206,0.0
0.004638557204827192,0.0
0.004434951394754563,0.0
0.002719946055266031,0.0
0.0063651334941941815,0.0
0.002445310345828301,0.0
0.0005338819241504452,0.0
0.00091575548242594,0.0
0.0011039530933462582,0.0
0.005017656641841638,0.0
0.0026762808505513404,0.0
0.0022705613314367005,0.0
0.00016809242759948284,0.0
0.08468938425882797,0.0
0.0018711298132948486,0.0
0.0036586857202655226,0.0
0.007915892059191996,0.0
0.0007569195634109301,0.0
0.001374798981791259,0.0
0.01626543264656606,0.0
0.00021566235930891404,0.0
0.0069614894661957786,0.0
0.007126076492297726,0.0
0.0014509235852126266,0.0
0.0031432916706104403,0.0
0.006720252759252286,0.0
0.001277741149285343,0.0
0.00807879849521259,0.0
0.0019110232628734077,0.0
0.00011586085610115808,0.0
3.0069253384405204e-06,0.0
0.0014422458460346906,0.0
0.0017915500007425161,0.0
0.0008646093172008447,0.0
6.91983804077765e-05,0.0
2.3035798803258613e-06,0.0
4.983347698936673e-05,0.0
0.001976278859403133,0.0
0.00020897290281421188,0.0
9.932498718752567e-05,0.0
0.0362276958180571,0.0
0.003198751578795728,0.0
3.571559725740535e-08,0.0
0.0018276409265105364,0.0
0.0001524470907997234,0.0
0.00023883452449533686,0.0
0.0006059112247028082,0.0
3.3176021746597465e-05,0.0
2.184486036182802e-09,0.0
0.001427392490762558,0.0
0.0012082638566919329,0.0
0.04190685769232538,0.0
3.554942849554332e-05,0.0
0.0010399405526079863,0.0
0.003035520221879872,0.0
6.221190165882443e-05,0.0
1.6971701983451625e-06,0.0
3.972388269017443e-08,0.0
0.028297704383414342,0.0
0.0008934995340989367,0.0
6.117255468274588e-06,0.0
0.0021391204373339143,0.0
1.0580079453688039e-06,0.0
3.290954563234184e-06,0.0
0.006576121332568345,0.0
1.5763181804994277e-06,0.0
1.7672420661623302e-05,0.0
5.984654751027296e-07,0.0
1.4476415905925229e-05,0.0
0.00016060684449993378,0.0
5.507953214401568e-05,0.0
1.0805820447556487e-05,0.0
0.000852356712249851,0.0
6.234977738363408e-06,0.0
0.0015443560303794739,0.0
0.0010909350791107047,0.0
0.0032924966693190743,0.0
7.050940849237673e-06,0.0
0.0005902289467804308,0.0
0.0014530805794173915,0.0
6.902407685805293e-08,0.0
3.295638013903466e-08,0.0
7.873704925172393e-07,0.0
2.2589347670097245e-06,0.0
1.1259512753921608e-05,0.0
7.264879215251202e-06,0.0
0.02041631974227017,0.0
8.42560719825068e-06,0.0
4.828088073575955e-05,0.0
0.0005361112684054725,0.0
0.005538220104176435,0.0
0.0001026286812818835,0.0
0.001133426925375954,0.0
1.9565981846475455e-09,0.0
8.131096313192672e-07,0.0
0.0021527828336873472,0.0
0.02332019806689567,0.0
0.0017904603415803183,0.0
4.709337172045865e-06,0.0
0.00032407151984723323,0.0
0.00020627055370793285,0.0
2.3344576512824995e-06,0.0
0.0021984442540249668,0.0
0.00048262364732397676,0.0
0.01694157240287355,0.0
6.810498385060932e-06,0.0
2.5962310876027423e-06,0.0
8.03736052906617e-05,0.0
0.000965967756980972,0.0
1.807804318190381e-05,0.0
0.005746357952743084,0.0
0.08762662965635477,0.0
0.00041264290052621177,0.0
0.00022156444809681022,0.0
0.0034833268826648233,0.0
2.3054686696718355e-05,0.0
0.0036151923333681358,0.0
0.00530276508284099,0.0
0.03271176389883547,0.0
1.104138261408172e-05,0.0
0.001223567540787739,0.0
0.0023714171089400894,0.0
0.0019388177208096169,0.0
5.0613661192974623e-05,0.0
0.00033139803078360966,0.0
0.0001712514003142209,0.0
2.3483047657748745e-05,0.0
0.0004929516050784294,0.0
0.0031834808401705198,0.0
6.643446272749058e-05,0.0
1.7517379902999748e-08,0.0
0.021001013166541013,0.0
0.00154575123636887,0.0
2.0798660299958868e-05,0.0
0.0015985808356760996,0.0
0.006586176228223802,0.0
0.00020514687532708072,0.0
0.003690063327287117,0.0
0.019297126643478237,0.0
0.006977178040236164,0.0
1.66156858687412e-06,0.0
8.182056328743382e-07,0.0
0.00048256277367504397,0.0
2.6446825526568658e-05,0.0
1.321048051074122e-10,0.0
0.00031930128390517066,0.0
1.6668351024367658e-05,0.0
3.1524292434362816e-05,0.0
0.0002897265762220034,0.0
0.026499183092894816,0.0
0.003983498645109165,0.0
1.2722708797735533e-06,0.0
3.068904899821328e-05,0.0
0.01128683316731958,0.0
8.303037224033653e-05,0.0
0.009029948109506053,0.0
0.011419630072543936,0.0
0.0012247525816330206,0.0
0.012396127870242944,0.0
2.941958022373924e-05,0.0
0.0003971327753033397,0.0
0.0035239996785407118,0.0
0.01104436486405263,0.0
0.007610578403891064,0.0
0.00014918319246707716,0.0
0.013367306668472096,0.0
1.380471657072853e-07,0.0
0.0004722396516670509,0.0
0.0011444127437498681,0.0
0.002880409541783558,0.0
0.0027845589882109184,0.0
0.010238286612566126,0.0
0.0012170836847112537,0.0
0.0012609725042504768,0.0
1.3829287746841751e-07,0.0
0.007919578363908667,0.0
0.00011592792188848026,0.0
0.001722092586547175,0.0
0.00616330193245076,0.0
1.0135550649008785e-05,0.0
6.063068111358743e-06,0.0
0.004169407830962405,0.0
0.0006509682221301379,0.0
0.008537351474150504,0.0
0.0011564058774645545,0.0
2.706448014022795e-07,0.0
0.0005511243257186243,0.0
0.002236934398345491,0.0
0.0024153716829163636,0.0
0.0005642287089808792,0.0
0.003944222683916046,0.0
0.0032428794568077697,0.0
5.830240525116632e-07,0.0
0.030065820820647324,0.0
0.0013878847685171627,0.0
0.007031978099222282,0.0
8.792905924475434e-06,0.0
0.00037643420252085337,0.0
2.3739874682318508e-07,0.0
2.1251203368154216e-05,0.0
2.891100840256808e-05,0.0
0.0006135941304148582,0.0
0.002066886335951546,0.0
0.00030559394411297546,0.0
4.604047380672987e-05,0.0
8.490307517098845e-06,0.0
0.0013958821489459905,0.0
0.0017047195172728397,0.0
0.006773876388175162,0.0
6.287559757913293e-05,0.0
0.008251187487157231,0.0
0.006759006183092528,0.0
0.00016328371941944667,0.0
1.810548767079001e-06,0.0
0.0004186686275824202,0.0
1.395643523900713e-06,0.0
0.012370177153947545,0.0
9.710384633897456e-06,0.0
0.0022925799284551117,0.0
0.0008007320068145258,0.0
0.012262228235075584,0.0
0.007056032975942672,0.0
0.0018453572214554284,0.0
0.012289615773511451,0.0
8.417389106809648e-06,0.0
6.852354864738196e-07,0.0
0.002846117109282596,0.0
5.8512172827835103e-05,0.0
0.0008268984750663446,0.0
0.00047293489016449035,0.0
0.0012372008768862476,0.0
0.0002603683044895682,0.0
0.0022647561077370993,0.0
0.005420819150047627,0.0
0.007950761132520572,0.0
0.0008435505088399237,0.0
0.003617630234318286,0.0
0.0028930453679534714,0.0
0.005325638248524676,0.0
0.011877470114073821,0.0
0.0031510160292924213,0.0
0.009436784866820438,0.0
0.0048897324018627635,0.0
0.00316573642705591,0.0
0.005897027732877387,0.0
0.0013018663915027838,0.0
0.00232606215065615,0.0
0.008774383325259545,0.0
0.00883017461546123,0.0
0.0009791139646254743,0.0
0.0021113208467214506,0.0
0.0005892387386090016,0.0
2.1068736388789047e-05,0.0
0.004594159737328261,0.0
0.0007290695130928175,0.0
0.004334169314482029,0.0
0.005199511900676737,0.0
8.470476179396261e-05,0.0
0.0035364420597726147,0.0
1.0352149166885655e-06,0.0
0.004272245241224404,0.0
0.0005562318552681702,0.0
1.902205034174381e-05,0.0
0.0014935908067049452,0.0
0.05357424158154549,0.0
3.7359977372005694e-06,0.0
4.356175951472366e-05,0.0
0.0067671606035393655,0.0
0.0008922477688408884,0.0
0.0015328117317839566,0.0
0.00018912814528544597,0.0
0.0022088195380929833,0.0
0.0001540540444231472,0.0
0.00019674517588952697,0.0
0.01148967598758888,0.0
0.0001553202420821143,0.0
0.0015330553517806072,0.0
0.008591435623873288,0.0
0.0034291929907043204,0.0
0.006200128357332461,0.0
0.004638965361535339,0.0
0.004177230696312128,0.0
0.003877765005091468,0.0
0.004119372649594772,0.0
1.9045461703936377e-06,0.0
0.019872197811002523,0.0
0.00017481592221149037,0.0
0.00013687876640412324,0.0
0.0018157421003573524,0.0
0.0018337652820418218,0.0
0.2619794977500341,0.0
0.005736237837157749,0.0
0.0013545366793609442,0.0
0.005682514769383651,0.0
0.0009452070339604945,0.0
0.000600295269690773,0.0
0.02771325928590501,0.0
0.0006311196302668839,0.0
0.1180259439789593,0.0
0.0002279092511962867,0.0
0.018314831786008883,0.0
0.0002513495387064402,0.0
0.00221548897916284,0.0
0.0010319080647739713,0.0
0.0012716130225095418,0.0
0.012695303370243135,0.0
0.0006131545719809154,0.0
6.954379039593693e-07,0.0
0.0005891754153149412,0.0
0.04885180318557993,0.0
0.00018629981093840715,0.0
0.00032603394720454124,0.0
0.0009274845623149832,0.0
0.0011873527194459646,0.0
0.0020551836816822223,0.0
2.806994977918533e-05,0.0
0.0006379548723852326,0.0
0.0008146396320557413,0.0
0.0060391467105581674,0.0
5.08815214962192e-05,0.0
0.0005984494305118525,0.0
0.024958622068559633,0.0
0.03047470656061324,0.0
0.0015037275431761846,0.0
0.0011219418332506466,0.0
2.07670747080004e-05,0.0
0.0017301672107901934,0.0
0.13124347584145782,0.0
0.003974394243158157,0.0
0.028092298446315958,0.0
0.0024373562648002376,0.0
0.01424031112617528,0.0
0.014963370743742977,0.0
0.002623056276719753,0.0
0.004981487718231976,0.0
0.0003549542390002816,0.0
0.01154978524446264,0.0
0.003864704799985845,0.0
0.0012586573552837786,0.0
0.0007559831682843366,0.0
0.002074277228014457,0.0
0.0065173959602492755,0.0
0.0009918876226485353,0.0
0.00017729031781114289,0.0
0.0005228774907046753,0.0
0.006229433574273659,0.0
0.006044169153773568,0.0
0.0018459568848837255,0.0
0.0015930613801874622,0.0
0.01833275646750129,0.0
0.0008271937853399351,0.0
0.00064779733629491,0.0
0.01027091309803906,0.0
0.0018218494892711763,0.0
0.010570191445366549,0.0
0.0004851275778929548,0.0
0.0002553159551079129,0.0
0.0005096588191170693,0.0
0.001218291335356475,0.0
0.0005589839101813751,0.0
0.003950063066283745,0.0
0.00786606956799966,0.0
0.0018026256742237118,0.0
0.02188227563228062,0.0
0.006006550373760071,0.0
0.002626915530048456,0.0
0.017636357488246428,0.0
5.83027045539797e-05,0.0
0.00033306820451766783,0.0
2.1106559872706967e-05,0.0
0.008571500170748585,0.0
0.003967327821659924,0.0
0.012046549711611117,0.0
0.006065870288201114,0.0
2.6876670221614726e-06,0.0
0.00785212056971285,0.0
0.000792211202966457,0.0
0.0007138403615660589,0.0
3.444789217048908e-06,0.0
3.1589594512700656e-06,0.0
0.008213647397390207,0.0
3.650336487389352e-08,0.0
0.005080227567122527,0.0
9.601328657724928e-08,0.0
0.0017208795421029385,0.0
0.0003757139472433376,0.0
0.0162364260766596,0.0
0.0016361859253779852,0.0
0.002621893195012186,0.0
0.0005855871407128737,0.0
0.003125986227959536,0.0
0.00032671179398324903,0.0
0.0014615968820618863,0.0
0.0019876850716888895,0.0
0.001523528669407069,0.0
0.0028430801002016846,0.0
0.0012655583465264414,0.0
0.00021310946186253187,0.0
0.005714261129935433,0.0
0.0008940210868202904,0.0
0.002110213964467585,0.0
0.0006081966545097447,0.0
0.002542269018318952,0.0
0.00426739701036338,0.0
0.003911959332327023,0.0
0.005917274989249789,0.0
0.0014595548969760063,0.0
0.00022481946408953334,0.0
0.0012814789003186135,0.0
0.004203143984040351,0.0
0.0023115961801243833,0.0
0.0008350642602651954,0.0
0.007094803404734515,0.0
0.004325207606214145,0.0
0.012000210220223698,0.0
0.003409749817940961,0.0
0.002525272643723853,0.0
0.001565608915932636,0.0
0.00301548634296254,0.0
0.00274923859098118,0.0
0.0004999520911950727,0.0
0.0025810699094003277,0.0
0.005391780430581536,0.0
0.0006296917371351764,0.0
0.011672245808572587,0.0
0.0019214476429804568,0.0
0.005169205985567818,0.0
0.003741736223786965,0.0
0.011691216266339162,0.0
0.007995579174285726,0.0
0.003635620094296641,0.0
0.00181863754538503,0.0
0.005673136240313894,0.0
0.011370613682059312,0.0
0.001220761849189542,0.0
0.004285354432231882,0.0
0.00019877587108939223,0.0
0.004306440096557074,0.0
0.0036290691028427707,0.0
0.0007471734670758516,0.0
0.0012693784414277841,0.0
0.0029478045084443275,0.0
0.012411362395185317,0.0
0.00398837081159771,0.0
0.00463681159830827,0.0
0.0009351549771749768,0.0
0.009839075580945624,0.0
0.007193340495353079,0.0
0.07978060075357275,0.0
0.007212257368180662,0.0
0.005720485538897153,0.0
0.0009106399041072809,0.0
0.0011727283716337763,0.0
0.003483592825934542,0.0
0.002375963888705461,0.0
0.007741886755547682,0.0
0.0035834154820832847,0.0
0.013893646039955694,0.0
0.004292881298637622,0.0
0.005622989681740034,0.0
0.0012315049415933057,0.0
0.0017031419919690959,0.0
0.00575031444767851,0.0
0.002995870777532848,0.0
0.0014944253150003667,0.0
0.007789811039180248,0.0
0.00681558522549565,0.0
0.0002376319098539245,0.0
0.0046764192365711344,0.0
0.0008815074509510773,0.0
0.000575541762965988,0.0
0.006343476869095522,0.0
0.0020345650101862493,0.0
0.014017503773422344,0.0
0.00017283526424153437,0.0
0.0010238319971741438,0.0
0.017214445339462568,0.0
0.0028991114383491294,0.0
0.25179810469342767,0.0
0.005768196129664434,0.0
0.01189063688456672,0.0
0.00012411349608764665,0.0
0.0008119769993074003,0.0
0.009986356006828357,0.0
0.02529926498656831,0.0
0.012622420455643298,0.0
0.0002883961906000531,0.0
0.0008537210049686044,0.0
0.0016732691871471574,0.0
0.0009505419122028518,0.0
0.022861281245089612,0.0
0.0008292325893702208,0.0
0.006620652102336947,0.0
0.06552845752553547,0.0
0.005949803372619003,0.0
0.006264448880459848,0.0
0.001854657113583708,0.0
0.0013458064241124777,0.0
0.0009654096201091826,0.0
0.007455791275226986,0.0
0.008252112559247366,0.0
0.006429777032818476,0.0
0.011399848209117243,0.0
0.005169373219513998,0.0
0.009822769696782424,0.0
0.0005788634644822248,0.0
0.004358261227931353,0.0
0.0023505603334930277,0.0
0.006271446962673706,0.0
0.000681387836127512,0.0
0.002539795194293192,0.0
0.005564155566361278,0.0
0.0007219174662701637,0.0
0.004377623521023937,0.0
0.0024850028228366947,0.0
0.0037911094748484574,0.0
0.0018434126398503257,0.0
0.0027135308010710238,0.0
0.003399614747426257,0.0
0.001086828497017572,0.0
0.004006550378620283,0.0
0.004655989664375429,0.0
0.007265322406235324,0.0
0.0052963570160518055,0.0
0.0017071076643217936,0.0
0.007725832573674819,0.0
0.001671165472220249,0.0
0.0043926824380479445,0.0
0.0039304048917675975,0.0
0.0017018630055768843,0.0
0.010855990991081773,0.0
0.004163781782706605,0.0
0.00042434027589241616,0.0
1.722501577475892e-05,0.0
2.4943629976634516e-05,0.0
0.009890610866780124,0.0
0.0016832096776626618,0.0
0.033528377873911365,0.0
0.0006362341204498333,0.0
0.0006124123546794905,0.0
0.0035370658697022168,0.0
0.06031995779432928,0.0
0.0037350260341811998,0.0
0.0004050635920271354,0.0
0.004742054764167668,0.0
0.0008622623632094102,0.0
0.00027617989565753136,0.0
0.0004513643422351181,0.0
0.0023025510948525164,0.0
0.003267059436541575,0.0
0.002636316568628337,0.0
0.008872502828643452,0.0
0.00031643528103319406,0.0
0.001345137991161628,0.0
0.0033641742051243157,0.0
0.005618843163933324,0.0
0.0034861775755890604,0.0
0.00028146718966253663,0.0
0.0022061395128328146,0.0
0.010215680973262621,0.0
0.005901702533858532,0.0
0.0025720395707278867,0.0
0.0021230032841554496,0.0
0.003937405079148394,0.0
0.007880266592902266,0.0
0.003113205199660396,0.0
0.0026617162431455746,0.0
0.002145967764834454,0.0
0.00040838786437899575,0.0
0.005189151156243441,0.0
0.009402960435894732,0.0
0.006772502255973104,0.0
0.01356210108510893,0.0
0.006791886439953101,0.0
0.00047273058469499086,0.0
0.0020886284456772854,0.0
0.006796784663281382,0.0
0.0057163931379287875,0.0
0.0007152777366520067,0.0
0.0005490721159406989,0.0
0.009184598767923463,0.0
0.00521523982797509,0.0
0.11838331336228969,0.0
0.0018668614094031533,0.0
0.0023951702228089955,0.0
0.0018275010924557811,0.0
0.0013683067150121932,0.0
0.0005762145068610257,0.0
0.0010497142401106726,0.0
0.0010772192322483342,0.0
0.007531861393313215,0.0
0.003001322685600424,0.0
0.0009975960981415352,0.0
0.0035028683014271525,0.0
0.04835499782843092,0.0
0.0003336621706175224,0.0
0.0027680977467032402,0.0
0.000728752808492543,0.0
0.0006852296819215767,0.0
0.009814198012320776,0.0
0.00043007835511028804,0.0
0.0020719622178275387,0.0
9.32187000779466e-05,0.0
0.0009723352258477719,0.0
0.002797683299015657,0.0
0.0018047155402247947,0.0
0.0019185354900910815,0.0
0.0004752605413123604,0.0
0.013382255284210871,0.0
0.0010381064756508345,0.0
0.0007303039697041645,0.0
0.0019999283531473224,0.0
0.002543141353576822,0.0
0.007868749450488507,0.0
0.0005239409048063412,0.0
0.005265650990918979,0.0
0.0006219593194419952,0.0
0.011076678446924093,0.0
0.009116220160442381,0.0
0.0023316604654500025,0.0
0.0033028988558527436,0.0
0.00014035314581820713,0.0
0.011886374460206807,0.0
0.017749092612939145,0.0
0.04295773196690018,0.0
0.0016564161219487317,0.0
0.006373693675833265,0.0
0.0013695158713814227,0.0
0.002884428202974258,0.0
0.05065027831181378,0.0
0.002010678452985279,0.0
0.0012931368583755278,0.0
0.0005763180416249807,0.0
0.006056652916704203,0.0
0.0022729156522246973,0.0
0.0009006960568619972,0.0
0.001009664101102604,0.0
0.008587247262596182,0.0
0.0007836107298961014,0.0
0.004192683548122147,0.0
0.004654594815407399,0.0
0.0013932715069296486,0.0
0.0009228404589775661,0.0
0.0014588914472699964,0.0
0.004431119584495456,0.0
0.003924832779975168,0.0
0.0035428590837840246,0.0
0.0014668208105014103,0.0
0.005139013197592424,0.0
0.005161349575409608,0.0
0.003613697349312865,0.0
0.0005470892640305066,0.0
0.0880846507013398,0.0
0.001867158039342625,0.0
0.00027953859229481743,0.0
0.0014278039642962375,0.0
0.0018549780463319098,0.0
0.001509860503223053,0.0
0.005525037099488622,0.0
7.594755114026997e-05,0.0
0.003715809020054041,0.0
0.0029538387399655275,0.0
0.0006573919418999182,0.0
0.0020092840793920334,0.0
0.008332686996035368,0.0
0.0009339925924521126,0.0
0.00956094395186659,0.0
0.003411985627707791,0.0
0.009934638276585745,0.0
0.0004825048464019192,0.0
0.0037034334446622397,0.0
0.0006708443069861671,0.0
0.008178152425694625,0.0
0.00293110130784819,0.0
0.00964638160037028,0.0
0.004411978215362558,0.0
0.014067471668802175,0.0
0.00038378915943760005,0.0
0.00024579444597962733,0.0
0.0016820719276537041,0.0
0.004432954857492217,0.0
0.011022548886562334,0.0
0.17884404387556957,0.0
0.004531202022134687,0.0
9.18973149681262e-06,0.0
0.0014943436982152918,0.0
0.007805907658006176,0.0
0.006351231335122479,0.0
0.0017780096304887225,0.0
0.0006208027489926772,0.0
0.005469342585420932,0.0
0.0012578400188596802,0.0
0.0040628047500469,0.0
0.005100739443224814,0.0
0.0030454080951605755,0.0
0.0017722508087143084,0.0
0.0013649656409883866,0.0
0.0016074951371394417,0.0
0.0036269391436232127,0.0
0.013416511809000478,0.0
0.0054646872388518525,0.0
0.00309235663968298,0.0
0.029981721445461833,0.0
0.0008205966313403364,0.0
0.0001568886966497425,0.0
0.003678720137650202,0.0
0.02408484154627728,0.0
0.004102760854694429,0.0
0.0005135943223219157,0.0
0.0026917184615112754,0.0
0.1386821458478015,0.0
0.0005556755220385576,0.0
0.0019677836318346027,0.0
0.0014475852272957952,0.0
0.0009027747336183405,0.0
0.002864944040600501,0.0
0.0034420838770437678,0.0
0.009381600217731092,0.0
0.0011995439021411985,0.0
0.021918157850583795,0.0
0.002580708156470545,0.0
0.004460615538457588,0.0
0.0019567512883608465,0.0
0.0015287426509970497,0.0
0.004013255738806231,0.0
0.0021219446685278314,0.0
0.0016590241722628212,0.0
0.004333140733085227,0.0
0.004805715991052544,0.0
0.0013130527753680173,0.0
0.0008290696283016375,0.0
0.01148887299811939,0.0
0.004000447330796303,0.0
0.005107782170958454,0.0
0.006222204507471373,0.0
0.00039691529173784646,0.0
0.00036269684021455627,0.0
0.004679240423650565,0.0
0.0007120402557361152,0.0
0.00428600584419555,0.0
0.008852666772533707,0.0
0.0001646637541404384,0.0
0.0021738779112950774,0.0
0.003190676659812211,0.0
0.00229199549750942,0.0
0.002028379617142896,0.0
0.004413270374872683,0.0
0.00027374538901666533,0.0
0.0041099021565288805,0.0
0.0001142156144011157,0.0
0.0007349795828781164,0.0
0.0015884707965971218,0.0
0.0007454366060593243,0.0
6.624808667287301e-05,0.0
0.0024514009750444877,0.0
0.005723917721885175,0.0
0.0070317474933129205,0.0
0.008620002512015947,0.0
0.0033269691233529996,0.0
0.0022044698807123704,0.0
0.001156360711231841,0.0
0.0007294303414854672,0.0
0.004124153312563656,0.0
0.004835182313150888,0.0
0.0007520603897757898,0.0
0.008088863833878449,0.0
0.0003327733145223301,0.0
0.005886876151785562,0.0
0.0011574656206643013,0.0
0.01094380865509025,0.0
0.00043697753930632195,0.0
0.0023676875765524324,0.0
0.003866567284790033,0.0
0.0008741852421810837,0.0
0.011915229505917457,0.0
0.003613941354098588,0.0
0.003116637902799002,0.0
0.011550129514722283,0.0
0.021873866058752918,0.0
0.0015758036762402565,0.0
0.013982444743825711,0.0
0.0038346988479953693,0.0
0.004763921883945286,0.0
0.00257452565175932,0.0
0.0009392006380901659,0.0
0.0015513235624657665,0.0
0.0008003508747287945,0.0
0.005521488143212155,0.0
0.0015557784471177968,0.0
0.0020171590162779626,0.0
0.005775729922922771,0.0
0.001747931372711706,0.0
0.0030780286191972855,0.0
0.014330318877454427,0.0
0.005599899424930053,0.0
0.0013702059007557263,0.0
0.012622315073005954,0.0
0.008946049695217315,0.0
0.0002674710875048008,0.0
0.0016493607508681748,0.0
0.007837284432510791,0.0
0.00024337579574321998,0.0
1.7136373353820887e-06,0.0
0.0010598019947767282,0.0
0.009151979605364978,0.0
0.011267504631895938,0.0
0.012638556888410582,0.0
0.006904276966373739,0.0
0.0002714275747068385,0.0
0.1929493739846189,0.0
0.001389551076995686,0.0
0.03315780667242244,0.0
0.008849330079291501,0.0
0.0028640323195048105,0.0
0.005162426055428625,0.0
0.001781327130126242,0.0
0.003772590218763765,0.0
0.29525901820693706,0.0
0.004144062895172703,0.0
0.0011728365789409917,0.0
0.02305487136762635,0.0
0.003716467193756037,0.0
0.0013951492280943247,0.0
0.0051126071712142614,0.0
0.0007362219970277895,0.0
0.0007824289499485966,0.0
0.0020104190107101193,0.0
0.0049869332298149785,0.0
0.020099938332790838,0.0
8.974735894734122e-05,0.0
0.026938289628046758,0.0
0.008990577800345017,0.0
0.016653655975593852,0.0
0.0004023910636814716,0.0
0.0008079720447117644,0.0
0.0070229437673393945,0.0
0.002075772118046901,0.0
0.009344902092543173,0.0
0.001422003067784319,0.0
0.0004526392311769746,0.0
0.0038771706866260473,0.0
0.001113061261397074,0.0
0.00572296036856024,0.0
0.016223953707622342,0.0
0.007759510710444347,0.0
0.38908887336930537,0.0
0.03206872225574546,0.0
0.0010521163466318411,0.0
0.014395504063728148,0.0
0.002170026637571885,0.0
0.0003670284113752341,0.0
0.005536582393263311,0.0
0.0008756056139552713,0.0
0.0024506277013251823,0.0
0.0037719223695356166,0.0
9.856590533575179e-05,0.0
0.002861083639274374,0.0
0.011925530711941733,0.0
0.003817883370343262,0.0
6.605354934683163e-05,0.0
0.0022142649937035015,0.0
0.008950351179929051,0.0
0.07003646071329131,0.0
0.006044296339248902,0.0
0.006332365331285971,0.0
0.007237871008638823,0.0
0.002736795154900556,0.0
0.014243091925199874,0.0
0.0015952701734450675,0.0
0.0024524182579547735,0.0
0.00024411914051273467,0.0
0.001548550713833459,0.0
0.001460970713657297,0.0
0.015043086248050761,0.0
0.004397474676903607,0.0
0.00015307046339467902,0.0
0.0011742636775515733,0.0
0.0030166540997942567,0.0
0.0007980716075393027,0.0
0.012972246367624705,0.0
0.005245070531345536,0.0
0.0003301410021505599,0.0
0.04378408093079811,0.0
0.010392556475467215,0.0
0.009284814886212548,0.0
0.0036545412962591247,0.0
0.0013443223091942104,0.0
0.0008188359954713321,0.0
0.2897472735916936,0.0
0.0038364201270155674,0.0
0.001147836270607541,0.0
0.005367815746912793,0.0
0.004144973151249827,0.0
0.0006893529017687236,0.0
0.0045951869196624254,0.0
0.0021949887317124286,0.0
0.002558461552946653,0.0
0.0012475602358499145,0.0
0.0002953222206332127,0.0
0.00039272210378514245,0.0
0.005993515529863027,0.0
0.003442846764619215,0.0
0.0008902404576368265,0.0
0.005816419468339192,0.0
0.0024210464473836796,0.0
0.0004294390220067868,0.0
0.17569648822633083,0.0
0.004873023238937233,0.0
0.0012519974734596716,0.0
0.0022748371145308354,0.0
0.005620237679637926,0.0
0.007780004551201586,0.0
0.002101045680674501,0.0
0.006862762069462749,0.0
0.003536613357562681,0.0
0.009681673345043216,0.0
0.0018715107481482814,0.0
0.005763328892245108,0.0
0.005857429000673874,0.0
0.0021125927968205682,0.0
0.00906536922947023,0.0
0.0030926489185444227,0.0
0.0037545906387565055,0.0
0.001638759053380071,0.0
0.002259861482970251,0.0
0.0016310141077919564,0.0
0.000442090879719889,0.0
0.001399928110346968,0.0
0.0042392771877848056,0.0
0.011636935358100373,0.0
0.00010093450384135868,0.0
0.0008427991196074784,0.0
0.0001542535394137756,0.0
0.001132501306297514,0.0
0.006804060317110811,0.0
0.00010298959692905883,0.0
0.05949896862618482,0.0
0.0020901153713538106,0.0
0.00625540786928082,0.0
0.006359348379755081,0.0
0.0018474697275363422,0.0
0.001007536529270138,0.0
0.001104427125718372,0.0
0.001830545635899451,0.0
0.0014255816366875937,0.0
0.008765912998442147,0.0
0.08494051474545751,0.0
0.008882211910030474,0.0
0.00122961443693017,0.0
0.00013999099791651566,0.0
0.0008322297814576008,0.0
0.004539361385800701,0.0
0.0074448741091170546,0.0
0.01801559459617586,0.0
0.014385782337456408,0.0
0.0007526878520282108,0.0
0.00036643795939604606,0.0
0.0015054500911119233,0.0
0.0026190155788083044,0.0
0.0002712934899688341,0.0
0.000957608838513857,0.0
0.0004513065296928193,0.0
0.0001796921556850162,0.0
0.001157696109685321,0.0
0.004701949637833429,0.0
0.0030478173918790344,0.0
0.009931486833335773,0.0
0.002213717274668692,0.0
0.014933113837956957,0.0
0.0010890076912397103,0.0
0.0036852748684642386,0.0
0.006750709410654205,0.0
0.00561616559460746,0.0
0.0015802121321498754,0.0
0.0019495725122567608,0.0
0.006664547236907828,0.0
0.0004004834439544527,0.0
0.006209049226507565,0.0
0.00043408520689678103,0.0
0.0015356416838822433,0.0
2.187921459117856e-05,0.0
0.014002882464061906,0.0
0.001922797354128321,0.0
0.0022040355031924374,0.0
0.01293296528043307,0.0
0.007410053868692405,0.0
0.0003937925847185991,0.0
0.005685724785272567,0.0
0.0005320253492721185,0.0
0.039117832713403335,0.0
0.00040146926879957066,0.0
0.0003594888735824003,0.0
0.004589555270027727,0.0
0.008734801184891903,0.0
0.0006190697110354017,0.0
0.0005624794764254455,0.0
0.0035658289693996778,0.0
0.002239974910175389,0.0
0.0028769480844504838,0.0
0.0013946434537513827,0.0
0.013010071566093562,0.0
0.0009962984438201875,0.0
0.003488474076749649,0.0
0.002081972107277602,0.0
0.003440587873011061,0.0
0.0031123201259648727,0.0
0.0005633487790592057,0.0
0.00738669392864374,0.0
0.005391864937547244,0.0
0.005849086123091474,0.0
0.004244315142905443,0.0
0.006296443331474261,0.0
0.0006539642846639921,0.0
0.0017340698024301702,0.0
0.007503631372665134,0.0
0.003783963246609517,0.0
0.001197549775483187,0.0
0.0024295130741790938,0.0
0.0023235570863513882,0.0
0.0035012042032812234,0.0
0.006186183364572457,0.0
0.0054165248871875255,0.0
0.0008875186846769761,0.0
0.0002223117461683315,0.0
0.0037635441124928685,0.0
0.0037674388447946658,0.0
0.0015779716629618628,0.0
0.003107841511923347,0.0
0.004281620514245384,0.0
0.014205774131402813,0.0
0.0006397692486973443,0.0
0.0023676409816956166,0.0
0.004014707572711152,0.0
0.005332545539802128,0.0
0.001684152004981954,0.0
0.0007764644149045312,0.0
0.013693012694342855,0.0
0.0016390365041123402,0.0
0.002447067150717225,0.0
0.005215807461014863,0.0
0.0058584352827436735,0.0
0.00019285324468567446,0.0
0.005058010515134923,0.0
0.006778018073283721,0.0
0.0009268508467800676,0.0
0.0010531041425494603,0.0
0.006463846869419647,0.0
0.00014361467403281613,0.0
0.006423377438716974,0.0
0.0005439276311957306,0.0
0.0028350722620348605,0.0
0.0005207482015516905,0.0
0.0038162151301217536,0.0
0.0007426910212815753,0.0
0.00011953366552762105,0.0
0.0007069792142133809,0.0
0.005056970909949449,0.0
0.005616220715089382,0.0
0.003119708274290756,0.0
0.0060801011776008464,0.0
0.005311521567504365,0.0
0.008717027148976682,0.0
0.0030938131810580465,0.0
0.002718655639036033,0.0
0.0009264721208529713,0.0
0.0003536797820858742,0.0
0.002111282737138003,0.0
0.0060917813012172665,0.0
0.01630598641965182,0.0
0.010527188493697905,0.0
0.0020244771293070176,0.0
0.03704456324884848,0.0
0.0008218008665913283,0.0
0.0007392845634552426,0.0
0.0041886238473106165,0.0
0.0036625693388419992,0.0
0.004664928761562096,0.0
0.001307440218539189,0.0
0.002292802262768104,0.0
0.0020784591991921206,0.0
0.17915935581954467,0.0
0.0009858260913504914,0.0
0.0266117328959868,0.0
1.469708857600643e-05,0.0
0.00011915463479913563,0.0
0.001056125072247747,0.0
0.0010303132765967775,0.0
0.0017239250265660556,0.0
0.018854410052940487,0.0
0.006305937184812646,0.0
0.0015171126054009188,0.0
0.0017591719605307057,0.0
0.0006391430361808402,0.0
0.0011092558467949345,0.0
0.004497567091648463,0.0
0.0009436896562903412,0.0
0.0064057346862953874,0.0
0.008463562935880284,0.0
0.005548414514560547,0.0
0.0008805509983537984,0.0
0.005369398631810928,0.0
0.0020583269506048033,0.0
0.0014816710996648432,0.0
0.0034654514199033404,0.0
0.0313845446078413,0.0
0.023970911528106868,0.0
0.007394087301672509,0.0
0.0010648578480639285,0.0
0.005727038743378384,0.0
0.0024928395020863,0.0
0.0008866733626287311,0.0
0.00023699658310332981,0.0
0.007495611652489573,0.0
0.0031462457257074735,0.0
0.0018959698496095693,0.0
0.0039370462662566014,0.0
0.00018044306782894715,0.0
0.003952606778307434,0.0
0.011219810338147835,0.0
0.005152122281675432,0.0
0.0019327115001018462,0.0
0.008230777410063832,0.0
0.0031317047678447786,0.0
0.001915943191141399,0.0
0.0011275402122947007,0.0
0.013721886514673187,0.0
0.0013190575979707064,0.0
0.004892254082858448,0.0
0.4235089656464288,0.0
0.00032543343750550456,0.0
0.0027657158555582243,0.0
0.001644027785832904,0.0
0.0007300248943839689,0.0
0.000878409392563731,0.0
0.003655652969885966,0.0
0.00014404411626175854,0.0
0.00013204501199157412,0.0
0.0027129887100185955,0.0
0.0012456105031207556,0.0
0.00034210881166966083,0.0
0.0015903894371972651,0.0
0.012849579565413632,0.0
0.003975057899625359,0.0
0.0031374583882856507,0.0
0.006608354700444249,0.0
0.006031071705849482,0.0
0.001072852890912984,0.0
0.0011887954427158786,0.0
0.011353700629746099,0.0
0.0012542083611488597,0.0
0.00011537500590485897,0.0
0.00242281295614376,0.0
0.00522863423745869,0.0
0.0016009554211587156,0.0
0.0021874728146782547,0.0
0.0009629877995091545,0.0
0.00011004897746346534,0.0
0.004437629477043154,0.0
0.024660943998376296,0.0
0.0035371337563221026,0.0
0.0347856071416744,0.0
0.0007008911436948771,0.0
0.008656593550422826,0.0
0.0015327485163364766,0.0
0.002345726636198518,0.0
0.0034026553091243633,0.0
0.0033678253385161913,0.0
0.009297926118904008,0.0
0.004822994431680252,0.0
0.008535052266465979,0.0
0.0004112421702143136,0.0
0.0018366196560606616,0.0
0.0016439088766742678,0.0
6.663496161254349e-05,0.0
0.001198343853556612,0.0
0.01094124348491216,0.0
0.0016361009137058453,0.0
0.00048628094721120163,0.0
0.0018490316916833331,0.0
0.0011705678752679067,0.0
0.00015718216293032276,0.0
0.008033047789837024,0.0
0.0023668212949353434,0.0
0.0026830236037395316,0.0
0.0028728901795510905,0.0
0.0020280812321601316,0.0
0.012714435117344138,0.0
0.008572172332881626,0.0
0.0012317998285388467,0.0
