1.5873461264919105e-75,0.0
1.942295526165944e-12,0.0
5.850861330270948e-18,0.0
0,0.0
9.47409803605646e-259,0.0
1.5336015597387701e-31,0.0
2.181544454569371e-29,0.0
0,0.0
0,0.0
0,0.0
0,0.0
3.140862168472251e-240,0.0
1.3967175484103018e-75,0.0
4.798927465185816e-20,0.0
5.647125060861127e-66,0.0
3.6916566889332586e-07,0.0
8.357453817505939e-29,0.0
7.3696270203316065e-16,0.0
1.3072221199261467e-294,0.0
3.147596121611738e-129,0.0
3.464484674976627e-132,0.0
3.0613437986941087e-168,0.0
1.0091822419424842e-46,0.0
4.0150917007618165e-164,0.0
5.3434311567578736e-266,0.0
0,0.0
6.449680814763443e-06,0.0
3.270830087814668e-15,0.0
0,0.0
0,0.0
0,0.0
1.0686965639204626e-74,0.0
0,0.0
1.5494299772874862e-17,0.0
1.4443576906915788e-198,0.0
3.5273733622267844e-08,0.0
1.3652680699429883e-238,0.0
2.0848449833546193e-70,0.0
3.4184783521732206e-267,0.0
1.349398594828206e-28,0.0
1.3685046812590906e-160,0.0
3.6846864900430295e-35,0.0
5.890671766685642e-55,0.0
0,0.0
0,0.0
0,0.0
0,0.0
0,0.0
0,0.0
1.570085042130234e-39,0.0
4.140454385956886e-220,0.0
2.2403975279267403e-54,0.0
1.6276048991719444e-169,0.0
7.060444900374077e-25,0.0
1.493098574598844e-24,0.0
1.6350108336004856e-17,0.0
1.080673342882792e-65,0.0
1.2134147541828621e-50,0.0
1.7953070526904566e-27,0.0
1.056388331472671e-08,0.0
4.630030236740262e-108,0.0
1.288053833980329e-93,0.0
2.4597405993967314e-08,0.0
0,0.0
3.584466056216668e-89,0.0
5.476849995408825e-174,0.0
1.1539556777412764e-175,0.0
1.3348229737856725e-30,0.0
1.546799796114325e-51,0.0
7.965253948171344e-11,0.0
3.963641665880959e-12,0.0
5.141576802283387e-41,0.0
0,0.0
1.2248815384539689e-196,0.0
0,0.0
3.51277237202834e-20,0.0
2.4587918169363764e-201,0.0
1.4276099884727686e-38,0.0
7.946232101621236e-10,0.0
8.374501500218313e-12,0.0
2.3080779336734007e-10,0.0
2.4419850207755625e-57,0.0
1.289913821229304e-122,0.0
0,0.0
2.240098735966739e-120,0.0
0,0.0
0,0.0
5.293950996880894e-158,0.0
1.2504380734881403e-16,0.0
2.248838511636995e-173,0.0
1.4675508021902814e-277,0.0
2.999141880041375e-237,0.0
5.553188604018742e-129,0.0
4.170578917687943e-177,0.0
2.7325232145385473e-98,0.0
4.4677079291563863e-10,0.0
2.2075822720433028e-288,0.0
0,0.0
1.875602877927684e-15,0.0
4.3412769160426563e-281,0.0
0,0.0
0,0.0
2.0456609886528798e-243,0.0
0,0.0
2.4640099660097308e-217,0.0
1.0858109155652154e-08,0.0
1.3653761081791253e-119,0.0
7.9252280778986e-136,0.0
0,0.0
5.935469116030728e-17,0.0
0,0.0
0,0.0
0,0.0
8.3449159174503e-184,0.0
6.922121119176174e-12,0.0
0,0.0
4.47415005875473e-10,0.0
7.191941240314086e-19,0.0
0,0.0
0,0.0
0,0.0
0,0.0
0,0.0
1.0615256125163035e-212,0.0
4.3664167289400214e-217,0.0
0,0.0
1.4256361248149941e-92,0.0
3.029136893537304e-213,0.0
1.1393482400621376e-70,0.0
0,0.0
1.4902477829347152e-115,0.0
2.4239971971627178e-12,0.0
3.964184445368317e-07,0.0
3.075498900719019e-14,0.0
8.456535084068618e-37,0.0
2.7241325737651043e-294,0.0
6.881057155697846e-39,0.0
2.867687197325007e-107,0.0
0,0.0
0,0.0
5.4424006906622894e-250,0.0
0,0.0
4.45374920234266e-70,0.0
7.860472203788468e-12,0.0
1.5602782359440511e-13,0.0
3.3159480840947217e-18,0.0
1.3275419694063198e-261,0.0
6.2067036009242096e-52,0.0
4.58062342056235e-145,0.0
1.4241327351322318e-73,0.0
0,0.0
0,0.0
0,0.0
3.1158745252711492e-108,0.0
1.0246301407294666e-18,0.0
5.632367277985486e-34,0.0
2.0712567871366892e-224,0.0
2.920623515224795e-50,0.0
8.282675537887898e-257,0.0
2.391245806747292e-16,0.0
1.8458203471263456e-215,0.0
0,0.0
0,0.0
6.678265743179975e-239,0.0
1.2676744565069674e-12,0.0
0,0.0
6.82244315111033e-52,0.0
0,0.0
0,0.0
2.16365611161222e-10,0.0
4.9518845565365634e-17,0.0
3.2986273477791084e-257,0.0
1.0222192801073998e-09,0.0
1.701587491661663e-33,0.0
2.4125589193925876e-09,0.0
1.0044274525558624e-20,0.0
4.635678134606867e-76,0.0
1.288780660960683e-50,0.0
2.6312988474675616e-162,0.0
0,0.0
7.500740524522695e-11,0.0
0,0.0
8.253971769556906e-73,0.0
6.741226291457677e-09,0.0
0,0.0
2.2494320699191837e-141,0.0
0,0.0
9.887195752954366e-16,0.0
0,0.0
5.828350048335341e-216,0.0
2.9720338099588327e-268,0.0
0,0.0
0,0.0
1.0811875736810828e-61,0.0
6.783432048076852e-93,0.0
0,0.0
6.181684674858637e-11,0.0
1.6101837060097062e-259,0.0
1.4513935171434234e-63,0.0
0,0.0
6.592505905478193e-08,0.0
0,0.0
2.4790172556056087e-110,0.0
4.398739729963982e-170,0.0
2.50478901499732e-65,0.0
3.9045835278667522e-50,0.0
1.817542674189898e-10,0.0
2.0719191052394945e-21,0.0
5.0322449020643974e-130,0.0
0,0.0
0,0.0
2.3789900471230452e-11,0.0
3.991856312014572e-191,0.0
0,0.0
1.3557622588422418e-300,0.0
5.2136752531537e-122,0.0
1.1257074712960687e-288,0.0
0,0.0
0,0.0
2.070735772437844e-09,0.0
8.82267053916305e-27,0.0
3.7750295185883353e-259,0.0
5.5540400831538506e-08,0.0
2.8506450619955568e-214,0.0
5.381019843751951e-97,0.0
0,0.0
4.044732345444223e-156,0.0
9.116114124475193e-11,0.0
0,0.0
0,0.0
1.8739558470798495e-41,0.0
1.1215797643671704e-12,0.0
4.420936163499008e-16,0.0
1.475016337903621e-196,0.0
6.872880706299515e-238,0.0
8.663540647620356e-195,0.0
0,0.0
1.3157659587512329e-08,0.0
2.2254181803616087e-08,0.0
1.1645382642541997e-13,0.0
0,0.0
4.694155045117609e-134,0.0
2.5210996132541137e-12,0.0
5.49741356618519e-100,0.0
2.6792100253993833e-152,0.0
1.2037721512409156e-06,0.0
4.93162120995503e-236,0.0
5.709690448292064e-22,0.0
1.2524487714443546e-30,0.0
3.3817550105672363e-16,0.0
5.928997634629719e-125,0.0
2.4394756370615568e-292,0.0
1.0084856279131506e-55,0.0
1.220757320946454e-07,0.0
0.0026056079945801095,0.0
6.594048463427256e-140,0.0
2.2292197900890378e-24,0.0
5.734526319914943e-23,0.0
3.546425302734173e-47,0.0
2.6577209620527297e-272,0.0
0,0.0
5.106207705496134e-10,0.0
1.6014172182758188e-09,0.0
6.575032485486393e-309,0.0
6.549819778068119e-10,0.0
4.117673238456787e-238,0.0
3.403476589308021e-51,0.0
1.9888359691332012e-133,0.0
0,0.0
0,0.0
1.1860070553128225e-130,0.0
3.9453553369862816e-38,0.0
0,0.0
4.732711574483684e-261,0.0
5.182694673987873e-103,0.0
4.835040140248478e-15,0.0
7.942006444126191e-85,0.0
3.5848191569375347e-239,0.0
0,0.0
2.2688001558411217e-38,0.0
1.2132937656255357e-56,0.0
1.0796331121705504e-50,0.0
0,0.0
5.947634162930881e-43,0.0
2.271375497504814e-112,0.0
1.3464639486809552e-10,0.0
2.615243555658802e-31,0.0
1.9593100839505012e-07,0.0
6.952011197571893e-19,0.0
0,0.0
9.598637625665702e-24,0.0
1.1133536167134232e-41,0.0
5.666682489210955e-16,0.0
1.946243108990123e-39,0.0
2.2363075176495858e-44,0.0
1.0957090947092405e-59,0.0
1.7355531936776974e-38,0.0
0,0.0
1.8737101004198677e-162,0.0
0,0.0
5.1211381395666375e-20,0.0
1.9538934306715878e-83,0.0
9.788940544108096e-59,0.0
3.543543848161379e-127,0.0
9.753030585565915e-205,0.0
5.630437539088548e-22,0.0
4.76026462869705e-09,0.0
4.5831905187021354e-15,0.0
6.599713740988346e-18,0.0
1.3060322713365887e-133,0.0
4.221847162169078e-24,0.0
0,0.0
3.1546875862088193e-09,0.0
8.591877285419951e-33,0.0
6.075863937524344e-90,0.0
3.50454660056472e-96,0.0
3.24061139127024e-275,0.0
5.315837511868554e-49,0.0
8.510727678106952e-222,0.0
6.965525504925897e-126,0.0
2.6114557464470195e-22,0.0
0,0.0
1.649478829191281e-60,0.0
1.4494036378796304e-28,0.0
2.450000133606217e-124,0.0
0,0.0
2.4859890771157126e-19,0.0
2.372296985403235e-11,0.0
5.245986830681571e-180,0.0
1.8233172282518743e-25,0.0
4.3642103440728284e-67,0.0
6.544093286150477e-254,0.0
9.443981300970395e-13,0.0
3.969707732022526e-51,0.0
1.963934811977006e-89,0.0
6.15300005897174e-16,0.0
5.937100607302206e-07,0.0
1.0648539523314151e-92,0.0
1.4261372463102481e-08,0.0
3.0843133143769708e-40,0.0
7.544682369351872e-18,0.0
1.6145280092618214e-09,0.0
1.1770759166035932e-21,0.0
3.602737644292642e-19,0.0
9.837431913919421e-09,0.0
2.074526210113038e-202,0.0
5.654834147489433e-12,0.0
4.431002518723318e-65,0.0
1.2853370297023216e-13,0.0
3.505931479979488e-80,0.0
4.622932827593004e-57,0.0
8.114118869158852e-23,0.0
0.994718996849084,0.0
1.612502268743248e-11,0.0
5.446165383818434e-11,0.0
1.3788774457735875e-71,0.0
5.709877483991753e-13,0.0
8.719757873906261e-18,0.0
3.668672830615748e-22,0.0
3.5813859848588146e-38,0.0
3.590366992574174e-08,0.0
0,0.0
2.0359182067972686e-280,0.0
2.1892519803749715e-13,0.0
5.948010308166357e-131,0.0
6.793982823431719e-159,0.0
3.222160972165471e-32,0.0
2.2358993135785828e-13,0.0
3.4000143986796125e-111,0.0
1.6980847356139065e-08,0.0
8.987880088763131e-08,0.0
2.0545851355993747e-42,0.0
5.221997180762575e-53,0.0
0,0.0
1.1230786143521329e-156,0.0
3.1523391531010308e-15,0.0
3.807162685165755e-13,0.0
3.731011470741241e-16,0.0
8.428707377534294e-38,0.0
1.2514321755765996e-09,0.0
7.198517928166512e-96,0.0
8.240783417221202e-79,0.0
2.4613983872680756e-13,0.0
1.0436315750818024e-30,0.0
8.081693395127226e-11,0.0
1.8773043236932012e-50,0.0
0,0.0
4.977174781778578e-95,0.0
3.0773021617740614e-16,0.0
1.824771320449626e-06,0.0
1.757055270232482e-24,0.0
5.917330489123712e-23,0.0
2.221313072325389e-15,0.0
5.1966410504103296e-08,0.0
6.251996801090083e-131,0.0
5.750330373555779e-17,0.0
1.5533861071654206e-254,0.0
1.2412733684338424e-22,0.0
3.97125919136675e-52,0.0
2.280196569633192e-16,0.0
9.459560820503651e-209,0.0
2.1130633079288495e-34,0.0
5.061676288661217e-14,0.0
7.973179384162756e-25,0.0
4.992776986672751e-55,0.0
3.276433488806164e-12,0.0
0.3729506177958967,0.0
1.4081130058486442e-29,0.0
3.4966069151596924e-17,0.0
2.5567373319137647e-40,0.0
3.335294408673224e-10,0.0
4.160692162352944e-40,0.0
0,0.0
1.8837886262124183e-97,0.0
1.4459280360118373e-11,0.0
1.5742205803997727e-15,0.0
1.1642505991431969e-74,0.0
3.9951199871521276e-240,0.0
3.818828433595276e-161,0.0
3.2125496935856113e-43,0.0
9.533856688304626e-12,0.0
1.648895417564187e-21,0.0
1.591369042899927e-20,0.0
7.136511687604743e-24,0.0
2.0186894380207337e-10,0.0
7.865756178278788e-20,0.0
0,0.0
5.982847254345123e-144,0.0
1.9003606270415007e-44,0.0
1.320804930275013e-99,0.0
0,0.0
0,0.0
8.303698798910567e-69,0.0
2.3746960818978025e-09,0.0
1.0705174859572922e-18,0.0
1.0351726066898164e-16,0.0
1.930077839015822e-05,0.0
8.892103325819586e-232,0.0
1.0690702620662615e-86,0.0
0,0.0
0,0.0
6.404921929829293e-15,0.0
4.7918327132603783e-126,0.0
1.100930064076791e-139,0.0
0,0.0
2.8690996496141667e-10,0.0
0,0.0
8.998255734383002e-32,0.0
4.2939085924722046e-16,0.0
4.009312267470575e-130,0.0
1.6444042645420125e-08,0.0
2.6656155547068107e-190,0.0
0,0.0
2.331092836956161e-268,0.0
2.0194540206123975e-68,0.0
1.3560738850666569e-65,0.0
1.045768494911308e-09,0.0
4.6758977733834026e-08,0.0
6.377305958063973e-22,0.0
0,0.0
8.841407816029249e-23,0.0
5.409272889328829e-22,0.0
2.328174623748813e-13,0.0
3.12165645619345e-19,0.0
0,0.0
9.58974492894902e-94,0.0
0.9999999999999998,0.0
0,0.0
1.9045731317606195e-23,0.0
6.300116974128568e-189,0.0
2.2452903059651442e-71,0.0
0,0.0
0,0.0
4.042497109261203e-58,0.0
6.591747804886588e-26,0.0
5.718650063544534e-32,0.0
0,0.0
0,0.0
8.44639734975343e-78,0.0
3.2966927597789338e-105,0.0
0,0.0
1.0191812342295995e-55,0.0
0,0.0
6.915782812711869e-24,0.0
1.5041091228783438e-16,0.0
1.6133980719985148e-26,0.0
0,0.0
2.3063752033781054e-225,0.0
1.0302567766000849e-52,0.0
0,0.0
2.115199461579457e-145,0.0
0,0.0
7.767905836924874e-57,0.0
2.7639072722844753e-111,0.0
1.753835171725942e-35,0.0
2.1135009826919332e-13,0.0
1.107143462568549e-08,0.0
2.5675196755961107e-51,0.0
0,0.0
3.858773681572912e-69,0.0
3.317106048125486e-33,0.0
5.507513055914359e-13,0.0
4.660353457191947e-47,0.0
7.346998819328509e-77,0.0
2.9290605473052137e-27,0.0
1.8756874777928494e-176,0.0
5.92409175437749e-24,0.0
1.190479135664697e-08,0.0
2.658373790170556e-06,0.0
1.0105254314296423e-45,0.0
3.486798137049478e-08,0.0
5.297491621174044e-40,0.0
0,0.0
0,0.0
4.285196170427716e-49,0.0
9.279953785634025e-66,0.0
1.9804085871079993e-128,0.0
5.674242096132895e-23,0.0
2.3181076831176977e-33,0.0
1.17791731257855e-61,0.0
5.520892033172724e-67,0.0
1.8748015470959613e-12,0.0
3.1044967912427264e-10,0.0
9.696657154700967e-61,0.0
9.474481471807686e-17,0.0
2.445948361948103e-10,0.0
8.498943084727628e-289,0.0
2.8524010009150083e-41,0.0
9.100395714412756e-09,0.0
6.805443209099644e-55,0.0
4.767894073824926e-192,0.0
3.3986727824665774e-13,0.0
2.079435064892748e-36,0.0
0,0.0
6.021586802951011e-93,0.0
8.209643396656658e-174,0.0
0,0.0
0,0.0
0,0.0
0,0.0
1.4301224852927347e-67,0.0
1.2956252001019298e-262,0.0
1.0586040440787869e-80,0.0
7.740193279371698e-27,0.0
3.527280423253834e-19,0.0
0,0.0
3.122212477374845e-78,0.0
4.469752356465372e-295,0.0
6.875103152095642e-13,0.0
0,0.0
1.1522486770154557e-88,0.0
0,0.0
2.656331222207777e-208,0.0
3.8757038053847276e-133,0.0
0,0.0
2.1126917777608995e-103,0.0
7.545840075654535e-25,0.0
0,0.0
0,0.0
6.444536203021432e-08,0.0
5.23257528671347e-43,0.0
0,0.0
1.871082616405562e-277,0.0
2.3867321624609857e-263,0.0
0,0.0
7.069455076702497e-157,0.0
3.0976621634490827e-265,0.0
1.3688488743816201e-176,0.0
4.160584033916106e-139,0.0
6.747595482017053e-23,0.0
3.7348179136032014e-190,0.0
1.5962505425083138e-55,0.0
4.129883829010544e-15,0.0
1.2691946132127767e-40,0.0
4.042861082058012e-296,0.0
2.196949962854406e-109,0.0
3.921721654774122e-167,0.0
0,0.0
0,0.0
4.614224101972644e-172,0.0
8.370706175321117e-221,0.0
5.203713475195875e-150,0.0
8.639022495220646e-08,0.0
2.3193555004203086e-129,0.0
0,0.0
4.059713812699681e-245,0.0
4.331104961615647e-51,0.0
0,0.0
1.155889723004122e-16,0.0
4.4561503552372695e-86,0.0
2.9802532858518033e-13,0.0
2.5947583552969717e-54,0.0
3.7362218855731377e-241,0.0
4.329214200942241e-07,0.0
1.5064820260366774e-237,0.0
4.905912961053035e-109,0.0
1.744644847880147e-303,0.0
1.0986304093653525e-15,0.0
0,0.0
0,0.0
4.0471740161848e-33,0.0
2.8416763812075294e-18,0.0
4.551963324701307e-186,0.0
0,0.0
0,0.0
8.390012698599035e-23,0.0
4.0947367187045527e-41,0.0
3.7586974091021635e-06,0.0
2.1249960216694925e-201,0.0
1.303086976423474e-09,0.0
9.922322621795947e-85,0.0
1.2623338370492156e-33,0.0
1.5563722047905382e-13,0.0
3.750173160351317e-46,0.0
1.1973438442617124e-13,0.0
3.641465941427411e-49,0.0
3.1396255004112645e-17,0.0
2.1943786318456487e-25,0.0
5.698338392135881e-12,0.0
6.89535122957641e-129,0.0
3.723487183493182e-145,0.0
5.041654828675042e-57,0.0
0,0.0
1.3659572589403102e-14,0.0
1.75762916996288e-18,0.0
0,0.0
1.0834204485307847e-238,0.0
1.2273173082399336e-93,0.0
1.4373665524671716e-179,0.0
2.7596473297307695e-80,0.0
2.859886341326292e-100,0.0
0,0.0
3.2379060015858505e-140,0.0
2.954023111130186e-41,0.0
0,0.0
8.135575179697288e-19,0.0
0,0.0
2.7650689093667544e-16,0.0
3.382370113052465e-16,0.0
1.0020284083982279e-303,0.0
2.804465138086221e-114,0.0
3.0884384187026172e-18,0.0
1.316485599267768e-146,0.0
1.7453519826192524e-239,0.0
4.6798494663636635e-210,0.0
3.1929128278716383e-200,0.0
5.2492170811126644e-194,0.0
0,0.0
9.556703131298372e-273,0.0
6.467543088655911e-265,0.0
0,0.0
8.536227445549029e-17,0.0
2.6112446860466156e-150,0.0
3.786164057562651e-91,0.0
3.4443922838055674e-58,0.0
0,0.0
4.1921657670701987e-81,0.0
4.539263815595308e-15,0.0
1.1254398255625312e-192,0.0
5.188608993819665e-13,0.0
4.041031736736303e-186,0.0
0,0.0
4.794201693451978e-25,0.0
0,0.0
1.1099543440626362e-198,0.0
0,0.0
0,0.0
0,0.0
0,0.0
8.00075632752924e-28,0.0
6.490119259275724e-56,0.0
3.8296065902974294e-180,0.0
5.740900542505198e-32,0.0
4.947829120124857e-16,0.0
5.87144008371848e-282,0.0
1.415919292604995e-79,0.0
2.0074740936728317e-21,0.0
0,0.0
0,0.0
0,0.0
6.755101104247555e-188,0.0
1.4523131869414258e-245,0.0
0,0.0
2.035419613102086e-72,0.0
0,0.0
1.2920355061806843e-133,0.0
0,0.0
1.2678191612583277e-197,0.0
0,0.0
1.3700770035078623e-32,0.0
0,0.0
6.576221157690593e-49,0.0
5.015461147878758e-31,0.0
8.004341343434721e-23,0.0
6.217346111640416e-67,0.0
0,0.0
0,0.0
9.55993089355062e-153,0.0
2.574465046852854e-257,0.0
3.720625410460715e-122,0.0
1.0719771440859585e-107,0.0
4.056205760933303e-108,0.0
2.4116953741542693e-11,0.0
2.4033911069040614e-19,0.0
2.9219284076009383e-127,0.0
4.751041548611677e-106,0.0
3.88897941104197e-14,0.0
1.423775443833433e-37,0.0
1.495034803534982e-28,0.0
1.0115848150683995e-22,0.0
3.1693863047808884e-11,0.0
1.6606587426668898e-125,0.0
0,0.0
0,0.0
3.9448334249689625e-05,0.0
1.7280534341325376e-22,0.0
6.337858108791224e-29,0.0
4.5799464635435845e-29,0.0
0,0.0
6.466227061655199e-205,0.0
1.9004410305030698e-113,0.0
9.340205866335554e-08,0.0
8.454758072955438e-128,0.0
0,0.0
3.060039592590004e-277,0.0
0,0.0
7.535998589453732e-09,0.0
0,0.0
0,0.0
2.679524346370648e-07,0.0
4.5678250222737026e-11,0.0
1.510337360658704e-64,0.0
2.4729622889306228e-17,0.0
5.965898855661306e-22,0.0
1.2126195232582066e-34,0.0
1.3470364431303692e-229,0.0
5.587761517140195e-128,0.0
2.6498943980027723e-35,0.0
2.0411159893131073e-71,0.0
1.9206862378564803e-55,0.0
1.1649570505605725e-11,0.0
6.235708412039936e-16,0.0
1.9418572426992905e-34,0.0
1.65587046546803e-24,0.0
1.3120383009573451e-136,0.0
2.7031448695042666e-14,0.0
1.0578806435152027e-102,0.0
1.0444921805166295e-19,0.0
2.6731862799439227e-18,0.0
5.844653769776072e-105,0.0
1.9754879802712256e-304,0.0
2.1977110946753964e-43,0.0
1.5781439432282649e-19,0.0
8.040502116308638e-201,0.0
7.543867716307269e-213,0.0
8.221168821314075e-20,0.0
6.102151041037146e-88,0.0
4.1353031886140697e-69,0.0
3.7280249090834135e-27,0.0
0,0.0
9.318259240702297e-171,0.0
1.2813777482536772e-70,0.0
1.3074687607000468e-38,0.0
0,0.0
6.279491096132578e-183,0.0
1.0643729971070626e-77,0.0
0,0.0
1.590030571985795e-45,0.0
0,0.0
5.198003816999064e-05,0.0
2.2093590370185117e-75,0.0
6.3820992241386215e-09,0.0
6.218576725503546e-15,0.0
5.806073482625239e-149,0.0
5.142035359605095e-29,0.0
3.297134677332451e-34,0.0
0,0.0
0,0.0
0,0.0
7.890403201854329e-257,0.0
4.386575489977857e-170,0.0
0,0.0
0,0.0
6.802483085972284e-60,0.0
8.135660398020248e-67,0.0
2.490864270879245e-204,0.0
7.780904298559708e-105,0.0
2.302386068153922e-241,0.0
0,0.0
2.540479698798764e-68,0.0
0,0.0
0,0.0
1.5718388997468765e-139,0.0
0,0.0
9.426707260559124e-66,0.0
2.1677053160372022e-186,0.0
2.2639267746270857e-48,0.0
8.719221046606534e-35,0.0
1.7369720267452888e-268,0.0
0,0.0
0,0.0
5.709054249598501e-135,0.0
1.6264285991845753e-32,0.0
3.6676058863610974e-98,0.0
1.7304188912336663e-06,0.0
7.449723756101467e-21,0.0
0.649538151272424,0.0
1.284639197763398e-60,0.0
4.246270669009603e-31,0.0
6.406852443922471e-75,0.0
1.1004482929935935e-107,0.0
1.9340288295517208e-162,0.0
4.298048865556962e-26,0.0
8.428020039315621e-06,0.0
6.089534759728949e-16,0.0
8.817091294697421e-167,0.0
4.303937030388454e-15,0.0
6.230964977968069e-12,0.0
3.1278696247602924e-43,0.0
1.9225941408551008e-10,0.0
0,0.0
0,0.0
1.33272669771141e-13,0.0
0,0.0
3.501254361042669e-297,0.0
1.1232363592183827e-47,0.0
2.8006392144508548e-08,0.0
7.835678934439665e-15,0.0
1.164801427671033e-32,0.0
3.618747190431155e-88,0.0
5.736267455959171e-109,0.0
0,0.0
0,0.0
0,0.0
5.369394577101827e-44,0.0
4.17184714816105e-18,0.0
5.736676414843788e-131,0.0
0,0.0
2.105591914027973e-65,0.0
0,0.0
0,0.0
0,0.0
2.8976080859411404e-15,0.0
0,0.0
0,0.0
2.644825367377491e-10,0.0
5.260700533099645e-255,0.0
4.73585412627085e-09,0.0
2.0602138050947447e-197,0.0
0,0.0
4.932458157798557e-296,0.0
1.268259175024936e-193,0.0
4.04614385529817e-114,0.0
1.7125814181124276e-14,0.0
0,0.0
5.7049189637735786e-173,0.0
1.2710377258489527e-96,0.0
2.473831172191149e-17,0.0
1.0781739912194917e-65,0.0
7.498811615378239e-121,0.0
0,0.0
8.142432197842432e-214,0.0
0.0006015525446415014,0.0
0,0.0
1.0364635251207475e-42,0.0
0,0.0
0,0.0
0,0.0
3.352814608170756e-11,0.0
1.740791972118778e-92,0.0
2.2149872166455828e-107,0.0
4.915247143504195e-242,0.0
0,0.0
1.227192601629895e-22,0.0
1.4653669258228966e-189,0.0
8.762694694451933e-109,0.0
5.2257925895726256e-145,0.0
0,0.0
0,0.0
1.5254373616898876e-138,0.0
4.163052326394717e-296,0.0
5.50153378067825e-84,0.0
5.0245960203285355e-14,0.0
1.635650971007456e-29,0.0
1.1957316863597058e-10,0.0
0,0.0
3.961708381754183e-12,0.0
4.376091304299906e-219,0.0
1.7284478021191267e-13,0.0
1.5382221522533115e-236,0.0
6.642822790595774e-53,0.0
2.1384029341467728e-62,0.0
1.1355835973904008e-73,0.0
8.875095169386994e-15,0.0
1.2607907737365958e-47,0.0
1.561647693513081e-07,0.0
0,0.0
0,0.0
3.686330004429269e-102,0.0
6.586854890488902e-12,0.0
2.3798467210662084e-12,0.0
2.9989448275785136e-32,0.0
2.5169197982190683e-174,0.0
0,0.0
7.453653811507307e-86,0.0
7.106555885617135e-117,0.0
0,0.0
5.631391503860117e-20,0.0
3.6455029932672994e-228,0.0
1.0067740216396398e-58,0.0
1.70182247191463e-64,0.0
2.1575194999330142e-265,0.0
2.9933336787326047e-81,0.0
3.8070317278631826e-100,0.0
1.981840835252719e-96,0.0
1.6536695118105455e-31,0.0
4.798930858399191e-10,0.0
0,0.0
3.038162918534587e-14,0.0
0,0.0
6.697855813177287e-38,0.0
0,0.0
3.8084621150488965e-53,0.0
3.328748686234117e-22,0.0
1.544629980652346e-76,0.0
4.154639521489612e-14,0.0
1.3989148434308245e-61,0.0
2.625839544822722e-10,0.0
1.0812335486936229e-35,0.0
3.799980184376041e-18,0.0
0,0.0
1.340816623998631e-23,0.0
0.9534368810978715,0.0
2.2015983906190102e-89,0.0
2.2027304615814682e-297,0.0
1.1797989116956173e-210,0.0
0,0.0
0,0.0
3.170741961281815e-11,0.0
0,0.0
5.7424982004418105e-139,0.0
0,0.0
0,0.0
9.015978634478582e-91,0.0
1.6851615445965697e-38,0.0
6.257744417908349e-18,0.0
0.0015821424761928854,0.0
2.0875643839103284e-26,0.0
1.5903090748496167e-219,0.0
4.7423868109336436e-126,0.0
6.181795296231091e-101,0.0
7.319186572648127e-265,0.0
4.577497231340141e-99,0.0
0,0.0
6.606742667110738e-55,0.0
1.3548921715576983e-28,0.0
1.0579491275830871e-16,0.0
9.864458784347986e-16,0.0
7.778291500512008e-241,0.0
1.9496673948846745e-17,0.0
9.168492443953558e-29,0.0
4.65310582530457e-13,0.0
1.7571379189479237e-13,0.0
8.109984019697402e-19,0.0
3.745463850744162e-10,0.0
1.8314022023504145e-98,0.0
8.002296133525639e-188,0.0
3.8776651068229785e-22,0.0
2.3749651011870564e-25,0.0
5.82910582113329e-28,0.0
6.317263175543649e-295,0.0
4.318611129251801e-169,0.0
1.5521431908728797e-17,0.0
2.842796909639535e-77,0.0
3.3657134818408086e-10,0.0
1.1713239985321422e-15,0.0
1.1287186426303809e-13,0.0
3.8137621269338616e-23,0.0
3.4585588335536477e-14,0.0
2.6872475739267907e-66,0.0
1.3338608407314558e-286,0.0
1.7446645787045211e-32,0.0
1.967967777803554e-47,0.0
1.1561424615455359e-05,0.0
1.5211217275170361e-09,0.0
3.646310826805584e-166,0.0
1.294705797380301e-116,0.0
2.738651592523695e-07,0.0
1.0453805711109584e-30,0.0
4.6383789474953986e-17,0.0
4.1106653374502536e-47,0.0
7.882157288279728e-69,0.0
3.0270860142822677e-14,0.0
1.1815809761281711e-93,0.0
1.0180075813939895e-13,0.0
4.2151502871510714e-17,0.0
7.625027203646787e-273,0.0
8.942263934677286e-10,0.0
3.924138057632328e-08,0.0
3.889989794930756e-21,0.0
3.0714920681751186e-162,0.0
1.326581394319626e-10,0.0
6.1706712311091174e-15,0.0
5.646698752965311e-274,0.0
4.165071239296755e-16,0.0
1.4611606665536712e-45,0.0
1.8269406227766742e-11,0.0
1.1023232133255419e-120,0.0
2.281617248569793e-22,0.0
3.430981773950522e-16,0.0
0,0.0
9.400612210272114e-08,0.0
5.338165159999867e-16,0.0
4.3065238949714984e-11,0.0
4.877714223608636e-44,0.0
6.752228854399277e-23,0.0
3.063982071100617e-07,0.0
1.8227931019413315e-45,0.0
1.6250844534399703e-35,0.0
0,0.0
1.0738801331868924e-08,0.0
1.1929238412334683e-74,0.0
0,0.0
1.1019144875255493e-11,0.0
8.460158096622659e-119,0.0
5.309332430556229e-43,0.0
5.397965130449134e-10,0.0
5.216041838602118e-07,0.0
0,0.0
5.990070786477899e-29,0.0
2.402757532591858e-76,0.0
0,0.0
3.477720481509716e-30,0.0
3.819671544067684e-139,0.0
2.344594819757989e-106,0.0
3.114062094497492e-62,0.0
5.714371714048554e-15,0.0
1.7278516593527731e-18,0.0
9.074339673373095e-12,0.0
2.576451370472064e-191,0.0
2.1665774532693293e-53,0.0
1.9539093675381258e-16,0.0
9.522896155815565e-13,0.0
0,0.0
5.231867632198014e-18,0.0
1.2322586977409096e-29,0.0
0,0.0
4.710177842637812e-12,0.0
5.624475364246873e-08,0.0
0,0.0
1.085767306456414e-17,0.0
7.644496617752867e-205,0.0
4.56407592331486e-08,0.0
3.697407719962703e-17,0.0
4.166405368138e-149,0.0
4.407431340184223e-135,0.0
0,0.0
9.396279033516878e-28,0.0
7.953292745205646e-37,0.0
2.930577453740821e-185,0.0
4.893414390974369e-38,0.0
1.7992689807386128e-260,0.0
4.435163045352105e-08,0.0
7.053432607977697e-09,0.0
1.006958047199063e-115,0.0
1.1349486304369936e-08,0.0
7.246670900225373e-50,0.0
8.718641233414887e-17,0.0
4.405183593033593e-11,0.0
1.0602553105634708e-33,0.0
2.2551315646956202e-163,0.0
0,0.0
2.7825975034948335e-307,0.0
9.269132529126117e-53,0.0
4.5893272756658935e-96,0.0
7.639885907905369e-11,0.0
7.277087554069488e-75,0.0
1.4130091471979529e-08,0.0
7.271395069071994e-171,0.0
2.0163627050384484e-13,0.0
6.0023509044882e-20,0.0
6.22621702664038e-88,0.0
0,0.0
2.340600982755127e-33,0.0
2.087076972030165e-38,0.0
0,0.0
8.5946159845954e-31,0.0
1.2262732101807858e-77,0.0
1.4839064232968502e-263,0.0
0,0.0
2.55270624338354e-32,0.0
1.1584768451842447e-212,0.0
3.038280768856592e-11,0.0
0,0.0
2.2145217844089797e-13,0.0
1.7485792782523428e-91,0.0
5.639748322705752e-11,0.0
1.4116014938099282e-15,0.0
1.1162983436548828e-53,0.0
2.668026848549432e-27,0.0
3.052948841048173e-81,0.0
3.908246736050378e-209,0.0
3.2230540334016616e-236,0.0
1.4554653841555509e-12,0.0
1.1118980707250632e-211,0.0
8.736760634420484e-07,0.0
3.4222266831161806e-101,0.0
2.1366576774707204e-101,0.0
9.907080653501075e-34,0.0
3.310689813468027e-14,0.0
1.618070278313791e-12,0.0
8.099195183491498e-284,0.0
2.521918268801004e-220,0.0
3.11115074719406e-178,0.0
1.6177292215043648e-15,0.0
3.4293663468676106e-08,0.0
4.0222206725931185e-14,0.0
5.5283916555753567e-45,0.0
3.508607119451234e-72,0.0
4.2464014752582e-22,0.0
0,0.0
3.073409502035941e-170,0.0
6.508955020218101e-43,0.0
1.1856547146029436e-201,0.0
1.2907828212292637e-54,0.0
6.6952152874011615e-108,0.0
1.0373959488648666e-86,0.0
4.167652237332056e-287,0.0
0,0.0
1.0412835835422979e-30,0.0
4.892878891932525e-12,0.0
5.024676580283475e-67,0.0
6.725103288290498e-160,0.0
0,0.0
3.7902218189940504e-123,0.0
0,0.0
8.681013819092311e-48,0.0
1.6435159416540134e-10,0.0
0,0.0
0,0.0
0,0.0
0,0.0
5.368127614371943e-175,0.0
0,0.0
0,0.0
0,0.0
0,0.0
0,0.0
4.0782477805939967e-258,0.0
3.761547825747035e-151,0.0
0,0.0
0,0.0
0,0.0
1.0557282133683128e-297,0.0
5.309608028801972e-269,0.0
2.0516665218563452e-51,0.0
0,0.0
0,0.0
5.0527076925174e-09,0.0
0,0.0
2.5437320722436216e-198,0.0
7.108928873684201e-157,0.0
1.2341636526817773e-31,0.0
1.2146798383764926e-76,0.0
3.1584179641529364e-29,0.0
7.798722518238679e-18,0.0
4.805957639164851e-159,0.0
2.970192816732905e-54,0.0
1.0659350147851052e-57,0.0
0,0.0
1.5303390156171126e-178,0.0
1.0088096411200228e-96,0.0
2.1510888914544174e-14,0.0
6.536579465942609e-63,0.0
4.595743158555369e-49,0.0
9.620483763846996e-17,0.0
0,0.0
5.248050145366723e-30,0.0
3.610404006673393e-103,0.0
1.90758366852321e-15,0.0
0,0.0
0,0.0
2.938826105584434e-89,0.0
4.0623425015452016e-272,0.0
2.9341976830552897e-277,0.0
2.41103402850256e-203,0.0
4.980575978888338e-10,0.0
1.2517363528368333e-229,0.0
5.514956705590559e-19,0.0
2.4144233536922907e-12,0.0
0,0.0
5.514528105084364e-21,0.0
6.347460569090621e-56,0.0
1.3134868008467387e-151,0.0
1.0733642499708304e-13,0.0
0,0.0
0,0.0
0,0.0
0,0.0
3.8228683361020845e-73,0.0
0,0.0
9.710109272870704e-58,0.0
1.266858501970828e-212,0.0
0,0.0
2.1434000579811827e-42,0.0
2.4682966902898845e-81,0.0
1.9682480065264493e-16,0.0
2.6680516406505456e-51,0.0
0,0.0
9.429752308981234e-39,0.0
1.1496717013496777e-14,0.0
7.198563551871904e-26,0.0
1.8019095873521538e-99,0.0
1.7077458361939766e-27,0.0
1.5337988274560436e-33,0.0
3.6698986422223465e-26,0.0
1.6696108235723367e-64,0.0
4.247523395429057e-12,0.0
8.694005444197062e-203,0.0
2.348692991641639e-153,0.0
5.35770977280871e-36,0.0
4.574483030993002e-13,0.0
5.603745698943848e-230,0.0
8.946499168572284e-14,0.0
4.1363046912581927e-10,0.0
1.1506082152240552e-16,0.0
1.4907904787095884e-12,0.0
7.812178767971177e-187,0.0
5.586096071839822e-137,0.0
4.622731684975419e-56,0.0
1.780403012475093e-230,0.0
8.430764311977524e-14,0.0
0,0.0
0,0.0
2.8332298638854057e-08,0.0
1.639215805267496e-127,0.0
0,0.0
0,0.0
3.295321355555179e-270,0.0
3.133250618111986e-45,0.0
3.20223810766651e-144,0.0
0,0.0
2.441283580739058e-126,0.0
1.902642775523785e-166,0.0
9.028583364286202e-29,0.0
9.60814312413122e-07,0.0
7.031635970672202e-43,0.0
5.214282989802039e-13,0.0
8.672788384816466e-09,0.0
1.9130959343763377e-125,0.0
0,0.0
8.91244593479246e-17,0.0
3.024822750408233e-12,0.0
0.99999533704154,0.0
2.5769484248104516e-200,0.0
6.070022952315987e-10,0.0
7.491437664091455e-44,0.0
4.420158338699617e-21,0.0
3.2861719435807147e-18,0.0
2.3309769162855156e-224,0.0
0,0.0
0,0.0
2.4227902810542457e-14,0.0
3.181389021418006e-14,0.0
1.4307031939635577e-14,0.0
3.8909220681644304e-20,0.0
0,0.0
9.071488349836132e-264,0.0
3.9129029644914305e-07,0.0
4.526997974837995e-12,0.0
2.298520084724103e-18,0.0
9.610723113903275e-13,0.0
3.409132180264705e-66,0.0
6.509156684097356e-123,0.0
0,0.0
9.369041439550325e-43,0.0
2.085886156768507e-116,0.0
1.8226445032537265e-100,0.0
4.470313539681845e-35,0.0
8.209843646000657e-85,0.0
0,0.0
3.6335177501238233e-268,0.0
1.3459910271773469e-44,0.0
7.465196272304114e-11,0.0
2.1401292347309612e-239,0.0
0,0.0
9.998511376364501e-30,0.0
3.0906736981321918e-06,0.0
2.6343762535736114e-30,0.0
2.1776748353186397e-94,0.0
8.011726937005472e-10,0.0
6.270382166647501e-06,0.0
1.9472565160720874e-101,0.0
0,0.0
6.024615033017153e-34,0.0
0,0.0
9.80642561896626e-16,0.0
0,0.0
6.84663869453548e-218,0.0
5.372213996492757e-42,0.0
1.486008064280393e-188,0.0
0,0.0
0,0.0
2.462169960141212e-10,0.0
3.902169898569066e-189,0.0
8.106906585718862e-131,0.0
1.1160043830360316e-23,0.0
2.1062562323114968e-30,0.0
7.777640425226053e-172,0.0
1.145525654980852e-308,0.0
3.629681792429092e-134,0.0
0,0.0
8.481809388406893e-257,0.0
3.551302133077083e-14,0.0
3.500864759080368e-92,0.0
0.00021024789186451748,0.0
1.2939343176046775e-74,0.0
1.1958601064948198e-13,0.0
0,0.0
4.303211860959632e-06,0.0
9.998661135090758e-23,0.0
9.992172945395519e-18,0.0
1.7558816629936858e-23,0.0
1.888871517069165e-236,0.0
2.79531435726815e-22,0.0
6.746954052785828e-92,0.0
7.728092770580857e-19,0.0
0,0.0
0,0.0
7.119928527308184e-34,0.0
7.811127742345667e-22,0.0
1.1938029988425572e-104,0.0
4.608514534006105e-74,0.0
2.095905734679941e-13,0.0
5.480917938778286e-297,0.0
1.964902341902126e-61,0.0
4.102565477440138e-21,0.0
7.986327160094907e-40,0.0
5.35704904531915e-24,0.0
9.939335174215239e-21,0.0
1.794357138765287e-15,0.0
3.0633039539629636e-13,0.0
0,0.0
4.226992220971272e-10,0.0
4.845942321599943e-15,0.0
0,0.0
1.4767637938884872e-06,0.0
6.611166726616474e-30,0.0
3.3991726737911795e-65,0.0
2.5580216115096123e-37,0.0
1.6422434912498467e-14,0.0
0,0.0
5.184431337639704e-262,0.0
1.9580628273974084e-22,0.0
2.562313162025427e-113,0.0
0,0.0
3.6185909922560306e-13,0.0
3.340910504625039e-269,0.0
0,0.0
3.548170466848933e-06,0.0
0,0.0
1.518106658329883e-60,0.0
1.2100156094611655e-148,0.0
5.623980707714146e-82,0.0
3.3696048530528862e-12,0.0
5.555065040505798e-57,0.0
1.802001366721149e-155,0.0
9.839008662245244e-200,0.0
5.46005618266202e-16,0.0
9.868319234760642e-24,0.0
0,0.0
9.352026449617111e-30,0.0
3.5818387996335337e-120,0.0
0,0.0
6.219730698912989e-37,0.0
2.1519567709352247e-20,0.0
8.212990853348849e-35,0.0
0,0.0
2.6343263450223684e-163,0.0
4.3548875184260194e-226,0.0
1.0294911062208476e-47,0.0
0,0.0
9.141411460065263e-36,0.0
2.2043719740568866e-146,0.0
3.6517660030820514e-132,0.0
3.319234222320319e-16,0.0
4.3334228741199464e-44,0.0
3.5183212468096327e-17,0.0
5.946935573493178e-50,0.0
9.863320216405735e-226,0.0
0,0.0
5.17544560862549e-125,0.0
2.0189111409096823e-91,0.0
2.5949866374153144e-28,0.0
2.4118013418181498e-26,0.0
5.882439519720028e-16,0.0
1.232161504269253e-13,0.0
4.63641700593822e-58,0.0
1.535171702126975e-07,0.0
2.7078071531261395e-51,0.0
3.78735873678235e-16,0.0
2.936580812247997e-153,0.0
0,0.0
1.4343155364506644e-24,0.0
1.8907214904728254e-72,0.0
5.806114263237548e-20,0.0
7.58943593585082e-26,0.0
1.4292298371319674e-35,0.0
3.795755103345883e-11,0.0
3.264142254846308e-11,0.0
1.8497179729946422e-132,0.0
0,0.0
1.795300822777451e-213,0.0
6.174646242474682e-138,0.0
1.5537910951434304e-38,0.0
7.154138644939397e-208,0.0
0,0.0
2.3073302954746503e-20,0.0
2.5918398023445114e-31,0.0
5.6261657254183415e-43,0.0
1.1307757177900465e-274,0.0
1.0868745986806021e-12,0.0
4.6125554105283994e-259,0.0
3.081281427975208e-15,0.0
2.6303742099642057e-39,0.0
4.3725389675509265e-26,0.0
1.9103260029357163e-76,0.0
5.591170454332711e-123,0.0
3.4697158683869985e-24,0.0
8.311221892341304e-46,0.0
2.4610430880969968e-57,0.0
4.22663888089323e-76,0.0
3.061643112606468e-113,0.0
8.978507535169299e-06,0.0
8.144575541082019e-24,0.0
5.3045663941446434e-166,0.0
2.259387198210262e-264,0.0
5.445952998339131e-14,0.0
2.890647374501856e-14,0.0
3.918571996964251e-47,0.0
5.379462397344348e-69,0.0
7.021839944449026e-10,0.0
5.669808419329176e-18,0.0
2.1945102299121635e-41,0.0
1.328959461672625e-25,0.0
9.52328601220022e-24,0.0
4.30984970642585e-21,0.0
2.609834370333363e-82,0.0
4.2420151233278565e-205,0.0
8.290730051911379e-138,0.0
2.260082688688942e-06,0.0
3.93108395186505e-164,0.0
2.4814198289795365e-163,0.0
1.3628931947399494e-16,0.0
1.8601092997507897e-141,0.0
0,0.0
2.1235366305583067e-126,0.0
2.309788812733781e-43,0.0
1.114723297274846e-16,0.0
8.555030050091615e-29,0.0
1.3292133695476737e-41,0.0
1.4000534244951283e-105,0.0
5.373201801035894e-72,0.0
4.34762896864194e-24,0.0
2.541311426842318e-51,0.0
1.353015849545618e-168,0.0
0,0.0
1.6629840599626803e-59,0.0
1.3266885387120822e-05,0.0
5.285187107973619e-68,0.0
5.514781800237107e-12,0.0
0,0.0
3.3118421430353074e-11,0.0
4.854046615878796e-26,0.0
5.098883237485171e-74,0.0
3.352713224204233e-113,0.0
1.6777412399065154e-33,0.0
2.6281489424493026e-72,0.0
1.2660935871626532e-166,0.0
4.996844469327321e-23,0.0
5.457583290014269e-43,0.0
5.868243070564603e-09,0.0
2.0291060467989188e-41,0.0
2.855745518956264e-62,0.0
4.204339500471953e-25,0.0
6.618587793803772e-110,0.0
9.723282074177543e-23,0.0
1.3560499884432005e-158,0.0
1.5414072411329284e-175,0.0
6.955422385367382e-62,0.0
5.7908896269883024e-15,0.0
2.1680720889894094e-20,0.0
4.765188212358369e-43,0.0
0,0.0
1.0149288110926134e-09,0.0
3.559430227971333e-48,0.0
9.714037090551506e-74,0.0
2.3902731880151325e-48,0.0
0,0.0
8.384971747803905e-21,0.0
3.320084215236391e-08,0.0
4.576017191557161e-13,0.0
1.2032560753654974e-10,0.0
9.65986553457383e-07,0.0
0,0.0
0,0.0
7.907487122702128e-11,0.0
0,0.0
3.7765557525318695e-15,0.0
6.684291784712535e-169,0.0
0,0.0
8.565089895601104e-217,0.0
4.10495151261023e-18,0.0
1.0081088246754737e-22,0.0
8.109101109082179e-23,0.0
4.637150350942327e-153,0.0
4.984422164015077e-17,0.0
5.130217995839861e-81,0.0
7.474734043878798e-87,0.0
7.926395511265429e-70,0.0
2.523601395407245e-13,0.0
6.694847038191326e-11,0.0
1.1615453207572678e-23,0.0
5.769277038031474e-17,0.0
2.5101982235451793e-118,0.0
3.1729269996276434e-88,0.0
1.6175180888507172e-106,0.0
4.2451999894416526e-88,0.0
3.116663075816916e-43,0.0
0,0.0
7.48213195281199e-83,0.0
7.003066508178999e-22,0.0
8.678901398153646e-39,0.0
1.232262327284768e-59,0.0
1.2258880815673684e-167,0.0
8.010964411409594e-22,0.0
3.401487715172761e-80,0.0
4.079822284427842e-286,0.0
2.8204412855382453e-150,0.0
0,0.0
8.634331553800444e-79,0.0
1.809637057913533e-149,0.0
7.03078253895684e-117,0.0
1.4083759026577827e-111,0.0
0,0.0
1.0961471928256383e-224,0.0
2.393046329741353e-295,0.0
0,0.0
9.21280131182733e-131,0.0
4.0305010604286225e-48,0.0
0,0.0
0,0.0
8.01704239506213e-20,0.0
1.1994734148181152e-291,0.0
0,0.0
2.774413846790339e-133,0.0
2.2885353439517237e-93,0.0
0,0.0
3.926838044528434e-36,0.0
1.6261762076083323e-11,0.0
0.017055845284760035,0.0
1.1387797919613315e-34,0.0
5.467958242542468e-279,0.0
1.6685125811726478e-38,0.0
2.4776348503017194e-63,0.0
1.9052572008447607e-297,0.0
1.655639921554962e-58,0.0
2.3291122098616408e-76,0.0
4.950338349720349e-12,0.0
7.296439749600988e-44,0.0
5.281234339087727e-13,0.0
9.901498752449287e-243,0.0
0,0.0
0,0.0
5.310896760685883e-20,0.0
2.6714779507579224e-11,0.0
1.315005360124975e-235,0.0
7.138013884461641e-11,0.0
1.8435460662648342e-17,0.0
9.088636491374448e-93,0.0
1.621475922160409e-16,0.0
1.290159981406947e-147,0.0
4.235227864323191e-103,0.0
3.796273762559052e-22,0.0
2.7232454053709874e-46,0.0
2.0399403829184463e-08,0.0
4.664570900390848e-55,0.0
1.1033008441265674e-21,0.0
0,0.0
1.2064879436926105e-57,0.0
4.303849564206784e-12,0.0
2.8049189328396847e-13,0.0
1.1514205404935068e-13,0.0
3.387763463049386e-11,0.0
1.0588359904181888e-09,0.0
6.992969328972293e-34,0.0
9.134159620093224e-162,0.0
3.8909509485479856e-29,0.0
9.136787839659519e-28,0.0
3.8426546105724625e-14,0.0
2.291725660190851e-53,0.0
0,0.0
0,0.0
1.144332186902494e-264,0.0
3.231052951360022e-13,0.0
0,0.0
8.423661199416051e-29,0.0
1.592193461477854e-14,0.0
2.2256328479360505e-30,0.0
1.0832523780125025e-17,0.0
3.5018625228856715e-179,0.0
1.8800317847514814e-12,0.0
5.653347430109888e-18,0.0
0,0.0
0.00014473962357093128,0.0
8.578978371760399e-15,0.0
2.1264369515526195e-52,0.0
8.368782493951389e-22,0.0
1.1310498767569622e-12,0.0
8.172989176793155e-166,0.0
4.050343588061643e-82,0.0
1.2271136429024271e-86,0.0
1.2551785064584275e-34,0.0
3.4531896352678387e-137,0.0
1.0322843526276339e-05,0.0
2.8468164580750063e-19,0.0
0,0.0
0.9999975415432756,0.0
8.044146499478219e-40,0.0
6.47470596085732e-08,0.0
1.7354888150470386e-23,0.0
7.048675888921072e-28,0.0
2.001050158576899e-30,0.0
3.2588269138552925e-16,0.0
0.004860168683093236,0.0
1.4650063140950326e-114,0.0
2.9897874521694547e-15,0.0
6.353790717518319e-33,0.0
0,0.0
2.768719904450768e-13,0.0
3.041119571521502e-101,0.0
2.757724057824425e-10,0.0
2.622346977829056e-55,0.0
3.080906890158519e-46,0.0
1.6289167128952112e-12,0.0
9.989512081518106e-13,0.0
5.775852823026056e-215,0.0
5.967609777765107e-17,0.0
4.277979984032893e-19,0.0
1.9194536774482008e-31,0.0
0,0.0
2.457990000244421e-205,0.0
1.8585506493533765e-187,0.0
2.2432336695028438e-38,0.0
6.3768339128161185e-202,0.0
8.957333825585145e-13,0.0
0,0.0
3.608295671584907e-109,0.0
1.2118193133421194e-286,0.0
5.2114865593274586e-76,0.0
1.0167596720569849e-10,0.0
3.399253335341799e-24,0.0
2.003665992135355e-18,0.0
8.586345947876773e-35,0.0
0.3113488970711164,0.0
7.690299665877835e-45,0.0
3.5062468345211176e-12,0.0
1.2207336379580856e-87,0.0
5.0054042078039897e-138,0.0
2.332803257352457e-44,0.0
2.4749964627300767e-08,0.0
2.969295524782562e-22,0.0
3.4185595450758378e-18,0.0
2.8984765431093666e-43,0.0
1.5305555658642045e-273,0.0
9.629774372517097e-26,0.0
3.032594439135155e-281,0.0
1.0173723865903006e-16,0.0
0,0.0
0,0.0
2.271669459991534e-35,0.0
2.8350651881478405e-53,0.0
3.002630760323769e-45,0.0
2.772406353511272e-29,0.0
1.6427357261266838e-22,0.0
1.049880214393178e-16,0.0
2.762944924631815e-120,0.0
7.019231216203071e-52,0.0
1.1755606397128818e-136,0.0
7.04582981557841e-19,0.0
3.3232153956466226e-12,0.0
5.053039342683318e-22,0.0
4.308901134434418e-09,0.0
1.0924172661000615e-70,0.0
1.64919100955778e-91,0.0
1.7183809970894277e-283,0.0
2.1315350208443758e-14,0.0
1.608372248036508e-271,0.0
5.3984472610223755e-19,0.0
1.1258820344540545e-226,0.0
3.2219127076288923e-28,0.0
9.331614142235618e-17,0.0
1.687287765957104e-67,0.0
0,0.0
1.4168710067864787e-28,0.0
1.0493216134602949e-95,0.0
1.3415801070820025e-17,0.0
2.8086639414000155e-42,0.0
1.0120486908320938e-91,0.0
4.886397251913474e-15,0.0
3.911561004859187e-21,0.0
2.2982837044341884e-16,0.0
1.4113047355215491e-12,0.0
4.554345489025242e-11,0.0
7.456238277679626e-18,0.0
5.2157277350374365e-08,0.0
3.3511120187794157e-164,0.0
1.7344331480101603e-11,0.0
5.350522116667787e-19,0.0
3.02733196270559e-27,0.0
1.0890991326489783e-49,0.0
6.07240985279525e-17,0.0
9.260951855943389e-117,0.0
3.555700588759978e-08,0.0
1.2894223126673593e-16,0.0
0,0.0
1.0605766655629015e-159,0.0
3.835564258979652e-304,0.0
0,0.0
1.5899287680181148e-12,0.0
1.618269363226621e-84,0.0
5.909102374869804e-15,0.0
7.936388871026574e-14,0.0
1.2464154324741263e-210,0.0
2.4078268227736003e-54,0.0
7.530241230418836e-10,0.0
2.9154315017435264e-76,0.0
1.623329495322247e-77,0.0
1.6658840731409696e-15,0.0
0.9612227507319981,0.0
1.5395879187900463e-30,0.0
2.1065638601719877e-11,0.0
3.261173842161252e-09,0.0
1.3548251871075207e-20,0.0
6.913655969089974e-09,0.0
8.030883160175496e-291,0.0
3.357861457881444e-27,0.0
4.1025583221657446e-13,0.0
1.92021477927089e-11,0.0
4.3859141915296314e-203,0.0
3.463959514360568e-80,0.0
9.64677987757816e-06,0.0
8.163437006890284e-13,0.0
5.509598538429742e-101,0.0
9.879997731295452e-44,0.0
1.891278450588448e-09,0.0
2.3007385367123445e-13,0.0
2.197851779508856e-28,0.0
1.3730963200002207e-08,0.0
2.9392429747448143e-65,0.0
1.076560507465179e-283,0.0
6.130533535909767e-31,0.0
2.3925179245632788e-14,0.0
5.617751189764169e-22,0.0
2.0436140918586724e-16,0.0
3.760736523049681e-28,0.0
1.569664181020796e-11,0.0
1.4308029919774639e-18,0.0
0.0018603948356930903,0.0
4.400555811609582e-27,0.0
7.530197133958399e-112,0.0
9.294724728109373e-219,0.0
3.5414465643718334e-13,0.0
1.884924513554979e-12,0.0
0,0.0
2.0751972246809508e-151,0.0
1.9964483766234815e-11,0.0
1.2417739455979142e-191,0.0
2.0109909289554068e-10,0.0
5.912168932667723e-19,0.0
4.46216719989542e-16,0.0
1.6194343194647613e-52,0.0
6.958386751376259e-13,0.0
1.273389209375229e-08,0.0
1.5263904677789108e-35,0.0
6.828887952172054e-34,0.0
1.101324241902134e-142,0.0
1.0149115887510835e-16,0.0
5.3850638522218464e-08,0.0
2.1364961429603612e-26,0.0
8.124153404058802e-75,0.0
2.1096974914289046e-18,0.0
1.989900158781777e-53,0.0
3.8785484401424326e-36,0.0
1.1642401834167061e-12,0.0
3.945505220531492e-13,0.0
1.1177213042033046e-16,0.0
2.444519284603548e-26,0.0
7.030164440393431e-08,0.0
9.545831384827336e-22,0.0
1.3703838055714726e-10,0.0
1.7606907337736487e-21,0.0
1.499675496718992e-16,0.0
1.1716132566598965e-26,0.0
1.1038061745225144e-156,0.0
1.1092928703727704e-16,0.0
6.98517675624657e-154,0.0
2.6324914851665435e-09,0.0
1.8181398057592028e-17,0.0
2.8890660459428157e-92,0.0
3.419314060023094e-24,0.0
7.44523372060994e-86,0.0
2.2175336522736225e-29,0.0
1.4453398621838931e-22,0.0
1.237874804910252e-14,0.0
1.954371039428686e-77,0.0
2.311655509779564e-17,0.0
1.8722121776285437e-42,0.0
1.9530201441570264e-149,0.0
8.089056271429923e-55,0.0
2.164667731509423e-20,0.0
7.342402185667426e-14,0.0
3.7467435224690203e-08,0.0
3.3193834541295997e-06,0.0
4.9451859258366314e-68,0.0
3.5218781733700103e-71,0.0
7.775859425424773e-12,0.0
3.114131945953522e-29,0.0
1.2120728084071218e-12,0.0
1.0152507728497664e-58,0.0
1.9335056916943885e-236,0.0
1.117084430093291e-71,0.0
2.3913483553493234e-60,0.0
4.096592672175481e-09,0.0
9.986149564360309e-49,0.0
1.9464970813600885e-09,0.0
2.2014832833219094e-95,0.0
0,0.0
8.12833981951116e-110,0.0
2.720647259339185e-10,0.0
9.182601448384241e-23,0.0
9.872371533859375e-13,0.0
6.580961016976109e-126,0.0
1.6151464941725945e-09,0.0
2.5299545262848802e-102,0.0
2.256729261281695e-130,0.0
1.079961157414164e-47,0.0
2.8683028692864245e-18,0.0
7.085276858151248e-13,0.0
2.7030761052468464e-19,0.0
6.560652016622815e-11,0.0
3.5941901559939936e-33,0.0
1.0756107138825831e-51,0.0
1.892867552036179e-34,0.0
2.8406303146680727e-12,0.0
0.9999996976342226,0.0
9.442861558839292e-16,0.0
1.9771368245121154e-31,0.0
2.674706250270696e-13,0.0
1.3000019628297003e-73,0.0
2.353550695957987e-20,0.0
5.224046935227896e-91,0.0
1.3272134248773695e-254,0.0
2.462752381502442e-16,0.0
4.8307414532470497e-17,0.0
0,0.0
2.7257592358776033e-33,0.0
7.406409323816868e-126,0.0
1.200488357405441e-09,0.0
5.660713830840594e-15,0.0
3.100886222731806e-276,0.0
8.034041091640914e-16,0.0
5.55837553708266e-20,0.0
1.1839708037065218e-51,0.0
0,0.0
6.802986951087088e-292,0.0
4.2147325128328705e-17,0.0
3.7707664190494236e-64,0.0
1.7781473840413756e-08,0.0
1.9781291574596044e-107,0.0
1.949899980293541e-09,0.0
8.177300112329376e-16,0.0
0,0.0
2.7837894214384723e-21,0.0
1.6371563183102993e-19,0.0
3.4321180446139635e-18,0.0
2.5015781293333787e-21,0.0
4.3582985289680956e-36,0.0
4.135245703254835e-21,0.0
0,0.0
1.0339038218309742e-23,0.0
0,0.0
1.970051436148147e-14,0.0
0,0.0
5.6939391829728726e-08,0.0
1.9557539727392007e-57,0.0
1.946385259023024e-10,0.0
1.8718627784801362e-13,0.0
4.709598582189304e-29,0.0
2.899535877458438e-236,0.0
4.462753751734812e-22,0.0
8.202582716647248e-17,0.0
4.1826509780124986e-07,0.0
3.0948984447082443e-206,0.0
2.112711486642168e-27,0.0
0.004770152602685603,0.0
2.2265705561737655e-28,0.0
3.878915180618897e-16,0.0
4.172392057351074e-58,0.0
1.6135407310762657e-107,0.0
7.524403171294167e-167,0.0
1.043585052620785e-06,0.0
4.744911252982148e-87,0.0
8.29239061473728e-37,0.0
1.677148370153406e-11,0.0
8.270698497989938e-11,0.0
2.3603401175869993e-97,0.0
4.2062178848206495e-32,0.0
6.84146888661293e-20,0.0
6.050042005207024e-36,0.0
3.63485536024857e-05,0.0
6.33084084398402e-61,0.0
5.986565828837821e-26,0.0
1.5974858076099021e-240,0.0
1.3332869094496398e-29,0.0
4.5912443807169905e-166,0.0
1.6979788461185156e-17,0.0
4.2587565855612324e-18,0.0
5.4117904565109606e-294,0.0
9.823028935456416e-77,0.0
1.183238773130933e-13,0.0
3.1982984442069655e-12,0.0
1.8557818975922404e-11,0.0
2.9850516123220975e-62,0.0
5.4804578975942396e-33,0.0
1.1478019179692953e-06,0.0
3.0471112112736785e-240,0.0
3.091286244777353e-163,0.0
2.975357804936938e-51,0.0
1.1122683881781192e-205,0.0
4.698995100040785e-97,0.0
4.7743611324407704e-39,0.0
3.241421204780776e-225,0.0
2.881013367866892e-59,0.0
2.6156035883425243e-39,0.0
2.7625904626168605e-13,0.0
3.661021118459411e-29,0.0
5.201809073461255e-14,0.0
4.501279470237718e-90,0.0
3.436675158769129e-08,0.0
4.048986815213685e-63,0.0
3.360514633879178e-44,0.0
0,0.0
6.174873461455027e-125,0.0
1.1227832991029544e-21,0.0
1.68900266971152e-11,0.0
2.606283567687085e-12,0.0
2.956139838523423e-11,0.0
3.1230337634503423e-10,0.0
2.757508989466244e-13,0.0
0,0.0
3.437170086744921e-78,0.0
4.14545379366886e-31,0.0
6.748609706629302e-14,0.0
1.0983528086756559e-14,0.0
0.005667945960057382,0.0
8.873781285719993e-09,0.0
2.3021202073406206e-11,0.0
1.4147943855310983e-15,0.0
6.094630231992476e-30,0.0
1.172476327611534e-16,0.0
0,0.0
1.5221344901455006e-09,0.0
0,0.0
2.4215026769317215e-11,0.0
1.276766329549743e-17,0.0
4.188468211375548e-37,0.0
0,0.0
3.123509262654457e-38,0.0
1.503434644371523e-111,0.0
5.554647703243741e-27,0.0
9.722107850367036e-21,0.0
1.0919969595173464e-109,0.0
8.418178869697142e-26,0.0
1.108475626174545e-14,0.0
2.12084109203897e-69,0.0
4.632541434897947e-19,0.0
7.524733632544404e-36,0.0
1.3463280142802796e-05,0.0
3.138373238679527e-09,0.0
1.4232950288926083e-69,0.0
3.4793133915376115e-29,0.0
3.537687865236938e-20,0.0
1.4840425931463988e-12,0.0
3.0811704242978763e-21,0.0
4.998462402789421e-18,0.0
1.8633923428081074e-60,0.0
9.709514693644604e-12,0.0
2.8700380633207756e-20,0.0
1.845188924777058e-15,0.0
1.3400731297942792e-12,0.0
1.567016966348371e-12,0.0
5.7038766442129874e-80,0.0
1.5049995663879145e-25,0.0
1.1761902458957913e-12,0.0
2.5895124122451295e-71,0.0
4.048499899897672e-80,0.0
0,0.0
7.934724744903342e-57,0.0
2.7803820614354424e-227,0.0
5.99444057567161e-131,0.0
1.2589936623898167e-15,0.0
9.134400684124725e-16,0.0
5.019539560176248e-05,0.0
3.99836478222556e-18,0.0
3.6839710702591023e-13,0.0
4.389617652000411e-142,0.0
6.160019057556229e-95,0.0
2.837091390482114e-48,0.0
2.736127362696616e-12,0.0
7.443523542569749e-45,0.0
1.1481230887935937e-14,0.0
1.7936981419325236e-62,0.0
7.883144838098832e-27,0.0
5.8190152491563e-14,0.0
2.3110891805531746e-58,0.0
4.248379309326693e-11,0.0
5.082797804758112e-08,0.0
9.900375332228448e-68,0.0
3.2240866023027286e-25,0.0
1.6168595178968915e-10,0.0
0.13721884575713905,0.0
2.3160177202681868e-07,0.0
2.183179037081544e-17,0.0
1.3903605079901842e-15,0.0
9.28414121619174e-71,0.0
4.857410800327797e-10,0.0
2.4095078238360363e-31,0.0
1.2146231365478853e-31,0.0
2.7947567006234918e-28,0.0
0.7610760587230609,0.0
2.2011190993797097e-09,0.0
7.187110114834864e-05,0.0
4.250957335720978e-149,0.0
5.926381983897593e-15,0.0
1.0118259802467497e-18,0.0
2.793555102046571e-09,0.0
8.52406722365001e-64,0.0
8.883320626665182e-11,0.0
2.7520388217373055e-21,0.0
7.664998610026386e-08,0.0
2.317412090534278e-06,0.0
1.6938903492752105e-10,0.0
1.9714925827143673e-07,0.0
9.408046206829766e-11,0.0
2.592269256198731e-37,0.0
3.3008270606283123e-34,0.0
2.6342428875098514e-19,0.0
4.575926755550046e-06,0.0
0,0.0
7.556461649505436e-164,0.0
5.2599749715343e-85,0.0
1.0313128911447366e-15,0.0
3.8456205461527385e-06,0.0
1.2457234571670342e-09,0.0
2.2545754224560374e-124,0.0
7.100943587575436e-84,0.0
1.39316229000266e-45,0.0
2.7115057359367425e-32,0.0
8.60078905387746e-15,0.0
2.247282008712196e-15,0.0
6.707076125078217e-24,0.0
1.9047034084076276e-49,0.0
7.384336774346825e-88,0.0
7.1342693321750136e-12,0.0
1.0570662035739322e-51,0.0
3.8334386039993616e-10,0.0
0,0.0
8.591700368243674e-166,0.0
4.712432161840905e-14,0.0
1.7024027655352644e-14,0.0
2.005917802298002e-49,0.0
7.818941536507916e-14,0.0
2.7723228889488138e-30,0.0
3.4134075735542233e-18,0.0
0,0.0
1.014979376296104e-27,0.0
1.0922853910021828e-217,0.0
6.062836714539823e-10,0.0
3.2645342358194055e-23,0.0
3.571862043567965e-21,0.0
4.251715542579276e-85,0.0
7.74892370405071e-13,0.0
8.340692100108081e-147,0.0
5.733385501178767e-134,0.0
3.170015948263056e-14,0.0
4.622883432376569e-19,0.0
2.1865462063927332e-13,0.0
5.75822088533108e-39,0.0
0,0.0
4.21966681349543e-08,0.0
2.2995173450732276e-42,0.0
1.337479752411083e-29,0.0
2.7908564108886627e-12,0.0
1.925455161692838e-215,0.0
5.250295563941518e-150,0.0
9.72629889916331e-13,0.0
3.6379206362989824e-245,0.0
3.4073252030343357e-09,0.0
0,0.0
3.819519708623985e-41,0.0
3.057406365471765e-75,0.0
1.7672472653666415e-302,0.0
9.222943260703947e-34,0.0
6.893786953045511e-14,0.0
1.7007705916508914e-12,0.0
1.225074158263449e-11,0.0
1.6033290639224947e-24,0.0
1.5388595479456435e-36,0.0
2.5491016694627413e-11,0.0
3.7499651689980715e-10,0.0
2.979668689496128e-69,0.0
8.702898274284107e-09,0.0
3.6340829788857286e-99,0.0
7.584117518014073e-10,0.0
8.489930742324529e-102,0.0
1.2582232520089413e-224,0.0
5.602877640686466e-18,0.0
8.964307661414717e-18,0.0
4.873031752838517e-14,0.0
2.078936748293757e-20,0.0
3.758057056396477e-21,0.0
5.788127988846098e-09,0.0
2.555608535888715e-19,0.0
1.5954069299016045e-17,0.0
2.316450836982557e-13,0.0
3.445236193788205e-12,0.0
4.378978570283506e-09,0.0
3.3494425545014397e-21,0.0
4.192773954141398e-15,0.0
1.8663550509457188e-78,0.0
9.013180775039615e-146,0.0
1.6254954629200628e-08,0.0
9.077567792375063e-15,0.0
6.956659963671222e-13,0.0
2.69515824578483e-10,0.0
0,0.0
4.466398011398766e-177,0.0
3.883616065670642e-97,0.0
4.02215354358944e-09,0.0
6.318630172768816e-16,0.0
1.364292865542465e-22,0.0
1.9010211641718653e-15,0.0
4.027567392433778e-34,0.0
8.28956047119825e-17,0.0
0,0.0
4.048057834021101e-08,0.0
1.2258355028475774e-17,0.0
0.9999999997521356,0.0
2.331218924122506e-243,0.0
1.0598227172123805e-24,0.0
3.135417021456856e-12,0.0
5.648214529054496e-15,0.0
0,0.0
1.3962708574363327e-13,0.0
6.823559436111709e-14,0.0
2.8421287902489405e-18,0.0
2.752561938754762e-10,0.0
9.633284387055075e-46,0.0
4.974476982768666e-09,0.0
1.3829991049395854e-19,0.0
8.696920227428e-12,0.0
1.7324417328622427e-305,0.0
1.2950448845808958e-20,0.0
1.3777331752952877e-168,0.0
6.524429392479134e-224,0.0
1.4211819437237253e-28,0.0
8.643571138247783e-19,0.0
2.618649787741665e-08,0.0
2.3138001546894736e-16,0.0
1.1349982200275528e-27,0.0
2.2925185094235245e-13,0.0
2.1719942257292266e-16,0.0
4.956830652541183e-14,0.0
6.31268198474313e-42,0.0
3.406732084113952e-19,0.0
1.737014920478572e-110,0.0
6.034657978093308e-17,0.0
5.568994376482427e-114,0.0
3.4425741457619284e-22,0.0
3.0169651906965416e-15,0.0
1.5965257222501217e-73,0.0
4.208011867155499e-41,0.0
9.561234884743203e-24,0.0
1.2410329813548158e-35,0.0
4.32960912515926e-219,0.0
2.7562424033949166e-17,0.0
0.997590150808146,0.0
2.116373446734044e-28,0.0
0,0.0
1.2140070046966593e-80,0.0
1.2253270981135211e-33,0.0
0,0.0
0,0.0
0,0.0
1.736510848075491e-20,0.0
0,0.0
1.0918026794917826e-10,0.0
2.3760755956146176e-83,0.0
2.4703555701084993e-18,0.0
3.0176006797726654e-207,0.0
2.6347321924537144e-08,0.0
1.6662659111722037e-28,0.0
1.150941407979262e-124,0.0
7.930810562445639e-09,0.0
2.341885781736904e-53,0.0
5.065948454519393e-16,0.0
3.0079339088076836e-13,0.0
6.615093146180044e-37,0.0
3.72045806429707e-26,0.0
1.126915162789679e-16,0.0
5.8560554411276815e-12,0.0
2.955277615851035e-09,0.0
2.3366298387291846e-51,0.0
9.946460463551654e-152,0.0
2.9842837232298343e-108,0.0
3.188960832087964e-21,0.0
1.6071558917449168e-07,0.0
9.71639120987118e-38,0.0
7.548140360617129e-13,0.0
3.32973738760085e-122,0.0
3.1082944232120566e-276,0.0
1.7832682227750375e-20,0.0
1.8399586519850708e-08,0.0
1.3690413929097046e-35,0.0
7.519782718983769e-59,0.0
1.763155275750522e-19,0.0
8.596632134590201e-51,0.0
5.344478817355976e-40,0.0
1.5659714089447373e-10,0.0
5.161995757748496e-17,0.0
3.7838790730857764e-08,0.0
3.131739283311727e-11,0.0
1.2488131413403048e-33,0.0
3.3830470848972874e-21,0.0
2.105686633956336e-18,0.0
0.015108651320505127,0.0
1.0390079403219996e-73,0.0
3.48227039860701e-17,0.0
1.9792205760174993e-45,0.0
5.956575961961864e-10,0.0
1.0440552615646958e-10,1.0
1.6381387399711497e-11,1.0
1.4324470998991902e-16,1.0
7.37706696163979e-08,1.0
3.2551306136731134e-09,1.0
1.8475425037022615e-56,1.0
1.6499761523365801e-242,1.0
2.4807148022919425e-41,1.0
0,1.0
1.890976177006149e-188,1.0
6.53702268257628e-29,1.0
2.922552904782705e-09,1.0
4.3327714128114343e-29,1.0
1.2849312379586853e-58,1.0
1.3251855660756698e-23,1.0
3.0997835643864794e-15,1.0
7.483203599494399e-48,1.0
3.9315656888084694e-09,1.0
6.748286248415016e-11,1.0
2.3937506057013994e-31,1.0
9.201999412929251e-290,1.0
1.3454543285888618e-48,1.0
4.5393736139539213e-11,1.0
6.900294478357864e-09,1.0
9.890526555372814e-61,1.0
1.2179929245504522e-12,1.0
1.4270475115537636e-21,1.0
9.889729936471115e-08,1.0
1.4311173437154641e-25,1.0
4.0200670576223395e-23,1.0
1.0695752082462648e-11,1.0
1.7873704458803468e-09,1.0
3.6059804315645255e-19,1.0
0.9069854398707797,1.0
2.4196696148054336e-23,1.0
6.724293261049482e-41,1.0
2.0303004136682365e-20,1.0
4.218827322834437e-60,1.0
8.198584640484707e-08,1.0
1.7686286797115024e-203,1.0
4.972385160137152e-22,1.0
1.8546831147103337e-55,1.0
2.8033318383212193e-13,1.0
6.77343930669524e-16,1.0
2.019603002223823e-08,1.0
1.219339947336109e-19,1.0
7.667587161273457e-41,1.0
6.500010305595038e-13,1.0
8.360704692608597e-23,1.0
3.173925695002054e-15,1.0
1.632206493599072e-08,1.0
1.9365242660270005e-125,1.0
3.941326658456186e-25,1.0
3.779594960069338e-162,1.0
7.624414796721946e-17,1.0
8.811056835884755e-106,1.0
4.5131947865468465e-74,1.0
6.178217110200994e-16,1.0
5.8077112039979545e-33,1.0
4.6932792973176393e-20,1.0
1.0954350391984465e-26,1.0
6.081790832043893e-59,1.0
0.005281962625723035,1.0
3.7533223790953515e-36,1.0
4.086903594587224e-12,1.0
2.023551793550773e-05,1.0
2.176991479727097e-09,1.0
1.6415517777151327e-08,1.0
2.6502128233386833e-10,1.0
0,1.0
5.9670653923287095e-16,1.0
3.3439448116676433e-59,1.0
2.9440891356547236e-48,1.0
8.082422498001981e-08,1.0
0,1.0
1.5982900932694936e-44,1.0
0,1.0
2.0828681220579468e-08,1.0
1.3913427201906248e-18,1.0
2.5624162404457207e-13,1.0
3.5802032994246066e-17,1.0
7.008433808099293e-24,1.0
8.664650098005591e-11,1.0
3.487069077082191e-40,1.0
5.183094578532713e-15,1.0
0,1.0
1.0898958130307647e-17,1.0
5.333736056073418e-09,1.0
2.847123914774997e-06,1.0
3.5634498325868676e-16,1.0
1.2633254974551489e-11,1.0
0,0.0
0,0.0
0,0.0
0,0.0
0,0.0
0,0.0
0,0.0
0,0.0
1.3397900498904318e-133,0.0
7.818414124114329e-78,0.0
5.032747411771149e-80,0.0
1.1945934761503063e-62,0.0
3.6284827445175834e-62,0.0
1.4772506571359418e-182,0.0
0.001686742943305014,0.0
1.75569432308572e-26,0.0
6.298474237069776e-12,0.0
2.3500326152550405e-27,0.0
2.2290423658650318e-48,0.0
0,0.0
0,0.0
1.4462057026797742e-154,0.0
1.5270502924873846e-147,0.0
0,0.0
0,0.0
0,0.0
6.579406685421903e-22,0.0
1.2604800094901747e-88,0.0
2.2754282922979406e-79,0.0
1.267159948956845e-17,0.0
1.2525528027572103e-59,0.0
9.490701892973232e-16,0.0
5.298133337480348e-17,0.0
3.9244833244846103e-25,0.0
5.757949168526146e-20,0.0
7.952012293466972e-38,0.0
2.979485600406029e-58,0.0
3.259361533443109e-35,0.0
9.491607335671817e-236,0.0
5.257835299447219e-25,0.0
2.1578524913651326e-12,0.0
2.1031409784104664e-34,0.0
1.7397600988304294e-33,0.0
4.41543268765429e-09,0.0
3.126090323373226e-225,0.0
8.70344189449956e-99,0.0
0,0.0
0,0.0
2.034767333093247e-246,0.0
0,0.0
2.1156019620545815e-19,0.0
2.216069577212401e-157,0.0
1.5376573510234835e-301,0.0
2.8005478429747172e-36,0.0
5.031022569273182e-38,0.0
2.2929896158138274e-75,0.0
0,0.0
4.869897080088662e-209,0.0
3.7110079636509044e-20,0.0
0,0.0
0,0.0
1.0218318282538742e-20,0.0
3.9799206658758505e-46,0.0
0,0.0
8.546690105466144e-09,0.0
1.3653759681641292e-74,0.0
1.660131393312239e-17,0.0
2.6244584500776195e-15,0.0
0,0.0
0,0.0
4.6676222854952866e-24,0.0
0,0.0
1.5963885055974763e-15,0.0
1.0962089916436594e-19,0.0
6.391535045451357e-123,0.0
7.891167216927038e-14,0.0
5.691196964620959e-24,0.0
0,0.0
0,0.0
0,0.0
5.910399981243061e-278,0.0
2.4114198639733073e-213,0.0
6.950228061920687e-129,0.0
1.0726602639422846e-34,0.0
2.349486827293016e-221,0.0
3.602280122818527e-17,0.0
1.1314904420368378e-260,0.0
0,0.0
0,0.0
1.9291904462724763e-106,0.0
1.7904977091981853e-235,0.0
2.0859709724111684e-24,0.0
3.259271028096225e-09,0.0
0,0.0
0,0.0
0,0.0
1.0164989948513951e-131,0.0
0,0.0
5.392315049232469e-199,0.0
1.8619647133373942e-11,0.0
4.9458648680088e-84,0.0
1.827052488546959e-13,0.0
4.522696805068813e-203,0.0
0,0.0
0,0.0
1.352981264314478e-211,0.0
0,0.0
1.066384132628398e-171,0.0
0,0.0
3.9481609865196816e-07,0.0
3.373614014206371e-245,0.0
0,0.0
6.048830720902376e-48,0.0
3.5549784218792915e-09,0.0
0,0.0
0,0.0
0,0.0
0,0.0
0,0.0
0,0.0
1.6839302033103174e-220,0.0
2.6325421162050784e-25,0.0
6.537226526086102e-66,0.0
0,0.0
0,0.0
1.0906207508072718e-108,0.0
7.718524326180037e-241,0.0
1.908014131125197e-51,0.0
4.307645514851343e-208,0.0
0,0.0
0,0.0
3.9899932164259045e-217,0.0
0,0.0
6.2507104337416776e-155,0.0
0,0.0
7.680701975668418e-186,0.0
8.970360814918956e-274,0.0
1.8234676212167958e-210,0.0
0,0.0
0,0.0
3.996132262279126e-93,0.0
1.6003401676232153e-24,0.0
1.0733877946374998e-23,0.0
0,0.0
3.929855592203068e-267,0.0
1.3611150075537953e-20,0.0
0,0.0
3.364556560677161e-73,0.0
1.714565273827445e-168,0.0
1.79390588089427e-154,0.0
2.1879158614755763e-31,0.0
0,0.0
0,0.0
1.0066100526622394e-282,0.0
0,0.0
5.2182679859853016e-220,0.0
2.1567463492675453e-88,0.0
0,0.0
2.290430656444187e-88,0.0
1.0490295406008723e-16,0.0
3.6963273170370263e-31,0.0
5.0020398309083376e-148,0.0
3.77734210757396e-97,0.0
1.6964456096940426e-269,0.0
0,0.0
0,0.0
3.413133564995013e-34,0.0
0,0.0
0,0.0
9.96962741282992e-48,0.0
0,0.0
0,0.0
2.7169023000233428e-27,0.0
1.3770308373579382e-26,0.0
2.625900866191789e-39,0.0
0,0.0
0,0.0
7.881426378389538e-60,0.0
4.1258347403735583e-53,0.0
0,0.0
5.3015870052053e-22,0.0
1.098939159428406e-88,0.0
4.641947896759458e-72,0.0
1.9575574346861855e-29,0.0
1.3389870666935813e-45,0.0
6.467276719279684e-124,0.0
1.3446634282608166e-11,0.0
3.8165565819571504e-16,0.0
5.2173961455723e-125,0.0
7.228490639663642e-44,0.0
1.5367866659776326e-182,0.0
8.28074559432257e-247,0.0
0,0.0
1.5448720663208672e-78,0.0
4.0932980645543713e-32,0.0
8.891773829968571e-61,0.0
8.210883371610684e-114,0.0
2.1550384836513843e-166,0.0
2.0167398473860278e-07,0.0
3.044367992539504e-120,0.0
1.3654904963609726e-222,0.0
1.72820364387626e-16,0.0
5.550096217689024e-116,0.0
1.702896982977545e-10,0.0
2.8778374474942615e-41,0.0
2.703501445779578e-23,0.0
9.911054159838956e-285,0.0
2.8251215658711525e-05,0.0
5.206053183989867e-45,0.0
0,0.0
1.2593730517424273e-246,0.0
1.6668848247245316e-07,0.0
1.413170842346969e-17,0.0
1.344195375640669e-16,0.0
4.666213958139854e-288,0.0
6.255431118329205e-13,0.0
4.497909452838015e-291,0.0
1.868753701361887e-52,0.0
2.319005519556234e-89,0.0
0,0.0
6.198553953312967e-259,0.0
8.944117271550275e-68,0.0
1.8028442939620795e-60,0.0
1.0507378626637219e-37,0.0
4.3651214863972354e-36,0.0
2.882048917181276e-170,0.0
0.9999999995343327,0.0
4.877044183431193e-248,0.0
7.139308341471666e-15,0.0
6.633426934502423e-68,0.0
5.303564940017074e-139,0.0
1.407917299072855e-215,0.0
1.1513609050388455e-11,0.0
0,0.0
0,0.0
8.548643770805003e-279,0.0
0,0.0
1.5062103844063552e-28,0.0
5.80868939331494e-55,0.0
2.033842980003843e-18,0.0
1.2661010017807756e-74,0.0
7.702470280853576e-189,0.0
6.1052483470278874e-49,0.0
1.8120079067940268e-18,0.0
7.475850728691006e-77,0.0
1.46386752096744e-16,0.0
0,0.0
2.967232454965458e-143,0.0
8.175494380764105e-136,0.0
0,0.0
8.699652541652713e-10,0.0
0,0.0
2.370462591521135e-220,0.0
1.391545783738215e-38,0.0
0,0.0
2.2587802996023734e-57,0.0
1.5335942232474e-54,0.0
0,0.0
8.8819399931878e-45,0.0
1.8915409782961234e-148,0.0
1.2456201718678684e-18,0.0
1.259158949631356e-231,0.0
0,0.0
3.825354343823096e-204,0.0
1.2534703854720372e-18,0.0
2.1353359223413763e-180,0.0
1.865538480912545e-108,0.0
0,0.0
1.6639089213488448e-60,0.0
2.1881513310448003e-77,0.0
5.082601772224698e-17,0.0
1.2484473433408411e-291,0.0
3.914446257092413e-18,0.0
8.877031648714738e-212,0.0
3.895191993648039e-60,0.0
9.346992641934051e-154,0.0
7.210610979588196e-88,0.0
4.2854087155015643e-13,0.0
1.1692180198865182e-193,0.0
1.5028006325890789e-192,0.0
4.475416639238731e-161,0.0
6.875603258608332e-190,0.0
0,0.0
0,0.0
6.196238483895734e-32,0.0
1.9948571107098188e-19,0.0
2.2823398710821983e-22,0.0
4.2201040599140457e-07,0.0
5.1598175676433844e-61,0.0
3.940851527640605e-187,0.0
2.5103314386914625e-37,0.0
1.1801779138421824e-45,0.0
2.273578782249565e-34,0.0
9.218964242466038e-84,0.0
0,0.0
9.96368609496627e-33,0.0
6.786026772847194e-59,0.0
0,0.0
7.858131855389979e-168,0.0
9.971163233151376e-17,0.0
3.0520134703976663e-16,0.0
0,0.0
9.432158113227205e-128,0.0
1.6553833680736787e-46,0.0
2.7933107823411402e-25,0.0
1.3423061978694885e-09,0.0
3.0527221274606546e-138,0.0
5.342582562646821e-63,0.0
3.430078036403656e-225,0.0
5.708840892436673e-10,0.0
0,0.0
9.583665923257003e-27,0.0
7.478636488918077e-18,0.0
0,0.0
2.209625627536194e-33,0.0
8.192314330949473e-13,0.0
2.4447286853336678e-83,0.0
1.452716601953861e-299,0.0
5.5719817002462765e-21,0.0
6.288732608709495e-140,0.0
3.619314051511402e-14,0.0
5.520913564904961e-25,0.0
5.858727004632287e-07,0.0
2.422588727908132e-132,0.0
4.8811334272105704e-23,0.0
4.980346060971593e-16,0.0
3.3888512243343883e-40,0.0
3.2211194941301487e-12,0.0
8.270138684872532e-92,0.0
3.556454553294082e-13,0.0
6.855295403273459e-09,0.0
1.834749255588398e-17,0.0
6.017747187702648e-86,0.0
6.649557136325671e-112,0.0
2.6610665996840197e-46,0.0
5.815703675985457e-39,0.0
0,0.0
2.722000250661776e-173,0.0
3.9225155922763746e-05,0.0
0,0.0
2.888687329949403e-10,0.0
7.63719572942779e-33,0.0
3.0477662580955626e-97,0.0
8.578024717444439e-93,0.0
1.2539885724900939e-27,0.0
8.5888503289717e-13,0.0
3.1522071715220427e-62,0.0
6.663373230662534e-87,0.0
1.0638897048127413e-179,0.0
3.418455860438172e-42,0.0
5.046767617270342e-221,0.0
4.1481481791787215e-303,0.0
2.6813448883033967e-81,0.0
3.38656807325632e-16,0.0
0,0.0
8.690454179518326e-107,0.0
5.328884036628442e-47,0.0
4.497331953009223e-78,0.0
5.464236481297906e-25,0.0
5.727233707366633e-162,0.0
2.0271279880638087e-268,0.0
1.0518758540808857e-31,0.0
1.6258882281031397e-36,0.0
1.935350581053602e-20,0.0
4.7824070719642425e-48,0.0
2.8730908526501694e-225,0.0
9.411734709048513e-42,0.0
0,0.0
5.336380871554048e-83,0.0
1.3628969369402466e-20,0.0
4.140043923127963e-112,0.0
1.6595238911557698e-17,0.0
1.341587037648808e-10,0.0
5.537059056179378e-30,0.0
0.000243480634116202,0.0
0.0021980063671424676,0.0
2.5564187917441656e-66,0.0
2.745292705639515e-112,0.0
4.49641681144937e-07,0.0
2.9169526917856697e-14,0.0
0,0.0
4.085866714361388e-09,0.0
1.297638287710752e-23,0.0
3.0660922962368164e-14,0.0
1.9634097639861927e-13,0.0
1.0676089238937953e-268,0.0
1.61961600411978e-06,0.0
3.343620767069986e-09,0.0
1.8320281314914142e-61,0.0
2.3366037375075995e-80,0.0
2.1100788856397936e-07,0.0
1.0750711734622681e-38,0.0
7.90145431984728e-40,0.0
2.9843403478482694e-18,0.0
1.1104413584416376e-44,0.0
9.010421709959046e-25,0.0
3.144792211857381e-16,0.0
1.4986283424039948e-11,0.0
1.2558744927787392e-09,0.0
3.1613429924236444e-34,0.0
2.4074453726694136e-16,0.0
1.9708634062399176e-63,0.0
9.338703858993094e-17,0.0
9.562069060779953e-10,0.0
3.350380673925891e-27,0.0
1.2274496519636972e-13,0.0
1.1232886460990836e-62,0.0
3.1950682888997765e-42,0.0
6.910469316151085e-135,0.0
6.852576843458082e-11,0.0
7.105185885697109e-11,0.0
0,0.0
0,0.0
0,0.0
3.1410737083821174e-12,0.0
2.3573579646070823e-15,0.0
2.584416768770111e-14,0.0
1.927639368678901e-108,0.0
1.4579442192971191e-08,0.0
2.8211578318366624e-27,0.0
1.4452070351519557e-12,0.0
1.212687145829347e-15,0.0
2.878720595807197e-17,0.0
5.263366112082074e-26,0.0
1.1021309573364624e-17,0.0
9.265682940410957e-38,0.0
2.7279735172427324e-31,0.0
2.0264380122450992e-11,0.0
2.4630334803614946e-57,0.0
1.078723604133741e-39,0.0
6.039963327999272e-13,0.0
5.483795294634952e-28,0.0
1.2791246400398756e-228,0.0
2.2824660056127667e-20,0.0
6.950374366208313e-140,0.0
5.308430502195667e-75,0.0
1.419655382356767e-22,0.0
6.902432834182899e-50,0.0
3.274411500120335e-25,0.0
0,0.0
1.8758487917639815e-163,0.0
0,0.0
7.363165939219074e-44,0.0
2.8615324600342786e-280,0.0
3.7378085848221007e-203,0.0
2.5352577862655236e-12,0.0
2.75003989197089e-124,0.0
1.115512058401221e-10,0.0
6.8689594002535095e-28,0.0
0,0.0
2.275088874502105e-257,0.0
3.0611621458125715e-23,0.0
5.85645441885149e-11,0.0
3.4429917993137507e-185,0.0
0,0.0
2.0778103019589923e-34,0.0
1.2276724597531016e-131,0.0
7.933438142345205e-10,0.0
6.662428331439597e-51,0.0
1.021077972724781e-20,0.0
7.54544997600603e-214,0.0
4.755956728567931e-148,0.0
1.866192552384374e-15,0.0
3.448274150041475e-18,0.0
4.1129692043213815e-109,0.0
1.0421393652504149e-60,0.0
1.851607281249385e-113,0.0
4.003491179454874e-18,0.0
5.896726390864949e-286,0.0
2.1673768558879345e-16,0.0
0,0.0
1.2335462954491314e-22,0.0
2.329888008500744e-52,0.0
4.776801622514378e-157,0.0
4.061953244372609e-70,0.0
4.5167149566806965e-07,0.0
2.0024059466183137e-50,0.0
5.835430037002491e-57,0.0
1.2047360341163908e-44,0.0
0,0.0
6.252882468611642e-49,0.0
1.7421410189382802e-71,0.0
6.855403601150909e-13,0.0
1.2453597405225069e-83,0.0
0,0.0
1.2223925238235737e-169,0.0
0.9967601679903123,0.0
1.7275341895953997e-235,0.0
2.6569328544569673e-61,0.0
7.603473722930162e-40,0.0
1.0941356639023321e-209,0.0
5.047360034811557e-41,0.0
0.00027478522172809817,0.0
3.3541588872560595e-84,0.0
1.2703428703076597e-31,0.0
8.184266240559057e-54,0.0
8.848157409276295e-24,0.0
5.231403355262214e-15,0.0
5.752109288378428e-302,0.0
0,0.0
2.3944835505811593e-15,0.0
5.885404723112552e-263,0.0
1.5671316120317552e-83,0.0
2.1268595235583427e-144,0.0
0.00014074285454805674,0.0
3.3403617111634914e-46,0.0
7.333363282658441e-12,0.0
5.002813622851992e-41,0.0
3.856353712149214e-12,0.0
5.133995212181327e-56,0.0
1.8802049045277699e-183,0.0
4.4882868154793544e-29,0.0
3.0159239716632466e-30,0.0
4.809853836680024e-08,0.0
1.9130774274434362e-77,0.0
3.643156919906251e-19,0.0
4.381633382655231e-90,0.0
8.895086713850278e-30,0.0
2.7808838525251424e-25,0.0
6.534069725698884e-14,0.0
3.1471150240577863e-12,0.0
3.86764037044938e-42,0.0
9.049264689195299e-161,0.0
1.9035423898974661e-28,0.0
1.4300438083978407e-83,0.0
1.2674850219457038e-27,0.0
7.592408521419195e-20,0.0
1.890945939646742e-10,0.0
1.5295899865960665e-11,0.0
4.472783870920257e-135,0.0
0,0.0
3.3915702111971135e-21,0.0
3.920874043536229e-151,0.0
1.7333107406512953e-48,0.0
6.7732679735933226e-217,0.0
1.1946410470862094e-05,0.0
6.863071551948715e-101,0.0
5.208723380394513e-74,0.0
1.742530413610164e-09,0.0
0,0.0
2.1330472324839598e-07,0.0
0.7594075639560439,0.0
5.746002256098034e-10,0.0
1.3204498633680518e-10,0.0
6.342924470097107e-16,0.0
1.5489461351829444e-120,0.0
0.9999998381022666,0.0
3.670688940442627e-193,0.0
1.994279356967533e-10,0.0
2.779242931142354e-17,0.0
1.2768968866996844e-30,0.0
1.913021450777613e-15,0.0
1.0544879627525509e-25,0.0
3.1860277588332425e-33,0.0
3.056470019895529e-89,0.0
9.953213738418314e-20,0.0
7.054635856657033e-23,0.0
5.281037948947728e-11,0.0
0.018368561229647872,0.0
1.4259592778897128e-20,0.0
0,0.0
1.9842410920646023e-22,0.0
0,0.0
2.0077485825487003e-111,0.0
3.716059399487753e-12,0.0
2.984266000611436e-204,0.0
5.657257947793663e-134,0.0
7.297486990440399e-136,0.0
2.831173539810721e-126,0.0
3.197104622269847e-23,0.0
3.894749321480267e-47,0.0
1.127387106330439e-06,0.0
0,0.0
5.893272892656146e-251,0.0
5.108974969270974e-37,0.0
2.019919128932797e-52,0.0
0,0.0
9.458263496732263e-106,0.0
3.5364443282061903e-215,0.0
5.427752324662356e-153,0.0
3.3510801370116848e-34,0.0
2.559261221155662e-46,0.0
7.075022666462691e-47,0.0
2.926735827969538e-40,0.0
2.081951216370297e-124,0.0
1.0074584025706548e-11,0.0
1.851480518250821e-19,0.0
4.620694136356187e-95,0.0
8.80151957931157e-22,0.0
2.4121181567611433e-42,0.0
9.956531487045926e-49,0.0
4.3310388475935904e-07,0.0
2.1448167714465707e-15,0.0
2.4327658200001814e-50,0.0
2.7958261550916486e-25,0.0
1.7589351772392417e-41,0.0
2.0813715591422915e-129,0.0
6.629386836349144e-146,0.0
2.781054437970606e-16,0.0
3.6050730549938915e-27,0.0
2.1199942966818433e-30,0.0
1.5726164515837275e-17,0.0
1.0567050370644807e-57,0.0
0.9999958354572984,0.0
1.2722503013313792e-38,0.0
8.274767482124138e-41,0.0
0,0.0
2.948451727819422e-33,0.0
5.1814881120631045e-28,0.0
6.531131004473215e-54,0.0
1.918300545765698e-32,0.0
3.463464636394745e-09,0.0
5.517610084080977e-23,0.0
0,0.0
1.492142659494459e-13,0.0
2.455597858494496e-193,0.0
3.5655971720479965e-41,0.0
3.000388199761164e-11,0.0
1.7434034434440428e-97,0.0
3.8074312436690376e-38,0.0
6.9640331828555e-10,0.0
1.295824709326046e-12,0.0
1.202568476293043e-09,0.0
2.3807448980865958e-130,0.0
8.391306510635838e-27,0.0
6.741381425381361e-64,0.0
6.074206235944554e-31,0.0
1.5138348865608453e-80,0.0
2.6093031419811573e-12,0.0
1.7464555937795096e-34,0.0
4.67169855882659e-34,0.0
1.0989577336720302e-244,0.0
1.8874370676541368e-56,0.0
5.85161968835231e-27,0.0
1.9605676018482115e-27,0.0
4.490130966313458e-08,0.0
1.0783441768479836e-94,0.0
9.176715936488739e-41,0.0
1.025190277788568e-22,0.0
8.822858147120732e-41,0.0
1.1315059320275125e-124,0.0
2.549482920224764e-128,0.0
6.2289887559934386e-31,0.0
4.040611539870323e-28,0.0
1.1052854532707578e-08,0.0
5.918345210791586e-14,0.0
1.2106941149976033e-16,0.0
0,0.0
2.605288172451542e-63,0.0
9.369921182795791e-184,0.0
5.8359525678982095e-25,0.0
5.2514738142630515e-08,0.0
4.109069073424265e-10,0.0
0.027199915601317955,0.0
1.0535451993093673e-24,0.0
2.79861207452413e-34,0.0
2.0556166940160943e-15,0.0
4.539704859683394e-11,0.0
1.679438969147128e-41,0.0
6.616708196207872e-14,0.0
1.099193888794137e-26,0.0
5.6516998892101316e-77,0.0
1.2917327544812946e-84,0.0
1.4098273372051978e-303,0.0
8.978086097917695e-245,0.0
1.4949363073149888e-75,0.0
2.4715913134081738e-55,0.0
1.1046200503803404e-29,0.0
1.0323601764337918e-83,0.0
0,0.0
2.307325150444654e-177,0.0
0,0.0
2.8478943922769414e-08,0.0
0,0.0
6.534912194907762e-61,0.0
2.261278114021102e-06,0.0
1.6765290778479864e-68,0.0
7.111127564143792e-42,0.0
2.0157780662975673e-08,0.0
6.781578699211799e-54,0.0
4.791173276362509e-13,0.0
4.356612871572285e-64,0.0
4.546262089089719e-28,0.0
1.4550360632050942e-225,0.0
1.3488360296980291e-18,0.0
6.128396594298853e-14,0.0
0,0.0
1.4136932459960472e-55,0.0
6.107957330319677e-15,0.0
1.2421304109991924e-95,0.0
7.438448283200775e-50,0.0
4.080190156575473e-136,0.0
1.0151200071848743e-08,0.0
1.8764023070756053e-119,0.0
1.152444571617412e-59,0.0
4.6046791013242166e-122,0.0
2.759467704468426e-43,0.0
0,0.0
6.998079549012418e-108,0.0
0,0.0
1.747063406056885e-19,0.0
3.3223860900930563e-94,0.0
3.1458223088495082e-301,0.0
2.8711682383515294e-42,0.0
1.1170718589571178e-29,0.0
9.789575430187826e-27,0.0
7.230815079565848e-187,0.0
3.6209754226215943e-16,0.0
4.8159000104410445e-21,0.0
4.518943856517245e-10,0.0
1.429899794457554e-11,0.0
6.102528226417943e-22,0.0
2.5909254381578832e-30,0.0
5.269885339344734e-74,0.0
5.802801039961229e-33,0.0
2.3818233752325932e-14,0.0
3.578334601350604e-07,0.0
0,0.0
1.8101635197011265e-104,0.0
7.264598484607712e-06,0.0
3.717071555333554e-51,0.0
4.132888476503057e-165,0.0
3.4443049574393772e-189,0.0
1.0787853795332594e-210,0.0
6.152201260497372e-194,0.0
1.7519860067224962e-13,0.0
2.505975707305912e-38,0.0
1.5526989801842574e-10,0.0
2.2348728275607634e-61,0.0
5.241788165013319e-22,0.0
3.197828048694419e-103,0.0
6.140937384942624e-33,0.0
5.606435295840985e-15,0.0
0.9999999999579261,0.0
1.1651383541500555e-77,0.0
6.595927203481145e-165,0.0
3.568400471524686e-21,0.0
1.9826678343617082e-24,0.0
1.3755627054818671e-127,0.0
0,0.0
1.7023918814068833e-09,0.0
3.993326160772864e-102,0.0
9.051295927191335e-11,0.0
1.110531437361412e-07,0.0
2.6416869150701597e-88,0.0
2.0351606175862034e-198,0.0
6.569069920171497e-15,0.0
2.890920005829605e-57,0.0
1.4463865308793608e-16,0.0
3.049023621288368e-23,0.0
2.389592782573146e-35,0.0
1.4429220659039588e-45,0.0
0.24481510235356002,0.0
5.405115376473798e-72,0.0
1.2765736660118635e-68,0.0
1.4209106221402048e-05,0.0
4.2538063123479245e-23,0.0
1.4633483361325216e-140,0.0
4.811421383239081e-09,0.0
6.088595564529266e-11,0.0
1.8231553457269384e-08,0.0
9.809388114795366e-189,0.0
2.933029159685965e-06,0.0
0,0.0
1.9225490978897874e-25,0.0
1.3097429594212088e-110,0.0
3.0437429027262586e-41,0.0
5.347978380335136e-17,0.0
4.458442264651231e-17,0.0
0,0.0
4.6003763543986857e-17,0.0
6.61411744436022e-43,0.0
0.0013000808681613264,0.0
1.190236509091791e-27,0.0
2.045407026726376e-82,0.0
1.965816170514284e-32,0.0
5.677313827947685e-20,0.0
7.112386588378405e-20,0.0
3.03850742591463e-58,0.0
2.3897956884755936e-59,0.0
0,0.0
0.3561791682408933,0.0
3.387326193061172e-113,0.0
1.468901177399212e-72,0.0
5.939105057699175e-23,0.0
1.585323602350534e-19,0.0
3.951651769477697e-78,0.0
2.297566841640372e-17,0.0
8.809748436849503e-15,0.0
1.4234200161231698e-06,0.0
7.787740238925306e-254,0.0
3.054117255004439e-45,0.0
2.019070151740954e-194,0.0
2.0028413663855016e-131,0.0
1.6519980604768559e-53,0.0
0,0.0
1.1817360511303998e-22,0.0
0.4625085682972956,0.0
1.173844621103118e-13,0.0
0,0.0
9.32584335428281e-227,0.0
8.6894416800412e-25,0.0
8.796029817060659e-278,0.0
4.4307400088849754e-14,0.0
7.102866516577317e-30,0.0
5.2152585476205366e-48,0.0
6.574869768961402e-41,0.0
5.58361698403863e-07,0.0
1.1070119263517589e-48,0.0
6.798201580218362e-07,0.0
1.9161981623226786e-18,0.0
4.766317793218898e-81,0.0
5.738870843063726e-183,0.0
1.8632003703859478e-27,0.0
3.1057692336652554e-154,0.0
2.3266546043216192e-39,0.0
5.63062302909372e-12,0.0
1.4327829355294544e-177,0.0
6.467854990710907e-25,0.0
8.588796694398078e-30,0.0
4.891213832359056e-10,0.0
1.0706457737565315e-273,0.0
0.9718952251384718,0.0
1.7707945730300004e-217,0.0
8.910947915127332e-26,0.0
1.2751842115027947e-44,0.0
8.756437215570417e-17,0.0
0,0.0
2.5926031119756333e-30,0.0
1.3254601862132022e-79,0.0
9.273251604518698e-52,0.0
6.430996291265903e-68,0.0
1.8286419195124635e-77,0.0
4.361899539146771e-134,0.0
3.9374173842820523e-10,0.0
2.673245094633684e-63,0.0
1.3971398966795025e-289,0.0
1.8463134313569435e-18,0.0
2.5424942505168377e-14,0.0
1.3724192488825625e-33,0.0
2.9125257927077398e-05,0.0
4.481690139534264e-50,0.0
1.0677863089672432e-05,0.0
0,0.0
3.1217848342857473e-49,0.0
1.311007574532372e-96,0.0
1.7059029167760343e-59,0.0
1.0084310043102032e-09,0.0
8.286781173514123e-17,0.0
2.0166535351229577e-09,0.0
6.457843021250316e-12,0.0
1.3611491990027071e-39,0.0
2.475480344813671e-13,0.0
5.349350673908806e-66,0.0
1.925965069230448e-118,0.0
9.753787454959714e-10,0.0
9.17050925874447e-13,0.0
6.303139805736685e-08,0.0
5.284712889135466e-306,0.0
8.657239498357594e-51,0.0
4.950432636412223e-44,0.0
2.0995212117833196e-28,0.0
1.0789921577786073e-18,0.0
1.1842383138368264e-50,0.0
5.570405696099162e-16,0.0
2.294077107664858e-33,0.0
0,0.0
3.904547111028422e-186,0.0
2.0307461250588263e-54,0.0
1.2082135700905605e-11,0.0
9.540978412091745e-15,0.0
1.857567281736485e-06,0.0
1.22149470973392e-201,0.0
6.422461733412925e-08,0.0
8.089382031920337e-66,0.0
1.2285625602455345e-15,0.0
3.994315886236639e-18,0.0
3.4949727609231016e-264,0.0
6.222952471915494e-19,0.0
1.6145921235424177e-23,0.0
4.054989839381013e-79,0.0
1.8017198769266023e-136,0.0
2.266742014983599e-09,0.0
1.0000028931524915e-186,0.0
4.516191274417849e-89,0.0
1.2465112942102755e-42,0.0
2.8982834992510443e-19,0.0
2.9423950105662192e-08,0.0
8.675950130250857e-09,0.0
1.6222369559915868e-64,0.0
0.0036670324607537,0.0
4.250352047958968e-27,0.0
8.124465485290937e-21,0.0
1.2319467334727458e-35,0.0
1.9566810669071558e-29,0.0
2.3589131099113034e-31,0.0
1.5103805360868167e-41,0.0
1.212767505043074e-308,0.0
3.3850262654444128e-18,0.0
1.074336852663332e-08,0.0
4.256892630428191e-41,0.0
6.569276791768659e-08,0.0
2.9932862312639955e-116,0.0
1.2240555130911783e-141,0.0
3.5072559007461312e-12,0.0
1.0353581197670745e-57,0.0
6.18109252502853e-40,0.0
8.946554436676431e-21,0.0
4.311567793539582e-77,0.0
2.1195975084957817e-72,0.0
9.98900759021547e-171,0.0
6.700341735958512e-29,0.0
1.9322107470490185e-19,0.0
6.830894242590971e-22,0.0
5.15020643572679e-37,0.0
1.0754863420435815e-06,0.0
5.097196358949339e-87,0.0
1.5204143845939863e-14,0.0
2.3018924377808967e-23,0.0
6.010916220884954e-18,0.0
1.5990523708130696e-114,0.0
1.3696944279141781e-10,0.0
3.8201669885534576e-16,0.0
7.83527282154406e-57,0.0
2.1187220351884845e-155,0.0
9.395716312466407e-46,0.0
3.509403132518296e-73,0.0
3.624115477547855e-29,0.0
1.2681142922012771e-21,0.0
7.918900695275274e-13,0.0
3.885920517661031e-12,0.0
3.348085793676317e-153,0.0
2.483745480820894e-13,0.0
8.235384856584452e-13,0.0
6.341373150011145e-29,0.0
0,0.0
5.79926726985562e-165,0.0
2.314062886016573e-45,0.0
5.6306501278439e-23,0.0
2.9115174439259823e-23,0.0
1.7462050003061083e-123,0.0
8.700717815022674e-146,0.0
1.8328898296233962e-16,0.0
0,0.0
9.662499962733365e-66,0.0
2.076998340175396e-08,0.0
1.3189556981342275e-72,0.0
1.5047947105782846e-59,0.0
9.529206671933462e-11,0.0
1.3705082968398082e-38,0.0
6.379361834143306e-24,0.0
8.226620851401281e-09,0.0
2.9649283451194302e-12,0.0
1.4593419264085528e-30,0.0
2.974150373415563e-31,0.0
1.8135554656013718e-15,0.0
5.19298603867479e-75,0.0
3.789123685005479e-09,0.0
3.272474339843342e-13,0.0
2.962430236606532e-13,0.0
2.0149506731329342e-12,0.0
8.177833053052806e-65,0.0
1.8214169857101948e-14,0.0
2.0249437292665797e-16,0.0
2.4320032221923794e-28,0.0
7.506187195413167e-48,0.0
2.941123300295231e-94,0.0
1.4181937477655163e-47,0.0
9.109964518165873e-30,0.0
1.62435169523301e-35,0.0
2.791072648924953e-25,0.0
4.6249049578201045e-161,0.0
3.639938603550939e-11,0.0
4.795116001489088e-21,0.0
1.8821641863170614e-07,0.0
0,0.0
7.804235620153425e-180,0.0
0,0.0
7.694349370429768e-26,0.0
5.611052928739799e-09,0.0
6.780883120857938e-07,0.0
1.0689469175261211e-88,0.0
4.4959399951054506e-61,0.0
2.3565875195957183e-65,0.0
3.164962810056185e-23,0.0
6.973034363995995e-175,0.0
6.809309664044387e-135,0.0
0,0.0
3.5536589479355103e-56,0.0
4.619964225705912e-15,0.0
9.227942589034222e-31,0.0
1.1448293993588334e-97,0.0
1.4684441295927001e-27,0.0
7.194338055818771e-248,0.0
8.25060292240076e-34,0.0
7.05763686490097e-16,0.0
3.529095602886869e-14,0.0
1.0001102949189582e-17,0.0
1.315402334344309e-06,0.0
1.748469170207364e-21,0.0
1.1561842592082413e-27,0.0
0,0.0
7.98704207660234e-124,0.0
9.682999059595691e-119,0.0
1.3008037150529948e-207,0.0
8.339721210200596e-46,0.0
0,0.0
7.030798745368921e-176,0.0
1.4015890591936359e-73,0.0
1.8182517722179079e-28,0.0
3.1121076096012975e-272,0.0
7.604908845391665e-22,0.0
1.6513825541100426e-45,0.0
2.3340860348261733e-40,0.0
1.6333300686985135e-31,0.0
5.82226063479181e-07,0.0
2.8698434467012346e-12,0.0
1.947709582059236e-273,0.0
4.647798142384903e-30,0.0
0.9894868391733216,0.0
2.5824721965177616e-41,0.0
0,0.0
1.1985305174409414e-71,0.0
3.0384286469064456e-91,0.0
1.6253324661528716e-291,0.0
1.4510713092693597e-36,0.0
1.4667945658130161e-12,0.0
2.4999973560948728e-11,0.0
8.532850527336785e-16,0.0
1.1340745141722297e-282,0.0
1.6326948067591758e-11,0.0
3.321405586916399e-145,0.0
4.2547557632169614e-36,0.0
1.0027048175272321e-17,0.0
1.1375042658493718e-62,0.0
2.157089789593897e-26,0.0
5.023834007719863e-16,0.0
1.0,0.0
1.174304328879524e-44,0.0
7.033226721293548e-213,0.0
8.987701013331514e-161,0.0
1.7107533200922576e-40,0.0
1.7414028985490895e-177,0.0
0.9999999643845202,0.0
4.780737631348617e-65,0.0
3.255444161195804e-65,0.0
1.1330582636263972e-21,0.0
8.73863975437649e-55,0.0
1.0761203977505587e-20,0.0
2.583804782103164e-138,0.0
1.3216715480464973e-26,0.0
5.716570588332569e-17,0.0
1.4281107950439977e-11,0.0
2.9482287201858193e-12,0.0
3.1941132916114223e-16,0.0
3.244861454142105e-24,0.0
1.1774991737763814e-09,0.0
4.0163601270217255e-63,0.0
1.2494480887444381e-30,0.0
1.098799547397707e-300,0.0
8.121605615290755e-07,0.0
2.7726981266473175e-102,0.0
1.0082843127073594e-233,0.0
5.279468712836752e-173,0.0
1.3310059722344623e-197,0.0
1.641655571241171e-11,0.0
2.3691414214397176e-13,0.0
1.6516065620151403e-22,0.0
6.831336788255557e-38,0.0
1.0802412940083165e-06,0.0
5.058375890271049e-34,0.0
1.4371967416484348e-23,0.0
2.424832816042392e-42,0.0
1.4878418716444057e-52,0.0
1.6325019828582037e-09,0.0
1.616805237849996e-33,0.0
3.1692906035654626e-17,0.0
0,0.0
9.093052112393654e-21,0.0
4.208701375955549e-14,0.0
1.040180334407557e-27,0.0
1.1629272276067881e-43,0.0
1.147521693924594e-28,0.0
5.486553727416405e-18,0.0
1.7084601810925474e-46,0.0
5.918135096552606e-17,0.0
0,0.0
3.550549581798965e-172,0.0
0.9999999999999711,0.0
1.3665812791990535e-237,0.0
0.037877240800476344,0.0
1.1321244073735287e-14,0.0
0,0.0
6.23449512617263e-155,0.0
3.8629044244808597e-14,0.0
1.7893269543072055e-33,0.0
9.892833021423145e-24,0.0
3.7903738130103105e-101,0.0
3.068905691737572e-42,0.0
2.6144293335686505e-29,0.0
5.964072000057184e-30,0.0
1.591359335838733e-75,0.0
3.3451365305494072e-77,0.0
4.1406620413167605e-134,0.0
1.3806264278579538e-277,0.0
4.3783667822285667e-26,0.0
1.340859927577946e-38,0.0
1.5922891317998796e-114,0.0
0,0.0
5.394460688863619e-102,0.0
1.8231670003949113e-162,0.0
2.896897156533407e-28,0.0
0,0.0
1.4861584061992295e-09,0.0
1.7139686100880446e-12,0.0
2.2179160188478364e-70,0.0
3.3914880539145287e-22,0.0
1.1183967654439979e-25,0.0
3.407350260646679e-60,0.0
1.0,0.0
2.54948127265285e-16,0.0
2.898212240486362e-42,0.0
1.4887943432804057e-45,0.0
1.918007029886302e-234,0.0
1.2120987919092102e-17,0.0
7.335361909136206e-10,0.0
6.723283898571544e-18,0.0
2.229042092086257e-21,0.0
5.636051063575939e-15,0.0
2.3550508719735058e-08,0.0
1.38861759239106e-15,0.0
1.369463480793332e-167,0.0
5.4168401927915445e-115,0.0
3.752301294278965e-51,0.0
2.112203621949634e-120,0.0
1.020183809898609e-10,0.0
0.9999999999999998,0.0
0,0.0
1.5577534213566064e-10,0.0
8.3174164658316e-17,0.0
1.5341590363084828e-09,0.0
2.1277956488192207e-14,0.0
1.1075040579786927e-58,0.0
1.560397597464277e-13,0.0
0.999928620256424,0.0
1.2812811517322991e-09,0.0
8.444407060180338e-22,0.0
1.1962596762312222e-09,0.0
1.4833206238522546e-109,0.0
1.2100415193630304e-79,0.0
1.838127025016929e-16,0.0
0.3159661780720724,0.0
1.3239165551436893e-58,0.0
7.447739553727151e-11,0.0
6.860664014165224e-60,0.0
5.321243079047666e-28,0.0
3.15548958077954e-160,0.0
1.1903759541862804e-16,0.0
1.331587829303789e-11,0.0
0,0.0
1.005764556675309e-29,0.0
1.6793726311922555e-36,0.0
2.2908196665373324e-19,0.0
3.516810787449534e-195,0.0
1.8537352278545586e-39,0.0
1.7963460435975663e-176,0.0
1.979432072094832e-19,0.0
2.980551871503243e-218,0.0
3.0418575189455498e-149,0.0
3.897642180282401e-14,0.0
0.9999999999999998,0.0
7.650691475471792e-13,0.0
2.335358305589846e-12,0.0
4.998164463211221e-29,0.0
1.4183383119933495e-291,0.0
1.4310969500676497e-06,0.0
1.5350153791049194e-13,0.0
6.874164611568438e-55,0.0
1.6618001570858955e-242,0.0
7.896706914145912e-21,0.0
5.911418359931149e-12,0.0
8.099859240854708e-100,0.0
7.203070567513811e-127,0.0
0,0.0
1.4528462997664672e-28,0.0
3.7912961197745067e-19,0.0
4.450624271191495e-280,0.0
5.0227119783145875e-226,0.0
0,0.0
7.909214993955635e-62,0.0
1.2815553864289194e-07,0.0
1.7360166766086947e-63,0.0
9.887297795725828e-13,0.0
7.983878282278438e-45,0.0
4.887956139936145e-181,0.0
1.3272597917409279e-179,0.0
5.963621971169688e-12,0.0
3.327438278478708e-27,0.0
8.460724057541554e-22,0.0
2.2475647442923304e-13,0.0
2.642529912651095e-52,0.0
6.689286806352341e-84,0.0
3.5032794476134715e-73,0.0
2.2531702240630092e-35,0.0
8.33477492633268e-46,0.0
5.591019494825853e-13,0.0
1.3712067272611058e-49,0.0
4.725292832548351e-109,0.0
3.3848448169339794e-135,0.0
5.4742708726638214e-11,0.0
7.151090868263413e-37,0.0
9.339354781242392e-210,0.0
1.1275933439598125e-144,0.0
3.639983167654306e-15,0.0
1.2258920635055872e-12,0.0
2.170370815477612e-257,0.0
2.3099401701882846e-12,0.0
4.13962196683558e-53,0.0
7.87762371489533e-35,0.0
1.7677135690412532e-57,0.0
1.9956734808357895e-05,0.0
1.830534395981079e-11,0.0
3.1092898465194467e-32,0.0
0,0.0
9.237252603551271e-09,0.0
2.6966510068215366e-15,0.0
2.1909068341370814e-19,0.0
4.1663227774921646e-77,0.0
3.090106820553699e-145,0.0
3.5694996339639044e-51,0.0
1.8510656879897208e-11,0.0
1.9177072921328627e-19,0.0
1.2503057906220674e-14,0.0
6.614955039042009e-07,0.0
4.924499291144762e-07,0.0
2.6331328423886615e-08,0.0
3.9287747891330945e-222,0.0
2.2829288787685636e-24,0.0
1.0253654880364151e-19,0.0
8.889520171156906e-16,0.0
0,0.0
1.379332238438771e-42,0.0
8.127894354257911e-13,0.0
1.7845936871778723e-187,0.0
9.955240989541746e-91,0.0
1.8706430684860086e-23,0.0
1.146504842889729e-60,0.0
8.820533701242768e-11,0.0
5.037417817971712e-122,0.0
2.0422418058090697e-10,0.0
4.066183453949338e-40,0.0
2.688901118425958e-13,0.0
3.0793365452502416e-106,0.0
1.0159995744492586e-05,0.0
4.443738426372275e-22,0.0
4.546847929688573e-42,0.0
2.1583726954949503e-107,0.0
3.856223591035225e-42,0.0
