0.001475531104595956,0.0
1.564975325903105e-05,0.0
1.3981401489678217e-07,0.0
3.4096144391318735e-29,0.0
0.04331553463371468,0.0
5.551342239290753e-24,0.0
5.991042791201506e-15,0.0
3.650415660697133e-16,0.0
1.9619462283875016e-39,0.0
1.136351924363228e-18,0.0
5.263535157881415e-70,0.0
1.613698071217115e-31,0.0
4.380847686246516e-33,0.0
2.825061305561077e-34,0.0
0.0003821568418547128,0.0
4.0123128705341474e-06,0.0
3.6342050469474135e-16,0.0
6.096725034428196e-20,0.0
5.511024433155262e-78,0.0
2.2535635377340984e-50,0.0
0.0004307372214742103,0.0
2.4009139070414663e-07,0.0
6.095777851904024e-26,0.0
9.783685548846075e-17,0.0
3.147657196885637e-24,0.0
3.9413203699175516e-23,0.0
9.435143079091938e-07,0.0
2.9481870488620657e-22,0.0
0.001373673565315724,0.0
5.249603789893468e-18,0.0
4.400672093657073e-28,0.0
3.957143016427945e-17,0.0
1.892366246545062e-21,0.0
6.38248628566287e-16,0.0
1.9056536613380984e-49,0.0
0.00018214510656326,0.0
0.10347288325739816,0.0
1.8139324933872594e-19,0.0
4.9094092787553525e-31,0.0
0.002896579293710273,0.0
5.8101461873637036e-11,0.0
2.7576026898765647e-21,0.0
3.7448408023943753e-11,0.0
9.413772923963557e-62,0.0
4.820332746274342e-11,0.0
5.70255879240452e-24,0.0
1.086394257730112e-26,0.0
2.8645732705738583e-20,0.0
8.05805834160266e-13,0.0
8.389959875454561e-10,0.0
3.943734910879109e-25,0.0
1.4184934903870033e-19,0.0
1.9126549784061634e-35,0.0
1.5849095378074986e-13,0.0
4.624857392115705e-18,0.0
1.8831768276508126e-05,0.0
1.0999927684418115e-13,0.0
3.5567005210210054e-07,0.0
8.031388296205759e-11,0.0
3.8879266545127106e-17,0.0
1.1511518966154577e-13,0.0
0.0287288220121455,0.0
0.001261085392146673,0.0
9.202544280030079e-25,0.0
7.445802511228058e-07,0.0
2.305176784306604e-17,0.0
3.3152354255770986e-22,0.0
9.381012845321303e-08,0.0
2.763024691216835e-05,0.0
9.295125194361084e-12,0.0
1.6053897019633778e-11,0.0
2.285037976913549e-27,0.0
5.82680802616689e-06,0.0
7.070900775236741e-22,0.0
3.773107711420677e-17,0.0
1.141868941871744e-39,0.0
2.0894530528943373e-25,0.0
5.329021112169474e-20,0.0
8.566266452160836e-08,0.0
0.0003248798080261377,0.0
1.4592994291789587e-11,0.0
2.1720354695641027e-06,0.0
7.336946885975307e-14,0.0
1.0974569792614623e-16,0.0
1.8480623623128424e-09,0.0
5.6579681234437607e-11,0.0
3.99885639676321e-37,0.0
1.9011651157154337e-12,0.0
5.2035291626627383e-08,0.0
3.2976831284818204e-36,0.0
6.410552824922868e-07,0.0
1.955912335596407e-19,0.0
4.995444502883179e-36,0.0
9.1306312310625e-22,0.0
5.3809471961355176e-05,0.0
0.35473048198411944,0.0
7.674564084149236e-13,0.0
2.766481342549213e-13,0.0
3.8383866150827397e-07,0.0
4.349059949316852e-37,0.0
1.9583854819206637e-31,0.0
4.190415191539773e-18,0.0
7.700273441880262e-27,0.0
2.132416507317147e-31,0.0
4.910015658570793e-16,0.0
4.1756319785113104e-08,0.0
3.095354935301994e-17,0.0
3.7072083153261645e-08,0.0
1.6926828217322055e-113,0.0
3.583607720031627e-10,0.0
5.423167750746474e-37,0.0
7.77788040696853e-08,0.0
4.502846261931228e-23,0.0
1.8540098225941526e-08,0.0
2.263715306664945e-09,0.0
3.3003252528824644e-06,0.0
0.02012495855097412,0.0
5.826299817532465e-11,0.0
1.64480470331958e-20,0.0
2.3152400436846374e-20,0.0
3.2668160013533317e-17,0.0
4.0839803025591295e-14,0.0
4.4373063913674765e-26,0.0
1.9690950117117998e-17,0.0
2.937215121777557e-16,0.0
7.748134035054735e-54,0.0
3.44205763498255e-21,0.0
3.945952265258625e-28,0.0
4.030619005215004e-39,0.0
8.026337336356886e-39,0.0
1.9019355756631295e-13,0.0
5.211689947427263e-07,0.0
1.645757038309695e-05,0.0
3.3271392596715374e-12,0.0
0.00047197607966111585,0.0
5.2959148090400155e-11,0.0
2.5157419677900383e-21,0.0
7.174364176981888e-17,0.0
5.150770019621337e-44,0.0
7.338951059872154e-43,0.0
5.521448707077143e-63,0.0
8.81230444315511e-06,0.0
9.251025259312244e-18,0.0
1.8825949895869646e-45,0.0
5.201007319619095e-07,0.0
5.7816554642397294e-05,0.0
3.479079486108569e-33,0.0
3.856070719808506e-07,0.0
3.942116033779567e-06,0.0
1.3689184375510341e-05,0.0
1.2709202067056859e-11,0.0
2.3668904588394297e-23,0.0
1.6724915211117182e-09,0.0
1.9855197352473582e-07,0.0
0.0023245957768870344,0.0
3.913033341937825e-08,0.0
1.327997815124777e-23,0.0
3.350060988485532e-35,0.0
1.2604945216615114e-14,0.0
1.6590077583235166e-10,0.0
2.3354269411653997e-08,0.0
2.4694957181036387e-58,0.0
4.050217710859503e-26,0.0
6.377182849377192e-24,0.0
6.4834993372772194e-12,0.0
4.0775862220143325e-41,0.0
3.7983367593105175e-10,0.0
2.540909359609604e-09,0.0
6.741665640879621e-11,0.0
4.323068099171477e-26,0.0
2.809410544666852e-11,0.0
1.1863485431732468e-42,0.0
8.893300149869623e-24,0.0
2.9801757388663906e-10,0.0
2.423202330477027e-08,0.0
0.00034557539805811814,0.0
6.333110279335691e-35,0.0
3.851660402152093e-16,0.0
1.661592264804292e-14,0.0
3.978699579255969e-09,0.0
4.571984294282222e-13,0.0
2.275058633446261e-13,0.0
4.32590753555113e-05,0.0
1.8525359570673726e-11,0.0
1.3554417492714504e-44,0.0
1.6482441458125206e-17,0.0
1.8757220308280643e-11,0.0
0.0019927689978735193,0.0
5.688295373529278e-43,0.0
8.111821911151454e-10,0.0
1.0661376855218418e-06,0.0
4.051649508965451e-10,0.0
0.0009641636673811164,0.0
1.806560710126278e-16,0.0
3.5167044312608017e-28,0.0
0.010593893060417234,0.0
2.020614690791902e-06,0.0
1.2327652484356626e-35,0.0
2.74583216058517e-18,0.0
9.684527660386783e-39,0.0
4.827655708111272e-26,0.0
7.001599462810065e-29,0.0
3.4322344478231296e-12,0.0
5.156152981863946e-43,0.0
3.607582907186893e-15,0.0
1.1607928477534314e-17,0.0
0.0004325976379081685,0.0
4.343805231677373e-19,0.0
3.95763344748374e-05,0.0
1.5071816437029485e-42,0.0
1.702434980856653e-30,0.0
5.770338078643526e-05,0.0
1.6863400536226378e-18,0.0
6.274320106975308e-26,0.0
3.5248368655045563e-35,0.0
8.95665132754686e-22,0.0
5.0415332703677676e-27,0.0
3.5439446645577594e-59,0.0
3.0957526592737634e-15,0.0
4.986616933398371e-08,0.0
8.854408457293654e-08,0.0
3.238681233920516e-17,0.0
4.55678446527105e-06,0.0
5.752172652464692e-23,0.0
4.032626565909733e-06,0.0
8.673242273265006e-40,0.0
4.5677863940662844e-11,0.0
9.47298641971282e-16,0.0
1.9320023992979117e-05,0.0
4.412282449127564e-28,0.0
3.1999498684294673e-07,0.0
4.0736310257771423e-10,0.0
6.158677586570874e-14,0.0
2.2736054303740026e-10,0.0
1.3625096960155e-20,0.0
1.4640121321602785e-30,0.0
3.265435791010894e-09,0.0
1.319072996600495e-12,0.0
0.0034849142341871497,0.0
4.064585714829701e-12,0.0
0.01425239285284099,0.0
1.91242835014829e-13,0.0
0.008920221715560511,0.0
3.915952365213779e-25,0.0
5.259901594991715e-22,0.0
2.3603108964281683e-07,0.0
1.6349420852418866e-22,0.0
4.5745426413649876e-11,0.0
0.00040914235026164145,0.0
3.6910535501030944e-07,0.0
1.1568084560442238e-10,0.0
2.5428886000455536e-70,0.0
5.9470906288938425e-09,0.0
0.004550457776310145,0.0
9.585313844108418e-19,0.0
7.115361573347099e-24,0.0
6.65108074837975e-05,0.0
1.673989199408877e-26,0.0
3.573407503602924e-07,0.0
2.2231671541792405e-12,0.0
2.5327170422361364e-06,0.0
5.407854189457116e-10,0.0
4.315181921975136e-10,0.0
8.986068586133269e-28,0.0
6.48518145793698e-11,0.0
7.622203683645411e-32,0.0
0.01056867385961397,0.0
2.701267762640114e-13,0.0
3.301370118090616e-25,0.0
1.80287454503759e-93,0.0
1.1892707928744038e-46,0.0
3.162060160636746e-32,0.0
8.465395962657239e-33,0.0
2.3928162389449853e-16,0.0
6.071989690708365e-15,0.0
5.0191983185783595e-12,0.0
1.8399878234362176e-12,0.0
2.3232746284274348e-33,0.0
4.066392714728692e-28,0.0
6.2088641139069484e-27,0.0
5.03155393769611e-23,0.0
7.445989648697279e-12,0.0
7.915000862559085e-29,0.0
1.2371308526722967e-06,0.0
1.7860575097004396e-23,0.0
0.00012412343312615998,0.0
1.7925365458532858e-14,0.0
8.609321185017137e-07,0.0
1.0638336626859802e-07,0.0
2.7341187526943455e-16,0.0
0.009847911108616061,0.0
3.4724263294417525e-09,0.0
5.785692842485062e-13,0.0
4.2354923250847495e-35,0.0
5.032571862220085e-16,0.0
5.203953928602131e-09,0.0
3.48653333166947e-25,0.0
1.2020236038352336e-21,0.0
1.3727168663760794e-23,0.0
5.37776773211017e-09,0.0
1.2195773729361968e-09,0.0
7.3940269660281255e-22,0.0
4.985085143729241e-10,0.0
1.2132554591760322e-11,0.0
6.586925522512428e-23,0.0
0.0008138999898484874,0.0
0.9144119236870024,0.0
8.997664729459887e-11,0.0
1.4519907615056173e-06,0.0
2.912074280782625e-14,0.0
1.3989571772528136e-07,0.0
9.148618176025633e-22,0.0
2.823201509162696e-07,0.0
1.7955552089628982e-09,0.0
0.2110437004550201,0.0
4.193865811556048e-14,0.0
2.882884428320538e-12,0.0
4.773134753626553e-08,0.0
1.1958846167592222e-20,0.0
1.4090145156751132e-09,0.0
0.2076924962511994,0.0
1.981381166467902e-31,0.0
9.962967493153505e-18,0.0
7.184481297363739e-58,0.0
6.862251996002036e-08,0.0
0.0002523689415701053,0.0
4.186595927525964e-05,0.0
0.014244985927903948,0.0
6.560331105935381e-12,0.0
0.005115823232039941,0.0
9.237431813146621e-07,0.0
8.454191062041082e-24,0.0
0.000931815490071484,0.0
6.720378032629906e-19,0.0
0.9858515813008539,0.0
0.7302875894260068,0.0
2.1013456742391508e-10,0.0
6.145151252387404e-11,0.0
3.599073061267343e-10,0.0
0.0034330182204661023,0.0
0.4311688516201256,0.0
4.225208749029176e-19,0.0
1.9463307131319705e-06,0.0
2.217905758840727e-11,0.0
4.100406192112763e-18,0.0
4.524507245047004e-06,0.0
1.855355385256956e-15,0.0
0.0019927222909574735,0.0
7.069006962714674e-11,0.0
0.06630502203076388,0.0
7.660474832684893e-26,0.0
2.843921554976485e-17,0.0
6.349600375142199e-07,0.0
2.933335398270675e-09,0.0
4.244242228465808e-07,0.0
3.0937000226109467e-35,0.0
7.198726780054548e-12,0.0
2.223417795084785e-05,0.0
7.318644464533801e-15,0.0
8.338349848987266e-13,0.0
1.7972235539093177e-12,0.0
7.599395479006469e-13,0.0
2.0330444254562594e-15,0.0
1.2136843596816773e-07,0.0
3.6426879965912934e-17,0.0
3.1925856863039515e-12,0.0
2.628347201617333e-08,0.0
3.431243607532512e-20,0.0
3.5541482425251417e-05,0.0
6.356693653416188e-08,0.0
2.907539880136877e-08,0.0
4.1610851532100606e-05,0.0
1.893684571764023e-06,0.0
8.0068791174467005e-22,0.0
1.2646636031100174e-21,0.0
4.879004882974733e-16,0.0
0.0005624391041289726,0.0
1.1430754676186087e-05,0.0
1.6991624281961563e-09,0.0
4.361265768143859e-11,0.0
5.471120799461472e-07,0.0
4.6295577429674035e-09,0.0
1.0645853950057654e-15,0.0
6.1903273742032355e-18,0.0
1.7896990692865018e-08,0.0
1.4334799752116696e-05,0.0
1.2014129451419253e-24,0.0
0.009987009292402238,0.0
6.037151576405352e-17,0.0
3.832850961407359e-17,0.0
1.3067154266116714e-39,0.0
2.6886668911953806e-09,0.0
1.9476650529344643e-18,0.0
0.00047531144288663195,0.0
3.5914722852415227e-25,0.0
1.0811770296133653e-13,0.0
1.5211948093061861e-30,0.0
2.842561207027838e-08,0.0
4.080821992423991e-19,0.0
6.418129746516513e-06,0.0
1.770482035910512e-16,0.0
0.0001703789451877531,0.0
0.02799915181257474,0.0
3.1902302221149317e-12,0.0
3.007941849844784e-09,0.0
0.0001208925938379987,0.0
9.224624296211816e-09,0.0
1.2239604599141957e-18,0.0
0.02686611520660524,0.0
1.602704768128856e-11,0.0
2.641975912060407e-09,0.0
4.952185083956985e-12,0.0
1.9785996277173236e-15,0.0
4.802350670035376e-13,0.0
0.026693593808335393,0.0
8.167407100313605e-10,0.0
6.508099963226919e-24,0.0
9.674054584403446e-19,0.0
4.510206556316179e-09,0.0
7.496073937722789e-05,0.0
9.829588807281032e-06,0.0
2.0738245262157035e-15,0.0
4.810981102359854e-07,0.0
3.3328397287705246e-08,0.0
9.57456398269388e-11,0.0
9.99685974361431e-10,0.0
3.2239161698833007e-12,0.0
8.441497920002934e-06,0.0
4.626894989323506e-25,0.0
1.3547987387677143e-17,0.0
9.975666351692876e-34,0.0
3.059636248832859e-36,0.0
2.860796947913046e-07,0.0
1.9632972051504138e-17,0.0
3.8530435701440266e-13,0.0
2.8168111312758667e-08,0.0
9.12382336263108e-11,0.0
3.655541760281847e-08,0.0
8.714914783222385e-21,0.0
3.446817863631598e-25,0.0
1.6463475664511296e-28,0.0
8.08897342224566e-12,0.0
1.2268275831271968e-16,0.0
4.998947035394995e-21,0.0
8.777490662210413e-24,0.0
2.882212279381594e-09,0.0
1.0282935676164003e-49,0.0
2.2088028221136957e-08,0.0
5.907109134517662e-14,0.0
1.5531149066808915e-13,0.0
4.316216937790891e-10,0.0
1.2136767181322846e-18,0.0
1.7782743094509208e-33,0.0
0.0011354965305199252,0.0
1.3122665409100746e-20,0.0
3.7007928396342425e-13,0.0
1.293514349881896e-13,0.0
7.486380228190181e-48,0.0
4.0328141674724806e-05,0.0
0.9770407106041495,0.0
2.9041961053346973e-08,0.0
1.299136324960398e-17,0.0
2.0368721219787256e-05,0.0
0.00015992916042898906,0.0
3.9998967419757126e-64,0.0
8.85822868868965e-08,0.0
3.767463412827318e-26,0.0
2.881713299227837e-34,0.0
0.0012789010933160097,0.0
0.00025634005479993675,0.0
1.6190371386828928e-07,0.0
3.909404072722425e-13,0.0
5.544737255697148e-16,0.0
4.3605819798907517e-10,0.0
0.00013066550916634783,0.0
5.813603291062145e-07,0.0
1.9457089783446002e-20,0.0
1.0839122012220644e-18,0.0
6.735722314501984e-27,0.0
1.1415894521622206e-08,0.0
1.0294367907898974e-14,0.0
5.634571551603943e-10,0.0
1.4727276346816013e-36,0.0
4.029792622088777e-07,0.0
1.0364721499613085e-24,0.0
8.632064589155839e-08,0.0
0.0005115813508647786,0.0
1.0034157223732464e-19,0.0
1.4298640660968363e-25,0.0
1.6527743061587425e-24,0.0
1.0170716570475493e-16,0.0
1.9492841590581475e-22,0.0
4.2437870926503113e-10,0.0
3.409870460090948e-12,0.0
1.580415528676084e-10,0.0
6.037664582246393e-12,0.0
1.687737210357626e-10,0.0
1.9353122577360964e-18,0.0
0.001688067345134905,0.0
2.4428845702638212e-29,0.0
2.326270311337402e-13,0.0
0.0004038884374660624,0.0
1.6556916937914455e-21,0.0
4.0803222395516044e-11,0.0
1.1590847844343626e-20,0.0
4.299792077895136e-22,0.0
0.010248338963626235,0.0
4.978601740622605e-07,0.0
6.665658084382563e-05,0.0
4.826079692317085e-09,0.0
9.19341519745425e-20,0.0
1.3241070697356998e-30,0.0
5.8736810324429895e-30,0.0
1.6524411854770246e-14,0.0
3.521048694403062e-05,0.0
4.205434765535561e-15,0.0
8.354726037036331e-11,0.0
5.253363981900082e-09,0.0
2.963161227539187e-19,0.0
1.0303551782458277e-12,0.0
1.1543555445614022e-09,0.0
1.1787104119173706e-17,0.0
6.520647776374499e-09,0.0
4.7300854300487005e-09,0.0
3.560296457310104e-09,0.0
1.0195973619296913e-11,0.0
8.52329052023346e-09,0.0
0.00023490216526746662,0.0
9.486855369509286e-16,0.0
0.13272559101506415,0.0
4.940009317079982e-48,0.0
1.0739954191908079e-07,0.0
1.1594197349949124e-05,0.0
2.9777357641794513e-53,0.0
1.0429260969462331e-14,0.0
1.7671577114786384e-20,0.0
2.1592093216407923e-64,0.0
1.2487579028332247e-30,0.0
4.640744803822461e-19,0.0
1.6693221198072893e-20,0.0
6.044254048395908e-08,0.0
9.683839540213376e-23,0.0
2.3975562963387584e-28,0.0
4.057688818109251e-07,0.0
7.33772889771639e-19,0.0
3.5638933749761204e-42,0.0
5.3206998108227e-08,0.0
0.00013292965525596453,0.0
0.2812388408309858,0.0
7.738085482875613e-40,0.0
6.321331739867076e-08,0.0
3.763510112062521e-05,0.0
2.5056488572348252e-31,0.0
1.6481697525983487e-12,0.0
3.743764645230825e-09,0.0
1.1963849401880905e-07,0.0
1.859512358855248e-16,0.0
1.5013492017898211e-24,0.0
1.006793046647614e-31,0.0
9.774850858153306e-08,0.0
1.2263141636679814e-11,0.0
6.27692595417257e-22,0.0
2.6339458539453828e-17,0.0
1.4235429743223296e-12,0.0
1.925714071903812e-33,0.0
1.4194517038702092e-08,0.0
0.0533695638117398,0.0
2.5456032450369382e-19,0.0
2.43667199101817e-16,0.0
1.0016707020959748e-08,0.0
1.1587854463208692e-06,0.0
5.112219227876743e-09,0.0
1.059604451091811e-09,0.0
1.434725409021812e-20,0.0
2.29579570485558e-21,0.0
1.0037769557945396e-20,0.0
0.8632821830472857,0.0
6.229491765284585e-08,0.0
7.322433821635996e-29,0.0
2.635157444094059e-09,0.0
2.0048655854042996e-25,0.0
4.2739436929163646e-36,0.0
1.7627303754397632e-07,0.0
2.1989852967350697e-20,0.0
1.3811325669817145e-14,0.0
5.576559687392351e-10,0.0
4.171855646561567e-25,0.0
2.2300461890034364e-17,0.0
5.424318469374958e-12,0.0
0.00013400303268510993,0.0
0.00026865426472737355,0.0
2.429011685276373e-06,0.0
6.23762386996861e-19,0.0
1.1587372428703536e-11,0.0
1.40419401071358e-14,0.0
0.0006000451814074884,0.0
2.3222891509946463e-10,0.0
8.722332329630174e-08,0.0
2.8067381713777334e-14,0.0
2.90825496205083e-32,0.0
2.1577717734560888e-14,0.0
4.107008238437087e-19,0.0
4.241969696169557e-10,0.0
2.740540781818661e-15,0.0
2.413757896800631e-08,0.0
0.020025771452536457,0.0
1.5435686820994962e-08,0.0
1.2352358965816368e-14,0.0
6.620812037688098e-10,0.0
5.270571140919754e-08,0.0
1.7477167163593892e-09,0.0
3.1911718404950868e-25,0.0
7.443368507499232e-25,0.0
1.4750203889691763e-21,0.0
3.626380895230375e-05,0.0
6.581372582158415e-06,0.0
1.0671061644157325e-18,0.0
5.660979298465806e-08,0.0
1.7722455863338325e-11,0.0
3.2268098805652646e-24,0.0
6.855530137687045e-12,0.0
2.0526269065607702e-29,0.0
3.95083748849165e-21,0.0
7.741903939159098e-05,0.0
4.0247481480850715e-09,0.0
1.4238943026238851e-18,0.0
1.0464116779473364e-22,0.0
8.1537633925613175e-25,0.0
1.1042695534283067e-19,0.0
8.545510359776887e-12,0.0
0.0002511549964225325,0.0
2.652865513694554e-22,0.0
1.425659170753756e-26,0.0
8.214408217453713e-22,0.0
7.621522101450279e-13,0.0
0.000665142972003873,0.0
1.9207352088836155e-14,0.0
2.7124949470541533e-09,0.0
0.00017836664876206968,0.0
4.0257282048011537e-07,0.0
1.8769478674382935e-10,0.0
6.659601527730222e-27,0.0
7.261477661102459e-10,0.0
2.873733221718858e-05,0.0
1.0740479573915363e-13,0.0
2.467476124255588e-13,0.0
1.1467789167529527e-09,0.0
1.0911297198379215e-16,0.0
7.669572824948592e-13,0.0
2.7309528962993177e-17,0.0
1.0122409956016772e-20,0.0
7.360439828903534e-06,0.0
2.2374617079836857e-20,0.0
3.254341749744554e-26,0.0
5.041498857300252e-19,0.0
5.5934153916036846e-21,0.0
1.3700879463432335e-11,0.0
3.696054098371162e-06,0.0
3.7684040931879035e-14,0.0
3.10558151027475e-10,0.0
8.974536271714523e-31,0.0
6.799080018007225e-08,0.0
3.271409247287804e-25,0.0
2.903773063619191e-37,0.0
1.411167134002252e-12,0.0
5.512253790773167e-25,0.0
7.860545140779616e-45,0.0
1.3366585594843257e-14,0.0
4.0698327325311295e-12,0.0
2.0801411168986085e-19,0.0
0.0002601610488729722,0.0
1.8665678970446475e-08,0.0
5.824331234466784e-22,0.0
2.076598941376716e-11,0.0
4.776094482644223e-38,0.0
7.625419454752624e-71,0.0
3.366857228872548e-08,0.0
7.906514666854896e-16,0.0
3.421861285325768e-30,0.0
3.9945132508302448e-16,0.0
4.403165822918176e-19,0.0
0.019146770020277617,0.0
1.6784698798070286e-41,0.0
3.85811475549591e-08,0.0
2.190276671107762e-07,0.0
3.279315623486947e-22,0.0
2.5546032641010998e-30,0.0
8.854848719345676e-24,0.0
2.823786490413475e-46,0.0
1.869876449187422e-08,0.0
1.4097302990992996e-18,0.0
5.632434329575802e-17,0.0
3.3354402087549125e-22,0.0
7.223326961906468e-06,0.0
1.0406967191952579e-07,0.0
1.5926764600661586e-34,0.0
4.5472052786366484e-08,0.0
4.481337635176288e-23,0.0
1.2547208932484831e-20,0.0
1.727682634482875e-38,0.0
2.2790703092004116e-07,0.0
1.5619358484356284e-19,0.0
2.3671357021208177e-13,0.0
2.5056382853443514e-11,0.0
6.815359920237405e-11,0.0
2.0001998416388013e-20,0.0
6.975991480024426e-10,0.0
1.5729389978309389e-27,0.0
4.198449574863151e-31,0.0
3.3483001475318056e-10,0.0
5.0828531829932376e-14,0.0
2.2871767376644886e-10,0.0
5.525907318137052e-14,0.0
3.5190030748657596e-16,0.0
1.2860228153778416e-06,0.0
8.805850292350185e-11,0.0
7.607636627251647e-19,0.0
1.4625812525415698e-13,0.0
8.159172005480533e-33,0.0
1.95953472934931e-24,0.0
2.5448619682888943e-11,0.0
3.11351223412999e-06,0.0
2.276249904951324e-30,0.0
2.87969725035956e-17,0.0
5.103911699301484e-09,0.0
6.038579969845527e-81,0.0
8.95244008713049e-13,0.0
8.351757194229041e-42,0.0
1.7767021222020247e-21,0.0
1.184703316073154e-22,0.0
2.7880365637734894e-08,0.0
8.427909198875317e-06,0.0
1.876340831368e-09,0.0
5.680566082628425e-05,0.0
2.980029658384908e-11,0.0
2.2477789547064492e-19,0.0
3.3930623565999776e-10,0.0
4.59316104186226e-15,0.0
5.180445451606286e-11,0.0
0.0004302991629103041,0.0
2.904077157526372e-18,0.0
1.8008488354631093e-07,0.0
0.0003576311637192087,0.0
1.0570412503362749e-19,0.0
0.9481978458707623,0.0
0.0484238563900218,0.0
0.0004143521094776703,0.0
2.9555231274704933e-07,0.0
4.235798667347752e-11,0.0
8.042324737476172e-05,0.0
1.8858683839399328e-12,0.0
7.793639957748127e-16,0.0
2.3685415437030115e-05,0.0
2.77199293241538e-09,0.0
3.9432776165622465e-14,0.0
1.3857387125440921e-18,0.0
0.0007924137448457894,0.0
5.697289897348924e-10,0.0
5.665159984707781e-17,0.0
6.349004510736006e-22,0.0
1.214334059657457e-05,0.0
1.660016893277742e-35,0.0
1.8880012450617848e-16,0.0
2.6354163717846206e-48,0.0
4.6945158557114676e-30,0.0
1.9643898369309897e-05,0.0
5.554710649853242e-17,0.0
6.82619018353846e-17,0.0
2.3801148299354985e-21,0.0
1.0082276015130407e-09,0.0
3.323324940508776e-22,0.0
7.888109442569169e-12,0.0
2.3386528867884684e-06,0.0
3.1471184020562724e-18,0.0
3.992284635021636e-11,0.0
1.673685679389185e-13,0.0
7.100926588013485e-29,0.0
2.6616496918298536e-35,0.0
2.866669368685083e-07,0.0
6.9576386306267e-23,0.0
4.90265608898392e-07,0.0
4.33496057181782e-20,0.0
1.2989341393634437e-07,0.0
8.979403794466378e-10,0.0
8.217599322587005e-18,0.0
5.290623558839335e-08,0.0
1.6454421902518754e-11,0.0
2.5705783980470197e-13,0.0
1.5768990324058803e-07,0.0
2.6231849524325896e-26,0.0
1.6942168489413832e-20,0.0
1.670225803932833e-32,0.0
4.329443404408942e-14,0.0
0.00042491163860503326,0.0
6.435810829036022e-09,0.0
2.2830858543085386e-24,0.0
5.246134211481062e-22,0.0
2.696102747267123e-08,0.0
0.836816238798176,0.0
2.737440268782595e-22,0.0
2.1342584107520108e-12,0.0
2.7784259893167465e-21,0.0
1.1175755322805384e-08,0.0
3.368925500378704e-30,0.0
4.0685945050237246e-05,0.0
9.403312947962115e-10,0.0
0.0009252085820725583,0.0
9.79825183802439e-07,0.0
9.413403935337826e-15,0.0
2.8896709555303198e-09,0.0
3.9246940718844854e-14,0.0
7.924327079471025e-13,0.0
5.584249194097906e-16,0.0
1.3560225334416198e-06,0.0
4.956379218552109e-13,0.0
7.108916025980421e-25,0.0
7.605240264689137e-27,0.0
0.005675223834278963,0.0
1.3114577816729997e-15,0.0
2.71599869604047e-20,0.0
0.0006179156596326152,0.0
8.206261486353548e-09,0.0
0.02492539695185521,0.0
7.652373995918764e-56,0.0
5.351890704037263e-34,0.0
0.0003916882016623662,0.0
1.8310670848527017e-06,0.0
7.845724461183148e-10,0.0
1.2144738520533962e-18,0.0
3.1019853324981976e-09,0.0
2.4061883007064566e-18,0.0
1.9015145655292522e-18,0.0
1.9443465749821115e-44,0.0
1.8283375747331456e-32,0.0
1.519483570189538e-15,0.0
4.4067687912641715e-08,0.0
0.001958542391758481,0.0
5.554379858474515e-55,0.0
6.695874048458234e-10,0.0
0.8856627927708222,0.0
5.559873759119958e-26,0.0
3.435497025569579e-13,0.0
4.503318501119063e-08,0.0
0.03827262975966762,0.0
0.021120163266646876,0.0
3.6191243404556316e-12,0.0
9.575678427568339e-21,0.0
7.973585580815368e-05,0.0
2.9439482160179075e-25,0.0
2.445081214383663e-52,0.0
1.0779803217527215e-05,0.0
1.5515572099877753e-38,0.0
3.7274434325299614e-13,0.0
1.3276528923411511e-11,0.0
1.5146241270741426e-05,0.0
4.613840020119666e-23,0.0
3.1961785595339156e-10,0.0
5.670480986896976e-10,0.0
1.349116447533854e-06,0.0
4.164615776252362e-13,0.0
3.114396738873419e-55,0.0
2.806590156429838e-16,0.0
2.7523211947170913e-10,0.0
3.392816197013014e-32,0.0
1.1833502612629114e-09,0.0
1.2967886569908383e-34,0.0
3.5757176215996087e-39,0.0
3.192080986772612e-46,0.0
5.413638417300189e-07,0.0
1.9508484069284816e-06,0.0
3.666713125149161e-08,0.0
3.7100594053601434e-32,0.0
7.171498992130519e-13,0.0
1.7271682576714583e-05,0.0
0.010291885978751409,0.0
1.2727212381512515e-08,0.0
1.4433306758701636e-25,0.0
1.4834440045240593e-14,0.0
9.34759048817327e-18,0.0
1.6349154191517746e-16,0.0
4.2604228173944096e-32,0.0
1.64222988682403e-14,0.0
4.161545636263328e-09,0.0
4.633227298053401e-05,0.0
1.1470770631668904e-09,0.0
4.467316119887085e-28,0.0
4.5175186208033883e-07,0.0
3.177950206119274e-22,0.0
0.0016575750166039661,0.0
2.47205894857764e-06,0.0
3.861903871870308e-18,0.0
3.01347137390356e-20,0.0
4.990263256323228e-16,0.0
7.068915555914538e-43,0.0
2.6778823873757594e-12,0.0
2.3273065384791935e-16,0.0
8.277233151585352e-22,0.0
2.2585423727240563e-45,0.0
6.957961213861181e-11,0.0
4.83320937879964e-09,0.0
2.3709846642144116e-23,0.0
9.856356589900603e-15,0.0
4.588980428946528e-18,0.0
1.113804126845141e-15,0.0
1.9823757839231047e-11,0.0
1.9896782529270108e-22,0.0
4.782388342068715e-65,0.0
1.5916591902399949e-28,0.0
2.9500166946843546e-11,0.0
9.522064081479274e-06,0.0
3.9208091451547433e-35,0.0
1.1216288792592598e-17,0.0
3.0641511806791578e-09,0.0
6.471090812781497e-19,0.0
8.225647101330557e-26,0.0
2.4862621124800196e-09,0.0
3.662235795949409e-17,0.0
2.374104450899277e-18,0.0
3.020437908251779e-09,0.0
6.180697605155961e-56,0.0
0.0019743224049006717,0.0
1.396168215718575e-17,0.0
7.206120641767203e-22,0.0
2.490501084051748e-18,0.0
1.350860500497262e-25,0.0
1.4441448401475054e-07,0.0
1.041659229197067e-07,0.0
8.034150931406712e-14,0.0
1.862773212617088e-05,0.0
2.3836449868681815e-11,0.0
2.1330486506435136e-17,0.0
0.0007298331421352858,0.0
2.1942132728983728e-14,0.0
3.66800146326016e-12,0.0
1.7836823336112724e-10,0.0
4.9438328952869125e-05,0.0
5.001078720886469e-09,0.0
5.748512866004727e-08,0.0
1.7957929446749067e-10,0.0
0.00976383182209933,0.0
0.32043132207269603,0.0
1.35716033255921e-19,0.0
3.050047480541604e-50,0.0
3.503590058522515e-05,0.0
1.601043542881881e-24,0.0
2.4789290051108218e-09,0.0
2.4821553714396007e-07,0.0
4.73563892462057e-16,0.0
6.221570598225903e-08,0.0
0.0005220777637888543,0.0
7.1317492313659625e-06,0.0
3.0431104231149016e-21,0.0
1.302653158148616e-22,0.0
5.945465362617676e-24,0.0
1.2282303911738704e-15,0.0
2.537398746099021e-08,0.0
2.9743561426872045e-08,0.0
0.0024713671424540715,0.0
8.500623930117849e-38,0.0
1.820903557661235e-07,0.0
0.00019986384412258186,0.0
9.767407029712283e-07,0.0
1.10333313188146e-12,0.0
7.154199297407988e-17,0.0
0.005185755259663033,0.0
0.00011222204359458699,0.0
4.293891460101229e-21,0.0
1.1904690712333086e-11,0.0
6.063542796654953e-17,0.0
2.463238874897086e-05,0.0
1.590224334753694e-21,0.0
7.518821972294465e-11,0.0
0.06035657349817646,0.0
7.256334906876445e-15,0.0
9.003383395566349e-12,0.0
5.841526258508913e-10,0.0
0.00013045624171871003,0.0
1.5599084652507227e-36,0.0
1.670597435127195e-08,0.0
0.0003123349022589276,0.0
2.619975237517251e-35,0.0
1.8727469104277773e-08,0.0
0.9996984836198666,0.0
0.00021406708035935385,0.0
4.687626581373551e-16,0.0
9.063029478267648e-22,0.0
1.0092179675940624e-14,0.0
0.00015447227564265771,0.0
8.123925601778898e-26,0.0
1.7065090339237196e-12,0.0
1.1595919385354212e-09,0.0
7.883845218915468e-17,0.0
2.9579068210437525e-05,0.0
5.35658532190644e-15,0.0
4.392722165062926e-10,0.0
1.1947838877781061e-30,0.0
2.0992301680527167e-06,0.0
0.02114171352968836,0.0
3.5382085200068826e-21,0.0
1.9541273949765053e-10,0.0
5.586219181063326e-15,0.0
4.238174444771917e-22,0.0
1.1047422778568239e-08,0.0
0.2526189099646126,0.0
1.685440907911667e-07,0.0
1.837900363538618e-18,0.0
7.015457496581419e-10,0.0
0.011599178866881136,0.0
2.0975077755735867e-10,0.0
1.0984455497321108e-06,0.0
8.611443630309517e-55,0.0
0.0005305215258290124,0.0
0.4574338598982899,0.0
6.791388114970779e-05,0.0
3.966296419688566e-06,0.0
8.40770423144031e-11,0.0
7.717729196437911e-14,0.0
6.526840141993673e-11,0.0
0.0003601966538626182,0.0
7.859974900573599e-31,0.0
1.6625176056323112e-13,0.0
6.786683190179593e-17,0.0
1.238980883705579e-20,0.0
0.003250022117455852,0.0
5.154234243674817e-36,0.0
7.156812527157537e-08,0.0
1.064725597776596e-07,0.0
5.060252738637443e-08,0.0
1.6893904782281251e-32,0.0
5.310627927139765e-10,0.0
1.298593455826622e-25,0.0
2.3961337231817372e-23,0.0
2.7386232442231882e-11,0.0
3.896753797026176e-20,0.0
1.591155966075535e-05,0.0
2.5055073196094595e-05,0.0
6.186644994852442e-09,0.0
3.116394040417041e-17,0.0
7.960122429010035e-15,0.0
2.637088047529873e-25,0.0
4.2816730939355316e-17,0.0
3.934292798709922e-13,0.0
3.7217057483647435e-17,0.0
5.090642570074096e-27,0.0
0.49245846347491334,0.0
5.537898904125377e-05,0.0
1.5115674573775828e-11,0.0
1.7416894370410461e-09,0.0
0.0006348564396771465,0.0
2.2808790631010275e-23,0.0
1.1299494193908769e-05,0.0
1.5687152426525263e-09,0.0
0.12154808722287772,0.0
0.0028006937171987153,0.0
2.1966873096399945e-25,0.0
4.807544394455811e-19,0.0
2.6799657895591718e-21,0.0
2.3688868801525206e-23,0.0
5.027708388854154e-21,0.0
1.398904097587876e-10,0.0
1.821248490927771e-13,0.0
2.404165491211165e-10,0.0
0.0003784685432527033,0.0
1.2040675844785387e-05,0.0
8.468896542989928e-08,0.0
4.276543137417936e-09,0.0
8.0121217923039e-16,0.0
3.439841221825705e-10,0.0
0.0011935956881313557,0.0
5.656644476189341e-14,0.0
2.2940853718490674e-08,0.0
7.212340845982376e-53,0.0
3.257343574309555e-14,0.0
2.399672533163704e-08,0.0
1.6252296388907984e-27,0.0
9.07544924239996e-07,0.0
0.5272075442846997,0.0
4.296386572501691e-09,0.0
1.1444772190373016e-17,0.0
3.1289471882097264e-14,0.0
0.00010045154149398463,0.0
2.7107299079414444e-13,0.0
2.6185260816411466e-23,0.0
3.044456157439982e-08,0.0
2.8222552339514977e-22,0.0
1.990080755243463e-08,0.0
2.0531494104659158e-17,0.0
5.1423000430358525e-33,0.0
4.2467335523292273e-48,0.0
1.5180267311926887e-12,0.0
2.6657252652562854e-16,0.0
2.5961810655002066e-29,0.0
0.005786551954526975,0.0
3.350118476874505e-54,0.0
1.555364714697622e-08,0.0
0.003050819979461081,0.0
5.264246734159821e-05,0.0
0.009954094984980347,0.0
4.123815052734133e-16,0.0
1.604486263941819e-17,0.0
1.0416895051909311e-54,0.0
1.1569245205221556e-05,0.0
6.986246312679382e-13,0.0
8.082481671228849e-10,0.0
3.625927324156051e-38,0.0
2.978136702353562e-07,0.0
4.8081338543392006e-17,0.0
1.236183327943105e-38,0.0
8.042773189250999e-23,0.0
0.1277936834444744,0.0
7.420621444608711e-09,0.0
3.5450537378971374e-06,0.0
1.7250541866137722e-23,0.0
1.945248781772147e-22,0.0
2.838375221195513e-08,0.0
2.0117599478922477e-05,0.0
7.984691840981574e-13,0.0
5.285291585951909e-30,0.0
2.3739177673987873e-09,0.0
0.00013249258881138136,0.0
5.644671014971589e-28,0.0
6.499345164534545e-10,0.0
8.974802776104371e-83,0.0
1.3188763963275023e-09,0.0
5.125963897473845e-09,0.0
2.8525544195614456e-22,0.0
2.7267957196368853e-32,0.0
3.4442287906187924e-05,0.0
7.767669856502172e-10,0.0
1.3512395646127636e-35,0.0
4.774231115564012e-12,0.0
9.878991307494565e-12,0.0
7.439242116569232e-08,0.0
3.5836092768885507e-43,0.0
3.230434418160529e-38,0.0
1.8979042477789835e-34,0.0
3.1261275214281546e-14,0.0
8.332248775612484e-10,0.0
1.0969445272916698e-28,0.0
2.7430068716169534e-16,0.0
2.8156974285959675e-27,0.0
2.487914948864585e-45,0.0
1.510032511103146e-06,0.0
4.356590323288319e-19,0.0
9.800990839958095e-22,0.0
4.398591061132286e-07,0.0
2.8125049165923757e-36,0.0
2.744433761017681e-35,0.0
2.6906050096827354e-10,0.0
7.985715262641097e-11,0.0
1.923831528068269e-65,0.0
3.3933721682625136e-42,0.0
7.391498581522098e-05,0.0
2.495243592263578e-15,0.0
1.6322397000397992e-43,0.0
2.9284880344561886e-20,0.0
9.102848024327446e-20,0.0
7.501809275580773e-26,0.0
2.493581913365203e-09,0.0
2.0186162748542316e-23,0.0
1.2487863887645282e-22,0.0
9.411043390384258e-48,0.0
1.4727129842821226e-16,0.0
0.09386523998526797,0.0
1.2229656597312615e-63,0.0
5.972024218658782e-22,0.0
7.854068542632187e-16,0.0
3.7949384431918395e-11,0.0
6.573733583590286e-06,0.0
1.4783870656689754e-26,0.0
4.052437623293857e-12,0.0
5.961137722626396e-11,0.0
0.04149216429476512,0.0
3.122724516793495e-05,0.0
1.658809088714077e-12,0.0
0.010287257373223323,0.0
9.962853362836227e-11,0.0
3.1602815740888704e-18,0.0
2.8389137982544363e-13,0.0
2.398347881313095e-22,0.0
3.310569432300649e-28,0.0
3.368802157917277e-36,0.0
2.664162602817419e-07,0.0
3.2264297942899727e-17,0.0
5.767349599937389e-13,0.0
0.02823651747562393,0.0
1.0981633239453056e-11,0.0
1.6837410765694312e-20,0.0
8.053609603661112e-26,0.0
9.443941930178169e-13,0.0
1.6327529580918917e-28,0.0
2.8133747901306982e-24,0.0
1.0166293702950696e-27,0.0
1.8235830581249653e-05,0.0
6.879061598359762e-11,0.0
2.5055851432685462e-57,0.0
8.081692728937835e-23,0.0
2.186941288783119e-25,0.0
5.985431282744294e-20,0.0
0.24902787745414012,0.0
9.893246071936092e-32,0.0
2.8807892817927746e-21,0.0
3.836410659372688e-14,0.0
2.5840943425851858e-25,0.0
3.9230691414622025e-14,0.0
2.3116044585496636e-08,0.0
3.946153903960559e-06,0.0
2.2173280226096267e-26,0.0
2.1919829460112157e-22,0.0
0.0037236902431271907,0.0
0.001346594876154764,0.0
4.3719414145955897e-23,0.0
2.1388508876296832e-06,0.0
0.02618697932078155,0.0
1.4180837231056002e-08,0.0
7.523738213146858e-05,0.0
2.0609113561098747e-24,0.0
1.6684392497710692e-13,0.0
6.877084767800173e-29,0.0
1.4203769644218117e-09,0.0
0.009669983224334981,0.0
2.115724959816181e-06,0.0
8.06321317453011e-18,0.0
2.5870312834198463e-14,0.0
0.006624038674114718,0.0
3.052859064623934e-08,0.0
8.518781418964967e-08,0.0
2.4089139230761666e-22,0.0
1.5596527334212257e-21,0.0
0.00024170542180297676,0.0
4.4541436458246156e-15,0.0
0.009931767394152056,0.0
0.00027372991013290915,0.0
1.1593712863228668e-36,0.0
5.4197115875336205e-05,0.0
5.546455521122794e-13,0.0
3.870313879829674e-22,0.0
1.2827999569697899e-31,0.0
1.0382212010913342e-05,0.0
2.8602361236845024e-27,0.0
3.686391371563678e-16,0.0
3.650132677943001e-22,0.0
0.001078011717168403,0.0
7.7131179627359e-20,0.0
7.693344875053773e-18,0.0
2.335928583931878e-10,0.0
0.006800021535824836,0.0
0.01049143627502601,0.0
4.896258657116569e-14,0.0
0.8239766249268358,0.0
1.2214909623775472e-71,0.0
2.565025022030821e-10,0.0
0.0031275011973249394,0.0
6.350361391125921e-05,0.0
3.40126952254817e-13,0.0
1.4283884814035818e-26,0.0
1.0619633235443822e-07,0.0
1.4340299023164928e-17,0.0
3.3940734483759955e-06,0.0
5.74204332157644e-39,0.0
1.9162741027958796e-28,0.0
9.700908357230684e-35,0.0
7.935149004621066e-13,0.0
4.813760115982788e-14,0.0
0.000512706343671908,0.0
3.729138817262003e-06,0.0
4.14777286044855e-08,0.0
8.325416501467073e-27,0.0
1.0842054657167741e-21,0.0
1.7953833319471308e-05,0.0
1.905655920031935e-18,0.0
7.849208355001572e-05,0.0
2.913126599863013e-13,0.0
6.588612035360104e-12,0.0
3.08534715321474e-28,0.0
7.094129536129579e-12,0.0
5.5268835645485824e-24,0.0
1.2595803420918828e-29,0.0
6.769427467982252e-37,0.0
1.6788997176697402e-11,0.0
0.0007145206503717438,0.0
3.1959092689937725e-19,0.0
3.0496101514213844e-35,0.0
1.4037113664406638e-07,0.0
1.3589718808072908e-14,0.0
3.9184518190015566e-29,0.0
9.212538815766327e-13,0.0
3.599839369937863e-15,0.0
6.391648351551618e-10,0.0
5.031200699977609e-16,0.0
7.818628764331223e-16,0.0
0.08937415796237613,0.0
1.9615387880096242e-35,0.0
1.1305421224880266e-26,0.0
3.937567130422287e-05,0.0
3.871094438567662e-11,0.0
1.2509275874123176e-15,0.0
1.565086338779694e-29,0.0
2.0647069350540398e-34,0.0
1.364630990905928e-12,0.0
2.0943127421214798e-19,0.0
6.873579465534745e-22,0.0
1.640952368479011e-58,0.0
1.1765272117534259e-05,0.0
6.404103300373792e-20,0.0
1.6301527689475175e-25,0.0
1.7574794165935042e-08,0.0
1.2804822844412862e-13,0.0
1.6474694619320174e-15,0.0
2.0718195821254784e-05,0.0
2.6071851965437422e-18,0.0
4.2252297969923024e-15,0.0
0.9900842417211639,0.0
1.2304904701692163e-08,0.0
1.1485463230171304e-19,0.0
0.00037693283183627463,0.0
1.2715839119571599e-23,0.0
5.374072582598948e-10,0.0
1.4616556281416717e-15,0.0
0.0006210383234521683,0.0
2.063621749065172e-10,0.0
0.0060496776674810225,0.0
0.9834642458657936,0.0
1.946209524861965e-06,0.0
1.767683713246233e-17,0.0
0.0023781921618545336,0.0
5.20955947956317e-10,0.0
3.785838836616229e-36,0.0
4.036852855105621e-26,0.0
6.591325538855515e-15,0.0
9.640359149657313e-21,0.0
4.672588545172514e-05,0.0
4.375643835526769e-07,0.0
0.0009434736933519017,0.0
2.7958571001043394e-44,0.0
0.00017900339188437197,0.0
5.829499007124873e-08,0.0
4.718535302148908e-11,0.0
0.0036451868837594488,0.0
0.00010224974043496868,0.0
0.02857955257932598,0.0
2.0832752141534033e-06,0.0
8.509408545757395e-13,0.0
1.4343329485915078e-16,0.0
0.01657899323011052,0.0
6.0866023501248565e-15,0.0
4.880892029706246e-08,0.0
4.671023781472318e-08,0.0
1.4305219192349466e-22,0.0
5.673817074783718e-15,0.0
3.344949396276563e-13,0.0
2.1440755818949233e-41,0.0
1.3840398750570226e-11,0.0
1.9132107531462698e-07,0.0
9.195775524857704e-12,0.0
2.2747379863036634e-26,0.0
7.553754111248494e-11,0.0
7.501811781457542e-23,0.0
2.1670921997044795e-22,0.0
7.526974703194842e-19,0.0
2.5245961308062572e-24,0.0
3.781901496737199e-21,0.0
3.880358733152361e-05,0.0
4.616624184507137e-13,0.0
2.3899320388650736e-06,0.0
9.948439708220078e-21,0.0
1.380820222912964e-13,0.0
2.2613977702202593e-16,0.0
0.004823642684534948,0.0
5.016851347044211e-10,0.0
1.1944758001895366e-16,0.0
1.9969109783039958e-22,0.0
9.609619019792062e-16,0.0
2.336349237135848e-19,0.0
9.852704696861017e-24,0.0
0.12720573689352113,0.0
4.4020922805464346e-13,0.0
3.029723097108322e-22,0.0
5.3980776948678154e-27,0.0
2.3442596023995674e-06,0.0
1.5336196827190086e-23,0.0
8.619710456054856e-62,0.0
1.479550539041224e-17,0.0
0.00020158805315834846,0.0
4.94353090922142e-05,0.0
1.5936531360651118e-06,0.0
1.1976126425499304e-07,0.0
0.005455780347895417,0.0
9.281289616237041e-46,0.0
2.5179313025453784e-12,0.0
4.875942470769409e-35,0.0
8.494795305937308e-07,0.0
1.3028730040785195e-26,0.0
6.690874496085256e-11,0.0
6.563621354691897e-17,0.0
0.1595765697911196,0.0
2.3999340774963125e-15,0.0
6.781527521948986e-10,0.0
0.0002575353378530454,0.0
2.4322645968518086e-21,0.0
3.876841742270012e-05,0.0
3.1647989377760753e-13,0.0
5.45214702797321e-34,0.0
3.596961419902134e-11,0.0
3.997634518693279e-29,0.0
1.300438372910593e-14,0.0
4.865012797186927e-06,0.0
2.1857711422387253e-06,0.0
7.356974719149395e-15,0.0
0.0020252073888577596,0.0
1.1252244308815009e-13,0.0
4.048831646927182e-05,0.0
7.012888379185978e-30,0.0
2.440836486348654e-24,0.0
1.628246517876701e-05,0.0
2.0680076285783284e-49,0.0
1.798580949377339e-25,0.0
6.46856680103048e-07,0.0
5.248640653616105e-14,0.0
6.167439094754776e-06,0.0
4.948465691987896e-32,0.0
3.5440990171864995e-11,0.0
5.506598159074175e-14,0.0
2.262054264446827e-05,0.0
0.004344653165799593,0.0
4.82376972591235e-09,0.0
1.7015912400603379e-10,0.0
6.451975645820308e-20,0.0
2.8746062810762947e-10,0.0
3.015141523148638e-22,0.0
4.376571000333646e-21,0.0
5.319550470945517e-24,0.0
0.0026237769543006884,0.0
4.060045018275063e-06,0.0
6.851517675927501e-09,0.0
3.4420295593174823e-37,0.0
1.1643152898494887e-13,0.0
9.105791916418313e-07,0.0
2.6137233472886618e-06,0.0
5.815062803352702e-22,0.0
1.113615865333993e-11,0.0
0.00019576386428874458,0.0
5.970684820845429e-07,0.0
0.001833796061945269,0.0
2.3168556025617376e-11,0.0
1.659514363877912e-12,0.0
3.1812386874950235e-12,0.0
6.191992679905081e-10,0.0
3.9647765696133716e-27,0.0
3.721347593587452e-23,0.0
1.832401039232609e-07,0.0
1.71015529558935e-27,0.0
1.0311359178503272e-24,0.0
5.0441284387507066e-11,0.0
7.889424904850114e-13,0.0
3.6399599448999557e-53,0.0
0.00021977234882556546,0.0
0.00017264542651369946,0.0
0.0005685814284075341,0.0
8.147056125948526e-06,0.0
2.7375766590294595e-08,0.0
2.8099242032785343e-18,0.0
4.0412962098271133e-13,0.0
3.20182511776806e-08,0.0
1.863575853993723e-11,0.0
0.038132876066362315,0.0
5.97881848458892e-37,0.0
7.921893162598717e-05,0.0
0.0006939889922939525,0.0
3.817170115324729e-12,0.0
0.0026226489660289617,0.0
2.130365563350254e-17,0.0
5.8935844997183584e-05,0.0
8.130267895213277e-30,0.0
8.008606986198536e-07,0.0
1.2816594833495573e-21,0.0
4.69730036574009e-15,0.0
2.367933591171253e-10,0.0
0.0022634452289683324,0.0
2.5014697870359894e-16,0.0
1.5499347269223012e-14,0.0
2.740891427097704e-07,0.0
0.04117743856123086,0.0
5.782147644918137e-12,0.0
1.2847467308456007e-24,0.0
1.466314753130255e-31,0.0
2.77692859053702e-08,0.0
2.225214365376905e-12,0.0
0.00018645377802619414,0.0
8.91058608979759e-16,0.0
5.198992904132228e-07,0.0
3.1836333473002983e-12,0.0
0.0011216389391434755,0.0
0.9939036156182027,0.0
1.276671939567796e-14,0.0
1.5307586990500802e-31,0.0
8.503145867195375e-11,0.0
4.172663968242279e-10,0.0
3.9423597410960474e-76,0.0
3.667141361837717e-11,0.0
1.5841387838434786e-11,0.0
0.029023377809507638,0.0
0.008568723845352176,0.0
0.00017099522887454232,0.0
1.4762446718481571e-25,0.0
1.0434518221948549e-27,0.0
4.1128413316348355e-12,0.0
1.4048383001020684e-06,0.0
6.660058787860206e-05,0.0
1.3520181969440143e-50,0.0
1.4885328245957784e-29,0.0
2.875913152999262e-15,0.0
0.011278491496781659,0.0
0.004324904470782466,0.0
3.4629674800014175e-10,0.0
3.605239134500024e-30,0.0
6.5823461512999024e-15,0.0
1.3916438201678517e-10,0.0
4.724242715329269e-27,0.0
2.0563416542103318e-12,0.0
1.4192969586151235e-12,0.0
0.00017898677342334366,0.0
0.00011535175037668576,0.0
0.0008804753666885487,0.0
1.8023535062481543e-32,0.0
1.021320582855291e-13,0.0
9.688346538537634e-33,0.0
8.781594449455219e-06,0.0
1.129496084263516e-10,0.0
1.214164522952107e-22,0.0
2.8370094075563515e-11,0.0
2.34629144403302e-08,0.0
0.03172275071968576,0.0
1.9266088880813696e-17,0.0
2.3067868806973223e-26,0.0
4.847201122743951e-16,0.0
5.181445745590041e-23,0.0
2.0663970851749125e-12,0.0
0.0037521546978862615,0.0
2.694009248907866e-10,0.0
3.73204702186894e-22,0.0
1.5961430080531367e-08,0.0
0.004872574641029885,0.0
1.5393895080479464e-26,0.0
8.023289295426806e-15,0.0
1.2011385385230766e-08,0.0
1.2113649591126551e-45,0.0
7.169239928753071e-26,0.0
4.546706183247956e-16,0.0
2.88369040801381e-15,0.0
2.561566317063748e-18,0.0
9.346471186699713e-18,0.0
5.702549272643513e-12,0.0
2.6425716842315274e-37,0.0
8.248277576005872e-37,0.0
7.270591811746042e-12,0.0
1.083649038030875e-18,0.0
9.288695434966814e-09,0.0
1.130551719368581e-06,0.0
0.0014221717558465835,0.0
4.948812234995135e-06,0.0
7.707292858931142e-14,0.0
7.319169106263982e-06,0.0
3.7231124361158663e-06,0.0
3.241138987049159e-27,0.0
0.0005357290646952561,0.0
2.537125135719456e-10,0.0
1.121107625394547e-09,0.0
5.527933238596719e-06,0.0
8.642508341439444e-20,0.0
2.5698803296164032e-08,0.0
1.1844747199559992e-17,0.0
2.1698178300210134e-28,0.0
1.8110242211893214e-31,0.0
1.6298941954932316e-11,0.0
8.811012795540893e-06,0.0
4.011284605331444e-10,0.0
3.7973469273798766e-09,0.0
9.111102826945843e-16,0.0
3.251914563137017e-14,0.0
3.6889983992864885e-30,0.0
2.028026752863529e-28,0.0
2.0339979179687532e-32,0.0
8.947190652676576e-12,0.0
2.7041513048204157e-36,0.0
1.2294758841710568e-05,0.0
1.6619936228131754e-18,0.0
6.384538763495331e-09,0.0
5.945475922193402e-33,0.0
5.595355290443194e-10,0.0
1.1420943200336948e-05,0.0
5.476652154044308e-07,0.0
4.0036045494543755e-05,0.0
0.0016493171521009522,0.0
3.4991239134989277e-10,0.0
0.7473146317716799,0.0
0.005420619880775943,0.0
9.718423329161019e-05,0.0
4.803330194069386e-08,0.0
0.0015244961669562001,0.0
5.000891865833447e-14,0.0
0.08698818526628027,0.0
0.0008381206971766247,0.0
1.6069029292341845e-21,0.0
7.890774132547624e-07,0.0
8.753912046639936e-07,0.0
5.755117343101227e-15,0.0
0.0007739418964341883,0.0
2.9136591660572147e-07,0.0
3.587966189711508e-08,0.0
2.4547940498210023e-19,0.0
1.40427499357497e-21,0.0
5.094110717101442e-10,0.0
2.320072364068422e-26,0.0
2.9603440961498652e-08,0.0
1.0537351874565703e-05,0.0
1.1861755039735546e-05,0.0
4.918566466380352e-39,0.0
2.9716300304912024e-08,0.0
2.5259000302909257e-14,0.0
1.2249616839032506e-15,0.0
1.6931157914338232e-14,0.0
9.331922194636965e-10,0.0
4.851282900738114e-21,0.0
0.03663467331295126,0.0
1.8374575841297555e-07,0.0
7.966158339540683e-15,0.0
0.00238461796117422,0.0
0.000805503277582689,0.0
1.6157842571572554e-09,0.0
0.0011560527486981118,0.0
0.10262550935398629,0.0
1.2259658942960806e-24,0.0
5.990687637530825e-21,0.0
6.639592692802136e-14,0.0
9.978757460156666e-22,0.0
0.0002889053773617684,0.0
1.3626182112611728e-19,0.0
4.254165861730398e-53,0.0
2.5761340250368046e-07,0.0
7.498691079815354e-32,0.0
0.0003251626883475095,0.0
0.0001063324832443885,0.0
3.0284849016155317e-10,0.0
0.002564941344877569,0.0
4.030854656971191e-08,0.0
1.4328658626730224e-35,0.0
2.4467056741599433e-26,0.0
1.6018906420126393e-16,0.0
4.703239719385106e-13,0.0
1.7534919925930008e-30,0.0
3.5602674812793557e-12,0.0
3.425141413966816e-35,0.0
0.007345606144340502,0.0
9.622842445236581e-12,0.0
0.0032729395226214326,0.0
4.414595794615946e-15,0.0
1.1590324798699821e-18,0.0
2.6264492716559e-24,0.0
0.0011379593916051036,0.0
0.00012543716188187092,0.0
9.119543137178375e-13,0.0
0.8278234663583148,0.0
0.01045450661365029,0.0
0.0007311359642220425,0.0
2.7623835774539386e-12,0.0
1.282022957832957e-05,0.0
3.62283975169717e-23,0.0
4.858213226756264e-13,0.0
1.4650164002942303e-33,0.0
6.468131344500591e-20,0.0
0.00948265771493424,0.0
0.0007449274683984298,0.0
7.760584257174627e-23,0.0
0.3318659201062233,0.0
0.00014025467407638532,0.0
1.4842421314747765e-32,0.0
3.551601223536922e-19,0.0
1.1440558088930093e-07,0.0
2.7583076663103767e-21,0.0
1.1693461792970147e-05,0.0
9.370841669629184e-05,0.0
1.2206800462220395e-09,0.0
1.1523165526438106e-28,0.0
3.3404971854188346e-05,0.0
0.0019634334891289627,0.0
2.3831845385546074e-27,0.0
0.0009736684980761158,0.0
4.63437657274912e-34,0.0
2.1911765548786975e-16,0.0
2.0607163225666192e-21,0.0
3.9608574749405093e-13,0.0
9.872643125638058e-09,0.0
8.66442557198139e-11,0.0
1.4073215360263365e-13,0.0
5.968884260913335e-20,0.0
0.0009238401935362343,0.0
3.781962649846984e-08,0.0
4.303535187994271e-18,0.0
1.386490624778641e-24,0.0
1.4730375407696203e-12,0.0
5.358923684953123e-12,0.0
4.151240635057172e-21,0.0
1.458804569633657e-22,0.0
2.487240246796116e-37,0.0
3.497320992341992e-49,0.0
1.6528887598783655e-09,0.0
1.5835762834026863e-12,0.0
5.140380645582152e-08,0.0
4.552692981297616e-06,0.0
2.400856336087737e-17,0.0
8.138043643006623e-13,0.0
3.1052675998410147e-09,0.0
1.0132250094711043e-08,0.0
0.0005233939612447675,0.0
7.341093472690959e-05,0.0
3.8611159374465e-10,0.0
0.0002357880015862677,0.0
3.2065000105688846e-05,0.0
2.549575545667045e-34,0.0
0.00015792085019565542,0.0
2.9752925486817376e-05,0.0
4.03667225695627e-13,0.0
7.902653010911365e-08,0.0
0.027576720827097306,0.0
1.745056384308409e-28,0.0
3.253665072066991e-13,0.0
3.120594171546563e-17,0.0
2.3096373362314683e-07,0.0
4.1822075631636006e-18,0.0
0.001339664675867687,0.0
2.1120899454953696e-12,0.0
0.00391986060462535,0.0
2.5626299009167244e-13,0.0
2.567329805460132e-31,0.0
0.0005165073313357815,0.0
3.945768348385102e-20,0.0
6.979158454922169e-12,0.0
1.4381083926223319e-09,0.0
9.212062917090665e-17,0.0
1.3848838138673798e-38,0.0
0.00029714406083097307,0.0
3.1877364424937883e-06,0.0
6.339408314347873e-11,0.0
1.6145051903105294e-08,0.0
9.770318427631177e-14,0.0
9.05384921866109e-25,0.0
2.334917559352294e-10,0.0
5.224396295876257e-13,0.0
3.8486245706970746e-23,0.0
1.4274333536951085e-13,0.0
6.465216088675087e-05,0.0
1.5456351990683324e-06,0.0
2.224051774926103e-23,0.0
1.6591433350817793e-13,0.0
4.9947065306070927e-17,0.0
2.701877974144371e-17,0.0
3.530071217293892e-14,0.0
7.719361727616822e-06,0.0
1.2807079838878333e-10,0.0
1.4383922246618218e-05,0.0
4.5115732563202093e-14,0.0
0.931244068500379,0.0
2.477230403979351e-07,0.0
1.6827226549715872e-17,0.0
5.300147112699153e-19,0.0
2.1801843231744314e-05,0.0
2.2057392533661144e-17,0.0
0.37227827314085293,0.0
0.0016399743535679943,0.0
2.025993053597986e-05,0.0
3.7055471151131474e-35,0.0
0.00025371319285327586,0.0
0.1780502511162443,0.0
8.622105931355652e-35,0.0
3.3783674833314793e-07,0.0
2.3943416141686687e-07,0.0
1.2340181956203912e-38,0.0
0.0004979418774476436,0.0
0.1303012229127232,0.0
3.6277741739428105e-07,0.0
7.935753550298854e-09,0.0
1.759869899522076e-18,0.0
0.0160265474234037,0.0
1.3050973756171678e-06,0.0
6.368393097254517e-07,0.0
4.622322643670712e-20,0.0
1.82842723867273e-12,0.0
0.00034113818985302544,0.0
2.345738968868164e-06,0.0
1.6529957982752947e-27,0.0
7.914620259895886e-17,0.0
7.431175204639287e-24,0.0
0.004321882924614156,0.0
6.512692951333155e-12,0.0
6.989751103384593e-23,0.0
2.815435852516447e-10,0.0
2.2690514964704304e-10,0.0
9.684208461082927e-07,0.0
1.5107435314961193e-10,0.0
5.18044532898844e-10,0.0
5.716043479079797e-16,0.0
0.014916483601325253,0.0
2.684591397127168e-21,0.0
9.096987700452601e-05,0.0
1.3563665202942256e-09,0.0
9.874500637138482e-10,0.0
7.056607051222573e-11,0.0
8.709850773427551e-20,0.0
1.3519950967151026e-08,0.0
0.09076886448878245,0.0
2.686316969889881e-09,0.0
6.146949603167552e-08,0.0
3.1114731361275684e-06,0.0
1.6447144380954172e-07,0.0
5.51455487458071e-08,0.0
8.79263512674962e-12,0.0
5.3191023010379165e-12,0.0
8.892779104382432e-19,0.0
1.4463532062511222e-33,0.0
9.016984060226455e-14,0.0
6.534604703669804e-08,0.0
0.0008279445645737282,0.0
3.5409871033343617e-07,0.0
8.360940812111017e-13,0.0
4.747728973145958e-12,0.0
7.91316032210226e-06,0.0
1.512840996512514e-21,0.0
2.8676685666082156e-21,0.0
1.957897223947042e-39,0.0
4.711029973227624e-09,0.0
3.351184096875864e-17,0.0
3.935416353213382e-06,0.0
4.896994615155767e-08,0.0
3.2130616007892427e-21,0.0
0.08057987384112468,0.0
1.4893389211114253e-20,0.0
1.4233789500710745e-30,0.0
1.8930946245633603e-24,0.0
5.325701861029262e-07,0.0
2.889381315031541e-09,0.0
3.856810542332975e-15,0.0
1.5187676925614239e-09,0.0
0.0019197291862534359,0.0
1.5470287859642585e-10,0.0
4.698102102573699e-06,0.0
0.14872919158692843,0.0
6.808437382657403e-07,0.0
4.116986565008226e-06,0.0
4.96325793756623e-11,0.0
0.0007926777883560955,0.0
7.72176425984384e-13,0.0
4.071470181365234e-36,0.0
1.5152663217299528e-14,0.0
5.446082642259855e-11,0.0
0.8480889632845537,0.0
8.696821964904553e-18,0.0
2.11858326613139e-20,0.0
6.686213083894155e-06,0.0
4.773931029406726e-13,0.0
9.009243540316851e-06,0.0
3.2927824216065926e-06,0.0
4.485275711265329e-40,0.0
0.033529706541889956,0.0
0.003745107747112832,0.0
2.000411745071694e-34,0.0
8.45915054214474e-20,0.0
2.828383514402082e-05,0.0
3.352080782819776e-07,0.0
1.3577244752491976e-06,0.0
2.343493325041465e-40,0.0
3.606996852517615e-06,0.0
3.573854181759277e-24,0.0
3.3217946195909533e-09,0.0
0.29209185398669085,0.0
1.6126343043803285e-16,0.0
3.944454547605586e-24,0.0
7.621565682573018e-16,0.0
1.474561219416845e-14,0.0
5.68873810583534e-31,0.0
2.319584998881957e-09,0.0
0.8785404137722717,0.0
4.2639282016640254e-127,0.0
9.413507152260754e-12,0.0
0.04542048315243648,0.0
5.993541838218825e-14,0.0
3.129929960054747e-08,0.0
3.221964885031637e-08,0.0
0.005041001764289638,0.0
1.3135062783067609e-39,0.0
4.638743223926023e-15,0.0
5.125277337422485e-18,0.0
3.15159469411164e-07,0.0
1.0455912351093433e-22,0.0
1.1793851274209561e-14,0.0
1.1111918325752784e-08,0.0
3.8639217364025724e-09,0.0
9.525984321807839e-26,0.0
6.44679566446225e-09,0.0
1.7089933252682386e-24,0.0
5.460613612197983e-05,0.0
3.054663457990164e-15,0.0
0.022795170751341763,0.0
1.7339609149766963e-29,0.0
1.071965901170353e-18,0.0
9.006145935152021e-17,0.0
3.688486248332787e-27,0.0
0.0005429886405521232,0.0
1.9678616583984886e-15,0.0
2.860525241335946e-05,0.0
2.028110007019907e-13,0.0
0.00018952559361312628,0.0
6.372190053637123e-31,0.0
1.8366321096083477e-08,0.0
4.373069595734406e-10,0.0
0.04084476644330118,0.0
8.15038418030579e-12,0.0
2.3545291449867046e-21,0.0
5.560396921159172e-23,0.0
0.00010664939374941949,0.0
6.071386539288748e-06,0.0
1.695443974669864e-10,0.0
1.0924018604003227e-20,0.0
4.99550216259539e-06,0.0
3.1769309175753214e-17,0.0
5.1008912186600975e-30,0.0
4.5218381981074813e-14,0.0
0.003203616347924613,0.0
2.500619805618618e-10,0.0
9.394227318757302e-15,0.0
9.51637843184713e-19,0.0
6.956619114406982e-09,0.0
9.662268216236637e-06,0.0
2.3510462339163757e-33,0.0
0.004343668110859323,0.0
3.44327225867307e-29,0.0
8.203979630252244e-17,0.0
2.5321602033517162e-05,0.0
3.400243821841576e-08,0.0
8.435371396467624e-05,0.0
2.088666697392527e-05,0.0
2.5414672437916026e-05,0.0
1.9541358232246874e-06,0.0
1.4343487199888528e-13,0.0
1.0776939317601337e-10,0.0
0.0015023912520798883,0.0
2.328621678441638e-06,0.0
0.00011272421608893062,0.0
2.251889806498474e-23,0.0
7.903028880509486e-07,0.0
5.912313131536363e-11,0.0
0.0015603137378332216,0.0
2.1890886390939425e-88,0.0
3.4459008003187762e-18,0.0
4.898227293285811e-11,0.0
5.483642078445944e-15,0.0
1.2097598137906653e-06,0.0
3.7625438276293457e-06,0.0
6.762637675024944e-05,0.0
3.9074961646262834e-07,0.0
6.086169202111037e-26,0.0
2.0367836133381259e-41,0.0
0.005851137415684711,0.0
1.13584840787798e-08,0.0
2.224843903819457e-05,0.0
3.8570908000218625e-05,0.0
1.0416618673507729e-11,0.0
4.131175569166408e-05,0.0
3.6488594890599776e-08,0.0
4.20164097952221e-08,0.0
2.2173814862163637e-07,0.0
4.39331237915739e-40,0.0
0.00017564137615413487,0.0
0.11493534610715617,0.0
0.00025286699766127274,0.0
5.437037032150636e-09,0.0
3.316420238400447e-09,0.0
1.3954670661331885e-48,0.0
1.6523172362337123e-11,0.0
9.012295642706509e-18,0.0
8.861094865449956e-15,0.0
0.003772872982204455,0.0
3.7169082676164854e-05,0.0
7.754293005075029e-06,0.0
7.56575503643417e-20,0.0
7.341985272564771e-14,0.0
2.0993932071342297e-17,0.0
4.391262067021488e-05,0.0
9.196182245590747e-05,0.0
0.0006858940428579506,0.0
0.0026283381150978675,0.0
2.0380624587286412e-24,0.0
0.12348244824538364,0.0
2.2794386330131284e-13,0.0
4.19175213951768e-11,0.0
1.0068174086333684e-13,0.0
5.435526687307667e-20,0.0
5.1858744556609086e-11,0.0
5.595757345881871e-06,0.0
2.717928866474438e-07,0.0
6.628561135537101e-06,0.0
0.0001540311830077196,0.0
2.5178505929908925e-12,0.0
2.3129134855269845e-10,0.0
3.230605717746445e-05,0.0
6.804880038985307e-08,0.0
0.9191559292356155,0.0
3.787509992243945e-12,0.0
5.671542745909912e-07,0.0
1.2847634146731208e-20,0.0
6.086673358114075e-39,0.0
2.4575453961845784e-09,0.0
1.1502102529715308e-11,0.0
5.87544048788647e-06,0.0
4.952690171717319e-25,0.0
0.3880889592013401,0.0
3.909145515829589e-11,0.0
7.980176328202005e-105,0.0
5.077388418020431e-20,0.0
0.39868182182639345,0.0
4.111798160873413e-31,0.0
0.00016394267096399103,0.0
8.38114121879573e-10,0.0
2.6827900364145414e-20,0.0
5.6189015580608194e-11,0.0
5.392120849266863e-10,0.0
2.3123909518743548e-10,0.0
1.3130986512761547e-12,0.0
2.2369637480856642e-14,0.0
0.008160449856373373,0.0
4.579633689755605e-13,0.0
7.058667988438379e-08,0.0
0.00033119843979428773,0.0
0.00044915928931536455,0.0
7.334072963916792e-13,0.0
6.445522020366191e-14,0.0
7.05111128415149e-09,0.0
6.352529636868124e-16,0.0
1.723120297733872e-27,0.0
0.00010685316507734042,0.0
7.914272098315771e-26,0.0
5.878728643940081e-16,0.0
1.9910248046722224e-35,0.0
5.347475810939332e-13,0.0
2.0005513013690333e-32,0.0
4.65803344590703e-36,0.0
5.539508924701861e-07,0.0
6.097289734915006e-49,0.0
9.677487326221921e-13,0.0
0.03266103043154044,0.0
1.4953065125251473e-09,0.0
1.9439487700690987e-16,0.0
2.7062239635783295e-11,0.0
3.3751244668398708e-18,0.0
3.607624703982976e-08,0.0
4.6673560892659595e-11,0.0
6.9439786784593e-05,0.0
7.312405181936786e-16,0.0
1.2239945837056672e-05,0.0
1.9079836838915233e-06,0.0
1.0794755212828554e-16,0.0
1.206756494522758e-06,0.0
2.6402902739093476e-06,0.0
2.5055318230999382e-12,0.0
0.0024094771166249624,0.0
1.473923000842493e-05,0.0
4.27721681855129e-99,0.0
9.653525740627975e-13,0.0
4.36540440237762e-29,0.0
1.736221200650463e-05,0.0
8.076724680683378e-07,0.0
1.8604318602736368e-26,0.0
0.0008212903300162474,0.0
7.043068410643535e-29,0.0
2.444514516523287e-05,0.0
0.06382268844711977,0.0
6.111732572074051e-10,0.0
6.75733914410346e-20,0.0
4.0864198121890383e-07,0.0
0.0013212896681968982,0.0
2.4358537001561522e-11,0.0
0.00033568657484536106,0.0
9.697207993932151e-05,0.0
5.167862544650675e-07,0.0
1.0211415824703446e-29,0.0
9.445888700636663e-06,0.0
2.8239256852338074e-21,0.0
7.224732610827607e-19,0.0
0.0029397957729653252,0.0
1.0489124154050908e-07,0.0
7.995066146469306e-21,0.0
5.798443257924471e-08,0.0
6.831523329171538e-44,0.0
9.815685276708202e-15,0.0
3.02907052893173e-17,0.0
0.5829838739604174,0.0
1.2874374366991265e-11,0.0
0.00010465075129097351,0.0
7.420185736505141e-24,0.0
9.091005559412009e-17,0.0
6.914501181899861e-06,0.0
0.08664141678575663,0.0
0.04640635811837834,0.0
3.4768744118193445e-11,0.0
9.10847874927092e-85,0.0
0.00021487400467361625,0.0
0.08101907412039172,0.0
0.0003302396814054622,0.0
4.357779065490922e-07,0.0
6.021629682130108e-08,0.0
0.00014481528420829477,0.0
2.4199452686675993e-27,0.0
5.771922565199122e-20,0.0
0.0008886723525227471,0.0
8.960904836902886e-14,0.0
2.5086148310915174e-13,0.0
0.0001659387892719958,0.0
1.4338257593436966e-06,0.0
0.21975582929706008,0.0
6.211728014177984e-13,0.0
6.124204579989622e-13,0.0
4.896248891199329e-18,0.0
0.00019255354734755116,0.0
2.4816150395734175e-14,0.0
5.9604302235063644e-05,0.0
4.043288697288583e-16,0.0
2.0815721132144267e-05,0.0
4.530743819325623e-18,0.0
3.467792537241575e-16,0.0
0.0008908509309651612,0.0
7.480357342695998e-17,0.0
7.073645658981629e-07,0.0
5.4625515314336345e-08,0.0
0.016472118556172862,0.0
0.00015358915295703976,0.0
1.8188045564975806e-05,0.0
4.466904791643755e-27,0.0
0.9507834285124359,0.0
4.795185523254112e-13,0.0
7.406224684330128e-12,0.0
8.461881743651446e-27,0.0
2.0507853143135704e-50,0.0
6.211966363811854e-27,0.0
7.751134552059979e-05,0.0
0.019107451707906745,0.0
3.807822703310372e-05,0.0
1.256611787711009e-58,0.0
1.9908520563222346e-13,0.0
4.521415475004124e-28,0.0
2.5337062978993752e-08,0.0
1.8833978912677853e-12,0.0
8.440404112974236e-20,0.0
2.1885804387369865e-05,0.0
3.3921753864380056e-05,0.0
1.183060485541062e-15,0.0
3.28074139828941e-08,0.0
9.695589946834024e-12,0.0
0.0001628598138413252,0.0
3.566308743373909e-06,0.0
2.9987149399450843e-22,0.0
1.0443179809398975e-12,0.0
4.085272290273224e-06,0.0
0.014770511572356237,0.0
4.601390117073717e-83,0.0
1.8714815784772364e-06,0.0
2.051368542988281e-08,0.0
0.0002948406114621489,0.0
2.738507475942009e-05,0.0
0.9997764735364804,0.0
2.896355480440365e-05,0.0
1.4018342228591603e-13,0.0
5.56225293838761e-13,0.0
0.0057597901511240324,0.0
3.92030361335305e-06,0.0
5.304667721242029e-21,0.0
1.8255791493351966e-06,0.0
3.92926239425676e-13,0.0
8.813221372293727e-07,0.0
1.6036570137551888e-34,0.0
1.362046044118469e-10,0.0
4.984701551457067e-07,0.0
2.731392359266714e-19,0.0
2.5069442430565033e-11,0.0
1.142109510509108e-12,0.0
7.628686045694336e-10,0.0
3.078525021856208e-05,0.0
2.000762964095372e-20,0.0
0.9999989849508544,0.0
8.425842420659592e-67,0.0
3.147118616737205e-17,0.0
0.0407809838577465,0.0
1.609621222781504e-13,0.0
0.015424414832327593,0.0
6.609507957395673e-09,0.0
3.933148239156009e-15,0.0
5.608248930943322e-34,0.0
2.1087636372864372e-14,0.0
6.1937108421396815e-06,0.0
1.1606246150713584e-12,0.0
5.724381157672576e-29,0.0
3.0828128116817307e-15,0.0
3.1615282878266015e-25,0.0
1.2620563385959808e-14,0.0
1.869745124683714e-11,0.0
5.3395329367850004e-17,0.0
5.211271717634536e-07,0.0
8.893513851299066e-27,0.0
1.4174379886844374e-16,0.0
5.267058673183761e-32,0.0
0.0001690204722529568,0.0
1.792587214522111e-101,0.0
2.459552123256487e-07,0.0
2.118136758918478e-15,0.0
3.4489653407375715e-17,0.0
0.0003392656852710742,0.0
1.8786236166337996e-06,0.0
0.09810296445839758,0.0
3.3677580223968183e-15,0.0
8.477655783498287e-05,0.0
1.6440992547593873e-14,0.0
0.000978476482007874,0.0
4.91071620958965e-07,0.0
7.145062649877182e-08,0.0
1.8706497961637434e-10,0.0
1.6768677687230578e-26,0.0
4.740026504440747e-14,0.0
1.246076110044133e-06,0.0
3.595860058586026e-08,0.0
3.0889632335806936e-08,0.0
9.809698871857818e-09,0.0
0.017714121823394734,0.0
4.234716887636646e-58,0.0
3.4791696940291964e-14,0.0
0.00034505511163766123,0.0
1.9712385734426397e-11,0.0
9.377859988413529e-06,0.0
2.8806973043819837e-18,0.0
2.5887937982137953e-05,0.0
0.00017243000944894589,0.0
0.002897976856143477,0.0
1.1594955560144412e-07,0.0
0.0001447561813378188,0.0
1.0593636279280702e-11,0.0
1.1949571315598665e-10,0.0
0.9988288759675301,0.0
2.9680910646510733e-07,0.0
4.451566817228336e-07,0.0
2.2182007598330446e-28,0.0
2.8094537498471765e-08,0.0
9.42029254866465e-07,0.0
5.824912293393776e-07,0.0
6.94371288712524e-11,1.0
2.568168089505333e-22,1.0
0.007446181837925619,1.0
2.582183483506678e-07,1.0
0.0051165388054368625,1.0
4.2581872656778445e-16,1.0
0.0002734726477537049,1.0
9.206028285876933e-61,1.0
3.3629302717282034e-34,1.0
6.66656875030444e-24,1.0
2.321152261852264e-07,1.0
0.9867327056174062,1.0
2.0953824608730978e-08,1.0
1.1351724929305402e-44,1.0
1.0322030094010646e-11,1.0
4.261516851880268e-06,1.0
0.009242784008481091,1.0
6.540094648304271e-29,1.0
1.1425410847906722e-06,1.0
2.551873207584749e-07,1.0
2.9182546369300475e-32,1.0
6.268051608995807e-91,1.0
1.152233030641205e-27,1.0
0.5469889801615703,1.0
1.5099164030068276e-05,1.0
0.0005693762681026776,1.0
3.0113939445186484e-20,1.0
0.020156772945602756,1.0
2.8150518017498566e-09,1.0
3.569949816992924e-08,1.0
0.4681604058210615,1.0
1.1180395377922654e-06,1.0
6.814551377894774e-09,1.0
2.9651021652696903e-08,1.0
8.860256211501093e-27,1.0
3.3486320697542445e-06,1.0
8.192036152900981e-09,1.0
1.8521181765416177e-08,1.0
1.456796692287154e-06,1.0
2.927233728753512e-23,1.0
1.0316585601747192e-06,1.0
0.00021065761492841328,1.0
0.000736091734135347,1.0
9.139932972167912e-10,1.0
5.7260479187513244e-08,1.0
1.227750344223576e-16,1.0
2.3889727819777174e-15,1.0
2.336133951526806e-09,1.0
1.2989063233749687e-08,1.0
5.2091089110730474e-15,1.0
1.332875341979343e-06,1.0
4.214877541309339e-23,1.0
1.8518171461816178e-07,1.0
2.5911736279433585e-12,1.0
9.306505858766486e-05,1.0
0.00015654256685063766,1.0
3.539277114947843e-18,1.0
0.005139891106565432,1.0
6.610086121851867e-06,1.0
0.28947669913108165,1.0
1.2955090444450088e-05,1.0
1.654812362132476e-15,1.0
0.0076877783925124055,1.0
1.536215327293943e-31,1.0
8.18564828314888e-28,1.0
8.030526345889253e-10,1.0
2.0866718665503063e-10,1.0
7.948644102771731e-06,1.0
0.999999998963677,1.0
6.3714160577972344e-18,1.0
0.00027739121370830885,1.0
1.2430018299677158e-07,1.0
1.535261927462222e-14,1.0
0.9985738310145927,1.0
5.865972782615501e-79,1.0
1.804773041775269e-15,1.0
4.259158460567401e-124,1.0
6.738169207483576e-17,1.0
5.850070884294374e-07,1.0
5.715005353785381e-05,1.0
0.5161433256806012,1.0
4.188703240006047e-25,1.0
0.0017641886419147697,1.0
0.05977952935213481,1.0
1.357655423410554e-16,1.0
1.0170791235631786e-19,1.0
1.3871023140190673e-06,1.0
0.04805239799084448,1.0
0.4307204027516268,1.0
0.004417408206354765,1.0
4.542540344411387e-07,1.0
1.443314798730811e-64,0.0
5.151567229698641e-50,0.0
6.480115597369594e-19,0.0
2.1745691713231167e-17,0.0
8.734218193935588e-101,0.0
4.320725792564224e-29,0.0
2.4394753691633067e-44,0.0
1.193667623008336e-06,0.0
3.798255940154189e-12,0.0
8.206828145312523e-16,0.0
1.3154479573997548e-15,0.0
7.729940794170495e-21,0.0
1.227864441768283e-15,0.0
1.3828639962581914e-29,0.0
2.1625351126020577e-24,0.0
2.2895866753564315e-10,0.0
2.317574221428418e-11,0.0
6.695340252211924e-12,0.0
7.950229977491266e-12,0.0
4.141010729811952e-25,0.0
1.5623781401618448e-15,0.0
1.0052145823091139e-20,0.0
4.8855674668070606e-27,0.0
1.1482184967077666e-32,0.0
1.707679485940332e-09,0.0
2.0935958249525214e-12,0.0
1.4580984177879781e-08,0.0
4.065114116133215e-09,0.0
1.5469509657720546e-25,0.0
1.5505140853944902e-17,0.0
1.1881192831301861e-10,0.0
3.335482115520729e-11,0.0
2.0120875526511397e-18,0.0
3.241335383765251e-26,0.0
3.2597247928664123e-12,0.0
9.430414201964089e-10,0.0
1.9843494792550443e-20,0.0
6.704449621281978e-17,0.0
3.537859515109156e-15,0.0
1.3843421950544002e-13,0.0
5.496208326760434e-07,0.0
3.8819250026470335e-15,0.0
4.6106206944980045e-12,0.0
7.403974737979524e-23,0.0
5.738541972719013e-07,0.0
7.93131141722067e-08,0.0
9.593965352393606e-19,0.0
8.0905426522682e-18,0.0
1.3249990550571404e-14,0.0
3.1997515168904126e-13,0.0
1.4063916562652263e-13,0.0
1.5941446429396194e-16,0.0
1.627057401200842e-20,0.0
1.898691313609727e-16,0.0
6.886594484830108e-16,0.0
1.9501426277866492e-10,0.0
1.3606049190395885e-17,0.0
2.8904035172256486e-17,0.0
1.7184047144442157e-13,0.0
5.033073972214326e-15,0.0
2.3533078131150287e-12,0.0
5.438527611186111e-28,0.0
5.017176537595061e-11,0.0
6.1695297036918804e-12,0.0
1.7838270437985086e-15,0.0
2.2881933154418717e-19,0.0
2.5011128621289134e-08,0.0
3.156234412310668e-23,0.0
2.6945312461694376e-65,0.0
1.938972171458497e-36,0.0
3.179533329895358e-10,0.0
3.4302406505836706e-35,0.0
1.2026642726687986e-19,0.0
6.500443109286082e-23,0.0
7.646843168007377e-25,0.0
2.3952890654440734e-10,0.0
0.056507419706404514,0.0
1.7111159126976093e-16,0.0
1.1120000143876733e-18,0.0
2.5713653090652336e-28,0.0
2.1826936573268714e-09,0.0
2.19678315614478e-37,0.0
3.6939951578342047e-38,0.0
4.716715272168942e-22,0.0
1.3791140154680349e-21,0.0
4.201332521163687e-09,0.0
5.7984499370272874e-12,0.0
1.6337528254387935e-64,0.0
7.103269220063636e-18,0.0
5.191708734517805e-37,0.0
7.668465585794452e-19,0.0
0.004272558080455749,0.0
3.214186405649032e-22,0.0
8.792986000251617e-22,0.0
3.7027314376569283e-10,0.0
6.159550395608361e-06,0.0
2.516155113183526e-17,0.0
6.595065320010747e-51,0.0
3.72321238131987e-13,0.0
8.635996056721829e-13,0.0
0.00029986109013097024,0.0
1.0484699758745563e-22,0.0
7.620550108639143e-69,0.0
2.287558841459155e-22,0.0
9.335721719740629e-58,0.0
2.1251709026920826e-16,0.0
5.3746644446548996e-40,0.0
1.0452850358263008e-50,0.0
1.2153786857042908e-29,0.0
5.0885397412030105e-18,0.0
4.266290863238516e-25,0.0
1.3242892127501128e-65,0.0
3.075080023114392e-15,0.0
1.919987311093726e-16,0.0
7.842185387147964e-58,0.0
4.156804841476107e-62,0.0
6.19544935509131e-85,0.0
2.3090993914069617e-78,0.0
9.117254963538725e-36,0.0
4.163199288219685e-77,0.0
1.6040460318143668e-05,0.0
3.286832811848155e-25,0.0
2.9256236046960924e-12,0.0
1.2407021385370428e-18,0.0
4.66391961302723e-44,0.0
3.5593706617675977e-10,0.0
0.1921672017099326,0.0
0.01620717975675863,0.0
1.0975194899253655e-39,0.0
1.2194762120186206e-42,0.0
4.836671636098414e-13,0.0
1.997217559021015e-35,0.0
8.533038878563455e-63,0.0
1.4186617014904644e-60,0.0
3.3004926275905003e-31,0.0
1.7556384842990706e-63,0.0
0.01009066125084933,0.0
6.943858240135559e-41,0.0
2.599411932349157e-26,0.0
6.524024866358325e-18,0.0
9.971504563193776e-12,0.0
5.863968956341537e-13,0.0
3.821645079676743e-11,0.0
1.60991655028882e-34,0.0
7.341014803543433e-08,0.0
1.0818594259015626e-09,0.0
5.767390455652802e-50,0.0
2.047706859296448e-48,0.0
3.785457050123287e-78,0.0
6.3499477629509866e-18,0.0
7.143954246202486e-62,0.0
2.8197777517859773e-107,0.0
7.96349882132097e-54,0.0
2.9108165369939046e-68,0.0
3.984289713584054e-90,0.0
6.174604298229435e-59,0.0
9.484297933142929e-54,0.0
1.1771725764549505e-85,0.0
2.1022796518257418e-16,0.0
7.119317295143912e-10,0.0
1.5802617447602686e-05,0.0
5.474254461192643e-20,0.0
4.297815430205177e-31,0.0
1.1379786333899027e-40,0.0
2.988872285581087e-49,0.0
5.271882218475499e-70,0.0
3.1820828334467363e-13,0.0
2.206787603949736e-100,0.0
0.00016742755014397643,0.0
1.1721397379397811e-10,0.0
1.7289224737675388e-17,0.0
1.0843664356691976e-107,0.0
7.60046782901465e-10,0.0
1.1252739365415868e-31,0.0
2.7833998131995576e-11,0.0
2.9864531683817145e-59,0.0
1.0700292571475466e-36,0.0
1.135361917074489e-10,0.0
6.954986644864613e-34,0.0
2.8895429128780545e-19,0.0
5.222158074582955e-24,0.0
3.0922841434188658e-24,0.0
2.5250804088533925e-20,0.0
1.7261373878729684e-12,0.0
2.1796700418432413e-09,0.0
6.886939034585293e-12,0.0
4.654847680854189e-08,0.0
4.1516819107844285e-10,0.0
1.0422521494310997e-14,0.0
1.6883756468253515e-07,0.0
1.5358463715762834e-12,0.0
6.2701421587392795e-25,0.0
1.0829975089416007e-11,0.0
4.289412685778712e-05,0.0
1.0382791230591816e-21,0.0
1.4639786226448834e-24,0.0
2.654443866169357e-16,0.0
8.878500730272502e-07,0.0
6.678917492886197e-07,0.0
3.63198922403074e-23,0.0
6.393732203899577e-16,0.0
1.4527495986645926e-09,0.0
1.367581521059997e-17,0.0
0.17407356370903698,0.0
3.826479204623302e-14,0.0
0.037737204570325394,0.0
8.036317253310906e-14,0.0
1.7244897815450366e-07,0.0
4.694127355200313e-10,0.0
6.136998997251378e-82,0.0
3.895236623076818e-50,0.0
1.6006593957894393e-12,0.0
0.3128731310200729,0.0
3.03936948488366e-14,0.0
9.779943426443853e-53,0.0
8.406436492857503e-14,0.0
4.142238358264593e-44,0.0
2.2792210715010772e-48,0.0
1.8121844081510813e-56,0.0
4.317021709021584e-99,0.0
3.3067266075891553e-22,0.0
1.1469536144955899e-15,0.0
6.061645505107325e-30,0.0
4.2016386012601276e-38,0.0
3.464689865991614e-17,0.0
6.25123252497609e-27,0.0
0.00015780734643146613,0.0
1.1845749914160546e-17,0.0
5.290849658363742e-18,0.0
3.6147535970033065e-52,0.0
3.652609298581532e-74,0.0
3.7335991411286753e-23,0.0
0.0051966314090560305,0.0
4.07217317473939e-34,0.0
1.0295336336161064e-38,0.0
7.288048588388981e-92,0.0
2.6103113654386683e-27,0.0
9.034811129665715e-06,0.0
8.095740316800285e-42,0.0
6.116477693540383e-13,0.0
7.834843743460531e-13,0.0
7.955900715493156e-53,0.0
5.011805079556899e-26,0.0
1.7382702929978245e-20,0.0
6.457582411370899e-20,0.0
1.2432342852828818e-10,0.0
2.4331265093452433e-13,0.0
2.8452914720319416e-17,0.0
5.208769974747073e-53,0.0
1.6522690206600014e-97,0.0
2.9499243147725773e-06,0.0
2.9896633105068314e-29,0.0
9.060025857722404e-26,0.0
1.511321504533256e-13,0.0
1.3856826493359915e-68,0.0
0.43770770736775005,0.0
1.0112608612634618e-14,0.0
8.943179698088526e-17,0.0
4.19679781276901e-24,0.0
2.0468667639081943e-36,0.0
8.671038971503198e-07,0.0
5.2116878688751666e-71,0.0
7.820628318907865e-52,0.0
4.351989469631129e-49,0.0
2.4487565616665265e-22,0.0
1.1300458378685444e-25,0.0
8.992071529803656e-06,0.0
1.026431303726543e-13,0.0
1.1854339227220005e-15,0.0
1.731013904129276e-06,0.0
5.888209916306455e-05,0.0
2.3559514785730154e-41,0.0
5.4208093012391365e-06,0.0
3.8348943262772615e-12,0.0
1.245454074066631e-68,0.0
9.71517071072519e-35,0.0
5.976230459953998e-27,0.0
1.995864870543261e-10,0.0
4.7841233877911556e-08,0.0
1.2262184063900207e-75,0.0
2.110103130566711e-25,0.0
8.58777927038572e-06,0.0
1.2005352258561678e-49,0.0
1.8022763006860856e-73,0.0
5.856429596726805e-44,0.0
0.050520606775224436,0.0
0.007140092063133908,0.0
0.9442907207398963,0.0
1.4910865319374532e-22,0.0
8.304229370863518e-15,0.0
0.08895588890041868,0.0
1.0065669765956543e-19,0.0
3.3292521609840954e-61,0.0
2.303784391997975e-42,0.0
1.4464532267582527e-44,0.0
0.007325433580885278,0.0
1.6686818396580172e-16,0.0
8.566817562782306e-12,0.0
3.750324901968181e-24,0.0
4.416781869803642e-08,0.0
1.4166720648546275e-08,0.0
1.6399313972228902e-42,0.0
0.0044491416687321575,0.0
1.9406569415914947e-16,0.0
7.84283364110661e-09,0.0
8.177199134327593e-06,0.0
8.934860452429876e-20,0.0
7.722527144093977e-15,0.0
5.081257684613783e-16,0.0
3.569906735910509e-10,0.0
1.668228877815399e-35,0.0
8.789338383828408e-08,0.0
8.062472700731908e-08,0.0
1.1105141825334407e-19,0.0
6.66433260012562e-27,0.0
0.0014093865925312323,0.0
4.5082818294186604e-21,0.0
1.8222539917434067e-25,0.0
1.9290069513120546e-47,0.0
0.3749105777156915,0.0
9.784684881900075e-14,0.0
1.9775874879366426e-44,0.0
2.3957401172231957e-05,0.0
1.4731922994444553e-13,0.0
4.4203679337312343e-07,0.0
5.316649437437139e-13,0.0
3.091728479685774e-74,0.0
2.2371597837596887e-13,0.0
4.549694523037228e-35,0.0
9.28506027526283e-16,0.0
2.268620958537658e-17,0.0
1.6414757258159532e-25,0.0
1.786740941231668e-36,0.0
2.000205081893573e-18,0.0
1.4440877202399918e-69,0.0
5.160735607031338e-09,0.0
3.3038613331015815e-21,0.0
4.874120279947882e-07,0.0
0.0007125739255904749,0.0
1.6258681633899414e-77,0.0
1.716061018513058e-14,0.0
3.0355275330698694e-30,0.0
4.193820178568304e-08,0.0
9.024886241958079e-14,0.0
4.092830754549875e-06,0.0
8.537373210434692e-34,0.0
7.3578488058322456e-09,0.0
4.809953015135975e-16,0.0
1.5301334847169234e-18,0.0
2.5656020326217994e-16,0.0
3.9825733310315854e-19,0.0
1.699984211368049e-11,0.0
2.2284458639501146e-26,0.0
0.00872356629978241,0.0
7.090223077555956e-10,0.0
5.4083763141729775e-27,0.0
2.9146599044552162e-18,0.0
1.1663839311747833e-12,0.0
1.66971821069881e-29,0.0
5.947142329471298e-35,0.0
4.3364193308497724e-17,0.0
9.121986597672481e-12,0.0
5.279683520878259e-23,0.0
7.521499428089207e-19,0.0
9.506737132996182e-58,0.0
6.370731934156247e-85,0.0
0.9682420971833059,0.0
1.3343226228339504e-67,0.0
1.3221170472086145e-27,0.0
0.006557128372689287,0.0
5.1408898583350964e-51,0.0
1.3069878517565124e-14,0.0
6.156542499639755e-25,0.0
4.2542477451538015e-14,0.0
1.2340776446909466e-18,0.0
6.939477207259575e-38,0.0
2.7328509519570235e-43,0.0
1.3417703760113073e-07,0.0
5.055934738739258e-16,0.0
8.214643502613056e-14,0.0
1.9052053348190858e-58,0.0
0.000166957503937473,0.0
5.083990200799629e-11,0.0
1.208270094689519e-21,0.0
0.0006094114166265147,0.0
5.617682751513185e-21,0.0
0.00016580811731923878,0.0
0.004665740864999818,0.0
0.0032688719713717253,0.0
0.9569853988222387,0.0
3.788527088642372e-12,0.0
1.0466221127812651e-18,0.0
5.129792979035836e-19,0.0
3.388382431959064e-10,0.0
1.7860849256160783e-17,0.0
0.01154764477444216,0.0
4.209141088747792e-17,0.0
2.412616454003174e-09,0.0
2.001306827577451e-12,0.0
1.9349016275310708e-13,0.0
0.0013111453262708227,0.0
9.594623757076449e-11,0.0
3.59477938891726e-05,0.0
0.12566948105921155,0.0
0.15061775651809411,0.0
0.0001847204043109275,0.0
1.362984308297318e-17,0.0
1.2055670450936404e-05,0.0
4.402437800699215e-16,0.0
7.53463813455773e-05,0.0
0.0004536378439375704,0.0
5.101309137781425e-46,0.0
4.061948351790564e-27,0.0
2.5272545178916586e-39,0.0
8.568253520509166e-21,0.0
1.766584673924322e-10,0.0
4.5926408194683314e-11,0.0
3.226660128338196e-26,0.0
1.8903940455483897e-07,0.0
3.1243240819702853e-09,0.0
2.659416847335391e-13,0.0
3.160912246271627e-08,0.0
0.00011571857204894056,0.0
4.554933398978618e-07,0.0
0.021266999687301037,0.0
3.2057665917538436e-11,0.0
6.719408122245506e-12,0.0
2.277507420933979e-05,0.0
1.5196065707627266e-20,0.0
0.002168017482843585,0.0
0.00012351153339145866,0.0
2.736586196400325e-07,0.0
2.958182825279965e-23,0.0
1.0576815144501928e-13,0.0
1.6783565118261875e-14,0.0
0.0002597234841228707,0.0
7.341267034986526e-07,0.0
3.8542107924759146e-28,0.0
0.09003491525816061,0.0
1.118417747687855e-24,0.0
0.04180977916240588,0.0
2.264605382834914e-227,0.0
6.310540155304468e-14,0.0
3.0558354849864983e-80,0.0
6.656187493605918e-05,0.0
2.9284933492843103e-05,0.0
1.4349573208156828e-16,0.0
1.5055340745790872e-08,0.0
2.3110752771674995e-38,0.0
2.2458840026184453e-93,0.0
9.250684772919051e-50,0.0
0.9551595172488708,0.0
4.277292761600606e-10,0.0
5.906465959343685e-22,0.0
1.0830250063170807e-55,0.0
2.8368194604717046e-29,0.0
1.432604473794945e-10,0.0
1.1033735303748079e-07,0.0
8.668730928840463e-13,0.0
4.667902130257721e-07,0.0
5.635823634105447e-07,0.0
1.2143532930828454e-18,0.0
2.7990473251165695e-21,0.0
4.5042025217946736e-05,0.0
2.0009257370838404e-33,0.0
2.0412307683450028e-23,0.0
8.494539305427707e-31,0.0
3.956328853793547e-26,0.0
1.2852499898695411e-05,0.0
0.21774979950037732,0.0
9.745291292497753e-61,0.0
1.8951112796201597e-22,0.0
8.873539598290627e-19,0.0
0.0921607118527375,0.0
1.2003133886291834e-21,0.0
0.009808594460679021,0.0
1.0272525492730364e-09,0.0
2.4561724193910197e-12,0.0
0.00884575339263686,0.0
1.165570691940164e-20,0.0
8.679542525505259e-35,0.0
0.0003867366393278287,0.0
4.062679831033217e-19,0.0
1.1964669678357731e-05,0.0
1.4089910339300717e-29,0.0
7.192402534521456e-48,0.0
0.843738905327947,0.0
9.71885501756567e-12,0.0
2.61564503702829e-35,0.0
0.10002319366349832,0.0
3.989315254686394e-18,0.0
0.00313469511724095,0.0
0.03436264783213379,0.0
4.0974890085814997e-13,0.0
4.214757756533579e-08,0.0
0.00019361895366754023,0.0
7.475609934015149e-06,0.0
0.001113638297331774,0.0
5.554876515260047e-52,0.0
9.823289851395192e-37,0.0
1.378841183292385e-14,0.0
2.9425199262308408e-24,0.0
8.620856198433142e-12,0.0
3.8879902858516146e-28,0.0
0.00013611827009893352,0.0
5.808872024007572e-20,0.0
2.334227080316407e-06,0.0
0.25900229639654565,0.0
1.0385758345966116e-30,0.0
5.186301677808967e-25,0.0
5.211782141059922e-34,0.0
0.005717526375935922,0.0
2.4335358273996467e-45,0.0
3.6305982848549382e-12,0.0
9.520387800334122e-08,0.0
0.0010778833070789902,0.0
3.608565934693371e-14,0.0
1.5136585429843423e-20,0.0
0.009026858378470212,0.0
8.681434394224636e-20,0.0
2.176648334844563e-12,0.0
6.444249059485306e-13,0.0
5.350681135344567e-10,0.0
0.02862655780861695,0.0
0.00011669603734551294,0.0
2.371012269834257e-08,0.0
2.2617066550823067e-09,0.0
6.247224997934776e-06,0.0
9.999044671270774e-06,0.0
9.497099329367716e-07,0.0
3.755236486930633e-08,0.0
2.544257510059944e-12,0.0
1.8550564285567913e-06,0.0
1.0284633887725687e-12,0.0
1.2514554678742613e-49,0.0
0.00022595524182557756,0.0
9.987246548612931e-14,0.0
6.966496689513165e-26,0.0
1.0571805152184909e-07,0.0
1.9468047543440768e-49,0.0
6.625805871125931e-07,0.0
1.518812825990709e-07,0.0
3.105564635782064e-15,0.0
0.2662566966609468,0.0
0.00033162852707682375,0.0
1.254168733474622e-24,0.0
9.295316715104017e-10,0.0
1.6414196122092998e-26,0.0
4.481621056026723e-31,0.0
3.327387745564716e-31,0.0
0.18928793434489763,0.0
0.9999826494264383,0.0
1.246362824888888e-21,0.0
1.912886920257013e-10,0.0
9.683153088757673e-38,0.0
0.9998245797668347,0.0
1.7034110544043712e-18,0.0
0.006464759017313173,0.0
0.06988482102847486,0.0
2.102436309245992e-06,0.0
6.507309716629149e-38,0.0
2.5437125851657413e-11,0.0
1.3091058050537658e-31,0.0
4.464715214056079e-07,0.0
2.5665608364194065e-14,0.0
2.961684277458852e-57,0.0
1.1278488134240015e-17,0.0
5.19325683014588e-36,0.0
4.4152670043635435e-25,0.0
3.271614475059027e-09,0.0
1.204443354218864e-07,0.0
9.061160994434756e-05,0.0
1.645260109825059e-80,0.0
1.767428438129846e-11,0.0
0.14881850773056848,0.0
0.04971628301046308,0.0
1.7517044302155243e-28,0.0
2.698354242607978e-32,0.0
1.7995511598044395e-31,0.0
8.039171066893548e-06,0.0
6.537668924967455e-51,0.0
3.144298344366852e-30,0.0
2.432237735363776e-28,0.0
1.606733568041499e-07,0.0
2.2690128248040082e-31,0.0
0.000897745888109282,0.0
1.492990531985403e-12,0.0
3.434981972569508e-25,0.0
1.2062369834939982e-60,0.0
2.338078477370059e-05,0.0
3.6803300981079157e-29,0.0
0.995925221277683,0.0
2.06567473624046e-14,0.0
3.127214331981794e-33,0.0
4.792692631324197e-30,0.0
0.007073885715708153,0.0
1.2201230624562108e-35,0.0
4.041362972160732e-15,0.0
6.762113974545495e-15,0.0
3.380139845038278e-05,0.0
2.167051081922804e-25,0.0
0.00027672824897805216,0.0
0.11991252707321412,0.0
0.23382878820604078,0.0
6.244933171657683e-11,0.0
0.0028009354596751435,0.0
0.0002291769127270954,0.0
6.9182923239699405e-12,0.0
1.0517513385983072e-36,0.0
4.95382843525655e-24,0.0
6.371058642378199e-11,0.0
4.866158457072475e-08,0.0
5.7029615470450734e-37,0.0
2.90471362617118e-38,0.0
9.366179457390337e-24,0.0
2.376676310337512e-34,0.0
6.675409050761294e-06,0.0
1.8168770675685595e-06,0.0
4.183329501026034e-65,0.0
4.091258716649221e-10,0.0
0.0033783323760908945,0.0
1.4625958604238236e-19,0.0
1.2568372916882064e-11,0.0
3.109768064963774e-22,0.0
3.351125297149158e-17,0.0
1.2703752318419256e-16,0.0
0.0013647619266576707,0.0
2.076971126897424e-07,0.0
1.2420463182700197e-18,0.0
2.905376433252156e-05,0.0
5.2749568922769524e-27,0.0
1.0296004329156319e-27,0.0
3.021194131767292e-36,0.0
2.971765673295458e-07,0.0
0.0001785240781854793,0.0
2.3582022216560537e-06,0.0
4.450382762972112e-20,0.0
4.384310318747273e-14,0.0
8.664162694678849e-06,0.0
1.0132097251182228e-08,0.0
1.6203726507541247e-42,0.0
4.218597705974081e-15,0.0
0.9999127624470917,0.0
3.598032062113473e-15,0.0
5.656778162279513e-10,0.0
7.467505107687695e-18,0.0
8.157295116337198e-05,0.0
3.862426177285736e-48,0.0
4.2493756756755756e-07,0.0
1.280944084994562e-29,0.0
2.092616442342201e-23,0.0
4.6938989306137763e-07,0.0
9.6800458420261e-10,0.0
0.0013703593820438935,0.0
1.1526581414745555e-13,0.0
9.993202596642099e-21,0.0
2.2008776188701564e-07,0.0
9.11216584470796e-16,0.0
2.0124314738905264e-23,0.0
2.0653144840409468e-10,0.0
0.00016881887901146433,0.0
0.0003052484944928625,0.0
1.777603878550591e-11,0.0
1.7374762675995655e-11,0.0
1.2174226716360588e-41,0.0
2.9733144527362672e-08,0.0
1.3796617243304078e-18,0.0
0.008176341738952625,0.0
2.98157636875092e-19,0.0
2.2964142905772088e-52,0.0
3.151990283455286e-14,0.0
1.2287559167554738e-120,0.0
9.75244805593503e-35,0.0
3.206690831984732e-58,0.0
1.3139606558038812e-15,0.0
6.018831328354735e-06,0.0
2.4383434747856556e-08,0.0
3.7495620861620834e-12,0.0
0.00029841681521994545,0.0
1.4076206247536934e-15,0.0
1.51796461619254e-09,0.0
1.3314609446282367e-19,0.0
2.962597248762366e-14,0.0
1.0850234351787791e-37,0.0
2.343701177626912e-14,0.0
1.5086439373075572e-07,0.0
4.6123591978796754e-38,0.0
1.2012519896172281e-15,0.0
7.987301972770718e-16,0.0
8.202019166620284e-06,0.0
0.9935975611475765,0.0
2.0719536871261174e-08,0.0
1.9698870249725617e-08,0.0
7.413696254173077e-08,0.0
0.09992176997516464,0.0
1.5467254868299711e-15,0.0
1.522513059677364e-05,0.0
6.85911163481999e-61,0.0
9.557511880472954e-09,0.0
0.0027158448289792666,0.0
2.331337830018645e-10,0.0
4.295945162310712e-35,0.0
4.015061849068245e-30,0.0
1.3857611349677749e-24,0.0
6.834094681991697e-14,0.0
1.958100953381563e-32,0.0
3.0860179165046005e-10,0.0
4.2487762880167945e-10,0.0
0.26879641029808493,0.0
0.00010377711115494719,0.0
8.809826551387e-12,0.0
1.6987730225866027e-05,0.0
1.9004193993550186e-06,0.0
2.6501497567916625e-44,0.0
1.3533799043685461e-33,0.0
1.898118973992101e-15,0.0
0.003083803307971982,0.0
2.820566011069262e-45,0.0
0.0011912053222450706,0.0
6.034661674425565e-05,0.0
5.127735426296777e-06,0.0
8.183307275925836e-34,0.0
1.934037640773e-25,0.0
1.2247762407208558e-08,0.0
0.0002284551274373543,0.0
5.097765944983209e-12,0.0
5.211048913790366e-08,0.0
1.5327112921493607e-08,0.0
0.004958857359987401,0.0
4.0306917842519014e-09,0.0
5.1789438656876025e-15,0.0
8.613778190705895e-05,0.0
2.9584502876645005e-15,0.0
2.995886047731669e-16,0.0
1.7734360832980592e-09,0.0
6.70083669564703e-45,0.0
2.726179958033614e-41,0.0
0.07512703245104482,0.0
1.692376270152039e-05,0.0
1.1032895208215042e-25,0.0
5.259313048661279e-09,0.0
1.933774899901217e-37,0.0
0.04174203853202788,0.0
7.881174918109032e-10,0.0
1.4760605668365588e-05,0.0
1.429563875786124e-06,0.0
0.001418879053173201,0.0
0.006672020806212128,0.0
0.00014074712800364985,0.0
4.493431104006707e-09,0.0
4.349263873362657e-08,0.0
1.1244049358551756e-24,0.0
5.2136695233647737e-17,0.0
2.412348134416143e-16,0.0
2.0393043381504731e-19,0.0
7.641024740169878e-17,0.0
0.05953682400573867,0.0
6.443258135093922e-22,0.0
4.303828992036006e-13,0.0
4.2321944203331515e-35,0.0
0.0002012924647366824,0.0
1.2009289138560174e-12,0.0
0.0005530468146986456,0.0
6.379026309457714e-18,0.0
2.1119345326965606e-05,0.0
0.0006326438211824642,0.0
3.7009351213446765e-19,0.0
4.3870610821090246e-16,0.0
7.912891014281027e-08,0.0
1.8506741732987185e-80,0.0
0.004424824247656287,0.0
9.123285465100838e-08,0.0
6.5395770930153666e-15,0.0
1.3673927506848328e-51,0.0
2.0445313516661553e-08,0.0
3.2760843716732802e-06,0.0
1.8906510935368605e-08,0.0
5.994462225232597e-06,0.0
1.1914947180970817e-14,0.0
0.7478081651418689,0.0
6.61530819646693e-27,0.0
6.551241681478546e-17,0.0
9.195131728095882e-18,0.0
3.849019789462596e-18,0.0
1.6928588821543707e-38,0.0
0.04302280614961323,0.0
1.1454572869673594e-09,0.0
1.3359672759987916e-11,0.0
0.9585698729842963,0.0
0.00046821728275854167,0.0
2.5821331892563544e-83,0.0
0.000480576339977081,0.0
1.1627374393050259e-25,0.0
2.0019652022325708e-18,0.0
5.19852627679969e-22,0.0
1.9725035188746565e-56,0.0
0.011974636707813948,0.0
0.9592702332428589,0.0
1.5042480607426495e-08,0.0
7.511164736698549e-17,0.0
4.378153376135288e-47,0.0
0.0008353040186119933,0.0
4.131373478735818e-61,0.0
0.45955381058651673,0.0
6.6015820639559175e-22,0.0
4.343226802369998e-31,0.0
3.524744671612675e-24,0.0
3.8951638726025866e-09,0.0
1.3939208990939506e-13,0.0
1.839694957323856e-10,0.0
6.575552664489939e-10,0.0
1.6499579910379197e-08,0.0
8.393963258966622e-06,0.0
8.710718379831673e-16,0.0
9.412272956226178e-13,0.0
7.576772361135506e-08,0.0
9.29303888805313e-11,0.0
5.431708775446432e-49,0.0
4.31608312834506e-09,0.0
1.5249600306835112e-39,0.0
9.323022970734769e-15,0.0
7.433177476386853e-87,0.0
2.4677393452805164e-15,0.0
1.1895672642642934e-06,0.0
0.012428827551588336,0.0
8.336756040453626e-26,0.0
3.2636277547024306e-13,0.0
1.5520645781024744e-131,0.0
2.1876366236640967e-16,0.0
4.036724705465101e-24,0.0
2.711127776833084e-21,0.0
2.1869793286152225e-15,0.0
0.000538859255746528,0.0
1.199482698625591e-39,0.0
1.068748798377359e-07,0.0
0.015012784690680167,0.0
8.511670288732249e-32,0.0
7.627361444236747e-17,0.0
5.8338691777012356e-27,0.0
2.7836649024371007e-10,0.0
0.12708842177735744,0.0
0.1110541665521164,0.0
0.0013246998735522385,0.0
7.011329592696312e-27,0.0
1.1826290823558831e-11,0.0
3.2004495357540716e-17,0.0
0.1818657039976731,0.0
2.961567775647604e-30,0.0
1.7667877264254202e-11,0.0
1.5402582870433242e-07,0.0
0.22095599710415018,0.0
0.04275887558617399,0.0
0.0010225123771647998,0.0
5.900034440444938e-16,0.0
0.48827191889347826,0.0
2.0369498854600596e-08,0.0
1.3547903943027006e-35,0.0
0.0013942938861368744,0.0
2.8579838778083087e-07,0.0
5.543905290257065e-10,0.0
7.506276280439985e-15,0.0
0.9889189506815049,0.0
0.04988308205619556,0.0
1.6945704406483264e-61,0.0
3.5221947290741534e-07,0.0
5.039350456243671e-11,0.0
1.1305770615818934e-07,0.0
2.866390879795782e-62,0.0
1.4031131451902338e-13,0.0
1.4673754824223289e-06,0.0
1.2871455494828151e-17,0.0
5.85746392309097e-17,0.0
2.0450597129808894e-65,0.0
4.303393243920618e-26,0.0
0.8850184575735085,0.0
5.4109623968083036e-18,0.0
2.007048079318236e-09,0.0
0.012926764074069909,0.0
6.534299986620137e-19,0.0
0.606837465086595,0.0
3.8108497968825945e-50,0.0
3.4958060656797986e-16,0.0
0.00701888679673813,0.0
5.230343281548811e-16,0.0
2.2789009467930843e-36,0.0
1.0730218589997728e-43,0.0
6.570485678748746e-26,0.0
3.965564726971139e-08,0.0
1.6194519583758306e-07,0.0
4.21576147990162e-24,0.0
4.484279891960389e-06,0.0
2.1261885019099333e-16,0.0
3.958479825436026e-34,0.0
2.7104277661957258e-14,0.0
2.8605962872295977e-14,0.0
1.4821447000411878e-13,0.0
0.009286919680246315,0.0
2.784916543554911e-105,0.0
0.004745344866513807,0.0
8.833567715918148e-06,0.0
6.849019465115074e-36,0.0
1.7536792371761183e-17,0.0
0.13137205940192964,0.0
7.822400599740461e-72,0.0
0.0016316108014999338,0.0
0.0003234262856459819,0.0
6.576688631610056e-18,0.0
3.093007952818006e-06,0.0
5.338615187071796e-38,0.0
0.9739414303269841,0.0
2.6434951817855106e-30,0.0
0.00015632864555997398,0.0
6.647352423768832e-06,0.0
4.260668026937199e-37,0.0
0.05887532062308121,0.0
0.9998790984151933,0.0
0.011832459393450515,0.0
0.0006430553165370625,0.0
2.1473608726816122e-10,0.0
4.8284870943713546e-15,0.0
2.3495182890323455e-25,0.0
1.4757861321310204e-11,0.0
2.2903129723063574e-10,0.0
8.524559684948045e-11,0.0
1.27790344130055e-09,0.0
2.0745550243478366e-19,0.0
1.8253530098911182e-08,0.0
8.003069302522799e-42,0.0
1.976344151456982e-10,0.0
0.0017750147040570257,0.0
1.7470404993154994e-07,0.0
2.882734467173893e-18,0.0
5.6877097809539206e-05,0.0
0.0005878765468561187,0.0
1.3879742545917148e-08,0.0
2.624606597492937e-08,0.0
7.167487337649809e-89,0.0
4.871937965757157e-16,0.0
6.311819869682265e-11,0.0
9.472699518829001e-32,0.0
0.03604282819799821,0.0
2.352090475389383e-40,0.0
0.9856501486477126,0.0
3.3810437961271197e-18,0.0
1.2991511904033726e-18,0.0
0.9984516726166462,0.0
8.196878376071301e-20,0.0
0.6188939878876245,0.0
0.7088734122138456,0.0
0.015587591297400396,0.0
1.975635922877431e-06,0.0
1.8104138799052383e-11,0.0
0.0005467137194858089,0.0
4.514188897296619e-36,0.0
1.0177770764909921e-21,0.0
1.1107070513333656e-05,0.0
0.9109831006319932,0.0
1.5614401794430145e-07,0.0
1.1701534226946153e-17,0.0
1.0082083341511655e-14,0.0
0.0009266641695179381,0.0
2.282443383028127e-43,0.0
0.0010799791901625379,0.0
3.935836794966049e-05,0.0
4.468999341241883e-11,0.0
6.622735925570028e-10,0.0
2.3526220920516197e-41,0.0
4.1950551841663836e-14,0.0
5.211958222848753e-58,0.0
2.8680300716886667e-10,0.0
2.0424566912983947e-09,0.0
0.00015711701423739416,0.0
1.0903864583068596e-14,0.0
0.6663324343911265,0.0
6.972860697051659e-12,0.0
4.61606683915988e-22,0.0
7.09045317554493e-55,0.0
1.6683875923782743e-38,0.0
3.974510357493366e-29,0.0
3.770515883574714e-06,0.0
3.674212743375502e-05,0.0
1.368040478524666e-45,0.0
8.166328022012817e-10,0.0
1.777949916943341e-35,0.0
2.3392878394694237e-10,0.0
2.0450331694209393e-14,0.0
0.00010236735652656274,0.0
2.0487195948826206e-23,0.0
8.626556075447044e-24,0.0
1.5441831928431087e-13,0.0
0.9999999473197033,0.0
0.1341862333964189,0.0
1.3816977221390487e-13,0.0
1.1584601315882525e-17,0.0
0.0030963681323631035,0.0
3.0579198560867646e-06,0.0
4.098026333810162e-06,0.0
0.00013896971879325112,0.0
0.0001770619310285583,0.0
1.845406405664666e-30,0.0
0.9999625221440004,0.0
2.902671893665635e-70,0.0
9.202561308976991e-34,0.0
2.6379436212489325e-30,0.0
3.666935256013719e-33,0.0
1.3014363301173209e-17,0.0
3.297183959140507e-32,0.0
1.2129773227899133e-55,0.0
0.25292301483898677,0.0
2.3055560033807914e-11,0.0
4.3537073919235576e-86,0.0
6.801701571765908e-10,0.0
1.150799288705295e-08,0.0
2.215313397830568e-39,0.0
7.844787190525469e-16,0.0
5.8661229953550466e-08,0.0
0.9969020662764263,0.0
1.2512110210441801e-13,0.0
2.4325222558580595e-17,0.0
1.3143348482433632e-07,0.0
4.098665241502243e-17,0.0
4.3091371187504386e-10,0.0
2.9201993176177074e-40,0.0
1.686317849003704e-24,0.0
1.4288936357187966e-31,0.0
0.8371802949314847,0.0
7.063193105472505e-27,0.0
1.3960746589372561e-05,0.0
0.00034005589969567584,0.0
9.565001312212907e-06,0.0
9.498616759808706e-15,0.0
0.001369471428507404,0.0
5.557939519701318e-09,0.0
0.01930218662409168,0.0
2.1755481898810983e-23,0.0
1.3376413127998032e-05,0.0
1.4929258871897287e-05,0.0
6.185862221077545e-14,0.0
3.9148067661640205e-22,0.0
7.633031865290914e-08,0.0
1.0849120614028834e-23,0.0
3.669199448268159e-12,0.0
0.0009923265564090972,0.0
1.3508299938222532e-05,0.0
1.3457341231022891e-58,0.0
1.9685167779702094e-17,0.0
1.74829402642755e-18,0.0
3.1687517716592547e-21,0.0
2.7605128900465223e-12,0.0
1.3093001189484883e-39,0.0
1.511459621659426e-06,0.0
4.1730195815491306e-05,0.0
0.015102740292779755,0.0
1.449624476648444e-17,0.0
0.002206375959498367,0.0
5.08583063962961e-06,0.0
0.003114433361085731,0.0
0.006318777928422404,0.0
1.854475350303144e-36,0.0
1.4538330941392581e-33,0.0
0.00024502239362850535,0.0
5.064044808575804e-41,0.0
4.0139500281152455e-18,0.0
6.974680228864746e-25,0.0
1.0666777843048427e-30,0.0
2.99136850527975e-14,0.0
3.0035429096088017e-05,0.0
0.0013188367324401668,0.0
2.964015834937672e-05,0.0
7.36149548945632e-16,0.0
0.0918287892676554,0.0
2.7715837516997453e-40,0.0
0.037688247277281796,0.0
3.394333841879381e-10,0.0
2.000500108913581e-12,0.0
5.545203504160073e-07,0.0
4.411091566370127e-07,0.0
2.389743460833094e-27,0.0
0.0005775983288523024,0.0
0.014135289830770201,0.0
8.968981860429439e-19,0.0
0.015163128983891641,0.0
1.0448941792939421e-06,0.0
0.002046031902337395,0.0
2.7370507010880857e-19,0.0
2.0673361030758824e-29,0.0
1.694821373693151e-110,0.0
4.500125533393702e-20,0.0
5.978711558594513e-07,0.0
1.9594800660172576e-50,0.0
3.105196193314131e-07,0.0
9.179342163644497e-16,0.0
1.1432121422844337e-30,0.0
0.01795935581878391,0.0
0.5157219594524451,0.0
0.00024071632295354211,0.0
4.967199019743506e-24,0.0
2.0304932663721947e-11,0.0
9.55992646534052e-06,0.0
2.5689841075629797e-15,0.0
2.7936981021431514e-14,0.0
2.813953387974508e-19,0.0
1.1563400809830331e-27,0.0
4.464829793688195e-32,0.0
8.337152589219e-21,0.0
2.818125339106663e-07,0.0
2.3703099872239412e-28,0.0
3.444654733914798e-38,0.0
5.166484260603467e-36,0.0
6.335865662764337e-23,0.0
1.6432631416256553e-23,0.0
5.797594890191107e-11,0.0
2.108401512981993e-51,0.0
0.05554731333538731,0.0
2.051393945512079e-08,0.0
0.7999281656012874,0.0
0.00015022227031115523,0.0
2.2689684782577235e-15,0.0
2.3478548438693145e-25,0.0
3.399980676511527e-10,0.0
0.0007395144565075893,0.0
4.097754479210747e-15,0.0
0.005401157117049916,0.0
6.1266844073711924e-15,0.0
0.003693702645206514,0.0
0.998217072293671,0.0
1.0309779337530855e-08,0.0
6.822058061967235e-42,0.0
0.8152368075222499,0.0
0.003427700383564089,0.0
1.0056655110921897e-06,0.0
7.040128730470432e-15,0.0
6.44149922442425e-29,0.0
5.663160739109185e-06,0.0
1.0863910050875606e-39,0.0
1.5319138334546588e-27,0.0
0.1009940175407771,0.0
2.4863551989608496e-40,0.0
1.5517327397527074e-25,0.0
4.6953041169833314e-07,0.0
4.4962016985122506e-12,0.0
6.796671153171566e-05,0.0
1.663985685502965e-13,0.0
6.073196775072476e-11,0.0
1.323780978094204e-16,0.0
0.00012621730925300084,0.0
4.770978108724837e-06,0.0
8.972784173081586e-08,0.0
4.850217973954942e-15,0.0
6.755668535177365e-42,0.0
0.002794331828148335,0.0
4.117532004097991e-12,0.0
5.928503465467493e-12,0.0
2.0892736616413133e-06,0.0
1.9697637363258016e-08,0.0
9.977424748276654e-07,0.0
8.92271274662384e-21,0.0
4.3660432457133335e-05,0.0
0.9999999999999978,0.0
1.840144758913362e-52,0.0
0.7283938640861554,0.0
0.0007032413163490682,0.0
0.0001487048183270089,0.0
9.643034245859578e-08,0.0
8.32752586541118e-05,0.0
2.837870851727816e-61,0.0
3.533270331193712e-26,0.0
8.784811844901335e-123,0.0
5.974187847691595e-10,0.0
4.031352224014541e-08,0.0
0.9999971202065924,0.0
7.501322674603457e-27,0.0
0.03681182963044921,0.0
6.5831629627534566e-09,0.0
2.2286177191385018e-51,0.0
0.0017820868556513959,0.0
2.2354312208738523e-09,0.0
3.4975744485641115e-22,0.0
1.4191385195098111e-30,0.0
1.4777044356540173e-10,0.0
2.9495060405084132e-12,0.0
1.1178195248665871e-32,0.0
9.11488004651623e-08,0.0
8.27313744878285e-08,0.0
2.85788030475545e-39,0.0
7.867876558162138e-16,0.0
1.7287143470458991e-22,0.0
1.3409802576294726e-46,0.0
3.5952179888287866e-35,0.0
0.8896819019757335,0.0
4.374009924911648e-27,0.0
1.8087266755014184e-05,0.0
2.4011310218290584e-05,0.0
4.399592793266443e-34,0.0
4.2446314095380077e-26,0.0
9.81599073739343e-56,0.0
0.08656788784469475,0.0
4.798026854879716e-14,0.0
0.9630654718671047,0.0
2.5273494559303513e-38,0.0
1.1997402870738777e-07,0.0
6.518458387564946e-28,0.0
2.919743464457479e-31,0.0
7.048733499305675e-14,0.0
1.4093206294627259e-08,0.0
2.7127838717582463e-27,0.0
9.24345384816861e-19,0.0
2.0565530558258263e-33,0.0
1.5864143913844232e-16,0.0
6.980149902056954e-16,0.0
5.297269314702501e-12,0.0
8.37129423885263e-11,0.0
1.651079560840117e-26,0.0
6.461708542046053e-11,0.0
4.1169657695774685e-36,0.0
1.7354506174583557e-38,0.0
2.854769522507571e-17,0.0
1.6325258780664845e-09,0.0
2.2546220962295857e-23,0.0
2.821461518643217e-26,0.0
6.404147399167839e-19,0.0
6.6239903800477896e-09,0.0
1.073573972461145e-06,0.0
4.022385978529528e-55,0.0
0.06840961548351716,0.0
8.57561113772068e-10,0.0
2.2095489212823936e-09,0.0
2.1041447747752652e-08,0.0
1.9486800447375904e-51,0.0
8.387799146851528e-21,0.0
1.6576188340025468e-13,0.0
5.207619431382231e-06,0.0
1.2672850830606618e-23,0.0
0.13459936151708615,0.0
5.350996570831007e-09,0.0
2.4835495567480114e-11,0.0
2.5736347835588615e-27,0.0
0.00010758168634861085,0.0
8.486520849238639e-21,0.0
8.811839567216324e-07,0.0
8.515292690142453e-23,0.0
1.852724501439363e-58,0.0
3.7885874222850764e-10,0.0
1.0433255841819206e-34,0.0
6.862410653349625e-17,0.0
2.7852664150477693e-07,0.0
8.682268846571679e-43,0.0
0.00038556185131133553,0.0
6.0786328014492705e-24,0.0
1.1199793113945339e-06,0.0
1.8450689290826038e-05,0.0
3.073096557682406e-15,0.0
0.000919759728756695,0.0
8.218807336917111e-17,0.0
0.010393476221738428,0.0
7.285220500508609e-08,0.0
1.5824910141118377e-10,0.0
2.80484700873136e-13,0.0
