0.1264822162682411,0.0
0.014814240489693984,0.0
0.014213451159223013,0.0
7.414996055589982e-05,0.0
0.0019106120858567433,0.0
0.00045646945437618705,0.0
2.5396474102444354e-05,0.0
0.004416595506519115,0.0
5.1925537683846e-08,0.0
2.518282200075534e-09,0.0
6.581047810794783e-08,0.0
4.278066530813832e-05,0.0
0.03019545917781702,0.0
0.00024691424794193894,0.0
1.636632537917657e-05,0.0
0.00022985908013385087,0.0
2.845734554111306e-07,0.0
1.6158597866858475e-05,0.0
5.7182754309410997e-05,0.0
0.0006463262990716812,0.0
3.361367313214119e-05,0.0
2.062223288771175e-07,0.0
4.4106429934326314e-05,0.0
0.00017213394678605948,0.0
0.0012167223669016045,0.0
0.0659647701740561,0.0
0.005295930737508519,0.0
0.04131321441836075,0.0
0.0002441559443788033,0.0
1.589764767680963e-07,0.0
0.0009580003559742772,0.0
0.004663131788133288,0.0
0.038002488289142586,0.0
0.01376511316011512,0.0
8.014184894162287e-06,0.0
0.00701560049449784,0.0
0.0005616779467084088,0.0
0.00047321618502023935,0.0
4.849375905875172e-06,0.0
2.1652359151136422e-10,0.0
7.679085071338341e-06,0.0
3.516640916575141e-06,0.0
6.391003457896109e-06,0.0
1.1581697179139527e-06,0.0
0.0009054077162953003,0.0
0.0002325020057560871,0.0
5.7745690222471285e-08,0.0
0.0008723056421090794,0.0
8.476066905248242e-09,0.0
0.24667091999377316,0.0
1.7897721651178004e-06,0.0
1.0988703270070109e-07,0.0
9.644315349673638e-05,0.0
5.100549794210195e-09,0.0
0.005889119613586286,0.0
1.4135824825066666e-05,0.0
0.03774567389293276,0.0
0.053777020753883,0.0
0.09787855831996092,0.0
0.0007394299947050562,0.0
0.054057176744383324,0.0
0.0011268109152686068,0.0
8.777250118978736e-07,0.0
1.2839031425391137e-05,0.0
0.0005899526069028015,0.0
0.0001098413133101497,0.0
1.3966964560777238e-08,0.0
0.047981635979949276,0.0
0.045804415370975834,0.0
0.0004797167372102439,0.0
0.05132884448055455,0.0
5.882004060002213e-05,0.0
4.81802400814811e-06,0.0
4.0570269338281e-06,0.0
0.004043202105522555,0.0
1.729916781885708e-05,0.0
0.0008954684786562718,0.0
0.002185771774832078,0.0
5.699313382326683e-09,0.0
0.002492171036727444,0.0
2.023470044633513e-05,0.0
0.00503742167581993,0.0
8.260233709340586e-07,0.0
0.0013713957713736321,0.0
8.775473728818536e-08,0.0
9.333227882834424e-08,0.0
2.673371036965853e-06,0.0
0.006115326587177968,0.0
0.40623750380566576,0.0
5.523962726111683e-09,0.0
0.00018157273585516547,0.0
0.0020858369381848447,0.0
0.0012145186429572247,0.0
0.011287633536471811,0.0
5.793682289143966e-06,0.0
3.602607487983851e-08,0.0
4.502148938149151e-16,0.0
1.4180181588929721e-05,0.0
0.2715599225459567,0.0
0.0017051874925396453,0.0
1.3873614407386503e-13,0.0
0.001197509269369214,0.0
0.0015631751497426774,0.0
0.0011071249366708326,0.0
1.961377176504231e-09,0.0
2.125144738637879e-05,0.0
0.0022293845109231224,0.0
8.813823824841697e-09,0.0
1.924352500012985e-05,0.0
0.0005183646435244346,0.0
3.499294598173699e-05,0.0
2.2080771927007075e-06,0.0
0.00012248403041263908,0.0
0.0003636986281497989,0.0
0.23857329009309586,0.0
1.3902009191844253e-05,0.0
4.7483347975237335e-05,0.0
0.00037924678345611923,0.0
4.052647717795418e-08,0.0
3.740678474134771e-11,0.0
1.8259454934396257e-06,0.0
9.929999947099712e-05,0.0
0.0025126726720250355,0.0
0.001635019665020149,0.0
6.572989785141903e-10,0.0
2.5518433474647117e-07,0.0
2.992264851871118e-13,0.0
0.14906431401137082,0.0
5.0282060699747614e-05,0.0
1.673355566081798e-05,0.0
0.010676923785826476,0.0
0.04045933332243786,0.0
0.010230610238110036,0.0
7.159684261452069e-05,0.0
8.49743511153718e-07,0.0
3.07478071959964e-07,0.0
4.170459829163811e-05,0.0
0.013842056766239228,0.0
0.0009334683981601203,0.0
0.00023369584168055201,0.0
0.026211058623229415,0.0
6.400032072163901e-07,0.0
0.0003948515108252411,0.0
0.00018891090246679761,0.0
0.0009543610513720145,0.0
0.022820240931519048,0.0
0.00012675946233140284,0.0
0.002718198817984145,0.0
0.056025219978956375,0.0
0.09765474413284347,0.0
5.010851221566669e-08,0.0
0.018203426026202948,0.0
1.3611490327594967e-07,0.0
1.0508392675347338e-08,0.0
0.3478847379866545,0.0
0.0032542054731928838,0.0
1.1537342799618124e-05,0.0
0.016898982081743744,0.0
1.116657608581001e-05,0.0
0.000358144228011638,0.0
0.004969761873858306,0.0
0.16325011231678377,0.0
0.03132442808505111,0.0
0.00013212999362827174,0.0
9.422750734836898e-07,0.0
0.01791755958196893,0.0
0.0001668037852566537,0.0
0.09208821867231315,0.0
3.667709572795823e-07,0.0
1.665408833727717e-05,0.0
2.156061980796622e-08,0.0
2.339736573778802e-07,0.0
0.03145236075393829,0.0
0.0006127391084155602,0.0
0.00017628440508864416,0.0
0.0002607683318475524,0.0
9.914359256381948e-07,0.0
2.3946196949652923e-06,0.0
0.03010630997985581,0.0
8.533162618366338e-07,0.0
0.0003723325587209859,0.0
0.15446699628059365,0.0
0.06028055487038336,0.0
5.4637370828425023e-08,0.0
0.0025234174182052847,0.0
3.290522507675854e-08,0.0
1.1954236446008039e-11,0.0
0.0016573637657841716,0.0
0.003819635356362639,0.0
2.266328057341903e-06,0.0
9.799220394591109e-06,0.0
6.0611097915818e-10,0.0
9.249149008688017e-10,0.0
0.00010230853694053278,0.0
0.02006785234087741,0.0
0.04928060029252373,0.0
2.3015652134724757e-08,0.0
0.0009233942616315805,0.0
0.009159616854080762,0.0
5.622069471539722e-05,0.0
0.005285615666030549,0.0
1.5814317539007023e-07,0.0
0.0037834738979185614,0.0
5.1366170458642936e-08,0.0
7.016637370343056e-07,0.0
1.8066677888645564e-07,0.0
0.0013722151929289816,0.0
0.010717524395570135,0.0
0.0003993032750765977,0.0
4.0324897707686557e-13,0.0
0.0012468538628864826,0.0
7.870651346992784e-09,0.0
0.22678099489511536,0.0
5.424784915955935e-10,0.0
0.0006504994025822229,0.0
0.0016444518495812538,0.0
0.04425112796866072,0.0
3.376618635029927e-10,0.0
7.834149968185929e-11,0.0
0.10458389041494565,0.0
2.859719967181434e-06,0.0
1.2203404694023915e-09,0.0
0.001040860348743022,0.0
0.02294671281683313,0.0
0.004879009089549191,0.0
2.62256064666288e-07,0.0
4.25951969581842e-06,0.0
0.14286193717098056,0.0
0.0008805863233502439,0.0
0.001452861035874085,0.0
0.0005508827188796256,0.0
0.015120067867668476,0.0
0.014713844662459435,0.0
0.00024560540625491245,0.0
0.00912630296286088,0.0
0.0003031167799217525,0.0
0.095155007745554,0.0
0.0004978733817931449,0.0
1.0667646890007885e-09,0.0
3.80012180559876e-05,0.0
0.02032151943282898,0.0
2.9635378831779634e-07,0.0
0.013042481920020502,0.0
0.007974467554286532,0.0
0.002690694372060687,0.0
7.744712698134877e-05,0.0
5.029412981926159e-05,0.0
3.471093099949186e-05,0.0
0.007935464359192445,0.0
0.0028978535260652622,0.0
4.285782736731417e-09,0.0
2.244936201562197e-05,0.0
0.0001545260751945817,0.0
4.24785025069176e-06,0.0
2.933228356186087e-08,0.0
0.04390987941817273,0.0
0.001738866299591104,0.0
8.505640210889485e-07,0.0
0.0012472906257060662,0.0
2.5963255465642874e-05,0.0
0.0004471271608553015,0.0
3.2797877167535284e-06,0.0
0.049330652494593515,0.0
8.657558375475325e-08,0.0
3.2545033844493084e-07,0.0
0.0003360163264748957,0.0
0.008925458138097562,0.0
2.1127961949699956e-07,0.0
3.1636254506030653e-06,0.0
1.927492475792563e-08,0.0
0.0038531747310605545,0.0
5.861754125857837e-05,0.0
0.003145838762214905,0.0
5.60882168472683e-11,0.0
0.0006282169644162039,0.0
0.00012655642304153507,0.0
1.9299154176135868e-08,0.0
0.022590492943215714,0.0
4.1574405910356785e-08,0.0
8.104668209673293e-05,0.0
0.0037119568634157913,0.0
0.010649400303431852,0.0
4.4112913477695073e-07,0.0
0.0001719060067864943,0.0
0.027685225545785837,0.0
5.631220340633614e-06,0.0
3.989984142141557e-05,0.0
0.00278456593202609,0.0
3.4712813245772264e-09,0.0
7.231880559763204e-08,0.0
3.507684190771951e-05,0.0
0.0007406145043032053,0.0
0.023049381481373483,0.0
1.3558442925548257e-05,0.0
5.431389467997959e-07,0.0
4.918571696501975e-07,0.0
0.007446480393483882,0.0
5.999868469853975e-07,0.0
0.001357309597794434,0.0
3.774241753697428e-11,0.0
0.02857737880975679,0.0
1.0913380327257486e-06,0.0
0.0057651028176376705,0.0
1.592978495119097e-08,0.0
0.0019901778998418587,0.0
0.07111208866552055,0.0
9.016478057127133e-05,0.0
0.00015017529072646211,0.0
4.546762451287876e-06,0.0
4.050746547668234e-08,0.0
4.568087060940759e-09,0.0
0.004798542270926482,0.0
0.001038259903985321,0.0
9.9085012395964e-05,0.0
6.860326015442003e-06,0.0
0.00032021138982126434,0.0
4.305924060804701e-08,0.0
0.0031233889365203603,0.0
7.00845399701556e-07,0.0
1.715936869259981e-05,0.0
0.12930406902448044,0.0
4.2610684599103765e-08,0.0
0.0006641925493616842,0.0
0.06150242089403678,0.0
4.959306636859524e-06,0.0
0.07403466802302056,0.0
0.13668459251416923,0.0
0.005074745959256701,0.0
0.0007894855733645743,0.0
2.586204275434218e-05,0.0
2.7213496859475414e-08,0.0
0.02346225767339516,0.0
3.956957915912251e-12,0.0
0.0016237466570315712,0.0
3.068891479072016e-06,0.0
8.441631571201213e-09,0.0
0.0004149812320769899,0.0
5.791992559972041e-06,0.0
0.013791867914448398,0.0
0.0006876032602100591,0.0
0.00014725636302794203,0.0
1.6871159511511516e-06,0.0
7.085308902791402e-05,0.0
0.021990486468332605,0.0
4.071762785315693e-05,0.0
1.2868938109409362e-06,0.0
0.6141026959707048,0.0
0.0008872019807874775,0.0
0.0009839204991442657,0.0
0.0004786551645753345,0.0
3.221662366918284e-06,0.0
0.0001617632127667089,0.0
0.007444176118696868,0.0
0.00011490795165333154,0.0
5.961214235320892e-08,0.0
0.007176448353794829,0.0
2.6077726758784167e-06,0.0
4.716027677992811e-06,0.0
0.019032658516413715,0.0
6.935333395963404e-06,0.0
1.2595181718194543e-06,0.0
0.013380738415839274,0.0
0.0009105172116561083,0.0
0.005728558014227045,0.0
0.00043755125174616374,0.0
0.07424567454848442,0.0
2.2582502005681777e-05,0.0
2.486839214157717e-06,0.0
9.18091133963862e-06,0.0
0.009660340124571324,0.0
5.889713832516815e-08,0.0
0.007615162557223814,0.0
0.0005216741347529408,0.0
1.2429801206688181e-08,0.0
0.09557457781440507,0.0
0.00022578111682943337,0.0
0.003086732266749342,0.0
0.004138455318404802,0.0
7.037185626351642e-08,0.0
0.00858744834448115,0.0
0.04948160594426474,0.0
2.795638300806319e-07,0.0
0.00824606995480441,0.0
0.007862114893868108,0.0
0.025638498123280173,0.0
0.0009555315530978383,0.0
3.591718235700926e-08,0.0
0.0001302226121127411,0.0
1.2287084487583127e-06,0.0
0.00031342889102737166,0.0
4.334660300962021e-06,0.0
0.010118138892673134,0.0
2.0670048802923512e-20,0.0
3.432491204994281e-05,0.0
5.698465489556719e-06,0.0
0.0019814491307873217,0.0
0.00071476604139926,0.0
0.004042563238976563,0.0
0.00022306495980480075,0.0
7.547132271215352e-10,0.0
1.5926405671394195e-07,0.0
0.0005987412615748482,0.0
0.0032231348173908125,0.0
0.0019105425976912141,0.0
1.7112793703108786e-05,0.0
8.688516910075167e-09,0.0
4.829615343773111e-08,0.0
0.009296859218727915,0.0
0.031173641930529565,0.0
2.109281228035922e-08,0.0
9.83106300953531e-11,0.0
1.7674745560237663e-06,0.0
2.8713240688333836e-07,0.0
9.371529348300816e-10,0.0
0.0006340666071227104,0.0
0.0007871067145043356,0.0
0.00339757920104945,0.0
2.6541521733838105e-10,0.0
0.0016766428586683971,0.0
0.0012989620272963948,0.0
6.383574344916844e-06,0.0
0.0011512897863078385,0.0
0.0011703497544711054,0.0
0.004414841169532337,0.0
0.00043760972099859984,0.0
4.494733400387766e-06,0.0
0.0006528564514439261,0.0
4.186012329392424e-09,0.0
4.247392894889021e-06,0.0
1.8714074052224592e-07,0.0
3.92887065296319e-08,0.0
0.00012126741536263504,0.0
3.072105962824205e-05,0.0
0.03301404069371865,0.0
1.6248298623372195e-07,0.0
0.0027402481696020974,0.0
1.919257059959287e-05,0.0
3.57950625308544e-05,0.0
0.004226064468777079,0.0
0.0018761974445869597,0.0
6.732918435979212e-11,0.0
7.259139894573564e-07,0.0
0.7025768005855991,0.0
9.107436372512138e-09,0.0
6.415255543860285e-05,0.0
0.0340204979382918,0.0
1.9294962329746636e-10,0.0
1.8994675993703046e-05,0.0
0.0005025826744274171,0.0
0.05879856090362273,0.0
1.61587037956738e-08,0.0
0.0022664663833808145,0.0
8.013607745474915e-06,0.0
0.07542292913041129,0.0
0.0023163701448113143,0.0
0.000859150316275986,0.0
2.920836612194674e-06,0.0
9.226204251501559e-05,0.0
1.1100407459553296e-08,0.0
0.00038981043531791603,0.0
0.0728771463392649,0.0
6.057372284323512e-08,0.0
3.2421146341825436e-08,0.0
0.13992535418464488,0.0
9.850597765370665e-08,0.0
0.07463831506061977,0.0
1.2970792226341836e-09,0.0
0.0001308858328418978,0.0
0.01882521306530202,0.0
2.2399279929815728e-08,0.0
0.0015519782956333501,0.0
1.8117428306374097e-08,0.0
3.150841198505586e-12,0.0
0.0004489993892107522,0.0
1.7930610704528078e-05,0.0
0.0012066715209940824,0.0
2.608528982879973e-07,0.0
0.004859506206079494,0.0
0.00010587323611571684,0.0
1.360108619492378e-06,0.0
0.027424511066314522,0.0
3.903136555389866e-06,0.0
9.031605497266083e-07,0.0
2.0336316037777816e-05,0.0
0.00011552263272206243,0.0
6.054206341628655e-05,0.0
1.1629303563201529e-08,0.0
0.06548815533890187,0.0
1.1557129214982728e-05,0.0
0.001913982769542782,0.0
0.0002800009291739882,0.0
0.0006197935271668064,0.0
0.08481302447057323,0.0
0.03083945801589453,0.0
0.01793228907726134,0.0
0.00029460445649498267,0.0
0.0005192187872297965,0.0
0.05600327912286011,0.0
0.1272684757998721,0.0
0.00022383451908813363,0.0
0.0003062455546037773,0.0
8.069921897146761e-07,0.0
4.298186664402227e-06,0.0
3.0203306316244843e-07,0.0
4.578062304434254e-06,0.0
0.017283401823538793,0.0
0.0011404766283888018,0.0
0.007524428777719095,0.0
4.003064089166253e-06,0.0
5.322272833659179e-08,0.0
9.989328469681866e-07,0.0
5.73389216512474e-09,0.0
0.00013689147846432468,0.0
0.0007131833681514953,0.0
0.015488450011722806,0.0
0.002401032451385629,0.0
4.643496797190353e-08,0.0
0.03651796737981231,0.0
6.482396313099842e-08,0.0
2.919947986267845e-07,0.0
0.00030309990829082697,0.0
1.1296370664924863e-06,0.0
0.01616581075141953,0.0
0.0041664023939389,0.0
4.01044892117496e-05,0.0
6.216958987246068e-07,0.0
0.003856562254616839,0.0
6.158672022727288e-05,0.0
2.7046817127581104e-06,0.0
0.006255900019001706,0.0
0.000574549855404836,0.0
0.013262922212639257,0.0
1.9513578455781715e-06,0.0
0.00022989648637268198,0.0
0.018190869772249076,0.0
2.253965011546577e-05,0.0
1.5507091267996278e-12,0.0
0.002280080166059129,0.0
0.0009931844830355116,0.0
0.00010528105417834205,0.0
0.012995534701454136,0.0
0.0008735801362332478,0.0
5.1468202665244905e-11,0.0
0.008416666599059082,0.0
0.01166052674915693,0.0
2.6307722669176164e-07,0.0
1.8804661402965859e-07,0.0
0.007483020377830702,0.0
0.003909472621902667,0.0
0.0036017211334464774,0.0
0.00016478780460000813,0.0
1.373675614805457e-05,0.0
8.320260138582938e-11,0.0
1.3651068601950662e-05,0.0
1.3137125916091448e-08,0.0
9.715653128751185e-06,0.0
4.852416352974668e-09,0.0
5.911094757089536e-06,0.0
7.22837866577438e-05,0.0
0.0033350189554717993,0.0
6.792078991261136e-06,0.0
0.0006673967415913673,0.0
1.6084422828747502e-06,0.0
0.007905165833152825,0.0
0.023812726532291474,0.0
0.004724782070560234,0.0
0.012694810713343862,0.0
3.479267397152762e-07,0.0
0.0001125887480020979,0.0
8.48507631739316e-05,0.0
4.136975008059176e-05,0.0
0.0009785287883753342,0.0
0.010646788339794265,0.0
3.7910560259709433e-06,0.0
0.00026065061037532225,0.0
1.0734129056282148e-05,0.0
2.1801692544005257e-05,0.0
0.07470823307846675,0.0
0.0014446963344344685,0.0
6.151851914129877e-07,0.0
2.2956573871249446e-06,0.0
7.965387191017392e-07,0.0
0.0003388276554751292,0.0
9.036920436083948e-08,0.0
0.002239777617260166,0.0
3.277518944856552e-06,0.0
0.008474470083865543,0.0
2.5076162501477725e-07,0.0
0.00017094241898617127,0.0
1.2855712428688043e-05,0.0
2.6601786383169514e-06,0.0
3.2409141560601346e-07,0.0
0.0034867569969383077,0.0
0.0062346357612706295,0.0
1.7708186620802148e-11,0.0
0.0007865083747844026,0.0
2.156832683513512e-05,0.0
6.620739349697739e-08,0.0
0.04581990850540995,0.0
5.903719147923771e-09,0.0
2.0323234069414464e-05,0.0
2.9595874778138257e-07,0.0
5.330099986868148e-07,0.0
7.099985225882846e-06,0.0
0.0012920734612002615,0.0
7.2734086147505515e-06,0.0
0.02080179490393058,0.0
0.05274567593069413,0.0
4.907567290101468e-10,0.0
9.855960291323066e-06,0.0
5.61827923332648e-07,0.0
1.063859594242752e-06,0.0
1.974415560186899e-05,0.0
3.026937325798133e-06,0.0
0.0204911768610563,0.0
1.5299749431071186e-09,0.0
5.027054710976532e-06,0.0
1.4012979199277646e-07,0.0
0.09585738180706486,0.0
9.143984727316371e-05,0.0
6.707626191980466e-06,0.0
0.011874350456214466,0.0
0.008113717463977725,0.0
0.06369473937535922,0.0
0.015067690196552517,0.0
1.8653283330609074e-10,0.0
0.007532264310275029,0.0
1.2521946576776435e-07,0.0
0.0003331805781835039,0.0
1.758996428289753e-10,0.0
6.841856240959889e-08,0.0
1.0910712850275082e-07,0.0
0.0002146683306828577,0.0
0.11663431501634172,0.0
0.0006687207277913178,0.0
3.086764552730167e-08,0.0
0.012692983464852205,0.0
0.0025923091253818773,0.0
0.0026314256683508935,0.0
0.0014455111314613117,0.0
2.2932498956520315e-09,0.0
0.011427118210896715,0.0
0.00024178842357656878,0.0
0.000162028704997849,0.0
0.019953801249097698,0.0
6.140152179471933e-05,0.0
0.001824871306924719,0.0
6.747852574542146e-08,0.0
0.027738613010069493,0.0
1.0732370778803957e-08,0.0
0.00025351002445242644,0.0
3.8727129776680725e-05,0.0
0.0010680081321880087,0.0
1.0097798844558538e-06,0.0
0.018009647160849865,0.0
1.7904387647298831e-12,0.0
0.0007759776660922579,0.0
6.472992557796171e-05,0.0
1.9540514943593628e-05,0.0
0.007531475759618744,0.0
6.306759455041665e-06,0.0
9.200135593088088e-08,0.0
0.00011158691274021602,0.0
0.012531345289116874,0.0
1.7069481135344072e-05,0.0
3.6961401249152347e-09,0.0
0.0002872185391256524,0.0
0.0009403114108719587,0.0
0.0005338741464892098,0.0
8.064345163730592e-08,0.0
3.83746503630676e-10,0.0
0.007623361830417239,0.0
0.00020901470703145906,0.0
0.0001985633363310985,0.0
0.005696851801641925,0.0
0.03668533600344618,0.0
0.0007699702313619197,0.0
0.00030748396545943305,0.0
1.233992261750187e-05,0.0
8.930643544513781e-09,0.0
5.696777577331406e-07,0.0
0.0024790071295236775,0.0
1.748379891702688e-07,0.0
0.004626791654460061,0.0
4.660623685924464e-07,0.0
7.652834577268338e-06,0.0
0.010800786649366246,0.0
8.512521021071814e-08,0.0
1.0993576326491782e-05,0.0
0.005709561214458202,0.0
2.04318263189092e-06,0.0
0.002988531481764993,0.0
0.0007715179687682508,0.0
0.006855034790030151,0.0
1.5373842269861033e-08,0.0
4.70420718371049e-06,0.0
1.3969922205796556e-05,0.0
0.0008749277612895523,0.0
0.0019542961464214283,0.0
0.00022785545305766057,0.0
0.04898890992187136,0.0
1.531567763676352e-05,0.0
0.14482695511121463,0.0
0.000592748059561588,0.0
1.5276974296544715e-05,0.0
1.4753202189807576e-10,0.0
0.00015785580739399166,0.0
4.146146600120947e-06,0.0
0.02269639043829058,0.0
2.7530447819026087e-08,0.0
0.01381601821640819,0.0
1.6072009197434424e-05,0.0
7.943381078363608e-09,0.0
2.2360368538926237e-05,0.0
7.821861547211701e-10,0.0
2.8825082485724212e-08,0.0
1.8149452789377347e-05,0.0
1.8383075224752291e-06,0.0
0.0021857993187236946,0.0
0.011181259015709825,0.0
0.0009532011076616532,0.0
1.6540905595409047e-09,0.0
6.850842671574311e-08,0.0
0.0040656344738764566,0.0
0.0007592705646035455,0.0
6.413588592677784e-06,0.0
0.00048641307902955714,0.0
0.01003223035939859,0.0
6.807891967988386e-05,0.0
0.011902168454607545,0.0
3.9824969158198495e-06,0.0
2.0388176760320995e-05,0.0
0.00025224017460629723,0.0
7.085895378420626e-05,0.0
0.004159973512312448,0.0
3.7320059627356903e-06,0.0
1.326334466898825e-06,0.0
3.4096371916582524e-08,0.0
1.5727627971893142e-06,0.0
0.010846358936238856,0.0
3.956186976420397e-06,0.0
7.343704722702782e-07,0.0
0.0006733355520208667,0.0
2.215677771021244e-06,0.0
0.00026258758193076274,0.0
0.0013516311242345999,0.0
0.0012741962129750968,0.0
0.018701188148176954,0.0
0.0026541697467216087,0.0
1.652401855063496e-05,0.0
0.002382703385194344,0.0
0.000927903201037112,0.0
0.0021800776621210545,0.0
0.0010993317583674654,0.0
3.236938763132095e-07,0.0
0.02207548237014011,0.0
0.00018533711782317447,0.0
0.0003466417004990914,0.0
1.5644645898178016e-06,0.0
0.008153034920063437,0.0
0.005927594554862018,0.0
0.013218390211386653,0.0
3.424351353749852e-07,0.0
3.1351777359110325e-07,0.0
3.417545902509492e-08,0.0
0.00024912120255588053,0.0
1.8797931170317803e-08,0.0
0.011460327198933537,0.0
2.5654284960274223e-06,0.0
0.0036612998662335443,0.0
2.933315250440508e-05,0.0
0.00022002660757404412,0.0
0.0022806407713740913,0.0
7.566690096440858e-06,0.0
2.0921443119327383e-09,0.0
0.03352085257093916,0.0
4.3382741357497004e-07,0.0
1.6630138999895678e-05,0.0
0.03403975609421177,0.0
2.99439530279828e-08,0.0
0.007561975965491409,0.0
1.5071845948017808e-06,0.0
1.4760417562489121e-08,0.0
0.014023896475100463,0.0
3.2876862055662824e-05,0.0
1.2258959685536182e-10,0.0
0.011787838405101113,0.0
2.129074774339273e-05,0.0
8.676787310397417e-05,0.0
0.03531052393591657,0.0
8.722346365914934e-05,0.0
0.030120570909838926,0.0
3.985632919134833e-06,0.0
0.001081557929017568,0.0
3.425036418287245e-08,0.0
0.0001003864255973726,0.0
0.049383630910939356,0.0
0.01553590020361216,0.0
3.9136934875416553e-07,0.0
0.0005917698702981877,0.0
0.0014801770398655404,0.0
2.265422981907834e-08,0.0
2.123725376384982e-05,0.0
1.4366094622237152e-09,0.0
0.009471412167372868,0.0
0.07142902553869517,0.0
0.00812156128867161,0.0
0.0022673001671886413,0.0
2.751349043241321e-08,0.0
0.00016304446852408974,0.0
1.3451276315705126e-10,0.0
4.913435293244066e-05,0.0
1.6253020291982305e-07,0.0
1.727615468632594e-07,0.0
0.47318751945881105,0.0
4.1228974816888305e-08,0.0
0.0509333211306607,0.0
0.00014244594071736484,0.0
0.019797011538151995,0.0
7.386565538168858e-09,0.0
0.0013178517475652305,0.0
0.0002698762532111556,0.0
1.4871950769725482e-10,0.0
0.007238261303041358,0.0
2.5903197404858298e-06,0.0
3.6616997191746226e-06,0.0
1.2727518486529547e-05,0.0
0.0012688203942538097,0.0
0.007148516473819758,0.0
4.879836708138032e-05,0.0
0.010507449459880646,0.0
0.00024374305289111547,0.0
4.710727217017499e-09,0.0
1.7840438095932736e-05,0.0
6.474679492299543e-08,0.0
0.0012611500480029672,0.0
2.4787909860697857e-09,0.0
3.450533348798173e-08,0.0
0.000767440767801465,0.0
0.0053671303011198065,0.0
4.340009632155856e-07,0.0
0.0016257267733350816,0.0
6.0085356137926726e-06,0.0
0.0013846852208921063,0.0
0.03688105335168488,0.0
3.718660560466072e-09,0.0
0.4271017201853952,0.0
0.045309014633994664,0.0
0.23641852024209237,0.0
1.2787108981100102e-15,0.0
0.0002450193552773504,0.0
1.737273186608573e-06,0.0
7.885701958578414e-08,0.0
6.538918200963772e-08,0.0
0.00011982403515926082,0.0
0.00018861352450616833,0.0
1.1838741037411815e-08,0.0
0.0008240011350419485,0.0
0.0009811899143131327,0.0
7.434459196652012e-08,0.0
1.770367404340063e-05,0.0
0.03435293379541381,0.0
0.007514949658569991,0.0
0.0004855320724547353,0.0
0.006482441840634245,0.0
0.0010350027413267137,0.0
0.060147087199191124,0.0
0.00021295544298070474,0.0
0.010554714819165164,0.0
3.1277663564886624e-05,0.0
1.416782036591941e-07,0.0
0.021010814310562943,0.0
0.0009949018849439804,0.0
0.0002790643838868912,0.0
0.0005010897304157123,0.0
0.021338561075611155,0.0
2.121940555293033e-07,0.0
0.00040345005357943605,0.0
1.0163163432144587e-08,0.0
6.732995132997573e-05,0.0
0.004979355085085274,0.0
2.3381195789294745e-05,0.0
0.028838115118878387,0.0
4.527606033593436e-05,0.0
0.00027800230301804003,0.0
0.0014635178615808359,0.0
0.009325203953821503,0.0
6.412263615551523e-06,0.0
0.009558487473829837,0.0
0.002598163102927263,0.0
9.323244510817806e-06,0.0
0.0033969634612277012,0.0
0.017691493257678485,0.0
1.7159947151937246e-05,0.0
0.4222733163216492,0.0
0.00030608330020926784,0.0
0.0004654465125066549,0.0
6.880756318615682e-22,0.0
0.03439495567883013,0.0
7.034818606615126e-08,0.0
0.001652097379723811,0.0
9.641170654640744e-05,0.0
0.0005902764324518718,0.0
2.570604285702891e-06,0.0
0.012911767523295831,0.0
3.5130951417046224e-10,0.0
0.5345062596366115,0.0
1.8224266804598912e-05,0.0
1.558417920150329e-05,0.0
6.797978468582482e-13,0.0
3.6256862586630983e-09,0.0
1.4804180228757089e-08,0.0
8.320530012820929e-08,0.0
0.015652250087935807,0.0
7.638063417630577e-05,0.0
0.013553316752806297,0.0
0.0004639317565210343,0.0
9.182109276878639e-06,0.0
0.0017578807074214353,0.0
0.00010081913267462878,0.0
2.874145455436387e-07,0.0
1.0743668878823055e-11,0.0
0.04038044175903049,0.0
5.86835278081469e-07,0.0
0.0007468043211151815,0.0
0.04308089462757864,0.0
1.9049819560756034e-06,0.0
0.010961004558740387,0.0
5.617508479803416e-07,0.0
9.696207548499346e-06,0.0
0.0004899290143358127,0.0
7.410741206294369e-06,0.0
1.5430835735560136e-05,0.0
1.8332592556572995e-09,0.0
5.476131221724082e-06,0.0
0.00034683821780972455,0.0
0.0033742649784781267,0.0
0.004729828746824678,0.0
0.0002786966009697602,0.0
1.4266292317637093e-06,0.0
2.7651815380124293e-05,0.0
0.042009121682880374,0.0
0.00013581010304627194,0.0
0.0009151781836793099,0.0
1.1057868105884548e-05,0.0
0.003927574797502666,0.0
0.043876340479671566,0.0
0.00011033032028200362,0.0
1.5615638554408174e-09,0.0
0.004963377831748956,0.0
0.006157779446656714,0.0
1.570724900121011e-05,0.0
5.986244008103413e-06,0.0
8.286099978192739e-05,0.0
0.0003061526307263602,0.0
0.0029788493582592,0.0
0.014695126032136097,0.0
3.046466507627582e-09,0.0
0.0025786027928985057,0.0
0.09921907039568408,0.0
1.7113285592242062e-10,0.0
6.354558666782267e-07,0.0
1.5363134581110215e-05,0.0
1.2127009765435834e-06,0.0
5.572065302490403e-05,0.0
0.0017213374686436403,0.0
1.591917366128837e-05,0.0
9.335604211410879e-06,0.0
6.311912845260174e-06,0.0
6.1596679062314165e-09,0.0
8.750927279135452e-08,0.0
0.004665347224805521,0.0
0.00020358233132787858,0.0
5.479459602876501e-07,0.0
3.249335822327379e-05,0.0
4.160397438309851e-05,0.0
0.002332734673695684,0.0
7.893187759364887e-06,0.0
0.04816176903498567,0.0
0.00022555039046659757,0.0
0.02894822698404688,0.0
0.030340361248277128,0.0
1.5319748632916688e-07,0.0
4.793382454689476e-08,0.0
8.84849988524622e-08,0.0
2.420915254114347e-05,0.0
7.803062719578808e-08,0.0
5.310821498357369e-05,0.0
8.216282250728605e-05,0.0
1.5004553698489921e-05,0.0
0.00010365005455333745,0.0
0.020560159684090685,0.0
5.171255737846447e-08,0.0
1.9599714800093395e-09,0.0
0.0004707807602821468,0.0
0.011304633230114769,0.0
0.23598783234984178,0.0
3.4251593994167656e-05,0.0
0.023583380925862152,0.0
0.0034530216747569887,0.0
1.1832569469845004e-05,0.0
2.5703400459003945e-09,0.0
0.0028254612161570086,0.0
5.5086602020893796e-09,0.0
0.131117888515841,0.0
8.211536814290293e-09,0.0
7.64186983581378e-09,0.0
1.8863783843172289e-06,0.0
2.258881870478848e-06,0.0
2.4684875738120394e-06,0.0
5.727736479246346e-06,0.0
0.00013878376233192842,0.0
0.005752784705209265,0.0
2.0447967461114448e-08,0.0
5.846503798148093e-10,0.0
1.063006153357414e-06,0.0
2.326962166482039e-05,0.0
6.777574839756001e-09,0.0
1.2079234271003317e-05,0.0
2.341404012492912e-07,0.0
0.010869961208026857,0.0
0.012488145002823524,0.0
1.2638315591420918e-06,0.0
0.0015808377458879674,0.0
9.036496956644827e-12,0.0
0.0002037869572074822,0.0
0.0036544159075325234,0.0
0.09933650818114936,0.0
8.458264109747459e-11,0.0
0.013586270739807085,0.0
0.001018087543962344,0.0
0.0004515520536209517,0.0
4.759236126406374e-05,0.0
0.0004106938163862941,0.0
2.3568929752123654e-06,0.0
0.07491697180519452,0.0
8.853411530153094e-06,0.0
9.40889281550768e-06,0.0
5.202767854701954e-07,0.0
0.060749798012102146,0.0
0.013275944886926804,0.0
8.694586382675912e-06,0.0
5.236988767006976e-08,0.0
2.4330304882181714e-06,0.0
0.001980386468446863,0.0
7.368614754989425e-11,0.0
0.00029563587683766816,0.0
0.0005422546275196962,0.0
0.06305549526323465,0.0
1.6707462144011737e-05,0.0
0.0037740762432455317,0.0
1.9860154369107826e-10,0.0
0.007585118352796006,0.0
8.944440761747895e-05,0.0
1.0292764305819261e-09,0.0
1.77276006347197e-06,0.0
0.00861289149414163,0.0
3.617928068859849e-07,0.0
0.0011304484057304699,0.0
1.596743391237365e-05,0.0
5.8413749276180776e-08,0.0
4.030895490800929e-07,0.0
0.023110063698530768,0.0
5.472297997422618e-06,0.0
8.223370835828968e-08,0.0
0.0012643583671826954,0.0
0.009995486740818448,0.0
0.00022243586904886108,0.0
2.4742809210191352e-06,0.0
5.14670898539201e-06,0.0
0.00019987930562076958,0.0
4.296150917428993e-06,0.0
0.0001457066033100944,0.0
0.07446578869227433,0.0
0.0035494809580134718,0.0
0.004811608218972857,0.0
0.0013843888735472684,0.0
4.428067692230028e-06,0.0
1.349078625780355e-07,0.0
5.734178793229102e-07,0.0
3.6611704506080815e-06,0.0
0.006877747321174025,0.0
1.6792129930925625e-05,0.0
0.05697156717325092,0.0
0.01078525448553568,0.0
0.00021657633388633563,0.0
5.1611425883702935e-05,0.0
5.539520424191812e-07,0.0
2.4578279002212954e-06,0.0
0.0001282703207931598,0.0
0.0002524947106289369,0.0
0.3178490774035079,0.0
0.00034626296488523905,0.0
3.375467492462404e-05,0.0
1.112594317181168e-11,0.0
6.994106428353213e-09,0.0
0.03214315153583523,0.0
0.04446777943097248,0.0
1.3633423906982825e-06,0.0
0.007607174381953665,0.0
1.6420866150592904e-05,0.0
0.024699507978194767,0.0
5.313391567667931e-06,0.0
0.0008020514330634313,0.0
8.855300953387873e-06,0.0
0.00042616435875880633,0.0
1.554879265458645e-05,0.0
0.001069086624959585,0.0
1.2099187292309175e-05,0.0
6.023794119188938e-11,0.0
1.6422116497603607e-08,0.0
0.0019901277781976152,0.0
9.423534973526288e-05,0.0
0.0017499074435619155,0.0
8.410906284879343e-11,0.0
0.0007198400826432766,0.0
0.0012408555554422956,0.0
0.00016981882743521257,0.0
0.00015161087473448363,0.0
1.6620173223663044e-07,0.0
1.0358346905803956e-07,0.0
0.03451615769795368,0.0
1.2494861408862915e-05,0.0
0.0038936676184979178,0.0
0.004612534385898638,0.0
1.0372726062889151e-05,0.0
2.355305093298259e-06,0.0
0.07860661136900084,0.0
2.8633888573721686e-06,0.0
9.171211694396276e-08,0.0
0.0057022500853802375,0.0
0.07344580685848161,0.0
4.98888446143987e-09,0.0
2.600111782064974e-07,0.0
5.785904655817134e-06,0.0
0.00032496772746399644,0.0
0.00026284245433710966,0.0
0.00039910276815877853,0.0
0.00894174090916396,0.0
0.00020058511445237922,0.0
5.555550900537039e-09,0.0
1.606407623267391e-11,0.0
5.329296480240537e-09,0.0
1.3054180818177047e-09,0.0
8.316186590667494e-12,0.0
6.510904456791219e-05,0.0
2.5815864164494398e-05,0.0
0.0008037495817341555,0.0
0.04282218637209029,0.0
0.0004857234189186914,0.0
1.5288672087973716e-06,0.0
2.108710623183429e-07,0.0
2.3686409389766463e-09,0.0
0.09670127117541084,0.0
0.1292392808531904,0.0
0.038315591830871215,0.0
0.0004648796763736937,0.0
0.0008698753926778167,0.0
0.0001569907449876702,0.0
5.891009022463495e-06,0.0
3.571425252852534e-07,0.0
0.062333022326620094,0.0
0.0002265253393895108,0.0
0.00011606652852221968,0.0
0.0001989842987473317,0.0
0.0006798959741141985,0.0
0.004357107151110395,0.0
5.831699922872991e-11,0.0
8.676282994727156e-05,0.0
0.00022882427592911647,0.0
0.10706605009217224,0.0
0.011366682941722888,0.0
3.3835377257245795e-10,0.0
1.2893745490268468e-08,0.0
2.246381929998357e-07,0.0
7.078938042671574e-09,0.0
3.0759615790797807e-06,0.0
0.00023511306496217278,0.0
0.00021152532427159003,0.0
0.0002468676019845108,0.0
8.079193637226132e-06,0.0
0.001184548672141996,0.0
1.3036959695266954e-08,0.0
0.001961349385008288,0.0
6.16247750998598e-05,0.0
6.147654713178049e-06,0.0
0.005074439177906936,0.0
0.0032199562883900587,0.0
0.002446529544185788,0.0
0.003965672003522197,0.0
1.7120184069878087e-11,0.0
0.00413240999804754,0.0
0.00013441778783287835,0.0
1.2227739427461817e-12,0.0
0.0003911851744262862,0.0
7.267202212849105e-05,0.0
5.8449662068324313e-08,0.0
6.154149633058226e-06,0.0
0.036963794136247986,0.0
0.020515507339452246,0.0
8.173141029136801e-10,0.0
0.004484478749661566,0.0
2.27650710844436e-05,0.0
1.1197611053249086e-26,0.0
7.924048321583804e-05,0.0
2.459887902654677e-06,0.0
2.052824879136344e-07,0.0
0.0007574052212099697,0.0
0.00028743405082180855,0.0
1.066865788949954e-05,0.0
4.635114924861548e-08,0.0
1.1709701008533947e-05,0.0
0.026576767890519725,0.0
0.017673900724628305,0.0
0.0031515582499837555,0.0
8.428318034389073e-05,0.0
1.3745939619887605e-09,0.0
3.4519329246736087e-07,0.0
0.0007649915515846873,0.0
9.079934714745715e-05,0.0
0.003340909683543849,0.0
0.028092349999489764,0.0
0.00016864080659212492,0.0
7.066484310509485e-06,0.0
0.005668372803015028,0.0
8.53258791934394e-08,0.0
3.852578307423226e-10,0.0
1.2627025818540878e-09,0.0
0.009708602709486812,0.0
9.811864881416452e-09,0.0
0.00044281267018501946,0.0
4.3605519621791064e-05,0.0
1.6100557468088624e-07,0.0
1.7672335658971084e-08,0.0
0.002384092349957189,0.0
0.029959379599794368,0.0
2.4729936940971387e-06,0.0
0.00013307870638693944,0.0
8.85063925095795e-07,0.0
0.017127823209598526,0.0
0.2982984216402536,0.0
0.05163441733290586,0.0
0.00014341409939396901,0.0
5.432731901348698e-10,0.0
7.929358586772204e-06,0.0
0.00011138254142330265,0.0
6.691926472559442e-05,0.0
0.004243292778510552,0.0
0.09495516902398099,0.0
2.8028593986112272e-09,0.0
1.6984221307624122e-07,0.0
0.00020236342494429996,0.0
1.1828934341177264e-11,0.0
0.0008633073953470382,0.0
1.5571805845798108e-05,0.0
5.092802918680363e-06,0.0
2.8445925911659145e-05,0.0
0.0006388834646685903,0.0
0.0009822582523222635,0.0
6.650169006646592e-05,0.0
0.008769932148505976,0.0
2.949434568223916e-07,0.0
5.137070533010423e-06,0.0
0.00012627075251316668,0.0
0.0009320776086672449,0.0
0.06836576332917098,0.0
1.0853517366027042e-06,0.0
0.002797002764388552,0.0
0.0031608742583554405,0.0
0.0014667786244668723,0.0
0.10515402342043217,0.0
0.014214772339572463,0.0
1.7379557107263451e-07,0.0
0.003936144938496728,0.0
0.024845322834991235,0.0
0.00018873604344705263,0.0
3.2913866252717002e-06,0.0
3.092094846823257e-06,0.0
0.003923900049076491,0.0
5.43056376968501e-07,0.0
1.4212233141485392e-06,0.0
0.0005533756514349365,0.0
0.00019508983726421753,0.0
5.184650024901273e-07,0.0
0.0024712015978063297,0.0
0.027934641774555995,0.0
0.001212404257943257,0.0
4.867473485555176e-08,0.0
1.5890671204419823e-06,0.0
0.0008736624003516297,0.0
0.0011260544626133925,0.0
0.11643280635268603,0.0
0.008172692589360209,0.0
7.361333002180743e-09,0.0
0.0031152352083461464,0.0
5.091634791245773e-07,0.0
2.368107519715359e-07,0.0
5.2628566621299995e-05,0.0
9.453397979363698e-05,0.0
0.0004342419521119963,0.0
1.0135394815018658e-08,0.0
4.4211607490762555e-07,0.0
0.0001986284677072797,0.0
1.4329790636750508e-05,0.0
0.011596328243569497,0.0
8.307386785262205e-06,0.0
0.0003381080160075324,0.0
8.416183489710959e-05,0.0
6.04291433114804e-05,0.0
0.025737548313481854,0.0
3.81932590057848e-09,0.0
3.229636387678392e-06,0.0
5.6239929239915504e-09,0.0
5.857176234495321e-09,0.0
2.424123603708549e-06,0.0
0.03987305559810934,0.0
0.0009868788064122834,0.0
8.186582146145887e-06,0.0
0.30879668879805816,0.0
1.3842402889944112e-12,0.0
7.01166558742858e-08,0.0
9.86063385841736e-05,0.0
0.04202551111632366,0.0
0.0020690731652256815,0.0
6.299014830446282e-06,0.0
5.735735381238008e-07,0.0
0.00033807916170235585,0.0
0.0030358919578954385,0.0
2.2295647755693802e-06,0.0
0.03712513331999279,0.0
0.00727797338290883,0.0
5.412689159844759e-07,0.0
4.6343334814018754e-05,0.0
1.630272384811762e-05,0.0
3.196522488161991e-05,0.0
0.0011086127267362193,0.0
0.002475767336956676,0.0
0.0004154791431142869,0.0
0.0002713220765716178,0.0
9.137273118990215e-07,0.0
0.00014073476312225001,0.0
0.0026931967422145213,0.0
5.444810194858498e-06,0.0
0.05808296157802274,0.0
1.0224360182276248e-06,0.0
0.0008045347243401512,0.0
0.0009741514009094964,0.0
0.00715313582139762,0.0
2.0406899219336065e-07,0.0
2.2826959434080802e-07,0.0
0.00016071046652291071,0.0
1.0207054415148463e-07,0.0
0.011685794732119458,0.0
1.7969744587881077e-09,0.0
4.226256068271461e-06,0.0
0.007169052057083609,0.0
0.0006850367244277923,0.0
0.007417431683485994,0.0
5.427186651136355e-06,0.0
3.708367141117986e-05,0.0
0.0001300391038146827,0.0
0.00020158782641099902,0.0
8.02868826863128e-05,0.0
9.942557052839648e-06,0.0
0.005762660810998443,0.0
0.0001359450979470906,0.0
0.02503497385277743,0.0
4.827659451312183e-05,0.0
3.5818480836055085e-06,0.0
6.236730130067307e-08,0.0
3.18103395211512e-06,0.0
0.00013829940161957718,0.0
2.060758096298291e-05,0.0
1.5144617520741376e-05,0.0
0.02992212865533876,0.0
0.018356889483347724,0.0
0.011436521552261047,0.0
0.0015218108659906227,0.0
1.428523906391183e-05,0.0
7.016807923435066e-06,0.0
6.354342587170049e-09,0.0
9.5053179271845e-05,0.0
0.00028938905556529073,0.0
1.8407200830070356e-07,0.0
0.10559450647716327,0.0
4.905398652107903e-09,0.0
1.964056338279895e-06,0.0
1.090054679954737e-08,0.0
6.252688114917116e-06,0.0
0.0012266397073752275,0.0
0.0004269788547973926,0.0
0.0003858752439010319,0.0
0.005489478642299985,0.0
0.0025769587008665725,0.0
0.059079818547232016,0.0
0.001215588004831323,0.0
5.4100200848943306e-05,0.0
0.0003660953363330344,0.0
0.000661458239352729,0.0
0.0016723711750171576,0.0
4.627514368108831e-06,0.0
0.5528857042069257,0.0
2.5059924840461676e-06,0.0
0.010866631106401448,0.0
0.003382209947710825,0.0
1.4545059873914444e-05,0.0
2.0812119076274458e-06,0.0
0.000592045600512623,0.0
0.0002088219118690597,0.0
7.519883643273421e-11,0.0
1.9176568726392854e-10,0.0
0.026614872979694813,0.0
0.0002796257081324997,0.0
0.02980529048555922,0.0
0.0003858084467279669,0.0
4.220015672135266e-05,0.0
5.9768261021546656e-05,0.0
0.000779381687646425,0.0
0.0013212707126106222,0.0
0.0001516664568475467,0.0
6.897291208112699e-06,0.0
0.005128573363924073,0.0
0.000646521690071493,0.0
0.000585237697891781,0.0
0.0003087281227980782,0.0
2.4968496190438215e-07,0.0
1.3666875022473156e-05,0.0
0.0020110326790586074,0.0
0.00205206486434669,0.0
0.014370959337504806,0.0
3.0886272309861195e-07,0.0
0.0001680320287507648,0.0
0.00021826890987220967,0.0
0.0028929569232685414,0.0
1.1412808088324316e-06,0.0
0.00965534793327257,0.0
0.0030457962344497378,0.0
0.001843487103364744,0.0
0.0009773586063383567,0.0
1.668707684947845e-09,0.0
0.0014739420987884633,0.0
0.0018993820307849356,0.0
0.0005028767368266008,0.0
4.632301473797204e-08,0.0
1.9576344561225883e-06,0.0
0.0017524099821400038,0.0
0.0008037621333242095,0.0
1.8245171933865287e-06,0.0
0.002146812726940716,0.0
0.003214757100044651,0.0
0.002255617942457445,0.0
0.0003223196067510929,0.0
7.053060725473413e-07,0.0
0.02201106184434587,0.0
0.00622808279714248,0.0
8.473770458000806e-07,0.0
1.488929380249113e-12,0.0
0.0034187026098540124,0.0
6.884200200864889e-06,0.0
0.22516783671757012,0.0
8.042446836209135e-05,0.0
0.514216132017136,0.0
8.446035285167765e-05,0.0
1.6762757631410608e-05,0.0
0.026728449462214674,0.0
0.0030686625001087628,0.0
0.0014945248066987695,0.0
5.7324316845379174e-08,0.0
4.4819324090961186e-05,0.0
0.0016530924149367166,0.0
8.17326948499686e-06,0.0
0.0029859061022994224,0.0
0.09318800166752376,0.0
0.052110409880454706,0.0
9.821696859138038e-07,0.0
0.00011032826687715352,0.0
2.6548606456163873e-05,0.0
0.00044567133379260165,0.0
0.024736333198385238,0.0
1.0827034674808972e-10,0.0
5.475087752962333e-08,0.0
0.0017756479089387717,0.0
0.00010771216591855597,0.0
8.398136335343884e-07,0.0
0.24561682368160004,0.0
0.029513025825261004,0.0
5.2235406297214335e-05,0.0
0.009328564058684215,0.0
3.5019964529863173e-06,0.0
0.0014879836600060138,0.0
0.006317037408948334,0.0
4.786055174862999e-10,0.0
0.00025269969132857707,0.0
0.11205868633223333,0.0
2.8467562928247257e-08,0.0
0.0007383141783353024,0.0
1.3011106740889398e-05,0.0
0.0006978306468701952,0.0
8.390527697853457e-05,0.0
0.0006455912408673915,0.0
8.268028646662507e-05,0.0
0.0006046752930152777,0.0
0.031034718355216092,0.0
0.0017390478328784733,0.0
0.00029497920573199785,0.0
0.08747487268938214,0.0
4.190183078392962e-06,0.0
0.008192598495732874,0.0
2.629295121326054e-05,0.0
0.045662871652491194,0.0
0.00013557850891290584,0.0
0.0017696036293621833,0.0
1.358623907782371e-06,0.0
6.832370353950965e-08,0.0
0.005968138895780171,0.0
5.461885329847071e-07,0.0
0.05424073542318958,0.0
2.1674828813398708e-06,0.0
0.0009998961359288317,0.0
2.611308483245793e-10,0.0
0.0026051368751248507,0.0
3.514785421657573e-08,0.0
0.006741720157372667,0.0
0.008407900557282378,0.0
0.024980315255252312,0.0
0.003212216902398652,0.0
0.0009920685986652257,0.0
0.08842104646760712,0.0
0.0017282334250697865,0.0
0.010999844955157368,0.0
3.2996704439460667e-09,0.0
0.0024627704731299,0.0
0.0004375290659898014,0.0
2.020141815870259e-06,0.0
6.742927107793085e-05,0.0
3.2024968328108317e-10,0.0
3.002877212606694e-16,0.0
4.027404785180024e-09,0.0
1.3179692862437681e-08,0.0
0.008142566213813911,0.0
0.022342868010868853,0.0
0.004291629822269829,0.0
2.108896751571478e-08,0.0
8.195013044927565e-13,0.0
0.005986998320666087,0.0
0.04087510793755078,0.0
1.5002047706772301e-09,0.0
0.0010624971641004233,0.0
6.119694969082662e-14,0.0
0.026062724972659258,0.0
4.5032544463797186e-05,0.0
1.289354930594831e-09,0.0
0.019009691139283035,0.0
1.3807359865089324e-06,0.0
0.00015097259671620385,0.0
0.016099006377687346,0.0
0.00024663730252570513,0.0
0.0019477362744711704,0.0
0.005481991945724796,0.0
0.0024369625596347934,0.0
0.0010682893778466542,0.0
2.5439801949418532e-05,0.0
1.4596443545390369e-06,0.0
4.5016879414005656e-07,0.0
3.3383414248918077e-06,0.0
8.590635088935433e-08,0.0
1.289073362541047e-07,0.0
3.6444467350125354e-05,0.0
0.006475127617356902,0.0
1.3483809364776527e-05,0.0
0.006067068452593893,0.0
0.006432596632096761,0.0
8.038828799297374e-05,0.0
2.9891096872844784e-05,0.0
2.9747923285901805e-07,0.0
0.019403684013652642,0.0
1.2931164699254645e-08,0.0
0.01750460595556922,0.0
0.0019880373603215463,0.0
0.005618555645052735,0.0
1.4965052130628744e-05,0.0
0.011261245898588198,0.0
0.020165540375773793,0.0
0.0006770036746225013,0.0
0.008420209211844071,0.0
3.986904990475151e-05,0.0
6.826841612690816e-05,0.0
0.004071842594593029,0.0
0.010176686358858954,0.0
3.0394724387641263e-06,0.0
1.239748902527248e-07,0.0
3.6234639121333853e-06,0.0
0.0010580786864575985,0.0
0.026236608033019495,0.0
0.013348512068881309,0.0
1.4225099015528304e-05,0.0
4.569500605777097e-05,0.0
7.100996767059112e-07,0.0
0.00694078755673342,0.0
1.3984483488279258e-08,0.0
0.00015527495882175884,0.0
0.023829996179856736,0.0
3.759237486143731e-05,0.0
7.479288140973643e-10,0.0
9.883479274455267e-07,0.0
0.021090613803378882,0.0
0.008705111952655666,0.0
0.001529906503583826,0.0
0.0004129183510817074,0.0
0.02050864141828443,0.0
1.4388684760076636e-05,0.0
3.3924565682506757e-06,0.0
0.005382367093426197,0.0
0.0015467473623652034,0.0
3.401580406621912e-06,0.0
5.89377222908463e-08,0.0
0.138809185970741,0.0
3.7652225505053756e-05,0.0
0.0357436539688564,0.0
2.5541530689561406e-05,0.0
0.0003043661659615487,0.0
9.394437025969173e-08,0.0
0.00017396687862457602,0.0
0.00018778125476392402,0.0
5.095829715338168e-08,0.0
1.2708869810444459e-07,0.0
0.0010639783018541729,0.0
0.042374031155978854,0.0
0.0004408957283891919,0.0
1.2058665010114078e-05,0.0
7.70850662656562e-05,0.0
6.928060339790179e-08,0.0
0.0004129323887306241,0.0
3.937043685081905e-06,0.0
1.6381462644795305e-06,0.0
2.9227499828110368e-05,0.0
0.004416742948148327,0.0
3.741277645792214e-05,0.0
1.5044688363632708e-06,0.0
0.004465306365261965,0.0
1.4471879447569281e-09,0.0
0.0002728154987870022,0.0
9.505462949178058e-07,0.0
0.03365958767073181,0.0
2.914242499342031e-07,0.0
9.81870654726755e-08,0.0
1.2262366410319876e-07,0.0
0.15452408205983567,0.0
0.004431960990557593,0.0
3.982079379836722e-11,0.0
1.590204188628869e-05,0.0
8.64471564199458e-05,0.0
5.173631823827455e-07,0.0
0.0076762978010034314,0.0
0.008752260480540397,0.0
0.031504477339610905,0.0
0.010840113332742452,0.0
0.021164842959215523,0.0
0.08046192217066882,0.0
7.782833294010646e-07,0.0
1.72703410802647e-06,0.0
0.0022135824793273976,0.0
0.00037106907431335654,0.0
2.9550240804342226e-09,0.0
1.0313065769729338e-08,0.0
0.17804250222895304,0.0
0.00013079458253705025,0.0
0.005029161131823687,0.0
0.0047528641389231446,0.0
0.044985834466845454,0.0
8.926010245976188e-07,0.0
0.0002851553130158883,0.0
1.3618369475780778e-05,0.0
0.015176778064813719,0.0
1.3484588754894295e-06,0.0
0.0023522697667844195,0.0
0.007415425578972855,0.0
2.11493320478988e-05,0.0
1.4721762240231137e-05,0.0
0.13992273191353163,0.0
0.04075946085343229,0.0
0.0009286773028939696,0.0
1.5441160278338517e-05,0.0
0.0006118907572744685,0.0
0.009215909187197285,0.0
0.027412707505426917,0.0
0.002022128421380239,0.0
0.024495248317572913,0.0
0.003188879330123801,0.0
0.038216577469177386,0.0
0.27455258930441034,0.0
2.2053289814077116e-06,0.0
0.00041296392914812234,0.0
5.197319083633215e-07,0.0
1.8925602764207944e-05,0.0
0.0001225275243210677,0.0
2.9346376594332533e-06,0.0
0.011411316896337306,0.0
6.554024153036807e-07,0.0
3.8798178879922997e-08,0.0
0.005330654009897649,0.0
5.73921073422793e-09,0.0
5.9648439223921165e-09,0.0
0.001604690660192435,0.0
0.00032577449798266257,0.0
0.0005193755316289831,0.0
5.3276164729045084e-06,0.0
2.4063949593973106e-09,0.0
8.189375106137035e-09,0.0
5.052700574539004e-08,0.0
0.009781816609264318,0.0
1.5689724333483616e-05,0.0
0.019415094428284867,0.0
1.217626988366832e-07,0.0
0.008584358869153486,0.0
0.014734350198401039,0.0
0.0023512850932316137,0.0
0.1375850562774532,0.0
0.014996724118466078,0.0
8.394383054362967e-12,0.0
0.0022247505233571386,0.0
6.333980731711931e-06,0.0
0.0011396668854555998,0.0
0.0004811525573680036,0.0
0.005321809228087891,0.0
2.984368445901523e-05,0.0
3.845246120286307e-05,0.0
1.8814445658169258e-10,0.0
1.2445265819470087e-05,0.0
0.00013507526308960844,0.0
8.283546446232875e-05,0.0
3.823052773294474e-10,0.0
6.806383700805995e-06,0.0
1.0843729081965925e-05,0.0
0.031482114634170486,0.0
0.00136044374800712,0.0
0.0800217956231761,0.0
0.0005921243106817738,0.0
8.816392217037098e-07,0.0
1.1793261732975917e-13,0.0
0.01693557673904864,0.0
0.0004027175387547695,0.0
8.907312653499552e-06,0.0
4.075551966331067e-06,0.0
4.943223261505337e-05,0.0
8.491974949790217e-07,0.0
0.11927726190468513,0.0
4.277025941874327e-06,0.0
0.0008374119366358001,0.0
0.00024091974815951964,0.0
3.155714273937319e-06,0.0
0.02450744068090285,0.0
1.3333014938096198e-08,0.0
2.511754299568209e-08,0.0
3.365234150063779e-06,0.0
0.0162793407264259,0.0
0.0016194957670736243,0.0
0.0009747925478069353,0.0
1.931059082584475e-05,0.0
0.011175535514169188,0.0
0.0026720581527711396,0.0
0.005815699986618892,0.0
0.0025765039691530477,0.0
2.5630802330602235e-05,0.0
0.013889155656697322,0.0
0.012676314755249902,0.0
0.00013337768200135956,0.0
0.09382213926644466,0.0
1.625579438161123e-05,0.0
2.650575703517287e-05,0.0
1.3049019042516434e-05,0.0
7.903658290150874e-06,0.0
0.0007746610706702374,0.0
3.1204463906265267e-06,0.0
5.4074496672479525e-08,0.0
0.030891539334258325,0.0
0.0015645009282264693,0.0
0.01769582670670287,0.0
0.024713939886182288,0.0
0.051137889374880806,0.0
0.0003072231804664589,0.0
0.007571133754886083,0.0
1.0387737344605546e-05,0.0
0.001439620030980685,0.0
0.0005287151407118831,0.0
8.666256966783055e-13,0.0
1.932671229821778e-07,0.0
4.4495760844480856e-05,0.0
0.0015711620214195132,0.0
5.967301607052255e-07,0.0
0.020945078477946164,0.0
0.0003638841577916898,0.0
0.0054035599200255155,0.0
0.03412883559506759,0.0
2.0466106934545693e-06,0.0
0.0014279112939840075,0.0
0.005124914518541526,0.0
1.341020849122145e-12,0.0
3.412395241670012e-05,0.0
0.04934137706511667,0.0
0.013000537816002139,0.0
0.0002926568105408516,0.0
9.931659316685407e-06,0.0
5.379475402581467e-06,0.0
0.046845676717939704,0.0
0.011186422994135152,0.0
2.285948000092454e-05,0.0
0.0011089125517740005,0.0
3.3409795772654143e-05,0.0
0.00238665905029586,0.0
1.5007612495822316e-05,0.0
3.340676081127216e-06,0.0
0.002110045515157436,0.0
0.021781912385335327,0.0
2.6885547773515926e-05,0.0
0.00010657739864287937,0.0
1.3245106267605183e-06,0.0
0.04573131524050671,0.0
1.350209360342749e-09,0.0
3.050013669739444e-07,0.0
0.000327292420286564,0.0
0.0034240707053289176,0.0
4.338778281867594e-06,0.0
0.0624417831094858,0.0
4.414910578591576e-07,0.0
0.26287428757438663,0.0
8.415810807096578e-05,0.0
0.0013374216119795938,0.0
0.002315757537138885,0.0
0.0001278102962716164,0.0
9.094287986632221e-07,0.0
6.562504864013367e-06,0.0
0.025296153432524136,0.0
0.025891468763716757,0.0
0.04255372564613888,0.0
0.21593384875772584,0.0
2.0384781460391459e-07,0.0
1.7037192689027306e-06,0.0
2.8147149428226684e-09,0.0
3.8418396403355454e-07,0.0
2.2200417314059693e-05,0.0
0.07718598026866409,0.0
0.0036214487141513377,0.0
0.10085878100890783,0.0
0.005414883629516916,0.0
1.106423145280678e-07,0.0
0.00026937072021351193,0.0
9.321911527562554e-08,0.0
0.0003348039062437588,0.0
0.00010341163028742996,0.0
0.010297779205920631,0.0
0.00011223585234245165,0.0
6.662669668308553e-05,0.0
8.30398095711892e-05,0.0
0.2637629057769917,0.0
0.0002670493982311044,0.0
1.4444690103724697e-06,0.0
0.01733081145242458,0.0
0.00018989388404550862,0.0
0.004188962343220005,0.0
4.305650404231822e-05,0.0
0.07219788096414459,0.0
0.012789406347910969,0.0
4.6105223677370555e-06,0.0
0.003854896376302811,0.0
1.660391503844673e-07,0.0
3.3370843462484503e-08,0.0
0.06808691145927301,0.0
0.00038802398139998383,0.0
6.244644899326855e-10,0.0
7.298728295556501e-05,0.0
5.840168011704446e-07,0.0
0.0026019272804591277,0.0
2.741208214661611e-08,0.0
3.777805910889918e-07,0.0
0.0001550617121970364,0.0
0.03800910439517309,0.0
0.009602689376847507,0.0
4.831243933388102e-06,0.0
0.0003926441981246492,0.0
1.3518511064634563e-05,0.0
2.0129557816458995e-10,0.0
0.00013784316323181117,0.0
0.005232024014757342,0.0
5.315076969963334e-05,0.0
8.586357620099478e-05,0.0
4.720483558460382e-06,0.0
0.10062086797289496,0.0
1.8128495690803715e-06,0.0
4.941756577587455e-05,0.0
4.434092929089579e-07,0.0
0.0010078142706164998,0.0
7.330380923871434e-07,0.0
0.029774305900155947,0.0
1.3472076288542334e-10,0.0
0.02467145145112855,0.0
0.0005846616153118698,0.0
0.000696899473216804,0.0
0.03709665081219499,0.0
2.783551897795355e-06,0.0
0.000912641135682304,0.0
0.00016248293882896241,0.0
7.460985534255356e-05,0.0
0.010811911135793599,0.0
2.1432637696287466e-05,0.0
0.0001901348211895154,0.0
3.660776238670324e-06,0.0
0.00024498115051677154,0.0
5.266765179289646e-13,0.0
3.996573753288976e-09,0.0
0.06681358409794562,0.0
0.0011672551185308857,0.0
0.04591772667397569,0.0
2.2908379080307314e-09,0.0
0.12852284854398352,0.0
0.0015016301262969773,0.0
0.00014907177812198806,0.0
9.960071799542448e-06,0.0
0.0011686046419218125,0.0
1.2175936757252482e-09,0.0
9.776260891883718e-05,0.0
8.910790347939303e-10,0.0
0.006431820665031576,0.0
0.004976728578138199,0.0
0.0004277373748933803,0.0
4.879370090120016e-05,0.0
0.00827657385548687,0.0
0.017979108392984146,0.0
0.005332502644688375,0.0
0.0002860674074265324,0.0
0.0003977331700411182,0.0
0.09509207442427177,0.0
0.00023434454960530212,0.0
2.1404926745489113e-05,0.0
0.010617434988155454,0.0
0.0006085473722779504,0.0
5.360810381098868e-05,0.0
0.0010392387296643407,0.0
0.1684697930297569,0.0
0.0013600238199560802,0.0
8.873310427006612e-07,0.0
1.1817431355359196e-06,0.0
0.02639873876653165,0.0
3.438283523998815e-06,0.0
7.979280937401721e-07,0.0
9.190771282736012e-07,0.0
0.18061086191714978,0.0
0.005628141298309235,0.0
0.0013709460565421382,0.0
4.556194755641388e-06,0.0
2.0699188531376124e-07,0.0
0.0053191666922635696,0.0
2.137848911944746e-05,0.0
0.002849561309349176,0.0
0.000565570484780092,0.0
0.008494456180399604,0.0
0.013618439809242582,0.0
2.2857469146966938e-08,0.0
0.00971901138920172,0.0
0.017567209164756917,0.0
0.0003012566564510096,0.0
0.0017589605179452537,0.0
0.0036612464027944726,0.0
0.010868772273910357,0.0
0.00021651585604998087,0.0
1.1174600314884948e-05,0.0
2.1940648121364826e-06,0.0
2.8252827163333643e-05,0.0
0.0017454840074618662,0.0
7.672194619661743e-07,0.0
1.6789106358218158e-10,0.0
9.351571390189608e-06,0.0
0.012408528956267774,0.0
0.00017777416128858645,0.0
7.338402761986694e-09,0.0
0.005932608120194004,0.0
3.5796023812920024e-07,0.0
2.8578539591116848e-05,0.0
0.0021525948842853982,0.0
1.3741068796715472e-06,0.0
1.7589767656615233e-05,0.0
1.181210803202364e-05,0.0
0.25230798563384477,0.0
6.229949669504697e-06,0.0
0.20203360684471833,0.0
1.3231094362621377e-05,0.0
0.00011754383133145898,0.0
0.023401658186241778,0.0
2.204920589112513e-05,0.0
5.158851086888689e-05,0.0
5.4588981315250915e-09,0.0
0.0003087989979687455,0.0
0.004115530799099633,0.0
3.353561530902489e-05,0.0
3.7035237295662653e-09,0.0
0.0026511701903745477,0.0
0.00696435279276442,0.0
0.10590624511608702,0.0
2.8864092961364477e-05,0.0
0.00039197604486555657,0.0
0.0014071926042065084,0.0
0.00014786235809234407,0.0
0.025614011913087372,0.0
0.014874600819744477,0.0
0.0003445460650086466,0.0
1.1629877470163165e-10,0.0
3.4773713160627355e-05,0.0
0.0044840914839685145,0.0
3.937571847661665e-09,0.0
0.03514222176094043,0.0
0.000877469329016797,0.0
0.0010223844657061127,0.0
0.0007498872077554252,0.0
1.4580204780640618e-05,0.0
5.020805203879451e-07,0.0
0.01790934055165951,0.0
0.00047849863531064545,0.0
0.10530345193035795,0.0
2.110909188330339e-09,0.0
0.000773266657350698,0.0
1.5967441332078212e-07,0.0
0.00033633210169225185,0.0
0.00012997604927425025,0.0
0.00013731798860810895,0.0
0.005100210575747228,0.0
0.014496323031391685,0.0
0.02041318143201139,0.0
0.0032375963675577296,0.0
1.6542125593433777e-05,0.0
4.659802152654706e-05,0.0
0.0003082367490756015,0.0
1.4287460219431574e-06,0.0
0.0005328193893175074,0.0
0.00800126992399976,0.0
0.0019531527098006953,0.0
0.008837102916146734,0.0
0.000961564203597798,0.0
4.3185482878417015e-06,0.0
0.04561982846402697,0.0
1.8813496425388646e-09,0.0
0.00015939171215320307,0.0
1.116048414533653e-08,0.0
0.0007480380243748509,0.0
0.00047349537064245433,0.0
6.181825680886074e-05,0.0
1.9743959088158274e-08,0.0
0.041047786170636626,0.0
0.0001316678001412194,0.0
0.005798308374702681,0.0
1.3053765176730565e-06,0.0
9.309644667384732e-06,0.0
2.1381546994345114e-05,0.0
0.033271167560693884,0.0
0.00046645536107075723,0.0
0.00193906560485925,0.0
1.4271076881633507e-06,0.0
0.006746594113407625,0.0
0.013801588816057446,0.0
2.2838562868654427e-06,0.0
0.03506764094273626,0.0
0.04665555828157837,0.0
6.32423467239523e-05,0.0
1.0039526589554203e-05,0.0
0.0011646958284090697,0.0
1.404474587242425e-05,0.0
0.002671371011017399,0.0
2.0005255557595923e-06,0.0
0.02646718325903813,0.0
0.001296684757135582,0.0
4.8178740790686463e-08,0.0
0.0011914966698935482,0.0
0.00014328481957027802,0.0
3.049456238492994e-07,0.0
0.006910296026795349,0.0
3.4905178801576213e-06,0.0
1.1436860012625375e-05,0.0
0.004625226632712592,0.0
0.008301993869778087,0.0
0.003923037967775912,0.0
4.5445586259244635e-09,0.0
0.004711152513944625,0.0
2.9324861595550786e-07,0.0
0.008513452818509881,0.0
3.08218079362009e-05,0.0
0.0015778260130905571,0.0
0.014883168556279025,0.0
4.753431218775314e-08,0.0
2.6500047673020232e-05,0.0
0.0014687463441926164,0.0
4.0511939243241185e-05,0.0
1.2371439238296494e-09,0.0
0.00025951547899464997,0.0
0.05710573646079777,0.0
0.026481185852091624,0.0
0.03697507852097132,0.0
1.398183538607152e-07,0.0
3.246833752410964e-07,0.0
1.6701547609917617e-07,0.0
1.5807318236573913e-05,0.0
3.590679427327872e-09,0.0
7.21441965391235e-08,0.0
3.1989592040837784e-06,0.0
9.734024314615123e-12,0.0
4.131346167824065e-09,0.0
0.006333760604641386,0.0
7.772604756554034e-08,0.0
5.450797814787817e-06,0.0
0.07490601290699288,0.0
0.0005139519968383525,0.0
0.034275841461685344,0.0
1.1615847130987617e-06,0.0
1.1533131307488333e-09,0.0
0.002311045554189648,0.0
0.0002326929715360757,0.0
7.738030945154237e-09,0.0
1.2195779197174888e-15,0.0
0.0003686574155729639,0.0
8.095908134703322e-05,0.0
5.58911902675282e-05,0.0
0.005130207221398334,0.0
0.00025669529241522076,0.0
0.00017276959649518045,0.0
3.057628530944421e-05,0.0
2.6007129034248445e-06,0.0
3.197375938283908e-05,0.0
0.07123276934191285,0.0
0.0021118436822560923,0.0
0.02859308548910497,0.0
5.519640847671924e-06,0.0
0.02305934883967425,0.0
1.311077977143576e-07,0.0
0.0051230250233473135,0.0
0.06273723412821901,0.0
0.003006247080053444,0.0
0.00026614765517007623,0.0
2.367320647493215e-08,0.0
7.502984683466396e-08,0.0
0.00446475022308441,0.0
0.0020732003027166533,0.0
0.045906038253616346,0.0
0.0010880758768573478,0.0
4.020698354166424e-07,0.0
0.004563508689511002,0.0
0.04095087556725442,0.0
4.244710136835831e-07,0.0
1.1850975871026917e-08,0.0
0.002355680132790384,0.0
7.165753983125937e-07,0.0
0.00028571746020330976,0.0
2.0257584285532705e-07,0.0
0.2554591408270889,0.0
0.0009904759130532684,0.0
1.383014049121256e-09,0.0
0.0013344569189866623,0.0
0.007820232520757352,0.0
0.0008623810002800251,0.0
0.005697913047986763,0.0
2.167218929861707e-07,0.0
1.1374540403348093e-06,0.0
0.0005431241348995225,0.0
6.419141291464144e-05,0.0
2.1249222727068237e-05,0.0
9.259700746562691e-10,0.0
0.04293108751858397,0.0
0.05919095409399603,0.0
8.263726956618154e-08,0.0
2.2691414827132174e-08,0.0
0.002208789408374415,0.0
6.778346084199232e-09,0.0
0.00019827023731123616,0.0
0.1862127376594908,0.0
0.045709725824157596,0.0
0.002914975133746493,0.0
0.014446219742325895,0.0
9.377944738035129e-07,0.0
0.0001309897628020333,0.0
0.002700576152864092,0.0
9.082183098155157e-05,0.0
0.008675874731177811,0.0
0.001212067774207535,0.0
0.014725862071583953,0.0
0.22971209286087865,0.0
1.5664625066493076e-07,0.0
0.013183295043660604,0.0
8.71197402953302e-08,0.0
4.938445083251743e-07,0.0
6.864021751769193e-06,0.0
3.880018249137416e-08,0.0
0.018276450019905355,0.0
0.5948215771224844,0.0
0.0017560228105926818,0.0
9.060006543747172e-06,0.0
0.004385488657475201,0.0
0.0008086250384552471,0.0
0.014557576361456508,0.0
0.0002588184259164381,0.0
0.00024341912954541927,0.0
4.0341816359366775e-14,0.0
0.00149982383750809,0.0
2.4900323972884858e-05,0.0
6.954224143404299e-07,0.0
0.0006614931780995877,0.0
2.5254546827495095e-05,0.0
0.024669278845503663,0.0
0.0009574747629325525,0.0
7.488933147928812e-05,0.0
1.8900605824981285e-06,0.0
0.023869902268816703,0.0
0.09940874933213235,0.0
3.899838868570818e-06,0.0
0.03867650145807463,0.0
0.00010840625325898524,0.0
2.777363193799502e-09,0.0
0.0005199802426493721,0.0
0.04106208637650172,0.0
0.005201531280175834,0.0
0.0008424843477114056,0.0
0.001024024016493231,0.0
0.0006709914656774899,0.0
0.00014983302356637952,0.0
4.128046741772171e-05,0.0
2.3275540011288574e-07,0.0
2.1693164563093847e-11,0.0
0.01820610405320453,0.0
0.00043356012712673464,0.0
7.393694726612052e-06,0.0
1.888891286262479e-09,0.0
3.724938811707545e-07,0.0
3.130938266968631e-05,0.0
0.0035779495736753698,0.0
4.746497739060675e-06,0.0
0.0018632545394183314,0.0
1.7036081187698564e-08,0.0
0.003868549016875495,0.0
1.6092997095650862e-05,0.0
0.021227174701724597,0.0
0.0002160737177948301,0.0
0.001080352174790701,0.0
0.00392656843850914,0.0
0.0004132758235054389,0.0
4.980653611034078e-07,0.0
0.00025107699518429877,0.0
0.0001048908533116481,0.0
1.467797069004359e-08,0.0
0.0003726690064882388,0.0
0.0001277553822022217,0.0
9.195422382630303e-05,0.0
0.03732887099016695,0.0
0.021055718820175033,0.0
0.0003373892371046618,0.0
1.2259047932471557e-05,0.0
0.9160674215468892,1.0
0.364332066921875,1.0
0.6783796341378497,1.0
0.617878827853462,1.0
0.29306440934310796,1.0
0.16781247953221082,1.0
0.4520605239877046,1.0
0.036882999998894835,1.0
0.06733732532803015,1.0
0.6972062279373056,1.0
0.49399947273295325,1.0
0.9020517364634478,1.0
0.138419198598013,1.0
0.6095745407043806,1.0
0.6937546375244992,1.0
0.9685161077124109,1.0
0.07189080114996019,1.0
0.9708914496064645,1.0
0.2722866166175329,1.0
0.9953163416770892,1.0
0.9999872328194632,1.0
0.9762897913508621,1.0
0.6231871954034811,1.0
0.9851571932174046,1.0
0.9972251112855224,1.0
0.9204900692444609,1.0
0.9999999863778684,1.0
0.9997611033484624,1.0
0.9999999999995941,1.0
1.0,1.0
0.9981875791700189,1.0
0.9999890368586205,1.0
0.9999999995821003,1.0
0.9993649883069813,1.0
0.9941026387821358,1.0
0.45558839130044076,1.0
0.6465029570991306,1.0
0.9796395834560896,1.0
0.47153690048985464,1.0
0.6127784738115597,1.0
0.20074331278937263,1.0
0.3504007834989184,1.0
0.5945862124533806,1.0
0.7321086737678718,1.0
0.9877279169626049,1.0
0.9237022086160261,1.0
0.9999999999998459,1.0
0.785921272919126,1.0
0.9812104194995579,1.0
0.9999999999531906,1.0
0.999243837254421,1.0
0.05502083439922473,1.0
0.9899408892220862,1.0
0.9136398318114316,1.0
0.9999999999999998,1.0
0.989988912606174,1.0
0.9200188798454706,1.0
0.9989183224522928,1.0
0.9092422521647395,1.0
0.9999998963539148,1.0
0.9972771344272683,1.0
0.8068596950787438,1.0
0.5802230084657012,1.0
0.9850076384730473,1.0
0.3295771479129003,1.0
0.8492958491690799,1.0
0.0837917518265788,1.0
0.9882488851645178,1.0
0.9999999991697592,1.0
0.44917300063896015,1.0
0.2957921255203695,1.0
0.49399558280064876,1.0
0.985617545418949,1.0
0.8535934892896847,1.0
0.444957432704786,1.0
0.07114821826602158,1.0
0.7672379552284203,1.0
0.001455234866451795,1.0
0.5438551786442829,1.0
0.8535934892896847,1.0
0.9654120073784447,1.0
0.7804443919238734,1.0
0.8535934892896847,1.0
0.9616420142512891,1.0
0.6085300891692257,1.0
0.8449708609393312,1.0
0.700860893117325,1.0
0.7086958935697591,1.0
0.28189397679615485,1.0
0.8164350910506791,1.0
0.47035605055357493,1.0
0.0003331296934632491,0.0
3.0363405094958775e-13,0.0
2.512899555978977e-20,0.0
2.7108784695963096e-38,0.0
9.084605373656505e-28,0.0
3.0939759161030006e-35,0.0
3.1139511967622304e-18,0.0
5.9285820319853795e-22,0.0
1.068287982804498e-09,0.0
9.994334733027974e-20,0.0
1.0166072962399049e-18,0.0
2.4556144827947847e-20,0.0
9.900641204228239e-22,0.0
1.1227428962687892e-38,0.0
2.0396633761559263e-17,0.0
2.4565573479711737e-17,0.0
2.977730232406855e-20,0.0
6.022367846519702e-23,0.0
2.417692003704923e-21,0.0
8.654899960433815e-15,0.0
2.97104831410888e-20,0.0
1.4291871492849707e-17,0.0
4.0862164061653004e-21,0.0
4.3183249257546975e-28,0.0
9.687619111508448e-16,0.0
9.864943361390336e-23,0.0
1.3058056789182703e-19,0.0
4.803092913525928e-21,0.0
8.878688722919774e-18,0.0
2.5438222112320788e-17,0.0
4.955361900431351e-20,0.0
3.8016453365957866e-18,0.0
1.3499312830164088e-16,0.0
2.451249628204062e-16,0.0
3.8908059640329805e-18,0.0
5.804041764204955e-22,0.0
2.9714608857851617e-22,0.0
1.7460405283552076e-16,0.0
9.253828538824461e-16,0.0
3.350924035280268e-21,0.0
2.3300670504972822e-18,0.0
9.700145408019517e-22,0.0
1.491467491730515e-22,0.0
2.249320681635779e-50,0.0
2.7228859532049266e-24,0.0
2.5325321478903702e-22,0.0
1.993613592139972e-40,0.0
2.8630119799220156e-15,0.0
4.210182309638131e-22,0.0
1.5630848165783402e-28,0.0
2.4580084762209838e-19,0.0
4.539929035496998e-25,0.0
2.079839987052502e-17,0.0
3.1972392875577407e-23,0.0
8.512218457207322e-20,0.0
1.23133783977179e-21,0.0
8.556497677799713e-18,0.0
4.034788856221411e-21,0.0
5.953358021317359e-31,0.0
6.061640012883668e-20,0.0
7.243146450152119e-25,0.0
9.854244987132382e-13,0.0
3.4780282510932254e-08,0.0
1.4275280742387788e-17,0.0
2.6928952325395666e-13,0.0
6.127040387160368e-18,0.0
1.312444279154145e-06,0.0
3.13327884083296e-08,0.0
8.760588545352321e-08,0.0
0.43294776864003687,0.0
5.6109450990046137e-08,0.0
4.9949001915135835e-05,0.0
5.41730601223823e-08,0.0
4.006307530043159e-09,0.0
9.468981687706296e-12,0.0
1.868671012810049e-08,0.0
2.2259689967026943e-16,0.0
7.365640670802437e-06,0.0
4.763818475551718e-12,0.0
2.6531204846157457e-09,0.0
4.912841634819509e-09,0.0
3.0263345026059866e-11,0.0
4.796377783856962e-08,0.0
3.4531857662695474e-05,0.0
8.703015787921564e-06,0.0
0.0005126694465976576,0.0
3.0286513767837533e-09,0.0
4.8650324345538534e-08,0.0
5.810676968814072e-06,0.0
4.601639452508013e-07,0.0
0.04984877006928089,0.0
3.027767896876002e-06,0.0
2.901199172580468e-07,0.0
3.5819034465382136e-10,0.0
7.707178851344449e-09,0.0
1.7702046239630904e-09,0.0
0.0004223394732880732,0.0
0.002056136662953225,0.0
0.0010918662434031183,0.0
7.939052591222357e-05,0.0
0.008733564447368244,0.0
1.7868227396183545e-07,0.0
1.962604691494005e-05,0.0
0.006347483383349528,0.0
2.4371990523034448e-05,0.0
2.4917995810293067e-07,0.0
2.2159999040830388e-13,0.0
1.7988785502323774e-05,0.0
6.7108432061392e-05,0.0
0.001581507886424539,0.0
0.07146927101735051,0.0
0.00015173811670823737,0.0
0.0003382256776046907,0.0
0.00015732710135626224,0.0
0.00019870912852922224,0.0
0.019857554872787005,0.0
0.033247248685148924,0.0
0.00022675785804519963,0.0
2.863907165672119e-05,0.0
2.6977819823098287e-07,0.0
3.2642867815991838e-15,0.0
1.9200776510629838e-08,0.0
0.0002649036784449942,0.0
7.039089488062872e-08,0.0
0.001051909542176608,0.0
0.0008367957219492744,0.0
1.0734050401735736e-05,0.0
0.0009624797557132132,0.0
0.05079335001693545,0.0
0.15972412679243048,0.0
7.772227907959343e-05,0.0
0.03076980444294354,0.0
0.012408111360079164,0.0
0.07686588206078628,0.0
1.055979316908326e-05,0.0
0.00013002750614769608,0.0
0.0818769032622515,0.0
9.830420973116671e-11,0.0
0.00033227647263225,0.0
1.0718505525453505e-07,0.0
4.076427390916172e-06,0.0
0.0002819771247617797,0.0
0.06371693291714726,0.0
0.0033856378925597344,0.0
6.237706062496266e-10,0.0
6.812640301949849e-06,0.0
0.06602028827330168,0.0
9.19068120544318e-06,0.0
0.005321801831626034,0.0
3.4379316092503115e-05,0.0
0.10083109596297644,0.0
1.9040101459279078e-10,0.0
9.827243244658524e-05,0.0
1.0474943599047503e-06,0.0
1.3891484856162179e-05,0.0
8.485398702552976e-09,0.0
0.08305417445284492,0.0
0.1311616862124902,0.0
0.00010005637789489747,0.0
0.6671766991013156,0.0
7.167435670480846e-07,0.0
2.1302723881543327e-05,0.0
0.013299404760620422,0.0
0.0004865290692421705,0.0
0.0058570317407169205,0.0
0.0012051336962719426,0.0
0.0017127036398743788,0.0
0.004207128832766013,0.0
0.2275717101676862,0.0
0.0019547049665425585,0.0
5.075844306287721e-05,0.0
0.0001537485331363977,0.0
0.03232691615458202,0.0
2.0939792017603193e-22,0.0
1.5407760208948604e-07,0.0
2.768980132960969e-06,0.0
0.10414249345491147,0.0
0.09953983192863274,0.0
0.00011145384234558772,0.0
0.0003415722232314772,0.0
7.770715115934778e-07,0.0
1.2385911574358086e-07,0.0
0.0002757681699628108,0.0
2.006660507409672e-05,0.0
5.971759062660356e-07,0.0
3.3995931456333503e-06,0.0
8.472930725392565e-05,0.0
2.84658920049745e-07,0.0
4.1757594270518956e-08,0.0
9.916784049137905e-13,0.0
3.743504677560131e-23,0.0
6.579175861914474e-13,0.0
2.4655696962919624e-26,0.0
1.1724213668830302e-16,0.0
3.882275736437727e-20,0.0
0.004372015191457562,0.0
7.729721290304044e-07,0.0
3.146584337488359e-14,0.0
7.814230937396625e-06,0.0
2.647202817324404e-06,0.0
9.293179053339927e-12,0.0
2.507363055700542e-12,0.0
1.7565735955796687e-12,0.0
8.270314670458646e-05,0.0
0.08872084231489354,0.0
2.1652341964668875e-06,0.0
7.289951925699534e-06,0.0
9.333358294093837e-05,0.0
0.00031493433815775896,0.0
0.00020123397696057767,0.0
4.296959524499929e-05,0.0
0.004358617568141486,0.0
0.00020791554407876664,0.0
1.4838319135917302e-05,0.0
1.0407812839447622e-06,0.0
0.0014630028563053447,0.0
0.04610514806712257,0.0
0.0007059411889225896,0.0
0.000839449831088902,0.0
1.2156822551323344e-05,0.0
0.040200792192507676,0.0
0.04624683195315627,0.0
0.005961518275805155,0.0
0.0005975588723430169,0.0
0.0016414027369851154,0.0
0.03980468791240757,0.0
3.4723498770074436e-05,0.0
0.0038636935883361047,0.0
3.031844905005789e-11,0.0
6.525782835288275e-05,0.0
0.10816326014570612,0.0
0.04838542654186936,0.0
3.1387747617763795e-06,0.0
0.0004688085783449922,0.0
0.0022296642708550473,0.0
0.02635409098453461,0.0
0.002871343938983591,0.0
0.0002837457380727122,0.0
0.0025016779487580473,0.0
0.00014944286390394673,0.0
0.0030269206755685514,0.0
0.0002050936005900026,0.0
0.0005682756120201426,0.0
0.00010793768417796947,0.0
1.8829087756251156e-08,0.0
0.00016679384916805587,0.0
0.0004403922850294679,0.0
3.4495562397846054e-05,0.0
0.00442522007432276,0.0
9.85927067241568e-07,0.0
9.77095120638221e-06,0.0
0.0031758738539775346,0.0
0.010829509740118788,0.0
9.577372912457236e-05,0.0
0.035882187445851574,0.0
0.017526530875729474,0.0
0.016042506293081623,0.0
0.0013203319744237035,0.0
0.0036518935454525722,0.0
3.978774114889781e-05,0.0
6.026718562151508e-05,0.0
0.038166943665065824,0.0
0.0004348408228344534,0.0
9.23834572156899e-05,0.0
0.02129171186120052,0.0
0.00828075739014648,0.0
0.002630252135608917,0.0
2.9021256124052353e-06,0.0
0.07388483548756004,0.0
0.0756764500122811,0.0
0.013450779318735067,0.0
0.015395519715710243,0.0
0.008116347446211595,0.0
8.893109762092879e-05,0.0
1.368873989965631e-06,0.0
0.06964503436413913,0.0
5.603972968300035e-06,0.0
5.509592017891789e-07,0.0
0.007603899548663287,0.0
0.0013896640846724818,0.0
0.5241662043314548,0.0
0.002938556936448568,0.0
0.0001861199432889395,0.0
0.0016256676623789112,0.0
0.001114407913533874,0.0
0.0002809135316025977,0.0
0.0005574502230413607,0.0
0.0006795323613396479,0.0
0.000378229100992485,0.0
0.0021325172205205515,0.0
7.120279475387868e-07,0.0
6.804782844085224e-05,0.0
8.331285912710784e-05,0.0
0.00820994383521499,0.0
0.07737350372668156,0.0
1.908055191678289e-07,0.0
7.832826832806101e-05,0.0
0.004452460997435479,0.0
0.003441013791652121,0.0
0.009252214957593301,0.0
5.275922486222425e-07,0.0
0.17139301105881577,0.0
0.004245463028513719,0.0
1.4736334367958344e-09,0.0
0.019521648501518447,0.0
0.00015309888378800307,0.0
0.011151550255067184,0.0
0.01685977107767071,0.0
0.002559709895491201,0.0
1.6776816796339203e-11,0.0
0.0009368076731062523,0.0
5.266922388167943e-06,0.0
0.01834052271668944,0.0
0.00868976595042711,0.0
0.0016752873438377204,0.0
0.07875386393012346,0.0
0.00032045083255139605,0.0
0.01105249560394911,0.0
0.0850604210050721,0.0
5.690506103807739e-06,0.0
0.09612084043694705,0.0
0.002788138205138862,0.0
9.404300895389175e-05,0.0
0.0001546107579301414,0.0
3.0406260037558875e-05,0.0
0.10138891449605425,0.0
2.7285994050271727e-05,0.0
0.01383970212339456,0.0
0.0006032694185609805,0.0
0.011443408986053174,0.0
0.0002233777740571354,0.0
2.0633842435907772e-06,0.0
0.009532929164688942,0.0
1.600034178363049e-05,0.0
0.0021571240672124377,0.0
1.847591295427026e-06,0.0
0.0010574305890588911,0.0
0.001401206032707882,0.0
1.1431538069003234e-05,0.0
0.0004495596314420291,0.0
0.00020952493007353942,0.0
0.11531238883615628,0.0
4.0054135800580674e-07,0.0
0.06175463611399982,0.0
0.0026648169240533577,0.0
6.989370527792805e-05,0.0
4.025406785589257e-06,0.0
1.3096910231775533e-10,0.0
6.648949769591313e-17,0.0
1.3445980454710897e-14,0.0
1.0742472424914509e-13,0.0
1.042500637709037e-07,0.0
5.814648198279313e-17,0.0
1.723140167268921e-09,0.0
3.085305470728598e-07,0.0
1.5763585010166018e-08,0.0
8.082608620036283e-19,0.0
4.937649832758475e-16,0.0
2.4048605413071584e-20,0.0
3.4324664913327917e-08,0.0
4.964939044948671e-13,0.0
3.761852796866586e-10,0.0
4.970241351434907e-21,0.0
3.4158419385255846e-06,0.0
0.004944172377521645,0.0
0.0002606992805207587,0.0
1.8915094732811696e-06,0.0
4.1232689818555024e-08,0.0
0.011937585052438873,0.0
1.166628066304997e-05,0.0
0.37324702038319524,0.0
0.021942207766918728,0.0
6.804195362436807e-05,0.0
2.439254329750306e-07,0.0
0.0004752326882530327,0.0
1.9073576975161156e-16,0.0
0.1077845538370733,0.0
2.1743763147576852e-05,0.0
0.00023763065907161823,0.0
8.177689380337335e-05,0.0
0.034328774730454446,0.0
3.03588221595112e-05,0.0
3.4508278345959925e-10,0.0
2.9051132705516743e-08,0.0
0.00033212893641077363,0.0
0.002389811751404147,0.0
0.006169014824324838,0.0
1.00777534081677e-06,0.0
0.015338964194577528,0.0
0.0035832010628691147,0.0
0.0067660322638352826,0.0
0.003910894618833144,0.0
8.506230323031805e-05,0.0
7.499775931717463e-08,0.0
1.0159025832838095e-05,0.0
0.00016961465080277355,0.0
7.138999156184296e-05,0.0
3.8937717166486545e-10,0.0
5.285067141244406e-08,0.0
0.24024582161432623,0.0
0.0011244957397923245,0.0
3.2355638124348362e-06,0.0
0.00016388927607752937,0.0
0.007285684473517068,0.0
5.188328719470673e-07,0.0
0.0013002034540619874,0.0
0.0001446640997538491,0.0
0.0003384656838294548,0.0
0.033507617232767344,0.0
0.012783089728656381,0.0
2.896574959902746e-07,0.0
0.0206436824627133,0.0
1.5701883780958255e-06,0.0
0.0018015804696197213,0.0
0.0019158185458996604,0.0
0.007155987975527259,0.0
0.0003326002867571653,0.0
4.7603185990128616e-06,0.0
0.0026009555940406017,0.0
3.877339682029686e-06,0.0
4.547794599085239e-05,0.0
0.09558818943040238,0.0
0.00019761264943444676,0.0
0.005104793529501851,0.0
0.023513806293134182,0.0
0.001184488099741747,0.0
0.043131733426973816,0.0
0.0016185946833387405,0.0
1.6356307812624955e-06,0.0
0.016701771064644048,0.0
0.3387922605705221,0.0
0.0001320070688443569,0.0
1.0501834179432946e-06,0.0
0.016973268587843357,0.0
0.0007860304475820203,0.0
0.002754056394733821,0.0
0.00011445196140786478,0.0
0.016109315272073675,0.0
9.249022708885549e-06,0.0
0.2898656166254436,0.0
0.0002399945178475223,0.0
0.014547385212292638,0.0
0.04135024330153189,0.0
0.04300664910853593,0.0
0.012006724377176349,0.0
6.546729920577932e-07,0.0
0.009551256171215999,0.0
0.0015367345590868863,0.0
1.2794126725999388e-06,0.0
0.22526268982945377,0.0
0.00014673027437293548,0.0
0.01585401789171809,0.0
1.1399688157667494e-07,0.0
2.347284979702483e-08,0.0
0.09447940172132382,0.0
2.997099728816376e-05,0.0
0.002746977657895885,0.0
5.4700047449076835e-05,0.0
0.00020332995264318323,0.0
0.0014341357866028332,0.0
0.049613661220443826,0.0
0.025694479866050456,0.0
0.0009186659032351334,0.0
0.032249267930326536,0.0
5.0373736050359064e-05,0.0
0.00078874787920395,0.0
0.00021451357375298148,0.0
0.0003815395938783123,0.0
0.0494233744701146,0.0
1.7852739958545024e-10,0.0
0.012620571682871421,0.0
0.0002965382389322558,0.0
0.02471646194993647,0.0
0.02516305524828637,0.0
4.081018892661494e-10,0.0
6.544907074562113e-05,0.0
1.4037330508476e-09,0.0
0.1203584223613105,0.0
8.609298196215782e-06,0.0
0.00019584746766887468,0.0
0.003884104188727275,0.0
3.0286353687137786e-06,0.0
0.0011487444170546024,0.0
4.9058800415020735e-06,0.0
1.5887377033360005e-09,0.0
0.06819268690399062,0.0
0.04418824742231387,0.0
0.08321956387276788,0.0
0.0014729094436290832,0.0
9.362797573232144e-05,0.0
0.0006384079946225882,0.0
1.2439977979387076e-06,0.0
0.00023057012080577417,0.0
0.06997269604081532,0.0
0.0029234123393083386,0.0
0.0010012934833061253,0.0
0.004266970090845833,0.0
3.5247093270113756e-05,0.0
5.814618597057457e-06,0.0
0.0024416638336136553,0.0
0.061454043913823087,0.0
0.00027982486913818966,0.0
0.06426511072220345,0.0
0.0007561836107589621,0.0
0.03490561710924198,0.0
0.13223335024572533,0.0
0.009628636850107905,0.0
3.353400512789848e-07,0.0
2.5514700011943305e-07,0.0
0.009400074390619696,0.0
0.011770206422980968,0.0
3.976884406975126e-10,0.0
2.521111335570411e-06,0.0
0.0113872045331154,0.0
0.009336681051178906,0.0
0.01548652947088185,0.0
1.110957304663239e-05,0.0
0.00015894870532210845,0.0
4.6090968806001745e-05,0.0
2.2601028104966284e-05,0.0
0.0004248267810813751,0.0
9.532671133752515e-09,0.0
0.02229793680307477,0.0
3.4081806083465265e-06,0.0
0.016138755429139645,0.0
0.005384515981883208,0.0
0.026615896979202216,0.0
7.209686606446744e-08,0.0
0.002851034027057241,0.0
0.000510212214348035,0.0
0.009051464988951806,0.0
0.0005462215987489978,0.0
1.8433101717924256e-05,0.0
7.845293777186134e-13,0.0
6.95133050014578e-06,0.0
0.001230062485609442,0.0
0.023127930546112455,0.0
0.000634429698538746,0.0
2.2922605815801637e-10,0.0
6.559908732678063e-07,0.0
2.673436269198187e-07,0.0
1.5231428025412806e-05,0.0
5.4197858386348523e-08,0.0
8.844408860675583e-05,0.0
0.00011069134816868628,0.0
0.054647958784321105,0.0
0.15890588753975277,0.0
1.3769187271348375e-10,0.0
4.921053752226194e-06,0.0
0.002552722678474309,0.0
2.2113371234089746e-06,0.0
0.008232002408379622,0.0
5.314305694715536e-05,0.0
0.00042966305519731953,0.0
0.001240802409350347,0.0
1.6027665381266462e-09,0.0
0.001749939876743661,0.0
0.08329334102852362,0.0
0.00015467130580186974,0.0
0.027168484416684898,0.0
0.0005042547521484591,0.0
0.019295007097015492,0.0
0.00809173465895989,0.0
0.006904880021395071,0.0
1.0764588279756855e-10,0.0
0.003261093049671633,0.0
0.00013468443641175947,0.0
0.003720116590737383,0.0
0.00017291629852599855,0.0
7.283433469293142e-12,0.0
1.7686889932442747e-05,0.0
0.0026903742049188555,0.0
0.0024600104891705048,0.0
3.480400287904322e-07,0.0
2.466534313297179e-06,0.0
9.39784617457713e-06,0.0
1.6107581765466039e-07,0.0
7.033968394962609e-08,0.0
0.2767589125661002,0.0
0.08100168436215928,0.0
0.0031594574016061594,0.0
0.029251667479460838,0.0
0.0013065379398530556,0.0
2.8609868933148685e-11,0.0
7.801173453125077e-12,0.0
0.023453320980013438,0.0
8.66331943044104e-06,0.0
0.000940984353352237,0.0
0.00015738214892909588,0.0
6.817011726111022e-07,0.0
4.710326384212443e-06,0.0
4.475632686988352e-11,0.0
0.015567475273390072,0.0
5.558999205129602e-06,0.0
0.015393731625721217,0.0
0.06828478125097406,0.0
1.1088462371174833e-05,0.0
0.022055461067200657,0.0
2.234342108033098e-06,0.0
0.0011999409320619383,0.0
0.01859157216984092,0.0
9.352858736399477e-05,0.0
0.003942014077864202,0.0
0.009148775443237594,0.0
0.04736185282154773,0.0
0.03573192552081923,0.0
0.00041048496293609097,0.0
0.0002691981651207948,0.0
0.012484855446889914,0.0
0.005525415749326172,0.0
0.02525018585453193,0.0
0.048811826730139826,0.0
0.04318149161309165,0.0
2.0273091573571617e-06,0.0
0.0013990166193671406,0.0
0.008382928310985705,0.0
0.01678898530186382,0.0
0.0033979469464424025,0.0
1.4974840304284654e-06,0.0
9.241935766307769e-05,0.0
0.00010599329685792943,0.0
4.612966213085643e-13,0.0
0.004929746701128031,0.0
0.22828718020203348,0.0
0.031295841566454215,0.0
0.0008780545308713071,0.0
0.0012884031847068247,0.0
0.0017894279453653428,0.0
2.5802820772376014e-06,0.0
1.0830105806881434e-09,0.0
0.0012976759155097788,0.0
0.00011378121915239208,0.0
7.752973462446414e-08,0.0
1.1370997191602915e-05,0.0
0.0013359285374423796,0.0
0.03684338386066844,0.0
0.04759090408673721,0.0
0.00016098523601276285,0.0
7.206156639786425e-06,0.0
1.917872136967075e-07,0.0
9.200757486863577e-05,0.0
0.0009217259954653774,0.0
9.431255856400148e-08,0.0
0.0002073385510582798,0.0
5.347626567280511e-12,0.0
0.0016147028406677906,0.0
0.009704674883061115,0.0
0.008970249651103674,0.0
1.9505223040665647e-06,0.0
1.115636392639712e-11,0.0
0.0016630927372555894,0.0
2.9840662477059378e-05,0.0
7.223162305895651e-06,0.0
0.027488041244182377,0.0
0.011128343107858499,0.0
0.004870631154456477,0.0
0.0010221855360838155,0.0
1.1027505092134407e-07,0.0
0.039377299136487645,0.0
1.1767304477842969e-05,0.0
0.018280522286374206,0.0
1.2585830551764152e-13,0.0
0.012504855415873036,0.0
0.0001020768196066225,0.0
1.5438077650898773e-08,0.0
1.0297062465900369e-06,0.0
0.3197928447188366,0.0
0.002609218456846484,0.0
1.1573727677450293e-05,0.0
0.00023971964341296123,0.0
3.754997926229466e-09,0.0
0.012985997530489166,0.0
8.54025928913681e-05,0.0
0.003365722779609311,0.0
0.015812390386807047,0.0
1.1748878953935616e-10,0.0
0.002674547345129311,0.0
0.0015983420594169143,0.0
1.4996631748709984e-05,0.0
2.2642424224041035e-05,0.0
0.02398373623526502,0.0
0.002000240080133411,0.0
0.06520811308670427,0.0
0.00012306362340357922,0.0
1.6593909276829108e-10,0.0
3.260308324085467e-08,0.0
0.017095518900000283,0.0
0.00046671059904030825,0.0
1.735144221428294e-07,0.0
3.507126855121536e-05,0.0
0.007351232714908574,0.0
2.7594974081283124e-10,0.0
0.002573795783488616,0.0
0.011438818231264754,0.0
0.012883268255698301,0.0
0.002407862648309604,0.0
0.014402669114841064,0.0
0.0016933940766562581,0.0
2.4087761615236876e-10,0.0
0.0798013983097526,0.0
0.013527953295754081,0.0
1.2937250318548297e-05,0.0
6.801661758761698e-08,0.0
0.00041431087651888106,0.0
0.00024050935215490024,0.0
1.7061601345057217e-05,0.0
0.0019621024272452004,0.0
0.0006104227909583367,0.0
0.14666704605790032,0.0
1.996150710667535e-10,0.0
3.0936692652305296e-08,0.0
0.011607680853510445,0.0
0.04058083388909328,0.0
1.2571063955141685e-06,0.0
2.6550463529214007e-05,0.0
4.5565895174722016e-05,0.0
3.2838806010284374e-05,0.0
0.0553097543426582,0.0
1.3567357131704539e-06,0.0
0.06357467978030833,0.0
8.86177817631605e-12,0.0
0.01609126050289751,0.0
1.8874833167566722e-07,0.0
0.11677719741372823,0.0
0.02083038355095003,0.0
2.1406353290757615e-05,0.0
0.015899651918283988,0.0
1.547316589705902e-05,0.0
2.0069878285644046e-06,0.0
3.6066549370371183e-06,0.0
3.5933437230082805e-06,0.0
3.14575237087121e-11,0.0
0.0002814355697220855,0.0
2.217494663110959e-05,0.0
1.3845276192867304e-06,0.0
3.216620523219188e-07,0.0
5.314899909336013e-09,0.0
3.811658746747808e-05,0.0
1.0093705660925422e-09,0.0
7.80170297515427e-06,0.0
8.661986074583326e-05,0.0
0.012936938150948507,0.0
0.00011180854160216891,0.0
1.8238691213338042e-06,0.0
0.0584384502740862,0.0
5.7633997016719755e-05,0.0
0.011334768095599067,0.0
1.3301976188708788e-05,0.0
0.11209204185681639,0.0
0.013536499549499453,0.0
2.3403578731974602e-09,0.0
1.1110757439155986e-07,0.0
0.00013602855117730495,0.0
0.0006160501273108471,0.0
0.00020862025433342058,0.0
0.0173405587208607,0.0
0.0004202584433558961,0.0
0.00766277437437506,0.0
1.380808147158603e-10,0.0
0.0005910986045280669,0.0
0.0035289067578707094,0.0
1.2856401906889519e-05,0.0
0.0002233215396366824,0.0
9.99281889323289e-06,0.0
2.318804614984398e-08,0.0
1.6354353391819603e-06,0.0
0.03585580336794626,0.0
5.813600358240933e-07,0.0
0.00010459417622066612,0.0
1.713229522614433e-16,0.0
1.8650139471609064e-06,0.0
0.0031663237614664294,0.0
0.0004460004211369272,0.0
0.0071967619451374365,0.0
0.0009029161589100606,0.0
1.1521590946369795e-07,0.0
2.624736752160778e-05,0.0
0.0006842748810444725,0.0
1.08996880384173e-06,0.0
6.92465888016504e-07,0.0
0.00338216714992554,0.0
2.7717494708632968e-05,0.0
1.0779820812874216e-06,0.0
0.0003018515519496289,0.0
4.454061978461274e-09,0.0
4.5706168322314793e-07,0.0
2.428339031858235e-05,0.0
0.006755721683008327,0.0
2.2552346198009376e-07,0.0
1.0358346590448359e-08,0.0
0.009943278017402052,0.0
0.004395499691023472,0.0
4.289801280290979e-13,0.0
4.31485480117835e-05,0.0
2.4471329675465024e-05,0.0
0.06142772775348415,0.0
0.01929728486474331,0.0
0.00013195445609933117,0.0
0.01011671162339882,0.0
2.5696220762942127e-10,0.0
0.0003765551696119975,0.0
9.709377561245652e-05,0.0
0.01288031789896173,0.0
0.00016310260080527766,0.0
3.200544310981351e-05,0.0
0.003049974348541782,0.0
0.001723706627326119,0.0
0.00085986187003006,0.0
0.0009097130270098885,0.0
0.11261990374526343,0.0
0.00147332227352388,0.0
0.03166876880519056,0.0
1.4387299948978866e-05,0.0
0.08215108214751843,0.0
0.00038140393094679534,0.0
2.9030318439614685e-05,0.0
0.00028445725351545337,0.0
0.00011293500814344184,0.0
3.1766252436470165e-05,0.0
0.0007696994071107189,0.0
1.846715942765301e-10,0.0
0.00019780027413170446,0.0
0.014542152510743886,0.0
0.028346243303345287,0.0
1.768036870227512e-05,0.0
9.387068363045579e-07,0.0
8.942421067719071e-10,0.0
0.00016040129769507295,0.0
0.007008276556451626,0.0
4.4483030915847937e-10,0.0
7.69093455014033e-06,0.0
0.005069481902598003,0.0
2.979793410960097e-08,0.0
0.13893460881666114,0.0
7.355135942044352e-07,0.0
5.678637075578223e-09,0.0
0.00016432364166938578,0.0
9.455651135747083e-07,0.0
0.06103875898956628,0.0
0.005353994800486259,0.0
0.010713585977016578,0.0
3.7180695520735888e-09,0.0
0.02961194663671356,0.0
0.00035910901936588214,0.0
0.008759436632068058,0.0
2.5911926050943035e-09,0.0
3.2323480578573038e-06,0.0
5.467587535744015e-06,0.0
0.033028633389227804,0.0
3.218852429934359e-05,0.0
3.825918932814427e-20,0.0
0.0109758709885775,0.0
3.980174682698184e-14,0.0
0.0022007598302225544,0.0
0.0038550215512114664,0.0
4.602827544104222e-09,0.0
0.0012237306706400872,0.0
0.15482142585248054,0.0
0.001097221012600296,0.0
0.001676626436118011,0.0
5.330044889541436e-06,0.0
0.019174523564065942,0.0
6.6327971017517195e-06,0.0
0.001700086979547101,0.0
0.20636531878382114,0.0
2.114542163196678e-06,0.0
0.010114600303036899,0.0
1.861938195102395e-06,0.0
1.4534936442925284e-08,0.0
3.7072531649424585e-05,0.0
0.008848984386524546,0.0
6.7044515677652164e-06,0.0
1.1138198566308055e-09,0.0
0.00044480242798486576,0.0
0.0029304769974285417,0.0
0.0020587980790330285,0.0
0.010961631017050335,0.0
3.987486476874633e-06,0.0
0.0006613098881329963,0.0
0.2144615011040177,0.0
0.06229146346643753,0.0
0.00038985150198184485,0.0
0.0018763358770815376,0.0
0.00024255182829056252,0.0
1.3917831953694642e-05,0.0
0.05783565083717582,0.0
0.00016918723748408072,0.0
5.352415696211698e-05,0.0
7.205704187591235e-06,0.0
6.642948707703201e-11,0.0
1.8678879124815174e-06,0.0
0.0002053711916059876,0.0
0.00023213670528163252,0.0
4.9096214591938475e-11,0.0
0.0005588962091705093,0.0
0.015120401820681115,0.0
2.8625443606660544e-07,0.0
0.022467114184842357,0.0
0.136526472206184,0.0
0.00026938297603866214,0.0
2.0773005597168566e-10,0.0
0.06506484789795944,0.0
0.009508261873239849,0.0
3.837668299820589e-06,0.0
0.03350357771844458,0.0
5.565608050052304e-08,0.0
6.824974003564366e-08,0.0
0.00018518021449266103,0.0
0.05162158006746949,0.0
0.001686810914029368,0.0
0.26650890893590384,0.0
0.001106633401733652,0.0
0.004944865885188873,0.0
0.009214096730455965,0.0
4.892230622227498e-06,0.0
0.00011295052198627081,0.0
1.0823926244622607e-07,0.0
2.5199289076681775e-05,0.0
0.0006973776778540557,0.0
0.009135988303387594,0.0
2.188354808030798e-06,0.0
0.02963885262386468,0.0
0.011527893208261437,0.0
0.0032233430259325222,0.0
5.251287316280073e-05,0.0
0.00019461568061908912,0.0
0.0009447606862725316,0.0
0.04721917904130071,0.0
0.010087323659942016,0.0
1.1931946360360322e-06,0.0
0.05995909410713095,0.0
3.336361928473271e-05,0.0
3.3108515919334234e-08,0.0
0.00713424062974425,0.0
2.8534156529793426e-06,0.0
2.0429231362933987e-06,0.0
0.06330237226113197,0.0
4.43148789542452e-06,0.0
9.576672259933271e-05,0.0
5.275052158979374e-05,0.0
0.0007681496519018008,0.0
0.012587631908726268,0.0
0.0004846440521180065,0.0
0.00015519776312188677,0.0
0.08812359145505333,0.0
1.6296111436754858e-07,0.0
0.00860151677762642,0.0
0.0242480770530266,0.0
0.055076638385715325,0.0
0.00038846087082631707,0.0
0.06594498406545295,0.0
0.003773484709379387,0.0
2.9717472966300277e-07,0.0
1.437188750721067e-10,0.0
8.463839412219353e-06,0.0
0.0003173584952814086,0.0
0.0019631319485657267,0.0
6.140044964589274e-06,0.0
4.748249973162528e-12,0.0
5.466428321924523e-07,0.0
0.018209730865462494,0.0
0.018994179473011824,0.0
0.002279462364171213,0.0
2.5328028556039815e-06,0.0
9.634316934993232e-06,0.0
0.07498183535530914,0.0
1.870911320528558e-12,0.0
1.839138013572168e-05,0.0
2.5925759169408164e-05,0.0
0.015018368007313895,0.0
5.626384202096457e-06,0.0
0.00037335293939363875,0.0
6.63394598057951e-11,0.0
0.005917063287700876,0.0
6.081658013554021e-05,0.0
1.8613234366647527e-06,0.0
0.04231850816209459,0.0
4.718529833022252e-07,0.0
0.002440143340862053,0.0
0.0038013162471883825,0.0
9.199281894002922e-05,0.0
1.422252783835464e-06,0.0
1.3442026039259672e-08,0.0
0.07014916240692246,0.0
0.00016438249779647085,0.0
4.130657196283476e-09,0.0
0.0058376873332797756,0.0
0.07639967203711803,0.0
0.0002575879863443962,0.0
0.003348381029657657,0.0
2.0820186989474888e-07,0.0
6.619362267069182e-05,0.0
0.07771678861326418,0.0
0.002090080974496533,0.0
6.523374502574376e-07,0.0
0.000625609638518006,0.0
0.13194731323721048,0.0
0.00011255525083941365,0.0
0.00026599260015055176,0.0
0.011269532545716892,0.0
1.1960139679285754e-08,0.0
0.0009499102022843207,0.0
8.120980856338122e-06,0.0
0.01058022279014474,0.0
0.00026083232240046484,0.0
9.044971684431442e-06,0.0
0.002718732779312219,0.0
0.001217075296124035,0.0
6.264607541883656e-07,0.0
0.0017477591123538792,0.0
0.019793102364895645,0.0
1.0052317865279306e-05,0.0
8.255391592705148e-07,0.0
0.001927069624665839,0.0
0.07929833656733606,0.0
0.0010066142979106405,0.0
0.0008833336718655049,0.0
0.0004164479658037048,0.0
1.1126227256885302e-05,0.0
0.0470966251421263,0.0
0.037422067953467836,0.0
0.0012625882493070245,0.0
2.1366112191740925e-05,0.0
0.0011651574731227415,0.0
5.512175470202902e-05,0.0
0.008785724874651893,0.0
0.002441444429049856,0.0
0.0062235322203371395,0.0
0.0002842745890039377,0.0
0.0036827752179737503,0.0
0.020294950784852186,0.0
0.015501116827810869,0.0
0.06819980279999936,0.0
0.0333752152361451,0.0
4.306322251931006e-06,0.0
0.004856474648430507,0.0
1.6275733528384752e-06,0.0
2.2772388956191245e-05,0.0
2.392808235763653e-13,0.0
0.127334504971529,0.0
0.008019637437373479,0.0
7.092043616231699e-07,0.0
0.014899191236155261,0.0
3.2650035254986485e-05,0.0
0.09680191777358983,0.0
0.028597066265996486,0.0
5.365917868320434e-12,0.0
8.148057352608842e-05,0.0
7.999783573318271e-09,0.0
0.03148624815152276,0.0
6.474564983974903e-06,0.0
1.3078564572841354e-06,0.0
4.547921441970251e-06,0.0
0.006726423495605943,0.0
0.004353671817464463,0.0
0.03435785059651018,0.0
7.12298830661914e-06,0.0
0.0029172578574982746,0.0
7.934289688991802e-07,0.0
0.0064527419062975905,0.0
0.25089656162474566,0.0
0.0006906244357059821,0.0
4.214444969020351e-05,0.0
0.5168749001865088,0.0
4.655409756262674e-08,0.0
1.8881350713664764e-07,0.0
0.004012844326431409,0.0
0.0162874976625543,0.0
0.0342886767462751,0.0
0.000493488561304986,0.0
0.0025850239736318237,0.0
0.0005782703642453788,0.0
0.01349517325903263,0.0
0.0004511415094985397,0.0
0.00018200547542175896,0.0
0.006047736517768193,0.0
2.1809762948620264e-08,0.0
0.07670093388489134,0.0
2.788468134625309e-05,0.0
7.548933134994189e-05,0.0
0.005220286369039505,0.0
6.0587044871254486e-05,0.0
0.0003238039476895377,0.0
0.00021028755748036328,0.0
0.020388198356796707,0.0
0.0165210127367281,0.0
0.060633115234715936,0.0
0.00020405209555979166,0.0
3.744608228315696e-06,0.0
1.8849755045854895e-05,0.0
0.31777217849032746,0.0
2.718612509448779e-07,0.0
3.2927304432712314e-05,0.0
0.062324064578404406,0.0
1.1931085253079316e-09,0.0
1.4171156313233396e-09,0.0
2.210119711667086e-10,0.0
0.0010846011533237332,0.0
0.23098181775442458,0.0
0.08852419494102907,0.0
9.986522562285549e-05,0.0
0.0009413004814490128,0.0
7.425492563931283e-08,0.0
2.7351131845590484e-06,0.0
0.004602932589951402,0.0
0.0008486115841040189,0.0
0.0007719797100322971,0.0
8.34918351561199e-05,0.0
0.025363675641779486,0.0
2.0788258866677177e-18,0.0
0.001286102069085526,0.0
0.00010622172704744717,0.0
0.004703718336294104,0.0
7.551873531920971e-10,0.0
0.09214667578050906,0.0
8.697858871279864e-06,0.0
4.600440545078883e-15,0.0
0.0665398905783694,0.0
0.009605407114533967,0.0
0.04050160934023832,0.0
0.002978036539316659,0.0
0.017335274633710252,0.0
2.1359508397203252e-05,0.0
8.546715904218973e-12,0.0
1.0552629734572279e-07,0.0
0.03141701518012451,0.0
9.80730597888885e-05,0.0
2.3802831356657903e-05,0.0
0.0026461852520470487,0.0
9.57068311941586e-06,0.0
0.0013864434487004737,0.0
0.002631793262820949,0.0
9.374996212552737e-12,0.0
0.0018574247051618205,0.0
7.735811689965723e-05,0.0
2.8982951039681912e-08,0.0
0.010061682168326957,0.0
6.265632035130493e-06,0.0
0.012917550952960993,0.0
2.718074124292423e-10,0.0
0.012438461211555243,0.0
5.321137048044061e-06,0.0
1.4846398715099417e-05,0.0
1.0520460420459693e-07,0.0
3.669415269155179e-10,0.0
0.027459004020936734,0.0
0.0028611421116842882,0.0
0.013729640359619134,0.0
1.3695242293711219e-06,0.0
0.0010053728551301226,0.0
2.1066078061865486e-08,0.0
0.05390862286667611,0.0
0.0005860557438691553,0.0
6.313348386806906e-05,0.0
3.17423272178129e-05,0.0
0.011553255495114285,0.0
5.551785259932847e-05,0.0
0.036613948522048724,0.0
0.0014770478067372608,0.0
2.1502964400743935e-07,0.0
6.315045833827548e-06,0.0
0.012926263366781092,0.0
3.652184068267909e-05,0.0
0.01309711180638597,0.0
0.001650135903521459,0.0
5.561806852904098e-07,0.0
0.39780963492690735,0.0
0.002230597968749632,0.0
2.751864353519486e-07,0.0
0.025215280104987935,0.0
3.907940810771394e-05,0.0
1.1430236539001856e-07,0.0
0.0003009327388650792,0.0
0.0007720380650662924,0.0
1.9407502073154287e-06,0.0
0.20189586450171315,0.0
7.296021506281473e-07,0.0
0.10649685461669404,0.0
0.0030923787337283444,0.0
2.0496352467060795e-05,0.0
0.00041190291502902945,0.0
0.0010237961885367964,0.0
3.340146244017452e-05,0.0
7.184638346317099e-06,0.0
1.4298556341439698e-06,0.0
0.01525992231885102,0.0
1.2895616331753942e-06,0.0
7.854106743686464e-07,0.0
0.012902827098623207,0.0
0.002057809697189715,0.0
1.4034085316057584e-10,0.0
0.00021378259675805194,0.0
0.0003898734531750895,0.0
0.031238590358516366,0.0
0.02899806714632097,0.0
2.327529071047666e-05,0.0
0.0003088639489386976,0.0
1.8820847710830504e-10,0.0
0.0389456295312619,0.0
6.154902329174173e-06,0.0
0.2045985202351459,0.0
1.4954597364853278e-07,0.0
3.473291726922827e-07,0.0
0.0004691020850242486,0.0
0.00014032666520482625,0.0
0.001775766186023278,0.0
2.3833391980862164e-05,0.0
8.950598402609306e-10,0.0
0.15767053177405038,0.0
1.6171821428403397e-05,0.0
0.001995780582888672,0.0
1.5117883565374228e-05,0.0
4.2832635202992635e-05,0.0
3.675648149955732e-07,0.0
1.061554409572979e-05,0.0
0.06805043949939084,0.0
0.00015954271582052477,0.0
0.0531978893840681,0.0
0.01651280279460026,0.0
0.00013565629705626493,0.0
0.01323240761265844,0.0
0.04384570267045442,0.0
0.022253655653992444,0.0
0.021159076746683183,0.0
4.5915220843630954e-08,0.0
2.8646097115859298e-06,0.0
0.0005949026196259264,0.0
0.004000477877891337,0.0
0.002774360331139702,0.0
1.2153291919965758e-07,0.0
0.0014325697038347783,0.0
5.420213764630388e-08,0.0
7.2432130136064e-09,0.0
0.0001837184024736355,0.0
1.0608668488500724e-06,0.0
1.0790614192715599e-07,0.0
0.0009516520009450634,0.0
3.838433027398707e-07,0.0
0.0006974080532114372,0.0
0.006861248749670592,0.0
0.00030218849192965023,0.0
0.031014356875813904,0.0
0.0012173271584996885,0.0
1.763983696613983e-08,0.0
0.003100280487884143,0.0
0.00017098901101824724,0.0
5.359972125184152e-06,0.0
0.010917734301112791,0.0
3.1666858675096108e-06,0.0
0.21020398838149923,0.0
0.00023120363436347823,0.0
0.008606307423730428,0.0
4.3670030567391755e-07,0.0
2.7392093472406492e-08,0.0
0.007532244683063915,0.0
5.005152457573726e-10,0.0
0.0180018235543214,0.0
0.0007920980701274271,0.0
