2.877656e-08,0.0
1.5505856e-08,0.0
3.331683e-08,0.0
4.3842622e-08,0.0
5.624457e-09,0.0
8.7895635e-11,0.0
1.217965e-08,0.0
1.9604865e-08,0.0
1.9669917e-09,0.0
6.7831905e-08,0.0
2.468211e-08,0.0
3.9325782e-11,0.0
5.8492016e-09,0.0
4.2368025e-05,0.0
2.5272925e-08,0.0
7.4673466e-08,0.0
2.3828717e-09,0.0
2.4727017e-08,0.0
1.1076867e-06,0.0
3.5176434e-08,0.0
2.9335885e-09,0.0
4.0369166e-11,0.0
1.4499567e-07,0.0
5.956495e-09,0.0
2.0758193e-08,0.0
4.301085e-09,0.0
8.049754e-08,0.0
2.2763949e-07,0.0
1.46917705e-08,0.0
8.153187e-09,0.0
2.9386415e-06,0.0
2.8106522e-06,0.0
2.1252475e-09,0.0
1.337194e-07,0.0
1.0959976e-08,0.0
6.38999e-11,0.0
7.04214e-11,0.0
1.790402e-06,0.0
3.0048227e-06,0.0
4.7262512e-07,0.0
1.5370898e-07,0.0
1.472166e-06,0.0
1.9978884e-06,0.0
1.1876378e-06,0.0
9.559932e-06,0.0
3.223174e-05,0.0
6.238952e-06,0.0
4.096784e-07,0.0
2.2080194e-06,0.0
7.787234e-07,0.0
4.056203e-06,0.0
0.00018167496,0.0
2.593044e-07,0.0
8.1597057e-07,0.0
3.6203419e-06,0.0
4.819505e-07,0.0
5.890222e-09,0.0
1.2809321e-06,0.0
2.2805289e-06,0.0
2.7833948e-07,0.0
4.0229241e-07,0.0
2.2463622e-07,0.0
6.78082e-07,0.0
6.853482e-08,0.0
2.1672597e-07,0.0
1.6524666e-07,0.0
2.1061394e-06,0.0
1.5197799e-08,0.0
6.265587e-06,0.0
3.5361245e-05,0.0
2.2681408e-05,0.0
3.2125342e-07,0.0
8.71994e-09,0.0
2.727358e-07,0.0
5.252622e-08,0.0
1.5534506e-05,0.0
1.0013091e-08,0.0
2.1916023e-07,0.0
5.7977417e-07,0.0
1.595096e-08,0.0
4.4286026e-07,0.0
4.3985077e-07,0.0
1.5480731e-07,0.0
1.5601033e-07,0.0
1.2493604e-07,0.0
3.2832145e-07,0.0
3.1526707e-07,0.0
7.565215e-07,0.0
4.1333183e-06,0.0
9.324558e-06,0.0
2.775556e-15,0.0
1.524071e-07,0.0
4.958863e-07,0.0
1.3573156e-05,0.0
2.7506226e-06,0.0
5.0718354e-06,0.0
1.4869321e-06,0.0
1.7914388e-06,0.0
4.9327423e-07,0.0
1.0813406e-05,0.0
5.337609e-06,0.0
4.123845e-06,0.0
2.796279e-06,0.0
1.6761905e-05,0.0
8.902206e-06,0.0
4.8548407e-07,0.0
5.5301865e-07,0.0
2.5582983e-06,0.0
2.6938371e-06,0.0
4.647868e-09,0.0
1.785929e-08,0.0
2.1249216e-05,0.0
4.704841e-05,0.0
1.36568055e-08,0.0
5.6449846e-07,0.0
1.3936439e-09,0.0
1.1517052e-10,0.0
4.254983e-09,0.0
2.993229e-09,0.0
3.562786e-10,0.0
3.3955985e-09,0.0
4.920824e-10,0.0
8.500869e-09,0.0
1.813133e-08,0.0
1.6467936e-07,0.0
0.0001449287,0.0
1.9618446e-06,0.0
3.0364422e-09,0.0
2.6548905e-09,0.0
1.9051271e-07,0.0
1.1814444e-09,0.0
1.1018797e-07,0.0
2.3240925e-09,0.0
4.782895e-08,0.0
1.2705541e-06,0.0
5.595193e-07,0.0
3.6234674e-08,0.0
4.3100036e-07,0.0
4.6791385e-05,0.0
3.5017895e-09,0.0
3.3098568e-06,0.0
5.242841e-07,0.0
1.46659005e-08,0.0
1.9167777e-07,0.0
3.803608e-09,0.0
3.712402e-09,0.0
9.0441677e-07,0.0
1.1869529e-06,0.0
2.6176956e-06,0.0
3.8064567e-07,0.0
7.068122e-06,0.0
5.075629e-06,0.0
2.5543147e-06,0.0
2.0794723e-05,0.0
1.6128655e-05,0.0
1.3981969e-05,0.0
1.7752175e-06,0.0
1.6620959e-06,0.0
7.87493e-06,0.0
4.210562e-06,0.0
1.9351073e-06,0.0
1.6230082e-06,0.0
1.2483838e-05,0.0
1.815714e-05,0.0
2.1879102e-07,0.0
8.90483e-08,0.0
2.470717e-08,0.0
3.6770274e-08,0.0
5.3427932e-08,0.0
2.2629456e-08,0.0
2.5194282e-08,0.0
7.6908634e-08,0.0
2.8878156e-07,0.0
7.929366e-07,0.0
6.5159443e-06,0.0
7.083156e-08,0.0
1.2831266e-08,0.0
2.2556026e-08,0.0
4.335654e-07,0.0
1.0021178e-05,0.0
1.5595454e-07,0.0
5.8176947e-06,0.0
8.7413646e-05,0.0
1.0136586e-09,0.0
0.00010703436,0.0
1.3386064e-07,0.0
4.6066628e-08,0.0
3.305598e-08,0.0
2.3878994e-07,0.0
2.6626216e-07,0.0
8.0623394e-08,0.0
7.9100346e-08,0.0
5.5970722e-05,0.0
3.5598265e-07,0.0
4.019674e-08,0.0
3.9710855e-08,0.0
4.3365703e-06,0.0
8.390321e-06,0.0
2.0962794e-07,0.0
1.40193655e-11,0.0
8.561339e-06,0.0
2.5737165e-05,0.0
5.2744804e-07,0.0
4.0207456e-07,0.0
1.4347667e-05,0.0
1.9010245e-06,0.0
9.172822e-07,0.0
1.1351725e-05,0.0
8.839472e-05,0.0
3.9951746e-07,0.0
4.2818356e-06,0.0
7.90349e-06,0.0
8.709241e-06,0.0
1.7517167e-06,0.0
2.6499897e-06,0.0
3.9385222e-06,0.0
3.8149827e-07,0.0
1.4371133e-06,0.0
1.0170618e-08,0.0
2.5032654e-09,0.0
2.5201067e-11,0.0
1.097468e-12,0.0
2.3999797e-10,0.0
6.676224e-10,0.0
2.8157103e-09,0.0
4.4017217e-09,0.0
1.7472452e-08,0.0
5.08946e-07,0.0
3.427336e-05,0.0
8.099125e-09,0.0
1.2949396e-09,0.0
3.7503995e-09,0.0
1.3927908e-09,0.0
4.782051e-10,0.0
1.14408444e-07,0.0
3.787403e-07,0.0
1.68029e-08,0.0
2.6069166e-11,0.0
1.6627615e-08,0.0
3.5378053e-10,0.0
2.3996664e-08,0.0
9.535559e-11,0.0
4.0234074e-09,0.0
3.6947068e-07,0.0
5.882677e-09,0.0
5.453691e-08,0.0
4.4659737e-10,0.0
6.986248e-10,0.0
9.0419896e-08,0.0
5.047581e-09,0.0
2.1893847e-08,0.0
8.735459e-08,0.0
2.1724806e-07,0.0
1.2669761e-06,0.0
2.7570788e-11,0.0
3.801509e-05,0.0
7.92565e-08,0.0
6.38474e-05,0.0
6.683531e-08,0.0
1.5053894e-08,0.0
7.722762e-08,0.0
4.0685382e-08,0.0
2.9386024e-06,0.0
4.918298e-05,0.0
4.6128287e-07,0.0
4.0677396e-06,0.0
1.249134e-05,0.0
1.7851262e-05,0.0
8.19843e-06,0.0
8.269747e-06,0.0
5.682291e-07,0.0
2.530458e-05,0.0
1.0177163e-07,0.0
3.689478e-07,0.0
2.1296282e-07,0.0
7.690621e-10,0.0
8.841887e-06,0.0
2.792754e-09,0.0
1.4961266e-08,0.0
3.043142e-07,0.0
5.9215832e-05,0.0
1.664765e-05,0.0
8.624044e-08,0.0
6.0701547e-07,0.0
2.2472695e-10,0.0
8.32151e-10,0.0
2.1218627e-06,0.0
1.6137108e-08,0.0
4.7278353e-10,0.0
6.0422694e-09,0.0
2.5863818e-08,0.0
1.2013578e-08,0.0
2.2092907e-05,0.0
8.099651e-09,0.0
2.3063846e-07,0.0
3.8933456e-10,0.0
7.785232e-08,0.0
1.3005708e-09,0.0
6.322252e-07,0.0
1.5366904e-06,0.0
1.925683e-08,0.0
2.605489e-08,0.0
3.1161267e-06,0.0
6.0022764e-08,0.0
9.3406044e-08,0.0
2.446327e-07,0.0
1.6197039e-06,0.0
1.377225e-05,0.0
3.625258e-08,0.0
2.914266e-08,0.0
8.67681e-06,0.0
1.674034e-05,0.0
3.6381334e-07,0.0
1.0841704e-06,0.0
1.2285811e-06,0.0
9.292005e-08,0.0
7.0251764e-07,0.0
8.772707e-07,0.0
1.3433151e-07,0.0
2.929482e-07,0.0
4.343536e-06,0.0
5.855732e-07,0.0
1.9523956e-07,0.0
1.9005314e-06,0.0
2.6943303e-06,0.0
5.287719e-06,0.0
2.7537565e-06,0.0
3.1906422e-09,0.0
7.240362e-08,0.0
8.3922647e-10,0.0
3.7928646e-07,0.0
1.1106208e-08,0.0
9.148604e-09,0.0
1.020243e-05,0.0
2.8187856e-08,0.0
1.8186261e-08,0.0
1.0780992e-05,0.0
1.1648773e-07,0.0
2.2858634e-08,0.0
3.252682e-07,0.0
3.0615375e-08,0.0
5.922735e-07,0.0
5.1640516e-08,0.0
4.2531165e-09,0.0
6.7248433e-09,0.0
1.2029009e-06,0.0
4.5785336e-07,0.0
5.942673e-09,0.0
2.4039451e-08,0.0
7.404301e-09,0.0
5.0253834e-06,0.0
1.555942e-08,0.0
8.745224e-09,0.0
5.3065463e-08,0.0
4.536794e-07,0.0
6.652693e-05,0.0
2.0352852e-06,0.0
1.5237187e-06,0.0
2.8181285e-07,0.0
3.6502487e-07,0.0
1.7802297e-07,0.0
1.5697765e-08,0.0
5.4158943e-07,0.0
2.8380758e-09,0.0
9.003883e-07,0.0
1.210117e-07,0.0
1.0824018e-06,0.0
0.000114856186,0.0
1.9281679e-06,0.0
2.2184962e-05,0.0
3.7374268e-06,0.0
9.963862e-07,0.0
7.1746103e-06,0.0
2.314618e-06,0.0
1.7864477e-05,0.0
1.3710343e-05,0.0
3.2505593e-06,0.0
1.8759593e-07,0.0
3.950168e-06,0.0
1.1295139e-05,0.0
1.0533113e-06,0.0
5.902405e-06,0.0
4.940312e-09,0.0
1.891035e-07,0.0
4.137315e-09,0.0
8.840247e-09,0.0
8.9043926e-05,0.0
1.1386165e-08,0.0
3.124655e-08,0.0
5.723009e-07,0.0
5.554235e-07,0.0
1.8503439e-06,0.0
1.7425691e-08,0.0
3.469974e-06,0.0
2.1046326e-07,0.0
5.269986e-07,0.0
2.0211207e-06,0.0
7.833788e-07,0.0
1.1350426e-07,0.0
6.444626e-08,0.0
1.8473498e-08,0.0
1.0233846e-07,0.0
2.4725225e-08,0.0
1.9691633e-07,0.0
1.8092258e-08,0.0
5.393928e-08,0.0
2.9592107e-08,0.0
7.660117e-07,0.0
1.986864e-08,0.0
3.0468748e-08,0.0
1.4003433e-06,0.0
7.536376e-05,0.0
1.3212341e-06,0.0
9.03117e-07,0.0
1.7705383e-07,0.0
1.4647004e-08,0.0
2.3818494e-07,0.0
6.1645222e-09,0.0
4.488264e-09,0.0
4.193119e-06,0.0
7.452887e-07,0.0
1.1592747e-06,0.0
5.087247e-07,0.0
8.359974e-07,0.0
1.6822343e-05,0.0
9.3693494e-08,0.0
5.4338334e-06,0.0
2.9695975e-06,0.0
6.9930547e-06,0.0
1.9534061e-06,0.0
1.14612885e-05,0.0
1.4257323e-06,0.0
1.1659722e-05,0.0
6.5943146e-05,0.0
5.436762e-06,0.0
6.485597e-06,0.0
1.4208463e-09,0.0
3.744767e-09,0.0
5.2643543e-09,0.0
9.081289e-09,0.0
1.9416335e-09,0.0
8.508238e-08,0.0
1.1176617e-07,0.0
1.8191943e-07,0.0
2.5182822e-10,0.0
1.4108895e-09,0.0
5.465963e-10,0.0
1.2720714e-07,0.0
1.5488785e-10,0.0
5.977502e-06,0.0
2.4510008e-10,0.0
5.393761e-07,0.0
6.6775044e-08,0.0
7.596552e-08,0.0
1.508654e-09,0.0
2.9606051e-08,0.0
1.2096744e-08,0.0
4.0083026e-09,0.0
2.8457581e-08,0.0
2.192382e-05,0.0
7.4761437e-07,0.0
1.0598912e-06,0.0
6.043494e-08,0.0
1.7091256e-06,0.0
1.988757e-07,0.0
3.4392585e-08,0.0
9.08429e-08,0.0
8.860368e-09,0.0
2.848994e-07,0.0
1.7996821e-06,0.0
5.2960203e-08,0.0
8.664538e-08,0.0
1.3308392e-09,0.0
3.1380954e-05,0.0
1.9438403e-05,0.0
1.6564443e-05,0.0
2.2214845e-06,0.0
9.441083e-09,0.0
3.8664384e-06,0.0
2.348922e-07,0.0
2.1184294e-06,0.0
4.3232776e-06,0.0
5.4077836e-06,0.0
2.4249032e-06,0.0
1.2769473e-06,0.0
1.6409484e-06,0.0
1.8138412e-07,0.0
2.032837e-06,0.0
2.458197e-06,0.0
2.758422e-06,0.0
1.0579084e-07,0.0
8.0304546e-10,0.0
2.7214064e-10,0.0
1.7009467e-06,0.0
2.0182556e-09,0.0
4.897241e-07,0.0
2.0402385e-10,0.0
2.0058675e-09,0.0
1.6359926e-09,0.0
2.2378849e-10,0.0
3.3779297e-06,0.0
1.3995902e-08,0.0
8.953482e-09,0.0
3.3794873e-11,0.0
3.4255526e-10,0.0
2.1935134e-09,0.0
1.0516671e-08,0.0
2.1798633e-12,0.0
2.8773184e-10,0.0
3.4998284e-06,0.0
2.884397e-09,0.0
2.076539e-09,0.0
1.4917321e-05,0.0
1.0580495e-11,0.0
7.0354747e-07,0.0
2.9251557e-10,0.0
1.8349177e-09,0.0
2.3103228e-11,0.0
1.1308772e-11,0.0
7.677253e-05,0.0
7.2030404e-10,0.0
9.713812e-10,0.0
1.0610826e-08,0.0
3.9168623e-07,0.0
7.584987e-11,0.0
2.6707775e-07,0.0
5.660893e-11,0.0
8.8031243e-10,0.0
1.8272926e-06,0.0
1.1644691e-08,0.0
2.7632954e-08,0.0
1.187647e-06,0.0
2.382556e-07,0.0
4.1421335e-06,0.0
1.566343e-08,0.0
1.6556775e-06,0.0
2.7514713e-07,0.0
1.01007956e-07,0.0
1.6606905e-06,0.0
1.2364587e-06,0.0
4.317493e-08,0.0
2.1536981e-07,0.0
1.775077e-06,0.0
3.2250955e-07,0.0
1.3203876e-06,0.0
1.7793326e-08,0.0
3.404188e-05,0.0
2.1705268e-06,0.0
1.8898099e-08,0.0
2.1175952e-06,0.0
2.4739471e-08,0.0
6.4987726e-06,0.0
4.7308328e-07,0.0
1.0557968e-09,0.0
3.250531e-10,0.0
1.2087956e-08,0.0
3.9829096e-09,0.0
3.5517776e-06,0.0
0.00013744831,0.0
2.7075985e-06,0.0
2.3564564e-05,0.0
4.26992e-08,0.0
2.337738e-08,0.0
4.301046e-08,0.0
5.8293273e-05,0.0
4.698816e-10,0.0
1.361951e-07,0.0
2.356809e-09,0.0
2.6541414e-07,0.0
1.9498296e-07,0.0
1.5536489e-09,0.0
8.2540794e-07,0.0
3.3172685e-09,0.0
4.6583875e-08,0.0
8.595991e-07,0.0
1.75049e-07,0.0
1.4024013e-08,0.0
1.247145e-07,0.0
3.4181878e-06,0.0
6.6491407e-07,0.0
5.653626e-09,0.0
2.909872e-12,0.0
1.151776e-09,0.0
4.9667224e-06,0.0
1.819124e-06,0.0
1.915126e-07,0.0
1.797736e-07,0.0
1.9521424e-07,0.0
3.3466614e-07,0.0
8.885586e-07,0.0
1.0099366e-06,0.0
8.289234e-08,0.0
1.2321929e-06,0.0
1.7904678e-05,0.0
4.8545124e-05,0.0
5.2246725e-07,0.0
3.8308016e-07,0.0
1.1605313e-06,0.0
1.3591037e-06,0.0
1.2562967e-06,0.0
2.1861549e-08,0.0
3.8999026e-09,0.0
5.51119e-09,0.0
1.6582105e-08,0.0
3.9963652e-08,0.0
8.069397e-09,0.0
1.6986803e-08,0.0
2.8726986e-06,0.0
8.608714e-11,0.0
8.471285e-08,0.0
2.3609932e-09,0.0
6.0063274e-09,0.0
3.644789e-08,0.0
3.2742356e-08,0.0
6.606394e-07,0.0
1.9695597e-07,0.0
3.2870318e-08,0.0
8.302632e-09,0.0
2.9078917e-08,0.0
4.2437216e-05,0.0
1.7144245e-08,0.0
2.6556501e-09,0.0
1.2744282e-09,0.0
9.595027e-09,0.0
2.3699356e-09,0.0
2.7800684e-07,0.0
4.724108e-08,0.0
5.0280846e-07,0.0
4.2692254e-09,0.0
1.5697309e-07,0.0
1.5565885e-07,0.0
2.920253e-08,0.0
2.7483884e-08,0.0
2.9588099e-08,0.0
5.0688834e-07,0.0
3.9946846e-10,0.0
1.1506913e-09,0.0
2.5191111e-06,0.0
6.025082e-07,0.0
3.4309444e-06,0.0
3.0620574e-06,0.0
6.0509747e-06,0.0
9.444433e-07,0.0
3.6281706e-06,0.0
1.0687604e-06,0.0
5.5477744e-06,0.0
9.71102e-07,0.0
1.7494338e-05,0.0
7.2593484e-06,0.0
1.5521481e-06,0.0
4.4244402e-07,0.0
1.0099313e-05,0.0
1.584042e-06,0.0
1.7040072e-06,0.0
2.7659835e-05,0.0
1.03549e-06,0.0
7.113883e-10,0.0
3.2172452e-06,0.0
5.0635805e-08,0.0
2.8424166e-08,0.0
5.556455e-07,0.0
4.0622402e-07,0.0
1.234872e-07,0.0
7.6777454e-08,0.0
1.0703864e-06,0.0
0.00010685088,0.0
0.00010219008,0.0
1.9450779e-08,0.0
1.4698296e-07,0.0
2.1064297e-07,0.0
2.421557e-06,0.0
4.091189e-07,0.0
6.1193504e-09,0.0
2.3634988e-05,0.0
3.9684355e-08,0.0
8.594508e-05,0.0
1.0421026e-08,0.0
6.16711e-07,0.0
2.0068864e-08,0.0
1.8312893e-08,0.0
8.9894e-07,0.0
3.6766718e-07,0.0
8.276832e-08,0.0
4.407933e-08,0.0
1.2938534e-07,0.0
2.4557014e-08,0.0
6.29446e-08,0.0
1.6554611e-06,0.0
3.5604019e-06,0.0
1.0987716e-05,0.0
3.0705354e-13,0.0
4.7023957e-07,0.0
5.482997e-07,0.0
0.00011716196,0.0
1.5638632e-05,0.0
6.3899967e-07,0.0
2.6115876e-07,0.0
3.3829411e-07,0.0
8.9444023e-07,0.0
5.507526e-06,0.0
8.113834e-06,0.0
2.8542304e-06,0.0
2.1840212e-06,0.0
7.091781e-06,0.0
2.2258869e-06,0.0
3.651589e-07,0.0
4.7782087e-06,0.0
2.038195e-06,0.0
5.6984386e-06,0.0
9.975898e-09,0.0
3.7847037e-10,0.0
1.8852019e-06,0.0
1.524614e-08,0.0
9.081808e-09,0.0
7.469021e-06,0.0
5.6277006e-08,0.0
2.5999489e-08,0.0
8.619456e-08,0.0
1.6220032e-07,0.0
5.4065326e-09,0.0
1.7039048e-08,0.0
2.466271e-09,0.0
3.9525245e-09,0.0
7.275455e-08,0.0
3.2018445e-07,0.0
3.266786e-09,0.0
4.9926324e-08,0.0
1.7076007e-06,0.0
2.494617e-07,0.0
2.376508e-09,0.0
6.089384e-08,0.0
9.344931e-05,0.0
1.7467545e-09,0.0
1.6683241e-08,0.0
0.00010308551,0.0
3.6631045e-06,0.0
4.6442548e-08,0.0
5.8091213e-05,0.0
9.745031e-07,0.0
4.1613443e-08,0.0
7.4060913e-10,0.0
1.2391378e-07,0.0
9.928102e-09,0.0
1.349203e-07,0.0
1.1812529e-07,0.0
1.8054857e-06,0.0
5.7736463e-05,0.0
2.012931e-07,0.0
3.0805277e-06,0.0
1.7546325e-08,0.0
1.5729887e-07,0.0
5.724297e-07,0.0
9.544431e-07,0.0
1.3186007e-06,0.0
3.736983e-07,0.0
1.2343298e-06,0.0
4.1898468e-07,0.0
1.7416953e-06,0.0
1.1233622e-06,0.0
7.2719416e-07,0.0
6.6157663e-06,0.0
7.205961e-06,0.0
4.096995e-07,0.0
6.5170994e-08,0.0
2.6192211e-08,0.0
1.7190251e-08,0.0
6.460068e-09,0.0
6.184095e-09,0.0
5.4114433e-09,0.0
9.383437e-09,0.0
1.2671497e-05,0.0
2.3261558e-08,0.0
1.8809914e-07,0.0
2.0739941e-07,0.0
2.6535795e-07,0.0
4.3455117e-10,0.0
2.9096716e-05,0.0
3.779153e-08,0.0
1.7275037e-06,0.0
2.6760296e-09,0.0
1.8498419e-07,0.0
1.3135364e-06,0.0
2.6553985e-06,0.0
5.8572844e-09,0.0
5.572436e-08,0.0
1.6329375e-05,0.0
1.0457165e-06,0.0
1.3829231e-08,0.0
1.6882177e-07,0.0
7.1167094e-09,0.0
4.2200995e-07,0.0
6.6304485e-05,0.0
6.2836256e-07,0.0
2.0310154e-08,0.0
1.4337586e-07,0.0
3.0044987e-08,0.0
7.611476e-08,0.0
2.8002592e-07,0.0
4.794987e-07,0.0
2.2518702e-09,0.0
1.1908674e-05,0.0
2.5562338e-07,0.0
5.1295137e-09,0.0
0.000111245274,0.0
4.9758603e-07,0.0
5.5402955e-07,0.0
8.1664865e-07,0.0
9.023968e-08,0.0
2.7134743e-06,0.0
1.9385845e-05,0.0
4.1738645e-06,0.0
1.5459848e-06,0.0
4.6855307e-06,0.0
3.218632e-08,0.0
1.2838923e-07,0.0
1.4699472e-07,0.0
0.00028544664,0.0
3.861473e-07,0.0
2.9520664e-09,0.0
1.8032201e-09,0.0
9.2533426e-08,0.0
5.104784e-08,0.0
5.208715e-08,0.0
3.7670466e-07,0.0
3.651168e-07,0.0
2.6422145e-10,0.0
1.9609708e-10,0.0
2.1522453e-08,0.0
1.6953683e-07,0.0
4.5859623e-09,0.0
1.8083144e-07,0.0
1.6986705e-08,0.0
1.0123158e-09,0.0
2.5674622e-09,0.0
1.8001961e-07,0.0
1.2018275e-08,0.0
3.517395e-08,0.0
2.8076823e-07,0.0
1.3863769e-07,0.0
2.0323872e-08,0.0
6.556004e-10,0.0
1.6464456e-08,0.0
1.616585e-08,0.0
8.152585e-08,0.0
2.8971865e-05,0.0
3.5168233e-07,0.0
5.767818e-07,0.0
4.25024e-06,0.0
6.651218e-08,0.0
3.044969e-08,0.0
2.1297827e-05,0.0
1.9120246e-06,0.0
7.236583e-07,0.0
1.779264e-07,0.0
1.09260476e-10,0.0
1.9411532e-06,0.0
6.144511e-06,0.0
9.002213e-06,0.0
1.9392131e-05,0.0
4.563723e-06,0.0
1.4661371e-06,0.0
7.001713e-07,0.0
9.999902e-07,0.0
1.8720194e-06,0.0
4.5517517e-08,0.0
1.817403e-05,0.0
0.00021880865,0.0
3.3116993e-07,0.0
8.201863e-06,0.0
1.787593e-05,0.0
5.719378e-06,0.0
1.9365481e-07,0.0
4.2664272e-08,0.0
1.5698295e-09,0.0
6.0671596e-08,0.0
2.1932361e-10,0.0
6.9542647e-09,0.0
1.3307472e-10,0.0
4.1456407e-09,0.0
1.0244163e-06,0.0
1.1308498e-06,0.0
9.320258e-09,0.0
6.5399837e-09,0.0
9.498797e-06,0.0
9.197308e-10,0.0
1.2466723e-08,0.0
0.000117890035,0.0
5.3066324e-10,0.0
3.2508178e-09,0.0
6.4247283e-09,0.0
2.2308202e-09,0.0
5.321647e-07,0.0
1.5681357e-09,0.0
7.802714e-08,0.0
2.2251523e-08,0.0
3.2001576e-08,0.0
4.375891e-08,0.0
5.1289785e-08,0.0
1.24746435e-08,0.0
5.6620788e-08,0.0
2.8134975e-06,0.0
1.7474866e-10,0.0
1.07386526e-07,0.0
6.2827503e-09,0.0
2.7431082e-07,0.0
3.1904113e-07,0.0
1.1571649e-06,0.0
2.299573e-06,0.0
2.4112316e-07,0.0
1.373906e-07,0.0
5.175438e-07,0.0
3.0087785e-05,0.0
2.571914e-08,0.0
2.1015619e-07,0.0
3.375521e-06,0.0
8.511387e-06,0.0
3.3464076e-08,0.0
3.2502433e-06,0.0
2.6001721e-06,0.0
2.0697182e-07,0.0
1.1679102e-06,0.0
2.6280675e-05,0.0
7.4344374e-05,0.0
1.172327e-06,0.0
6.6114546e-07,0.0
1.4023005e-05,0.0
7.038716e-05,0.0
8.916756e-09,0.0
1.051293e-10,0.0
1.01482656e-10,0.0
9.373523e-10,0.0
3.2374463e-09,0.0
1.4820789e-06,0.0
3.3317131e-09,0.0
2.2080582e-09,0.0
2.1028919e-10,0.0
2.1207691e-09,0.0
1.0776401e-06,0.0
1.6470408e-10,0.0
2.4255402e-09,0.0
3.3889986e-09,0.0
2.6408154e-07,0.0
4.964134e-09,0.0
2.6748967e-09,0.0
4.4841933e-08,0.0
2.0705649e-11,0.0
4.7245923e-09,0.0
2.7260121e-08,0.0
7.3419635e-08,0.0
4.5066555e-09,0.0
3.6832887e-08,0.0
9.142534e-09,0.0
1.4161712e-09,0.0
1.5164414e-06,0.0
4.470683e-08,0.0
2.887068e-08,0.0
1.46778785e-08,0.0
8.495958e-07,0.0
8.6526306e-08,0.0
1.0941524e-06,0.0
4.2894555e-07,0.0
4.3714596e-07,0.0
2.3155307e-09,0.0
6.0810844e-12,0.0
1.2119845e-05,0.0
5.0699686e-08,0.0
6.41382e-07,0.0
7.966397e-06,0.0
6.910528e-08,0.0
1.4132018e-05,0.0
8.509325e-06,0.0
2.448437e-07,0.0
7.9971835e-07,0.0
8.159519e-07,0.0
3.0880547e-06,0.0
4.1541577e-07,0.0
1.121236e-07,0.0
9.668539e-07,0.0
1.355591e-07,0.0
2.1720073e-06,0.0
9.869408e-08,0.0
1.489155e-07,0.0
1.8712046e-07,0.0
2.0331696e-05,0.0
5.2061693e-09,0.0
0.00017473102,0.0
1.2904178e-07,0.0
2.7983223e-08,0.0
3.8487098e-08,0.0
1.8066147e-07,0.0
2.4837993e-07,0.0
7.016596e-08,0.0
1.5698626e-07,0.0
2.9323692e-07,0.0
4.5552153e-07,0.0
8.0129245e-09,0.0
8.534991e-08,0.0
4.0398325e-09,0.0
7.1989374e-09,0.0
4.1799666e-08,0.0
2.8124271e-08,0.0
3.9682615e-08,0.0
1.35726435e-08,0.0
1.740875e-06,0.0
1.14280905e-08,0.0
6.8562764e-07,0.0
1.4595579e-06,0.0
5.7904253e-07,0.0
2.895787e-08,0.0
1.4270558e-08,0.0
1.5810777e-08,0.0
1.1383934e-05,0.0
2.1322976e-06,0.0
4.4317776e-06,0.0
9.577384e-07,0.0
3.2942577e-07,0.0
2.4389344e-08,0.0
7.8027105e-09,0.0
3.4588646e-07,0.0
4.8275047e-05,0.0
1.2804611e-09,0.0
9.564824e-07,0.0
1.06258994e-07,0.0
8.0240284e-07,0.0
9.114298e-08,0.0
4.942122e-07,0.0
5.4309453e-07,0.0
4.7075875e-05,0.0
3.9435377e-05,0.0
9.288479e-08,0.0
6.139529e-07,0.0
8.601141e-07,0.0
6.2533677e-06,0.0
4.0611558e-05,0.0
6.7150387e-07,0.0
2.854923e-07,0.0
4.6844247e-07,0.0
4.1340886e-09,0.0
7.288633e-05,0.0
1.3998946e-08,0.0
1.4119206e-09,0.0
8.819906e-08,0.0
1.3421614e-07,0.0
4.278578e-06,0.0
4.3337584e-10,0.0
4.120794e-08,0.0
9.693481e-08,0.0
1.5572306e-08,0.0
7.7230163e-07,0.0
1.112875e-06,0.0
2.312856e-07,0.0
7.962192e-09,0.0
3.087847e-07,0.0
1.2121336e-07,0.0
9.0003844e-08,0.0
1.2265441e-06,0.0
3.6006156e-08,0.0
8.457628e-06,0.0
8.4719715e-10,0.0
2.0441815e-09,0.0
1.3570088e-05,0.0
1.3908159e-05,0.0
1.2659984e-07,0.0
9.302331e-05,0.0
1.2029118e-07,0.0
8.856178e-09,0.0
1.17034915e-07,0.0
3.648195e-09,0.0
5.362924e-07,0.0
2.2833808e-07,0.0
3.788427e-08,0.0
3.6384474e-08,0.0
1.6551698e-09,0.0
4.5699184e-05,0.0
2.343762e-05,0.0
3.5522266e-05,0.0
5.3983026e-06,0.0
2.0152406e-08,0.0
1.8002393e-05,0.0
1.5256197e-07,0.0
1.1350583e-06,0.0
9.674632e-06,0.0
1.1957752e-06,0.0
1.0939196e-06,0.0
2.7244543e-05,0.0
9.998668e-08,0.0
1.194309e-07,0.0
3.4461898e-06,0.0
4.021256e-05,0.0
2.0277226e-05,0.0
1.0098373e-06,0.0
1.784338e-07,0.0
4.7067746e-07,0.0
4.5753556e-09,0.0
9.033839e-11,0.0
7.299529e-08,0.0
1.2620511e-08,0.0
2.3744035e-11,0.0
4.805167e-09,0.0
1.1075661e-08,0.0
5.6424792e-08,0.0
9.726789e-10,0.0
3.3467522e-08,0.0
1.7258905e-09,0.0
1.01297394e-10,0.0
8.502597e-05,0.0
2.84406e-06,0.0
1.2579362e-07,0.0
2.9960135e-11,0.0
8.9186225e-10,0.0
7.690131e-06,0.0
1.730734e-08,0.0
7.3368502e-09,0.0
6.5128994e-08,0.0
2.6994988e-07,0.0
2.347135e-07,0.0
9.7522125e-08,0.0
4.1327763e-05,0.0
5.2405834e-08,0.0
1.2298266e-07,0.0
1.5140446e-07,0.0
1.9477872e-07,0.0
1.2829493e-06,0.0
3.317125e-06,0.0
6.772929e-05,0.0
2.2856183e-07,0.0
1.2629493e-08,0.0
2.4048944e-08,0.0
5.477794e-06,0.0
6.5282475e-06,0.0
2.6810878e-05,0.0
5.777554e-06,0.0
1.1845843e-05,0.0
1.6774818e-06,0.0
7.30592e-07,0.0
5.591305e-05,0.0
2.6563027e-06,0.0
1.3883656e-05,0.0
6.5532104e-06,0.0
3.6008046e-06,0.0
6.6214598e-06,0.0
3.6285546e-06,0.0
2.3214643e-06,0.0
1.6608987e-05,0.0
3.863243e-06,0.0
7.503926e-08,0.0
6.853108e-10,0.0
9.315846e-10,0.0
8.8491804e-05,0.0
4.227231e-08,0.0
8.6555315e-07,0.0
6.03023e-08,0.0
9.482234e-08,0.0
9.752115e-09,0.0
3.1904065e-08,0.0
1.8466313e-08,0.0
6.315674e-08,0.0
7.889854e-09,0.0
1.7115705e-10,0.0
3.572757e-09,0.0
7.40031e-08,0.0
1.2668522e-09,0.0
2.181806e-08,0.0
1.9263875e-09,0.0
1.4324963e-08,0.0
2.0935624e-05,0.0
1.2272437e-08,0.0
1.4368528e-08,0.0
1.571906e-07,0.0
2.632112e-08,0.0
8.3107636e-08,0.0
4.4585718e-07,0.0
4.796615e-07,0.0
4.1428032e-07,0.0
1.8388207e-07,0.0
1.06111145e-07,0.0
1.5913423e-09,0.0
2.325271e-06,0.0
8.085111e-07,0.0
2.0178669e-07,0.0
2.189723e-06,0.0
1.3070615e-09,0.0
3.269392e-07,0.0
1.3062859e-06,0.0
1.8021528e-05,0.0
2.7777244e-06,0.0
7.0398306e-07,0.0
4.7698428e-05,0.0
1.0628448e-06,0.0
1.9250829e-06,0.0
2.6493313e-07,0.0
1.4259349e-06,0.0
2.7783258e-06,0.0
2.7370131e-06,0.0
5.8369346e-06,0.0
6.3958405e-06,0.0
1.3503488e-05,0.0
5.675172e-08,0.0
1.1171433e-06,0.0
1.3394525e-06,0.0
6.353455e-08,0.0
1.318983e-08,0.0
7.402361e-05,0.0
3.0145095e-08,0.0
1.0503306e-07,0.0
3.3154277e-09,0.0
4.1428976e-09,0.0
4.31726e-09,0.0
4.134081e-07,0.0
4.0936206e-07,0.0
1.5922274e-07,0.0
6.1615516e-08,0.0
9.222169e-09,0.0
1.2080011e-07,0.0
0.00016564131,0.0
7.377169e-08,0.0
5.210496e-07,0.0
1.8550058e-05,0.0
5.642802e-08,0.0
1.9724768e-09,0.0
5.6613985e-08,0.0
8.1711875e-08,0.0
7.500249e-08,0.0
2.3380501e-08,0.0
4.2775007e-08,0.0
7.3256956e-06,0.0
0.00015088916,0.0
1.8816237e-08,0.0
6.288016e-08,0.0
8.766388e-08,0.0
3.641181e-07,0.0
8.859512e-06,0.0
1.6231591e-07,0.0
1.0394407e-06,0.0
1.3853598e-08,0.0
7.217941e-12,0.0
4.7606804e-11,0.0
2.6047935e-06,0.0
5.478345e-07,0.0
8.066616e-06,0.0
0.00012949109,0.0
1.2794658e-06,0.0
6.38421e-07,0.0
5.3377516e-06,0.0
1.5256563e-05,0.0
6.5608646e-08,0.0
2.367565e-06,0.0
1.1120931e-06,0.0
1.4108211e-05,0.0
6.1735864e-06,0.0
4.3742955e-07,0.0
2.1624626e-06,0.0
3.686232e-07,0.0
1.3493703e-07,0.0
3.816358e-07,0.0
1.3372138e-06,0.0
4.78302e-09,0.0
1.11021e-08,0.0
4.2200613e-06,0.0
1.069975e-06,0.0
1.04022256e-07,0.0
6.443041e-08,0.0
3.5857845e-08,0.0
2.2091672e-08,0.0
7.8573525e-10,0.0
2.5791245e-05,0.0
3.336292e-07,0.0
2.4955806e-09,0.0
8.3902485e-10,0.0
6.7943944e-07,0.0
2.0804202e-07,0.0
1.4027999e-08,0.0
4.153732e-06,0.0
3.436441e-07,0.0
1.1815713e-06,0.0
1.7272285e-08,0.0
2.3909072e-07,0.0
3.8670322e-08,0.0
6.237941e-06,0.0
1.6281901e-05,0.0
7.157917e-07,0.0
3.0283868e-08,0.0
2.9419505e-06,0.0
8.819671e-08,0.0
4.5916164e-09,0.0
6.070285e-06,0.0
2.1255264e-06,0.0
3.0035463e-07,0.0
5.4197278e-09,0.0
1.654108e-05,0.0
4.179406e-13,0.0
3.2583184e-08,0.0
1.0753395e-06,0.0
4.829761e-05,0.0
1.908128e-06,0.0
2.7242036e-06,0.0
3.8734765e-06,0.0
8.340551e-07,0.0
3.1966258e-06,0.0
7.990189e-06,0.0
1.3447295e-06,0.0
4.0686297e-07,0.0
5.7492997e-07,0.0
1.0146075e-07,0.0
1.2594739e-05,0.0
1.6411065e-06,0.0
4.0396094e-07,0.0
7.653161e-06,0.0
1.4547886e-06,0.0
4.5025123e-10,0.0
7.2337014e-10,0.0
6.1662545e-06,0.0
1.7192734e-09,0.0
7.6816786e-10,0.0
1.3956363e-09,0.0
1.374677e-10,0.0
3.371724e-10,0.0
5.772415e-10,0.0
4.1042156e-10,0.0
2.341692e-06,0.0
2.332638e-08,0.0
1.1162674e-05,0.0
6.845525e-08,0.0
1.0430631e-08,0.0
5.111475e-09,0.0
3.5543577e-09,0.0
1.4666825e-06,0.0
7.500008e-11,0.0
1.2856229e-08,0.0
1.8123014e-10,0.0
2.211527e-09,0.0
5.764829e-08,0.0
0.0001706481,0.0
1.2672105e-08,0.0
3.4445172e-06,0.0
7.716986e-09,0.0
1.9392833e-07,0.0
1.1991435e-07,0.0
2.3003525e-07,0.0
1.0892184e-08,0.0
2.8989705e-06,0.0
9.953723e-08,0.0
3.5232954e-09,0.0
3.2617695e-08,0.0
2.396941e-11,0.0
2.674446e-14,0.0
2.4300796e-06,0.0
1.1204438e-09,0.0
8.8038384e-08,0.0
3.5095363e-05,0.0
3.5955833e-07,0.0
3.798584e-07,0.0
7.231291e-07,0.0
0.00019109249,0.0
5.790569e-07,0.0
1.8264467e-07,0.0
3.1912663e-07,0.0
2.2881711e-06,0.0
6.840774e-08,0.0
4.503874e-08,0.0
4.511825e-07,0.0
1.7547305e-05,0.0
5.1351994e-06,0.0
8.45422e-07,0.0
3.8215386e-10,0.0
0.00015366077,0.0
2.043589e-09,0.0
3.141985e-09,0.0
1.7514994e-08,0.0
7.633007e-08,0.0
2.0275795e-07,0.0
1.5638585e-09,0.0
8.830675e-09,0.0
7.203212e-08,0.0
4.85388e-08,0.0
3.1578793e-07,0.0
1.6590574e-09,0.0
2.94081e-07,0.0
8.2189246e-08,0.0
1.20572e-07,0.0
3.1332892e-09,0.0
9.810566e-07,0.0
1.4607415e-06,0.0
8.350547e-09,0.0
1.5768194e-06,0.0
3.9330362e-07,0.0
1.2187202e-08,0.0
4.7131348e-09,0.0
5.0979804e-07,0.0
2.7370417e-08,0.0
1.789697e-06,0.0
4.2561375e-08,0.0
1.4283104e-09,0.0
1.17048984e-07,0.0
2.1610852e-08,0.0
6.75796e-05,0.0
1.3783122e-06,0.0
6.715109e-07,0.0
3.280409e-06,0.0
1.9967634e-09,0.0
2.6857862e-07,0.0
1.0651812e-07,0.0
8.7874646e-08,0.0
3.3666623e-07,0.0
3.1217123e-08,0.0
3.634364e-07,0.0
2.1267856e-06,0.0
6.047118e-07,0.0
4.643316e-06,0.0
1.1064282e-06,0.0
2.2397246e-05,0.0
1.491016e-06,0.0
1.1896443e-06,0.0
7.980438e-05,0.0
2.08191e-06,0.0
1.4478267e-06,0.0
2.3321134e-06,0.0
1.3019633e-07,0.0
3.5738697e-08,0.0
5.9727405e-09,0.0
5.228453e-08,0.0
7.437929e-10,0.0
1.2369841e-07,0.0
1.3814785e-06,0.0
1.05956875e-10,0.0
4.3228653e-08,0.0
4.4060644e-09,0.0
6.8614995e-08,0.0
1.3303475e-08,0.0
8.045579e-08,0.0
0.00016492605,0.0
1.15760365e-07,0.0
4.786936e-07,0.0
4.5575006e-09,0.0
3.224173e-07,0.0
1.102228e-08,0.0
6.206964e-08,0.0
2.2949183e-09,0.0
8.592663e-09,0.0
4.3385577e-07,0.0
2.8636556e-08,0.0
9.529533e-09,0.0
1.2933982e-05,0.0
4.2319907e-06,0.0
6.773494e-08,0.0
1.6473693e-06,0.0
5.4408908e-08,0.0
4.878139e-09,0.0
5.488854e-06,0.0
1.7156995e-09,0.0
7.533914e-08,0.0
4.0562052e-05,0.0
8.8408206e-07,0.0
3.3850856e-08,0.0
7.7326115e-07,0.0
7.862649e-07,0.0
2.1165189e-08,0.0
6.520802e-07,0.0
9.254225e-08,0.0
1.2281196e-06,0.0
2.3870342e-07,0.0
1.8699274e-07,0.0
2.3668313e-06,0.0
5.8527426e-06,0.0
6.468872e-07,0.0
2.0558662e-06,0.0
1.2682764e-05,0.0
6.7781434e-07,0.0
8.03219e-07,0.0
4.1938665e-06,0.0
1.0333901e-07,0.0
2.636741e-07,0.0
9.985365e-08,0.0
9.0503316e-10,0.0
5.0587323e-07,0.0
4.0194745e-08,0.0
0.00014027953,0.0
2.4030777e-07,0.0
2.158871e-06,0.0
1.5754004e-08,0.0
3.1016123e-07,0.0
1.999929e-07,0.0
3.8172826e-07,0.0
2.5038732e-06,0.0
1.647246e-07,0.0
6.237964e-08,0.0
8.405687e-05,0.0
2.2672735e-07,0.0
6.057698e-07,0.0
2.3635955e-07,0.0
1.3710376e-06,0.0
0.00018838048,0.0
1.4921075e-09,0.0
3.0871565e-08,0.0
4.374122e-08,0.0
2.8919857e-07,0.0
7.399078e-07,0.0
3.895929e-07,0.0
1.1090084e-07,0.0
1.5734967e-06,0.0
3.119577e-07,0.0
3.891345e-08,0.0
2.2699476e-07,0.0
1.815082e-05,0.0
5.775061e-07,0.0
5.0466764e-07,0.0
1.3541762e-07,0.0
7.024644e-06,0.0
1.1891627e-09,0.0
3.1797495e-07,0.0
2.270015e-05,0.0
9.840786e-05,0.0
1.9236038e-06,0.0
5.4391376e-06,0.0
2.5342774e-06,0.0
4.66454e-06,0.0
2.2516097e-06,0.0
2.6960834e-06,0.0
1.526154e-05,0.0
2.6020773e-06,0.0
3.140357e-06,0.0
1.0282958e-05,0.0
2.7006897e-06,0.0
0.0001018959,0.0
1.5040063e-06,0.0
3.1144347e-05,0.0
5.1232932e-06,0.0
9.317267e-10,0.0
1.6895146e-14,0.0
2.1488654e-08,0.0
2.658868e-13,0.0
3.4093242e-09,0.0
1.7281255e-11,0.0
7.27653e-10,0.0
3.018508e-12,0.0
5.143239e-13,0.0
1.0074605e-06,0.0
7.371232e-12,0.0
1.4929988e-05,0.0
1.399723e-07,0.0
7.8117457e-10,0.0
6.4332865e-13,0.0
8.550177e-08,0.0
8.937836e-09,0.0
4.8513146e-05,0.0
8.908472e-14,0.0
9.095538e-07,0.0
3.8742503e-09,0.0
8.274196e-08,0.0
1.5486594e-05,0.0
4.264603e-07,0.0
2.278736e-09,0.0
1.0121233e-08,0.0
3.2576102e-06,0.0
6.844856e-09,0.0
0.00015729666,0.0
1.975553e-07,0.0
3.4570542e-07,0.0
1.8107026e-07,0.0
2.711446e-06,0.0
7.90517e-10,0.0
6.373482e-08,0.0
4.239245e-08,0.0
4.944646e-10,0.0
3.1567815e-08,0.0
3.4145824e-09,0.0
2.0049058e-05,0.0
5.798538e-07,0.0
5.8123707e-08,0.0
2.2018414e-06,0.0
9.897865e-06,0.0
5.461186e-06,0.0
1.516022e-06,0.0
1.821524e-07,0.0
4.6770995e-07,0.0
2.8736946e-07,0.0
8.682885e-06,0.0
4.0561858e-07,0.0
6.229505e-06,0.0
3.167229e-05,0.0
1.2113808e-06,0.0
0.0001911521,0.0
1.5379167e-09,0.0
7.0836927e-09,0.0
7.4812036e-08,0.0
8.071435e-11,0.0
7.161239e-08,0.0
1.8785972e-08,0.0
7.2086515e-09,0.0
4.3704543e-11,0.0
6.055676e-09,0.0
1.7187357e-09,0.0
3.7345995e-05,0.0
4.194202e-10,0.0
1.1425044e-11,0.0
0.00016194582,0.0
1.2631637e-08,0.0
7.754995e-09,0.0
3.418634e-10,0.0
7.7426545e-09,0.0
7.123079e-07,0.0
2.0466297e-07,0.0
5.1023846e-10,0.0
6.631529e-09,0.0
5.164598e-10,0.0
2.5702958e-08,0.0
1.3629906e-05,0.0
2.1128549e-06,0.0
7.003676e-09,0.0
6.7494383e-09,0.0
4.0653327e-07,0.0
8.264661e-10,0.0
6.2196417e-09,0.0
5.531743e-05,0.0
0.0001642704,0.0
1.4903925e-09,0.0
7.656663e-05,0.0
5.9929874e-08,0.0
1.4574985e-09,0.0
5.875871e-05,0.0
1.4338243e-05,0.0
2.1739375e-07,0.0
4.874402e-08,0.0
4.945774e-06,0.0
4.8017064e-08,0.0
0.00011561833,0.0
2.6390794e-08,0.0
6.088777e-07,0.0
9.870214e-05,0.0
3.1055944e-08,0.0
5.9140575e-06,0.0
1.2841053e-07,0.0
2.9841513e-07,0.0
2.6682738e-08,0.0
3.0038314e-06,0.0
2.5366072e-07,0.0
1.4972505e-07,0.0
4.5631346e-10,0.0
1.2616894e-09,0.0
4.1961826e-08,0.0
1.5459278e-09,0.0
5.75689e-10,0.0
1.1756247e-07,0.0
4.409352e-07,0.0
7.7898105e-11,0.0
4.5173785e-09,0.0
6.248306e-10,0.0
3.565189e-08,0.0
2.7974228e-10,0.0
2.7772365e-10,0.0
3.4968972e-09,0.0
5.8435397e-08,0.0
2.6254747e-05,0.0
4.902e-06,0.0
1.2815076e-06,0.0
1.8888991e-07,0.0
1.183822e-07,0.0
2.275084e-07,0.0
2.1446512e-07,0.0
1.20615e-07,0.0
0.00015315413,0.0
5.2451735e-08,0.0
9.730382e-06,0.0
8.216745e-08,0.0
2.6890615e-07,0.0
5.5554716e-10,0.0
3.7219309e-07,0.0
8.1410704e-08,0.0
4.4410604e-06,0.0
5.316526e-06,0.0
4.501802e-07,0.0
1.4785263e-07,0.0
2.2780573e-06,0.0
0.00017955899,0.0
1.0337953e-05,0.0
4.2542084e-05,0.0
2.1560778e-07,0.0
2.4214276e-06,0.0
8.714933e-06,0.0
1.9381935e-06,0.0
0.00019687414,0.0
1.6430115e-05,0.0
3.060653e-06,0.0
4.163107e-06,0.0
5.969877e-05,0.0
1.6003644e-07,0.0
3.7825644e-06,0.0
8.145175e-07,0.0
7.718013e-06,0.0
4.484234e-07,0.0
2.6780953e-07,0.0
7.0864266e-06,0.0
8.3742336e-05,0.0
5.064281e-06,0.0
8.585246e-08,0.0
4.723207e-08,0.0
8.918258e-08,0.0
5.9297683e-08,0.0
3.932372e-09,0.0
1.2698381e-08,0.0
7.401604e-09,0.0
1.6029611e-07,0.0
2.3232018e-07,0.0
3.5462808e-08,0.0
7.3512463e-10,0.0
4.066302e-09,0.0
0.00014644861,0.0
3.020242e-06,0.0
5.3643314e-05,0.0
4.1432023e-07,0.0
8.8828745e-07,0.0
1.5633514e-09,0.0
7.168947e-08,0.0
1.41401255e-08,0.0
1.06337865e-07,0.0
4.7623294e-07,0.0
5.6167657e-05,0.0
3.366651e-08,0.0
4.3066013e-09,0.0
8.078529e-05,0.0
1.4156776e-08,0.0
1.01010265e-07,0.0
1.065041e-07,0.0
9.779963e-07,0.0
2.3705923e-08,0.0
2.2799632e-08,0.0
1.6073022e-09,0.0
3.305382e-09,0.0
1.929887e-05,0.0
2.0886278e-06,0.0
4.168067e-07,0.0
8.1934e-07,0.0
0.00012112538,0.0
2.057242e-05,0.0
5.2000096e-06,0.0
8.046547e-06,0.0
7.321781e-07,0.0
3.600825e-06,0.0
4.8695147e-06,0.0
1.0013631e-05,0.0
3.1968027e-06,0.0
3.5371816e-06,0.0
3.9735937e-06,0.0
2.7403798e-06,0.0
1.7147181e-07,0.0
1.7015784e-09,0.0
2.107213e-09,0.0
3.4734898e-10,0.0
9.331733e-05,0.0
0.0001173731,0.0
2.9691895e-08,0.0
5.5179036e-08,0.0
5.5053984e-10,0.0
2.6697297e-08,0.0
4.3566076e-10,0.0
3.4345256e-08,0.0
5.7796564e-07,0.0
7.3506434e-10,0.0
6.0206764e-09,0.0
1.7439824e-08,0.0
6.4515723e-07,0.0
2.0832246e-08,0.0
5.679351e-12,0.0
1.2378486e-08,0.0
2.6400232e-10,0.0
4.4025614e-09,0.0
5.524388e-09,0.0
1.7972352e-09,0.0
4.768965e-07,0.0
5.6133995e-08,0.0
6.266516e-07,0.0
0.00018963218,0.0
3.7598538e-09,0.0
1.8787863e-07,0.0
1.558125e-06,0.0
1.0873711e-06,0.0
2.6402842e-05,0.0
1.948145e-06,0.0
2.2956408e-07,0.0
7.489699e-08,0.0
1.0537418e-07,0.0
3.0447554e-11,0.0
2.9487575e-09,0.0
1.1144585e-06,0.0
1.481294e-05,0.0
2.252389e-06,0.0
1.1883329e-07,0.0
4.1365283e-06,0.0
2.6019518e-07,0.0
7.2378084e-06,0.0
4.092994e-06,0.0
2.6389122e-05,0.0
6.205387e-07,0.0
2.3307337e-07,0.0
2.580431e-05,0.0
2.7924856e-05,0.0
7.458141e-07,0.0
2.4893163e-06,0.0
4.3574723e-06,0.0
5.270079e-06,0.0
5.384574e-08,0.0
9.904805e-08,0.0
6.643458e-08,0.0
7.7954255e-08,0.0
7.732747e-10,0.0
4.818165e-08,0.0
2.9655219e-08,0.0
2.2204452e-09,0.0
2.1352655e-05,0.0
1.1663758e-09,0.0
1.0344219e-10,0.0
2.379168e-11,0.0
3.0897603e-08,0.0
3.1938026e-07,0.0
1.9306897e-05,0.0
5.88098e-10,0.0
1.6719251e-10,0.0
6.093613e-08,0.0
4.87176e-09,0.0
2.1950797e-08,0.0
2.2650788e-08,0.0
2.1824304e-08,0.0
1.3141615e-08,0.0
3.290785e-07,0.0
8.6004465e-10,0.0
3.4746993e-08,0.0
3.5513303e-08,0.0
2.9758398e-08,0.0
6.3873884e-09,0.0
6.544853e-08,0.0
2.7713327e-07,0.0
1.0631048e-07,0.0
2.451596e-07,0.0
1.1720961e-07,0.0
1.1457118e-08,0.0
1.4474599e-11,0.0
2.4160378e-09,0.0
1.9861593e-06,0.0
8.747744e-07,0.0
1.3617478e-06,0.0
1.7785329e-05,0.0
5.308526e-06,0.0
4.129158e-06,0.0
1.5648559e-06,0.0
1.6799962e-07,0.0
6.73327e-05,0.0
1.2526407e-06,0.0
6.3490126e-07,0.0
3.287457e-07,0.0
1.0703741e-06,0.0
1.919216e-05,0.0
1.8089991e-05,0.0
1.9859624e-06,0.0
9.429871e-07,0.0
1.7173758e-07,0.0
2.0288976e-08,0.0
1.4771767e-08,0.0
9.4834957e-07,0.0
6.5906896e-08,0.0
4.0641464e-09,0.0
5.697496e-05,0.0
9.619558e-10,0.0
3.355661e-07,0.0
1.8364432e-10,0.0
3.254764e-07,0.0
1.8479207e-08,0.0
7.716805e-10,0.0
2.5318747e-09,0.0
6.994909e-08,0.0
5.678342e-07,0.0
2.42037e-08,0.0
1.0337031e-08,0.0
5.6454937e-06,0.0
1.4824181e-08,0.0
1.28162725e-08,0.0
2.9737618e-07,0.0
2.6948377e-09,0.0
1.7902055e-08,0.0
5.8211103e-09,0.0
6.5821026e-10,0.0
1.5001898e-08,0.0
8.697471e-08,0.0
2.322506e-09,0.0
1.9955814e-05,0.0
2.2947532e-08,0.0
1.2268249e-06,0.0
4.614118e-07,0.0
4.1953805e-07,0.0
4.5929326e-08,0.0
4.810443e-06,0.0
2.3553322e-15,0.0
5.9431977e-06,0.0
2.9530706e-06,0.0
6.611027e-05,0.0
3.8964754e-07,0.0
5.6856166e-08,0.0
1.6697511e-05,0.0
8.045703e-06,0.0
4.8602355e-06,0.0
5.754445e-07,0.0
1.9362065e-05,0.0
8.3143044e-05,0.0
4.40311e-06,0.0
9.90371e-06,0.0
2.2449167e-05,0.0
1.2992525e-06,0.0
1.5905489e-05,0.0
3.9556548e-07,0.0
1.2361215e-06,0.0
9.064986e-09,0.0
7.085966e-08,0.0
2.9902292e-08,0.0
1.5163769e-07,0.0
1.5099905e-08,0.0
7.4086984e-08,0.0
2.0022247e-07,0.0
3.816926e-07,0.0
5.7397886e-09,0.0
8.89288e-08,0.0
5.5559227e-08,0.0
3.7464676e-09,0.0
5.7797775e-09,0.0
0.0002399087,0.0
2.2130369e-06,0.0
6.741166e-09,0.0
1.6456074e-08,0.0
2.3805913e-07,0.0
1.393216e-07,0.0
4.9583616e-07,0.0
3.3697923e-08,0.0
2.1581855e-08,0.0
4.022744e-05,0.0
9.379783e-10,0.0
2.163502e-08,0.0
1.6495734e-06,0.0
1.0296377e-06,0.0
8.512718e-08,0.0
0.00024428964,0.0
2.4743213e-05,0.0
4.585341e-09,0.0
7.931419e-10,0.0
9.2995185e-07,0.0
5.2905182e-08,0.0
4.1287166e-08,0.0
1.891778e-09,0.0
4.301345e-10,0.0
1.720521e-06,0.0
3.8540893e-05,0.0
8.287764e-06,0.0
3.8853878e-07,0.0
4.1470585e-08,0.0
1.9131992e-06,0.0
3.8984917e-06,0.0
2.2570155e-05,0.0
1.3521774e-05,0.0
1.2277607e-05,0.0
1.8788651e-07,0.0
1.214997e-05,0.0
4.3745456e-07,0.0
1.3313096e-06,0.0
2.219875e-06,0.0
5.467095e-08,0.0
2.1999828e-07,0.0
9.714373e-07,0.0
3.9786364e-08,0.0
2.0614799e-09,0.0
2.805644e-08,0.0
2.2219343e-11,0.0
1.9486038e-06,0.0
1.5571179e-06,0.0
0.00012674928,0.0
8.686645e-08,0.0
8.639647e-09,0.0
1.2534113e-10,0.0
1.2518673e-07,0.0
7.006291e-10,0.0
5.263433e-08,0.0
1.9829815e-06,0.0
1.0561483e-07,0.0
5.690824e-08,0.0
6.624677e-09,0.0
1.9678144e-08,0.0
3.1274517e-06,0.0
1.3277182e-07,0.0
1.6773083e-05,0.0
8.898934e-05,0.0
1.0139221e-08,0.0
2.0653683e-09,0.0
3.1231016e-07,0.0
1.5868997e-08,0.0
2.5590743e-06,0.0
3.713558e-08,0.0
4.0233708e-08,0.0
1.4695261e-06,0.0
1.41853e-07,0.0
1.9050053e-07,0.0
7.023478e-08,0.0
6.56455e-10,0.0
1.0628733e-06,0.0
3.175537e-09,0.0
7.358953e-05,0.0
6.5841283e-07,0.0
4.874458e-08,0.0
3.1870843e-07,0.0
9.387358e-07,0.0
1.0886437e-05,0.0
5.0563256e-07,0.0
1.5784624e-06,0.0
1.0251176e-05,0.0
5.152494e-07,0.0
5.727784e-06,0.0
1.4934973e-05,0.0
1.3225002e-07,0.0
3.7852058e-06,0.0
2.1139533e-06,0.0
1.7229577e-06,0.0
1.0985578e-05,0.0
1.4288364e-07,0.0
3.737649e-11,0.0
5.66105e-09,0.0
3.78982e-09,0.0
7.563098e-08,0.0
2.1895342e-07,0.0
2.2606451e-07,0.0
5.5607675e-08,0.0
1.4510956e-10,0.0
1.744903e-09,0.0
6.820229e-08,0.0
2.3521893e-06,0.0
3.3695013e-09,0.0
1.4349768e-06,0.0
3.2624707e-09,0.0
8.8371405e-10,0.0
1.1871367e-09,0.0
5.5761177e-07,0.0
3.6267174e-08,0.0
1.0131919e-07,0.0
1.5209182e-06,0.0
5.4222532e-08,0.0
3.606442e-09,0.0
2.7036606e-10,0.0
6.4602164e-09,0.0
1.6383751e-09,0.0
3.9515015e-08,0.0
4.1995278e-05,0.0
3.796987e-05,0.0
4.1173314e-07,0.0
7.4286396e-07,0.0
1.1010368e-06,0.0
3.446344e-08,0.0
4.1100093e-06,0.0
2.5263444e-07,0.0
3.8237062e-07,0.0
1.9469152e-08,0.0
9.110534e-10,0.0
9.070694e-07,0.0
3.2349976e-06,0.0
3.0028334e-05,0.0
8.496983e-06,0.0
2.5107276e-05,0.0
1.1605884e-05,0.0
4.6787233e-07,0.0
7.958063e-07,0.0
1.2705977e-06,0.0
2.9367978e-08,0.0
8.453321e-06,0.0
1.7611213e-05,0.0
2.3970028e-07,0.0
7.138826e-06,0.0
1.8505451e-06,0.0
4.9445666e-06,0.0
5.26315e-07,0.0
9.306798e-06,0.0
4.448601e-08,0.0
5.491014e-05,0.0
9.860918e-07,0.0
5.6757106e-09,0.0
5.7518497e-07,0.0
1.4278856e-07,0.0
4.8428967e-07,0.0
4.3834154e-09,0.0
2.5638816e-08,0.0
4.6476111e-07,0.0
7.193849e-08,0.0
1.6728671e-09,0.0
1.0606193e-06,0.0
1.1124632e-08,0.0
1.5852509e-08,0.0
1.1458293e-07,0.0
1.6961737e-07,0.0
8.4662184e-05,0.0
1.9070965e-08,0.0
2.1426477e-07,0.0
3.688328e-07,0.0
3.951298e-08,0.0
1.756481e-06,0.0
6.380037e-08,0.0
3.328685e-08,0.0
1.6341284e-08,0.0
1.1100602e-07,0.0
6.365913e-08,0.0
5.57799e-05,0.0
2.276192e-06,0.0
2.6397603e-07,0.0
1.154297e-06,0.0
5.9401376e-08,0.0
2.095306e-07,0.0
0.000117513555,0.0
6.940179e-09,0.0
5.650398e-07,0.0
6.201213e-06,0.0
1.1967495e-06,0.0
5.0261624e-05,0.0
5.9116405e-07,0.0
1.9450113e-06,0.0
8.494998e-06,0.0
1.0116876e-07,0.0
1.2980767e-05,0.0
2.3497958e-07,0.0
1.1713838e-06,0.0
9.4056794e-08,0.0
6.812227e-06,0.0
3.3456706e-06,0.0
2.9423488e-06,0.0
1.1142933e-05,0.0
7.980655e-06,0.0
3.8002145e-07,0.0
2.3082293e-12,0.0
1.3706451e-10,0.0
1.4726825e-10,0.0
1.8806256e-07,0.0
1.9357412e-07,0.0
5.0374652e-08,0.0
1.4110725e-09,0.0
9.2869686e-07,0.0
2.9648234e-10,0.0
1.1942912e-08,0.0
4.894838e-10,0.0
2.639043e-07,0.0
3.3622488e-08,0.0
1.8942126e-08,0.0
1.385396e-09,0.0
5.9183367e-07,0.0
2.6888908e-10,0.0
4.3880308e-10,0.0
2.0877909e-12,0.0
1.7361388e-09,0.0
1.4362266e-10,0.0
2.5786696e-05,0.0
1.414341e-09,0.0
5.8590497e-09,0.0
7.818643e-11,0.0
1.2282431e-09,0.0
2.1288828e-09,0.0
6.3661287e-07,0.0
7.8234585e-08,0.0
1.2944111e-09,0.0
6.1010564e-06,0.0
1.5978123e-06,0.0
9.4064643e-07,0.0
0.00014072657,0.0
1.1174928e-06,0.0
9.789201e-09,0.0
5.4210094e-09,0.0
7.616454e-05,0.0
1.5037177e-10,0.0
3.187814e-07,0.0
1.11078876e-07,0.0
5.399666e-10,0.0
1.6295035e-06,0.0
2.8191998e-06,0.0
2.8453715e-07,0.0
1.4620405e-06,0.0
1.62007e-06,0.0
1.9585965e-05,0.0
1.2708485e-06,0.0
8.074034e-08,0.0
3.7758607e-06,0.0
9.901386e-08,0.0
5.9293166e-06,0.0
1.8996065e-05,0.0
1.7164524e-07,0.0
4.3061434e-08,0.0
5.442811e-08,0.0
2.0245254e-08,0.0
2.159193e-09,0.0
6.672205e-09,0.0
4.1418986e-07,0.0
3.1899363e-09,0.0
1.3789819e-09,0.0
4.353331e-08,0.0
2.1815563e-08,0.0
1.0296889e-06,0.0
8.686115e-08,0.0
8.531899e-08,0.0
8.172486e-07,0.0
6.598976e-05,0.0
4.557527e-09,0.0
8.1236273e-10,0.0
3.679339e-10,0.0
2.8385157e-08,0.0
1.4170873e-05,0.0
7.341862e-09,0.0
7.108922e-09,0.0
1.41789895e-08,0.0
1.2205463e-08,0.0
1.8129938e-07,0.0
2.8347072e-06,0.0
3.2172327e-08,0.0
1.6983734e-07,0.0
3.284738e-08,0.0
6.506319e-08,0.0
4.851629e-07,0.0
7.145593e-05,0.0
4.7095878e-06,0.0
3.804974e-08,0.0
1.165827e-06,0.0
2.7764648e-07,0.0
7.695614e-09,0.0
3.6428868e-05,0.0
2.4287287e-06,0.0
0.00014305115,0.0
7.0047184e-07,0.0
2.6290377e-07,0.0
8.021706e-08,0.0
4.324261e-07,0.0
6.910396e-08,0.0
3.623606e-08,0.0
2.1294401e-08,0.0
5.9319632e-08,0.0
7.13664e-08,0.0
4.0874003e-08,0.0
5.451889e-07,0.0
9.1669445e-09,0.0
2.3169756e-07,0.0
3.0237811e-06,0.0
5.5186195e-08,0.0
3.155913e-09,0.0
1.6052045e-06,0.0
6.6559824e-10,0.0
3.7178673e-08,0.0
5.1438207e-08,0.0
3.0725922e-09,0.0
1.7135443e-09,0.0
2.4665237e-10,0.0
6.7595387e-09,0.0
4.6943057e-08,0.0
9.5233545e-09,0.0
2.0319046e-10,0.0
2.6140507e-08,0.0
2.025517e-09,0.0
0.9998964,1.0
0.99994576,1.0
0.9999504,1.0
0.99995995,1.0
0.9999516,1.0
0.99999815,1.0
0.99993336,1.0
0.9999582,1.0
0.9999902,1.0
0.99988735,1.0
0.999857,1.0
0.99996185,1.0
0.9999784,1.0
0.99993813,1.0
0.9999492,1.0
0.9998534,1.0
0.99994504,1.0
0.99991804,1.0
0.99998033,1.0
0.9998852,1.0
0.9998789,1.0
0.9999993,1.0
0.9998643,1.0
0.99970555,1.0
0.9998554,1.0
0.9998579,1.0
0.9999999,1.0
0.99979174,1.0
0.9999678,1.0
0.9998872,1.0
0.99977756,1.0
0.99981153,1.0
0.9998451,1.0
0.9999546,1.0
0.9998473,1.0
0.9997709,1.0
0.99975467,1.0
0.99971306,1.0
0.9997703,1.0
0.9997214,1.0
0.99996644,1.0
0.9999997,1.0
0.99984777,1.0
0.99982035,1.0
0.9999094,1.0
0.99992883,1.0
0.9997949,1.0
0.9998932,1.0
0.9999721,1.0
0.99988514,1.0
0.99999976,1.0
0.9999213,1.0
0.99987566,1.0
0.9999964,1.0
0.99982333,1.0
0.99989134,1.0
0.9998249,1.0
0.9999988,1.0
0.99994767,1.0
0.9998119,1.0
0.9998926,1.0
0.9998144,1.0
0.9998169,1.0
0.9999193,1.0
0.9998131,1.0
0.9998758,1.0
0.99992037,1.0
0.9999262,1.0
0.99986255,1.0
0.99991596,1.0
0.9998469,1.0
0.99992085,1.0
0.99987686,1.0
0.9999571,1.0
0.99967325,1.0
0.9998646,1.0
0.99998224,1.0
0.99988794,1.0
0.9999372,1.0
0.9998046,1.0
0.99999875,1.0
0.9997037,1.0
0.9993911,1.0
0.9995276,1.0
0.9996537,1.0
0.9996872,1.0
0.9997192,1.0
0.9997988,1.0
0.99965185,1.0
0.9995415,1.0
0.9996482,1.0
1.6096203e-05,0.0
4.086999e-06,0.0
9.708843e-07,0.0
9.552731e-10,0.0
3.1793556e-05,0.0
1.8094674e-08,0.0
1.3836882e-08,0.0
8.379645e-10,0.0
0.00012779236,0.0
5.2387423e-07,0.0
1.3772656e-07,0.0
9.261385e-10,0.0
3.4263778e-09,0.0
1.589921e-07,0.0
5.469947e-10,0.0
1.6962261e-08,0.0
1.4449513e-07,0.0
4.940145e-08,0.0
3.3691128e-07,0.0
7.579731e-05,0.0
4.3722514e-09,0.0
2.1449373e-09,0.0
1.4756702e-08,0.0
1.3913278e-09,0.0
3.3194283e-08,0.0
1.1732995e-07,0.0
3.2440405e-06,0.0
9.5595976e-11,0.0
1.0573592e-08,0.0
4.448202e-08,0.0
1.1039871e-06,0.0
4.721568e-08,0.0
1.2205273e-07,0.0
7.259649e-09,0.0
1.4604099e-08,0.0
2.5595723e-06,0.0
3.9654753e-07,0.0
8.1376236e-08,0.0
3.5841779e-06,0.0
4.5972856e-13,0.0
4.768642e-07,0.0
1.105907e-06,0.0
2.1960233e-05,0.0
1.180123e-06,0.0
1.1071396e-06,0.0
1.4373106e-06,0.0
2.0490984e-07,0.0
1.9148967e-08,0.0
2.1369858e-06,0.0
7.355816e-07,0.0
0.00017857552,0.0
1.3141039e-06,0.0
9.357562e-08,0.0
2.5075844e-06,0.0
1.759268e-05,0.0
2.144234e-07,0.0
1.6957403e-05,0.0
6.627837e-07,0.0
6.4868986e-09,0.0
4.835074e-09,0.0
1.00769e-10,0.0
1.737948e-07,0.0
1.4654464e-08,0.0
3.69902e-10,0.0
3.0537195e-10,0.0
1.0357526e-10,0.0
2.3604509e-05,0.0
7.033452e-08,0.0
3.9540723e-08,0.0
2.665861e-09,0.0
1.4212687e-06,0.0
5.268955e-09,0.0
1.1038144e-08,0.0
6.7768575e-05,0.0
9.602772e-09,0.0
7.0964007e-10,0.0
6.5902213e-09,0.0
3.1168133e-06,0.0
1.3103664e-09,0.0
1.1163317e-08,0.0
6.9413076e-08,0.0
2.1389981e-08,0.0
2.6781067e-06,0.0
2.4761611e-08,0.0
1.8937069e-08,0.0
5.973402e-07,0.0
8.442299e-08,0.0
8.814049e-09,0.0
1.2870134e-07,0.0
9.3928305e-05,0.0
9.696873e-10,0.0
1.2339433e-05,0.0
1.7798103e-09,0.0
6.9681687e-12,0.0
2.4129845e-09,0.0
5.466634e-05,0.0
1.3454229e-07,0.0
4.7759556e-09,0.0
4.05467e-05,0.0
4.5467345e-07,0.0
1.3484583e-05,0.0
3.8639817e-07,0.0
1.1412495e-06,0.0
2.132924e-06,0.0
1.7802417e-07,0.0
5.0054166e-07,0.0
4.5351462e-07,0.0
2.5713953e-07,0.0
9.279713e-08,0.0
4.8448186e-05,0.0
5.478136e-07,0.0
6.5353265e-07,0.0
1.1436623e-07,0.0
9.206686e-07,0.0
6.590674e-09,0.0
1.3833867e-09,0.0
1.660163e-08,0.0
1.2168435e-08,0.0
2.513421e-10,0.0
1.8452811e-06,0.0
5.7799014e-08,0.0
2.1835088e-08,0.0
2.2106246e-07,0.0
7.991343e-09,0.0
3.4985536e-08,0.0
1.05110765e-08,0.0
1.2285834e-08,0.0
8.0525456e-07,0.0
3.1087876e-07,0.0
1.1386485e-07,0.0
7.2990005e-08,0.0
1.0672998e-08,0.0
4.563485e-09,0.0
2.435705e-05,0.0
4.218514e-07,0.0
5.4628003e-08,0.0
2.1621543e-07,0.0
3.3672398e-09,0.0
7.886399e-06,0.0
7.053251e-07,0.0
4.463745e-09,0.0
1.4863081e-08,0.0
4.201204e-08,0.0
1.5013063e-06,0.0
5.3472964e-09,0.0
1.6709546e-08,0.0
1.6494246e-07,0.0
2.9104569e-05,0.0
5.493212e-13,0.0
4.134404e-09,0.0
3.4880063e-06,0.0
3.115873e-05,0.0
2.9788755e-06,0.0
8.955742e-06,0.0
1.2942545e-05,0.0
4.032298e-08,0.0
1.1726887e-07,0.0
1.7844188e-06,0.0
2.2278715e-07,0.0
9.5582494e-05,0.0
3.7427554e-08,0.0
1.0035801e-05,0.0
1.2482743e-05,0.0
1.0562505e-06,0.0
6.2931016e-05,0.0
1.6918037e-07,0.0
6.921619e-07,0.0
3.86933e-10,0.0
4.1826386e-08,0.0
8.945993e-08,0.0
5.5184514e-06,0.0
6.0034067e-09,0.0
9.476552e-07,0.0
1.0477593e-11,0.0
8.138485e-10,0.0
2.278434e-11,0.0
4.0912648e-10,0.0
4.9048703e-12,0.0
7.00423e-11,0.0
2.5032346e-05,0.0
7.1298516e-08,0.0
8.320066e-10,0.0
2.5983923e-08,0.0
1.0199059e-06,0.0
2.9111172e-11,0.0
1.2726655e-06,0.0
1.9317604e-08,0.0
7.692327e-09,0.0
3.5429835e-05,0.0
2.6577696e-08,0.0
3.024529e-09,0.0
1.9909014e-05,0.0
1.2200931e-05,0.0
7.791992e-06,0.0
2.1956659e-08,0.0
6.311363e-08,0.0
8.5183257e-07,0.0
3.696661e-08,0.0
2.3630973e-07,0.0
9.247609e-06,0.0
6.0930287e-09,0.0
2.4887595e-07,0.0
8.436524e-11,0.0
6.15289e-10,0.0
1.823715e-06,0.0
5.2815653e-06,0.0
5.3065164e-06,0.0
2.0446536e-05,0.0
2.5335587e-05,0.0
8.678465e-06,0.0
8.958766e-06,0.0
4.63621e-06,0.0
2.256755e-05,0.0
4.1342624e-05,0.0
1.0064291e-06,0.0
2.645475e-06,0.0
1.6249667e-05,0.0
5.957612e-06,0.0
1.8902355e-06,0.0
2.9775151e-06,0.0
0.00013023615,0.0
1.795989e-06,0.0
1.0131972e-08,0.0
2.82036e-07,0.0
9.078795e-09,0.0
2.3268392e-08,0.0
6.448438e-08,0.0
2.758398e-08,0.0
1.2725192e-07,0.0
1.5650588e-08,0.0
2.822706e-09,0.0
2.6324534e-08,0.0
2.953414e-08,0.0
2.1709487e-10,0.0
6.243166e-08,0.0
2.7193933e-10,0.0
7.21734e-07,0.0
2.16238e-08,0.0
4.482466e-08,0.0
1.0623088e-06,0.0
9.04811e-05,0.0
5.472447e-08,0.0
1.2912333e-08,0.0
5.432077e-08,0.0
1.5639393e-05,0.0
9.742768e-06,0.0
4.6781428e-09,0.0
7.809802e-08,0.0
5.4919376e-08,0.0
3.1182032e-07,0.0
1.697797e-05,0.0
1.800829e-06,0.0
2.4418995e-08,0.0
2.2724342e-07,0.0
2.1892501e-07,0.0
9.681761e-09,0.0
3.3192826e-08,0.0
9.4034586e-11,0.0
5.1218936e-05,0.0
9.715824e-06,0.0
2.0060597e-08,0.0
2.4876374e-05,0.0
1.3763925e-07,0.0
3.1351818e-05,0.0
0.00028580427,0.0
9.658264e-07,0.0
0.00025483966,0.0
2.421812e-07,0.0
1.9434304e-07,0.0
6.5354635e-07,0.0
6.536567e-07,0.0
3.1079885e-08,0.0
6.4133667e-07,0.0
2.715264e-07,0.0
0.00013160706,0.0
5.7674906e-06,0.0
6.170984e-08,0.0
1.7871742e-10,0.0
1.746577e-10,0.0
5.426037e-09,0.0
3.1881482e-09,0.0
4.0668607e-07,0.0
3.7733352e-07,0.0
7.326502e-09,0.0
3.989994e-10,0.0
1.2540816e-07,0.0
2.3292815e-08,0.0
4.356587e-08,0.0
9.750156e-10,0.0
4.8521747e-07,0.0
4.9186547e-05,0.0
2.2651047e-08,0.0
4.3071273e-07,0.0
2.7030705e-08,0.0
4.577224e-05,0.0
6.560291e-11,0.0
3.9458527e-08,0.0
7.0827606e-09,0.0
3.800934e-08,0.0
6.305957e-09,0.0
6.5443295e-08,0.0
1.091592e-07,0.0
1.0353557e-06,0.0
3.3774415e-07,0.0
8.22297e-08,0.0
1.3798422e-09,0.0
7.2235298e-09,0.0
9.1104175e-07,0.0
2.8356261e-08,0.0
4.4378865e-09,0.0
0.0001962781,0.0
1.7632647e-08,0.0
4.2031274e-08,0.0
1.639729e-05,0.0
1.246047e-08,0.0
2.4436795e-06,0.0
2.7213665e-07,0.0
5.4876e-07,0.0
2.5457011e-06,0.0
2.3853116e-07,0.0
4.1800786e-06,0.0
8.0284224e-07,0.0
3.2844378e-06,0.0
0.00011898997,0.0
6.5212034e-06,0.0
0.00017091632,0.0
1.0819941e-06,0.0
2.6205493e-07,0.0
2.9134796e-06,0.0
3.3496132e-08,0.0
4.6615693e-08,0.0
2.0205366e-08,0.0
1.622157e-08,0.0
8.0067486e-10,0.0
8.713656e-09,0.0
2.3529463e-09,0.0
5.919293e-08,0.0
2.347334e-09,0.0
0.000102607366,0.0
3.303285e-08,0.0
4.830942e-10,0.0
4.538488e-08,0.0
5.1391842e-11,0.0
3.248181e-05,0.0
2.5343803e-05,0.0
6.002362e-10,0.0
3.4690952e-09,0.0
8.4533125e-10,0.0
5.740087e-08,0.0
1.0111625e-06,0.0
3.0706722e-08,0.0
1.24623245e-08,0.0
1.4812261e-07,0.0
1.1743898e-09,0.0
3.3152492e-10,0.0
6.3843403e-10,0.0
7.892899e-08,0.0
5.759342e-09,0.0
5.5952677e-07,0.0
1.274503e-10,0.0
6.8875206e-06,0.0
8.588419e-09,0.0
4.0211614e-08,0.0
1.5761978e-07,0.0
3.0971609e-07,0.0
5.111729e-07,0.0
5.7033067e-09,0.0
8.699121e-10,0.0
6.4693535e-07,0.0
5.126683e-05,0.0
1.4379658e-08,0.0
3.3658017e-07,0.0
2.639919e-07,0.0
0.00012072647,0.0
9.21319e-08,0.0
1.5196032e-06,0.0
1.6084148e-06,0.0
1.9742902e-06,0.0
1.9481402e-07,0.0
4.9803754e-07,0.0
2.892337e-08,0.0
6.5817176e-07,0.0
1.5433333e-06,0.0
2.1846544e-08,0.0
1.0752713e-05,0.0
0.00017142296,0.0
6.5488335e-09,0.0
3.7769986e-08,0.0
1.4289563e-09,0.0
1.6134184e-08,0.0
3.6912485e-07,0.0
4.7034295e-08,0.0
3.6289315e-08,0.0
6.5981105e-08,0.0
1.4202477e-07,0.0
8.367595e-08,0.0
8.832932e-09,0.0
4.2733827e-06,0.0
4.890679e-07,0.0
2.88759e-07,0.0
5.987466e-09,0.0
8.5898485e-08,0.0
6.573252e-08,0.0
2.0355529e-08,0.0
1.6255959e-07,0.0
3.0029048e-07,0.0
0.000143677,0.0
3.9759266e-07,0.0
2.5104211e-05,0.0
1.3261933e-07,0.0
4.103271e-07,0.0
5.191722e-07,0.0
1.4281464e-06,0.0
8.036512e-07,0.0
2.9710703e-08,0.0
6.416817e-07,0.0
3.5933724e-07,0.0
4.6372934e-06,0.0
0.00017893314,0.0
5.867843e-08,0.0
4.0677137e-09,0.0
4.6774944e-06,0.0
5.063668e-06,0.0
1.6513575e-07,0.0
1.5566553e-05,0.0
5.552212e-07,0.0
4.481047e-06,0.0
3.6642453e-07,0.0
1.5694053e-06,0.0
1.3517236e-05,0.0
7.527949e-07,0.0
2.0430718e-06,0.0
2.4580152e-07,0.0
1.06780635e-05,0.0
4.2084e-07,0.0
8.057705e-06,0.0
1.0588734e-05,0.0
4.2879384e-07,0.0
3.3591143e-06,0.0
1.9539184e-06,0.0
7.536985e-09,0.0
1.7114155e-08,0.0
1.2054105e-09,0.0
4.830509e-10,0.0
2.89217e-09,0.0
1.0194449e-08,0.0
2.539789e-06,0.0
8.213776e-10,0.0
7.564396e-08,0.0
2.099685e-05,0.0
5.7565776e-06,0.0
1.73686e-10,0.0
4.5161214e-05,0.0
8.156427e-08,0.0
2.1525738e-08,0.0
4.5794962e-08,0.0
2.6130238e-08,0.0
9.6381125e-09,0.0
1.090632e-08,0.0
1.1916041e-08,0.0
6.869568e-11,0.0
0.0001937747,0.0
3.994856e-08,0.0
3.4153658e-08,0.0
4.7400908e-07,0.0
1.5364543e-08,0.0
2.4292257e-07,0.0
1.5225818e-09,0.0
2.805057e-05,0.0
3.9606493e-05,0.0
4.511569e-06,0.0
2.0611037e-06,0.0
6.248259e-06,0.0
7.235734e-09,0.0
1.853505e-08,0.0
8.2701845e-09,0.0
3.1804592e-07,0.0
8.116469e-07,0.0
2.2706804e-08,0.0
7.873244e-07,0.0
2.971069e-07,0.0
2.5358526e-07,0.0
1.6630844e-07,0.0
1.5767525e-07,0.0
7.02787e-07,0.0
2.737282e-06,0.0
0.00020805001,0.0
2.2311418e-05,0.0
2.9000876e-06,0.0
0.00014802814,0.0
1.1476016e-06,0.0
3.7511172e-06,0.0
2.0854113e-06,0.0
3.1118043e-07,0.0
5.79058e-07,0.0
5.1937593e-10,0.0
2.6180624e-08,0.0
3.6893688e-09,0.0
2.032491e-07,0.0
2.4244e-11,0.0
7.442648e-08,0.0
3.5313303e-08,0.0
1.0941151e-09,0.0
9.584696e-12,0.0
1.1630263e-08,0.0
6.3692646e-08,0.0
7.1314155e-08,0.0
1.8382815e-08,0.0
6.150245e-08,0.0
1.131258e-09,0.0
1.504496e-09,0.0
4.960402e-10,0.0
3.466202e-05,0.0
2.050355e-09,0.0
0.000110486035,0.0
1.0415488e-07,0.0
6.6110756e-11,0.0
1.6112218e-09,0.0
3.4371388e-09,0.0
3.1668135e-10,0.0
6.539338e-08,0.0
5.440932e-08,0.0
5.397983e-08,0.0
1.8109252e-11,0.0
1.169029e-08,0.0
9.959738e-09,0.0
1.179367e-06,0.0
9.704187e-09,0.0
5.7860454e-08,0.0
1.2245098e-07,0.0
1.0780548e-09,0.0
1.6020999e-06,0.0
4.802794e-07,0.0
5.0017803e-07,0.0
8.3833663e-07,0.0
1.8782713e-06,0.0
1.6994566e-06,0.0
2.0063028e-06,0.0
2.7731835e-07,0.0
2.0124205e-07,0.0
1.9094452e-05,0.0
1.05851996e-07,0.0
1.066667e-06,0.0
1.3378687e-07,0.0
0.00016719103,0.0
1.2061495e-06,0.0
4.5384627e-06,0.0
3.0586075e-06,0.0
5.361968e-07,0.0
1.5376844e-06,0.0
2.4922711e-08,0.0
4.0349735e-07,0.0
3.6362135e-08,0.0
3.1532298e-07,0.0
7.8130244e-05,0.0
1.8446105e-08,0.0
6.521482e-10,0.0
7.6811213e-10,0.0
6.0099494e-05,0.0
1.029382e-05,0.0
2.5526294e-08,0.0
2.7349476e-09,0.0
1.4449293e-07,0.0
1.0034269e-09,0.0
2.498691e-07,0.0
2.6461006e-08,0.0
2.4045459e-08,0.0
1.7133345e-06,0.0
1.7339664e-07,0.0
2.5885484e-08,0.0
0.00017613173,0.0
7.127346e-07,0.0
1.2246598e-08,0.0
5.3540634e-07,0.0
3.7159532e-06,0.0
9.099902e-07,0.0
8.293741e-08,0.0
2.7581655e-05,0.0
2.1940625e-08,0.0
5.820855e-09,0.0
6.157214e-07,0.0
2.6080136e-07,0.0
8.24524e-08,0.0
3.265793e-05,0.0
1.4648169e-09,0.0
2.5720563e-08,0.0
4.6764842e-05,0.0
8.007154e-06,0.0
1.00496976e-07,0.0
7.9199344e-07,0.0
5.772771e-05,0.0
1.1543934e-05,0.0
1.6959668e-05,0.0
0.00019279122,0.0
8.64983e-05,0.0
2.467864e-05,0.0
6.775303e-06,0.0
3.7736468e-06,0.0
1.6468848e-05,0.0
2.900342e-06,0.0
7.65572e-07,0.0
6.898571e-06,0.0
2.3186512e-05,0.0
2.2363757e-07,0.0
1.5097314e-08,0.0
8.850712e-08,0.0
9.542906e-08,0.0
1.9900195e-08,0.0
6.900738e-09,0.0
1.125495e-08,0.0
5.945485e-07,0.0
1.5129015e-09,0.0
9.283449e-06,0.0
5.609076e-06,0.0
8.2945395e-10,0.0
1.2709528e-08,0.0
2.2881285e-07,0.0
3.5147124e-08,0.0
1.9733406e-07,0.0
3.417195e-09,0.0
1.662466e-07,0.0
5.5022307e-09,0.0
1.7012256e-08,0.0
7.854944e-07,0.0
2.3392846e-07,0.0
6.955024e-08,0.0
1.6861997e-09,0.0
2.9698917e-08,0.0
9.290942e-08,0.0
1.113271e-06,0.0
4.5245185e-09,0.0
6.437093e-07,0.0
4.135481e-07,0.0
4.134879e-08,0.0
1.6325187e-07,0.0
5.436492e-08,0.0
1.0562571e-07,0.0
4.5591875e-07,0.0
2.4493762e-05,0.0
1.0270123e-10,0.0
1.3097349e-06,0.0
2.7351423e-06,0.0
2.4462643e-05,0.0
3.754483e-07,0.0
1.9954987e-06,0.0
1.8396171e-05,0.0
1.6032034e-06,0.0
5.8057753e-07,0.0
3.9985844e-06,0.0
1.7298801e-07,0.0
1.1061348e-06,0.0
3.9072813e-07,0.0
3.138016e-06,0.0
5.7209956e-05,0.0
1.05760776e-07,0.0
8.953534e-07,0.0
1.968617e-05,0.0
4.042523e-07,0.0
1.9608746e-09,0.0
2.184824e-09,0.0
1.1979137e-05,0.0
5.3327113e-07,0.0
5.8693207e-08,0.0
1.4238115e-09,0.0
4.5308204e-10,0.0
7.736026e-09,0.0
7.483491e-05,0.0
1.1600217e-07,0.0
9.885907e-09,0.0
7.152628e-11,0.0
9.818047e-10,0.0
3.1510592e-09,0.0
9.87115e-10,0.0
1.5620378e-08,0.0
7.430701e-09,0.0
9.025749e-10,0.0
1.2163022e-09,0.0
2.7052522e-08,0.0
1.5801205e-10,0.0
5.9385517e-08,0.0
2.7333286e-07,0.0
7.0599397e-09,0.0
6.2002994e-09,0.0
3.3738745e-09,0.0
1.3353914e-06,0.0
4.674573e-10,0.0
1.2187435e-08,0.0
5.6989742e-05,0.0
9.458986e-06,0.0
3.140128e-07,0.0
5.425137e-07,0.0
3.120312e-09,0.0
1.3992292e-07,0.0
2.367673e-12,0.0
1.1458931e-12,0.0
6.384274e-06,0.0
2.4423468e-08,0.0
2.3165392e-06,0.0
6.214368e-08,0.0
2.0759887e-07,0.0
2.322204e-06,0.0
2.98755e-06,0.0
1.8766527e-06,0.0
3.2028615e-07,0.0
1.4238905e-05,0.0
1.47588635e-05,0.0
8.089971e-05,0.0
6.108601e-08,0.0
1.5011253e-07,0.0
9.008796e-07,0.0
3.9893266e-07,0.0
2.6934003e-06,0.0
4.5248467e-07,0.0
2.6864944e-08,0.0
7.546325e-08,0.0
1.0778318e-07,0.0
2.195217e-09,0.0
7.186525e-08,0.0
1.0119713e-07,0.0
2.2702604e-08,0.0
5.1704747e-09,0.0
2.8490113e-08,0.0
5.1236035e-05,0.0
9.90395e-07,0.0
4.024244e-07,0.0
7.594392e-12,0.0
1.3910321e-05,0.0
8.12096e-07,0.0
4.1431548e-07,0.0
6.378784e-08,0.0
1.1994316e-09,0.0
2.2939893e-10,0.0
1.2778073e-08,0.0
4.6944828e-05,0.0
2.2347875e-05,0.0
8.2939785e-08,0.0
2.5704487e-11,0.0
3.8331476e-09,0.0
9.046884e-09,0.0
3.4598393e-08,0.0
3.7252565e-08,0.0
1.784623e-06,0.0
1.3231682e-08,0.0
9.926796e-07,0.0
7.976333e-06,0.0
1.801711e-07,0.0
4.1103125e-09,0.0
1.2291788e-06,0.0
4.9744223e-11,0.0
4.255379e-06,0.0
7.842534e-07,0.0
6.231885e-07,0.0
9.4860826e-07,0.0
0.00010058966,0.0
7.1279646e-07,0.0
3.3257534e-06,0.0
6.244518e-06,0.0
3.171279e-07,0.0
2.7467548e-05,0.0
2.5594209e-06,0.0
5.0304112e-05,0.0
3.1213733e-06,0.0
8.207509e-05,0.0
5.873061e-06,0.0
8.523051e-06,0.0
2.6489993e-06,0.0
0.0001578629,0.0
1.3473392e-08,0.0
2.2978146e-08,0.0
1.1944638e-07,0.0
1.9606372e-07,0.0
2.2573628e-08,0.0
4.8706545e-07,0.0
4.7660226e-11,0.0
3.3035482e-07,0.0
7.956753e-10,0.0
4.053819e-07,0.0
3.6294262e-10,0.0
1.8339108e-08,0.0
2.6947453e-07,0.0
7.0159234e-07,0.0
1.3158463e-09,0.0
1.6698554e-08,0.0
1.9695503e-07,0.0
5.0986293e-10,0.0
7.56738e-09,0.0
7.4511625e-10,0.0
1.4698799e-07,0.0
5.1677368e-08,0.0
5.7553557e-09,0.0
2.1541016e-08,0.0
5.708858e-07,0.0
3.4775024e-07,0.0
1.353891e-05,0.0
1.5305227e-08,0.0
3.0475316e-08,0.0
2.395167e-06,0.0
1.4748119e-08,0.0
1.5182437e-07,0.0
3.2836076e-06,0.0
2.9681477e-08,0.0
1.0231939e-06,0.0
1.8993661e-10,0.0
1.4386344e-09,0.0
4.0189843e-06,0.0
4.108532e-06,0.0
1.0070863e-05,0.0
2.5038423e-06,0.0
1.0825551e-05,0.0
3.71159e-06,0.0
1.6780834e-06,0.0
6.736671e-06,0.0
3.2411197e-05,0.0
1.2020483e-05,0.0
1.7749094e-06,0.0
3.986567e-06,0.0
6.3295306e-06,0.0
5.013005e-06,0.0
1.3677504e-06,0.0
5.829069e-06,0.0
7.493047e-05,0.0
1.1313256e-06,0.0
6.3001266e-09,0.0
1.2583668e-11,0.0
8.178837e-06,0.0
1.5219286e-09,0.0
6.4017316e-09,0.0
6.3705494e-09,0.0
2.5209617e-06,0.0
5.2311036e-09,0.0
2.570559e-09,0.0
2.2763972e-05,0.0
5.0628707e-10,0.0
3.44844e-05,0.0
5.7815386e-10,0.0
7.620718e-11,0.0
3.9323873e-09,0.0
7.270915e-09,0.0
1.3765485e-09,0.0
1.5343498e-05,0.0
2.527031e-09,0.0
2.3026747e-09,0.0
8.555152e-08,0.0
9.821687e-09,0.0
4.8656336e-08,0.0
1.1419109e-07,0.0
1.297977e-06,0.0
2.7234552e-08,0.0
7.1793465e-08,0.0
1.39663285e-08,0.0
6.6228204e-05,0.0
8.764015e-06,0.0
4.6842146e-07,0.0
9.115637e-06,0.0
2.3776792e-08,0.0
8.210067e-09,0.0
5.9987024e-09,0.0
2.7529276e-11,0.0
2.3397097e-06,0.0
1.0427911e-07,0.0
4.871593e-09,0.0
1.2173118e-09,0.0
3.1314968e-09,0.0
6.591378e-07,0.0
1.2526884e-08,0.0
1.9570672e-07,0.0
6.6253065e-06,0.0
8.471092e-08,0.0
9.262954e-07,0.0
1.3991726e-06,0.0
1.1658153e-07,0.0
1.3568031e-05,0.0
1.5511101e-05,0.0
8.0842824e-08,0.0
2.7605772e-06,0.0
1.5370151e-05,0.0
9.574999e-11,0.0
1.9301649e-07,0.0
1.2981668e-09,0.0
1.583918e-08,0.0
1.9358065e-08,0.0
0.000117442745,0.0
2.2201403e-09,0.0
3.1090586e-10,0.0
8.040697e-09,0.0
2.5973157e-09,0.0
2.2550692e-08,0.0
3.5862273e-09,0.0
3.7880443e-06,0.0
2.431481e-07,0.0
5.3145584e-08,0.0
1.954154e-09,0.0
2.8572274e-05,0.0
5.7778595e-09,0.0
4.036167e-05,0.0
1.7957723e-07,0.0
5.551047e-09,0.0
1.9243337e-10,0.0
2.5972002e-10,0.0
5.3092366e-09,0.0
5.377056e-10,0.0
1.4303122e-08,0.0
4.69035e-06,0.0
2.1595886e-07,0.0
7.113863e-08,0.0
4.9252405e-05,0.0
4.2409924e-06,0.0
4.0924613e-07,0.0
1.7540939e-06,0.0
4.6216573e-07,0.0
8.973931e-07,0.0
6.9666646e-09,0.0
1.1598308e-10,0.0
7.883504e-06,0.0
2.4760761e-06,0.0
2.1098606e-06,0.0
2.4411767e-07,0.0
1.2289919e-05,0.0
8.0090485e-06,0.0
4.3470586e-06,0.0
1.0203738e-06,0.0
2.6356273e-07,0.0
3.4236655e-06,0.0
9.914024e-07,0.0
1.5355214e-06,0.0
4.3602637e-07,0.0
6.9524517e-06,0.0
8.237216e-06,0.0
1.5551826e-06,0.0
2.64871e-07,0.0
5.0520866e-06,0.0
1.3188213e-09,0.0
3.2618411e-06,0.0
4.4860477e-07,0.0
9.643272e-05,0.0
2.5796584e-05,0.0
4.3685027e-08,0.0
9.672907e-08,0.0
4.2899424e-07,0.0
2.8373737e-08,0.0
2.1030556e-07,0.0
4.6147716e-06,0.0
2.9798372e-07,0.0
9.0970127e-07,0.0
2.1232624e-07,0.0
3.5064215e-07,0.0
1.575644e-06,0.0
1.18511984e-07,0.0
1.5248416e-05,0.0
1.9872962e-06,0.0
8.3052726e-10,0.0
1.5064933e-07,0.0
2.140785e-07,0.0
1.5542307e-08,0.0
1.008766e-06,0.0
4.0692058e-08,0.0
4.975758e-08,0.0
1.3488248e-07,0.0
1.6411143e-06,0.0
6.5085906e-08,0.0
8.86977e-09,0.0
8.659218e-06,0.0
6.4993735e-08,0.0
4.265445e-07,0.0
2.1744986e-06,0.0
7.77555e-06,0.0
8.830869e-05,0.0
7.298527e-08,0.0
2.4240673e-05,0.0
2.4356399e-05,0.0
8.85881e-06,0.0
0.00010339309,0.0
5.535202e-06,0.0
1.3452336e-06,0.0
3.517761e-06,0.0
2.5660197e-06,0.0
1.8654657e-05,0.0
1.139347e-05,0.0
2.6688642e-06,0.0
3.517704e-06,0.0
4.2487918e-05,0.0
1.6243058e-06,0.0
3.9183587e-06,0.0
1.1285847e-05,0.0
4.213908e-06,0.0
1.7474028e-07,0.0
1.0418468e-07,0.0
7.511082e-09,0.0
2.0511219e-07,0.0
2.5656684e-07,0.0
1.5278948e-08,0.0
6.1138735e-07,0.0
3.1941756e-08,0.0
3.935338e-08,0.0
8.458171e-09,0.0
5.291525e-07,0.0
1.5563874e-06,0.0
3.7604564e-09,0.0
1.7230168e-08,0.0
1.0052209e-07,0.0
8.872008e-08,0.0
3.728363e-06,0.0
4.6871037e-08,0.0
2.6929337e-11,0.0
6.690406e-08,0.0
3.8399844e-06,0.0
0.00014680624,0.0
1.8429112e-07,0.0
4.2640604e-06,0.0
8.207426e-08,0.0
2.2453865e-08,0.0
4.839508e-05,0.0
3.8251793e-09,0.0
4.6110824e-07,0.0
2.1391206e-06,0.0
1.622181e-07,0.0
3.9062847e-08,0.0
2.7606457e-06,0.0
5.1782745e-06,0.0
0.00011873118,0.0
5.138915e-07,0.0
7.563887e-09,0.0
8.8683584e-05,0.0
2.985351e-06,0.0
2.1455207e-05,0.0
4.7024073e-06,0.0
8.503878e-07,0.0
1.17725826e-07,0.0
2.0058065e-05,0.0
1.0796934e-06,0.0
4.9890537e-06,0.0
2.7507052e-05,0.0
4.4581594e-07,0.0
2.5682182e-06,0.0
1.4339583e-05,0.0
1.47863e-06,0.0
4.1530825e-06,0.0
9.078271e-06,0.0
2.7558215e-06,0.0
1.0745152e-06,0.0
1.199132e-07,0.0
7.005213e-07,0.0
2.1044468e-08,0.0
1.0064929e-07,0.0
3.088882e-08,0.0
2.7653186e-07,0.0
2.1595813e-08,0.0
1.6984235e-09,0.0
1.9947127e-08,0.0
9.172052e-09,0.0
7.999471e-09,0.0
2.1144409e-08,0.0
3.4428027e-08,0.0
4.5928167e-07,0.0
2.3119607e-07,0.0
1.4709295e-08,0.0
0.0002555251,0.0
1.0522028e-08,0.0
2.7673144e-08,0.0
1.7684407e-07,0.0
1.0367523e-07,0.0
1.1221276e-06,0.0
2.1635765e-06,0.0
9.05022e-08,0.0
1.7328382e-06,0.0
2.061602e-07,0.0
4.68891e-08,0.0
6.685619e-09,0.0
1.7981853e-05,0.0
2.8092091e-07,0.0
4.9713356e-07,0.0
6.1350636e-07,0.0
2.0962214e-07,0.0
5.6320144e-09,0.0
2.2638046e-08,0.0
6.629724e-08,0.0
5.0309623e-09,0.0
2.2774762e-07,0.0
1.8683373e-07,0.0
7.6777866e-07,0.0
3.0258133e-07,0.0
1.5869793e-05,0.0
2.847402e-07,0.0
0.00011608136,0.0
3.2020307e-07,0.0
2.0496016e-06,0.0
1.4224579e-06,0.0
3.4228362e-06,0.0
1.2930307e-05,0.0
1.3001263e-06,0.0
1.5371463e-06,0.0
2.61309e-07,0.0
3.515229e-08,0.0
5.115667e-06,0.0
1.8005525e-06,0.0
5.2982405e-09,0.0
2.5168921e-08,0.0
3.9462502e-05,0.0
6.797995e-08,0.0
4.145119e-09,0.0
3.4397227e-09,0.0
1.127867e-05,0.0
4.3540926e-09,0.0
2.5550344e-09,0.0
1.5857688e-07,0.0
3.742204e-09,0.0
1.0609607e-09,0.0
1.1505361e-08,0.0
3.2301745e-07,0.0
5.1485887e-07,0.0
7.6228375e-08,0.0
2.6943148e-08,0.0
2.3972865e-07,0.0
1.624538e-08,0.0
1.3847839e-08,0.0
6.950472e-09,0.0
3.223275e-09,0.0
2.6807835e-05,0.0
5.671428e-08,0.0
6.712282e-10,0.0
6.203339e-09,0.0
0.00016203523,0.0
8.500343e-05,0.0
1.5096401e-05,0.0
5.525463e-07,0.0
1.2884287e-08,0.0
1.1309793e-06,0.0
1.0427753e-05,0.0
3.7905448e-08,0.0
3.094189e-08,0.0
5.3073592e-05,0.0
8.273123e-06,0.0
1.024492e-05,0.0
4.1049716e-06,0.0
7.319815e-08,0.0
2.6321522e-06,0.0
2.00468e-05,0.0
8.106609e-08,0.0
4.091974e-05,0.0
4.4902893e-07,0.0
6.844569e-07,0.0
0.00024467707,0.0
3.9481797e-06,0.0
3.1910822e-06,0.0
3.3424337e-06,0.0
1.5777807e-06,0.0
6.068444e-08,0.0
2.991982e-07,0.0
3.2914866e-06,0.0
1.651589e-05,0.0
9.2101324e-08,0.0
1.8041648e-05,0.0
6.727057e-05,0.0
1.2200128e-07,0.0
6.242794e-09,0.0
4.537787e-08,0.0
5.9424234e-09,0.0
2.1945606e-08,0.0
1.3560016e-08,0.0
4.8223e-09,0.0
4.590522e-07,0.0
9.68612e-09,0.0
4.0084806e-06,0.0
3.814355e-06,0.0
4.482686e-09,0.0
1.1022806e-08,0.0
1.9332017e-08,0.0
1.1517883e-05,0.0
4.1252983e-09,0.0
3.3635814e-07,0.0
2.0077977e-08,0.0
4.136173e-06,0.0
1.3484344e-08,0.0
7.20514e-05,0.0
1.1329705e-07,0.0
2.2508398e-07,0.0
2.4331253e-09,0.0
8.448046e-07,0.0
1.2020483e-07,0.0
8.417314e-08,0.0
3.5570995e-08,0.0
1.5034133e-05,0.0
1.6509102e-07,0.0
2.994554e-07,0.0
8.934568e-08,0.0
1.4183237e-06,0.0
9.882237e-06,0.0
5.953485e-07,0.0
2.7457253e-07,0.0
1.0879192e-07,0.0
1.6710981e-06,0.0
0.00021958351,0.0
1.968389e-06,0.0
3.055912e-07,0.0
5.398704e-06,0.0
3.4581193e-05,0.0
6.212516e-07,0.0
3.8041544e-06,0.0
3.4149376e-05,0.0
1.510837e-05,0.0
2.219838e-05,0.0
1.8802348e-05,0.0
3.5701413e-07,0.0
2.9879015e-09,0.0
1.1771296e-10,0.0
1.9408088e-08,0.0
2.1793689e-08,0.0
1.607759e-09,0.0
3.0802326e-05,0.0
5.208374e-09,0.0
1.7520475e-06,0.0
1.9126964e-11,0.0
2.6073073e-09,0.0
2.237424e-10,0.0
8.302747e-08,0.0
5.001682e-10,0.0
2.3077586e-08,0.0
6.2242105e-09,0.0
2.07635e-08,0.0
6.941777e-10,0.0
3.4709484e-09,0.0
7.822466e-10,0.0
1.4621101e-08,0.0
4.6386842e-07,0.0
1.8982272e-08,0.0
3.703616e-10,0.0
1.3011657e-10,0.0
7.7105966e-10,0.0
4.1850164e-08,0.0
1.744042e-08,0.0
1.0832873e-07,0.0
6.2986395e-08,0.0
1.0983022e-07,0.0
2.9331522e-07,0.0
7.299574e-11,0.0
1.785419e-05,0.0
4.5911173e-07,0.0
3.539697e-07,0.0
4.8095916e-07,0.0
4.622523e-12,0.0
4.4395123e-09,0.0
5.212012e-07,0.0
3.9248266e-07,0.0
7.9230466e-07,0.0
2.2121092e-09,0.0
1.675596e-05,0.0
2.070568e-08,0.0
5.5830005e-06,0.0
1.2917654e-08,0.0
2.5176016e-07,0.0
9.011318e-06,0.0
7.703343e-08,0.0
2.4653223e-06,0.0
9.255245e-07,0.0
6.0033417e-06,0.0
1.072343e-06,0.0
8.521438e-07,0.0
7.1870704e-07,0.0
