2.140113120188456e-74,0.0
1.6306376395329852e-08,0.0
1.282007945895021e-21,0.0
2.3647668428641694e-133,0.0
5.811361679270476e-40,0.0
1.9531343708955785e-110,0.0
5.691015531806276e-20,0.0
2.432841505340441e-153,0.0
4.26205803335076e-119,0.0
0,0.0
5.114117070963034e-274,0.0
8.94506172070688e-99,0.0
7.670448437819908e-54,0.0
3.465711252918007e-48,0.0
2.5835418974075047e-22,0.0
0.0007586520745162195,0.0
0.007826546774009544,0.0
5.543524267094004e-56,0.0
1.3757299168664208e-189,0.0
4.003166775422558e-154,0.0
1.5185314366025571e-12,0.0
6.100331400055513e-23,0.0
2.0460219165214755e-85,0.0
4.75727154942102e-73,0.0
1.1583045180524587e-72,0.0
6.018570183439185e-105,0.0
7.608706077566412e-53,0.0
6.7015100515323365e-40,0.0
3.923215401439608e-32,0.0
1.0906642984316027e-130,0.0
5.809610888481167e-79,0.0
3.2800684472256256e-153,0.0
4.239164133239813e-166,0.0
5.080585388068102e-58,0.0
1.3448834972036114e-187,0.0
0.17858734221187594,0.0
1.470921582116727e-15,0.0
1.1642044395814189e-74,0.0
0,0.0
7.496410196858003e-07,0.0
2.370204662294532e-48,0.0
6.272876240328082e-117,0.0
4.64074122218767e-25,0.0
1.8921281492602218e-286,0.0
2.660759697034781e-76,0.0
3.7778977816215234e-99,0.0
1.9869011485737326e-151,0.0
1.4226835176792906e-117,0.0
9.645972203454456e-44,0.0
8.959063516852907e-25,0.0
1.0210059369368612e-10,0.0
8.008260034520732e-12,0.0
6.883707189543247e-122,0.0
6.482812724662865e-45,0.0
2.314117557789657e-33,0.0
1.0230032913591122e-09,0.0
4.582957704315061e-103,0.0
2.7596677973131963e-30,0.0
3.157985801397947e-23,0.0
2.699299019580714e-18,0.0
5.304220022800186e-18,0.0
2.3975917350907468e-06,0.0
3.693040325318905e-10,0.0
1.8100536007735793e-94,0.0
6.331446932579452e-31,0.0
7.249189396773165e-45,0.0
1.6415370040038356e-46,0.0
0.0017694492430076808,0.0
1.177736150505619e-07,0.0
1.1338536352087725e-92,0.0
3.949619664710442e-37,0.0
6.564642554253496e-52,0.0
2.3034631030449883e-73,0.0
3.957757761758032e-63,0.0
2.874878942885879e-122,0.0
3.732566147669943e-134,0.0
3.0885740194287535e-95,0.0
4.8624036162029885e-83,0.0
1.5049934441505937e-39,0.0
3.653295211293768e-05,0.0
6.710527672827717e-55,0.0
5.0777048836034166e-21,0.0
2.8731387098996283e-39,0.0
2.53894060354239e-218,0.0
4.861420281451374e-57,0.0
8.35400394131963e-163,0.0
5.277356255670958e-176,0.0
8.864143786824972e-76,0.0
0.00015217033771066344,0.0
9.396956566867213e-151,0.0
2.3732250245938386e-33,0.0
1.8875424872768272e-108,0.0
2.353641764030366e-246,0.0
2.556737059569479e-27,0.0
1.296710681702055e-56,0.0
0.23903056236584352,0.0
2.190935415341249e-27,0.0
1.4027479004032059e-133,0.0
3.1118088898541157e-16,0.0
6.619313596903387e-67,0.0
1.1228489243491262e-41,0.0
1.645722970966544e-231,0.0
2.4984502426274646e-77,0.0
9.56369463248683e-50,0.0
5.6233430736416285e-27,0.0
1.6198519826400087e-12,0.0
1.0211082469105483e-33,0.0
5.278696177994337e-61,0.0
0,0.0
4.891010761795571e-30,0.0
3.709761212490715e-192,0.0
5.615978274778917e-208,0.0
4.156228606414755e-186,0.0
4.5520347335524067e-35,0.0
2.8816124154028276e-25,0.0
4.17493801364403e-25,0.0
0.009150248439428646,0.0
1.4671774734151557e-37,0.0
2.484168103979715e-242,0.0
5.7518078799933165e-53,0.0
8.02410167662504e-151,0.0
3.7155851839755287e-81,0.0
1.902688090401365e-285,0.0
4.496376899097381e-39,0.0
4.258173551459092e-88,0.0
0,0.0
1.2796136828543909e-65,0.0
1.2725749054661438e-237,0.0
4.461803671913208e-228,0.0
1.336763140383572e-162,0.0
9.2284492229824e-135,0.0
1.0358420417552967e-20,0.0
1.1922861710566373e-20,0.0
2.6019523734300033e-102,0.0
3.1935382338471796e-19,0.0
2.02529783572023e-36,0.0
1.5762624001087087e-20,0.0
5.933951689036576e-26,0.0
9.808077302708232e-71,0.0
2.818685814816846e-182,0.0
3.353254465859641e-81,0.0
0.0012270764619614234,0.0
3.7609481296125046e-42,0.0
2.666102369577802e-67,0.0
2.6319384555855852e-06,0.0
1.9761769308148786e-33,0.0
6.41030311379793e-143,0.0
5.92177148627342e-42,0.0
2.5748523532254843e-41,0.0
2.8904790550576923e-90,0.0
1.8769907983909055e-108,0.0
4.3394914904702265e-231,0.0
9.313282447125859e-189,0.0
1.2008685972613865e-32,0.0
2.0288123886936036e-14,0.0
5.378516003766081e-11,0.0
8.277838094478052e-205,0.0
1.333633627179631e-202,0.0
3.905622336092753e-18,0.0
5.672326534643382e-75,0.0
1.119400667646436e-94,0.0
0,0.0
2.280095726199074e-127,0.0
6.189860634768199e-35,0.0
1.923078621376716e-110,0.0
0,0.0
1.3808160947942471e-75,0.0
1.3522231234598753e-54,0.0
3.0488523343567524e-225,0.0
9.546219824269885e-40,0.0
1.6250040271933968e-65,0.0
2.078998717193035e-111,0.0
4.104163036857183e-64,0.0
2.4504361586209216e-88,0.0
1.4088494670969784e-120,0.0
0.032694722096069176,0.0
1.1029999945962088e-72,0.0
1.5354340121882767e-151,0.0
7.906133356198436e-95,0.0
1.5571919848737712e-73,0.0
2.1520156343317513e-09,0.0
4.0899891409437505e-26,0.0
7.215738082057475e-10,0.0
2.1068252173792318e-37,0.0
3.1244141027958345e-207,0.0
1.2531442608796928e-60,0.0
8.525545523183652e-171,0.0
0.0035393453826196796,0.0
2.2979565687409682e-117,0.0
6.946694555083415e-106,0.0
2.1377393021207844e-19,0.0
4.6059977453590177e-132,0.0
8.154902448607073e-28,0.0
1.4674217965810802e-16,0.0
6.52122463302286e-76,0.0
2.6786808953001687e-41,0.0
2.4774215283008713e-13,0.0
1.4998566617129194e-169,0.0
5.425292494515734e-122,0.0
3.5415524009059213e-262,0.0
5.023904545996213e-96,0.0
3.956939653505202e-68,0.0
8.058516996544504e-44,0.0
1.8498312522206936e-69,0.0
2.0295491789802156e-13,0.0
8.204766265519895e-29,0.0
1.509807058795997e-07,0.0
1.2088597519575966e-27,0.0
1.9273727141434386e-14,0.0
0,0.0
9.373338672654798e-77,0.0
5.779914819944765e-37,0.0
4.058930628643459e-166,0.0
1.3329871877012346e-248,0.0
1.8241985011250615e-92,0.0
4.264413291021415e-102,0.0
3.566761151389773e-170,0.0
0,0.0
0,0.0
9.529763961100243e-17,0.0
5.999863607726548e-236,0.0
2.690682483910991e-22,0.0
2.337633206853454e-10,0.0
3.886750299346531e-41,0.0
3.2897634661247486e-94,0.0
7.198870389425499e-280,0.0
1.2534462067110814e-194,0.0
2.444527221085408e-37,0.0
5.725028982096823e-251,0.0
4.0422741297062066e-38,0.0
6.8368985704045415e-28,0.0
1.8795047011522647e-18,0.0
1.864250935053531e-16,0.0
4.357544554054727e-07,0.0
3.668613070292391e-94,0.0
1.722096983844245e-96,0.0
1.3061943667958191e-12,0.0
8.726265674261959e-16,0.0
0.9973760605213474,0.0
1.0730088140297294e-37,0.0
1.0884378893064971e-14,0.0
3.191593842711516e-59,0.0
1.0414623528155818e-19,0.0
7.173082239904527e-95,0.0
1.93079628107259e-32,0.0
3.011312740651522e-23,0.0
1.1103631100399925e-31,0.0
2.731122118888422e-53,0.0
0.9972005176648001,0.0
4.170840456882335e-11,0.0
1.7155462781215003e-22,0.0
1.4393508834240939e-124,0.0
0.00019734322564536394,0.0
7.337644715607172e-19,0.0
2.3395228007190344e-18,0.0
1.3870144738438954e-64,0.0
3.851066901697527e-19,0.0
6.886037031497792e-90,0.0
3.0164416293457253e-15,0.0
1.779649315171355e-174,0.0
1.1243260930172663e-119,0.0
9.098818290665703e-31,0.0
3.5592798120396273e-16,0.0
1.4577435478265613e-109,0.0
4.982559159259737e-09,0.0
5.106436505946254e-100,0.0
0.009829702594463136,0.0
3.815917948469185e-27,0.0
1.976397187760531e-60,0.0
0,0.0
6.218190160111747e-54,0.0
8.391859550174564e-131,0.0
1.1945791746296749e-233,0.0
4.1965134511383285e-55,0.0
8.550687184472237e-63,0.0
1.6928893647710563e-31,0.0
1.936862389373506e-128,0.0
5.611926763375342e-109,0.0
8.254139304842277e-80,0.0
7.501139819322616e-49,0.0
3.711086378189576e-77,0.0
9.941540408476131e-49,0.0
8.966865242026935e-221,0.0
4.392854807694799e-09,0.0
5.338449412098798e-86,0.0
1.0438598558644548e-14,0.0
2.4424903765046938e-26,0.0
2.0390108502447596e-31,0.0
0.000571705476206259,0.0
1.1064773404610176e-86,0.0
5.829224706405516e-11,0.0
6.252101960895419e-31,0.0
4.822240419743345e-14,0.0
6.631309539598348e-115,0.0
1.7253386736895348e-35,0.0
6.697877847575437e-76,0.0
1.7709058076073194e-22,0.0
4.3401381580308065e-137,0.0
1.6070158253825476e-69,0.0
1.0731852830355131e-07,0.0
4.2187494237836614e-41,0.0
3.638930289936415e-66,0.0
1.479817759419977e-150,0.0
3.2361306581737615e-42,0.0
7.356334288099814e-243,0.0
6.371931669738086e-11,0.0
0.1551771445898167,0.0
2.1456268799918466e-117,0.0
2.1802961464560018e-16,0.0
3.174258724300478e-128,0.0
0.9694449463051736,0.0
9.350113831750129e-126,0.0
9.836658785832483e-05,0.0
1.0553821413545911e-109,0.0
0.09722945663112721,0.0
7.179358462320057e-241,0.0
0.040967207231600807,0.0
6.625171316888489e-27,0.0
7.736922977597302e-85,0.0
2.8687142237181468e-21,0.0
1.5372727557724206e-08,0.0
2.214336739406983e-229,0.0
1.1811837085182756e-12,0.0
7.035182617679938e-125,0.0
1.5966755474740368e-28,0.0
1.4195483662229947e-50,0.0
8.54722071919854e-58,0.0
1.757070892485682e-49,0.0
3.2602358727683443e-42,0.0
2.724106004978452e-10,0.0
1.3876478265012526e-11,0.0
1.348668171526857e-25,0.0
9.400514848182263e-05,0.0
8.740743886090355e-58,0.0
3.0443777198801233e-13,0.0
6.8616704669879845e-40,0.0
2.8331574497003116e-22,0.0
5.222984057316438e-10,0.0
1.6338536355572524e-29,0.0
6.284211464891067e-17,0.0
1.444531702451354e-19,0.0
4.059720908274976e-30,0.0
8.515473112949354e-13,0.0
1.0071452374992746e-34,0.0
2.217373947082577e-71,0.0
2.2018231090794912e-05,0.0
2.4110771941158394e-64,0.0
1.065075342053707e-14,0.0
3.6979750330750283e-156,0.0
1.5993472665888158e-10,0.0
2.5658825693086582e-55,0.0
7.000303994509495e-198,0.0
3.354462972529262e-07,0.0
4.045678113494737e-29,0.0
2.855196863351347e-33,0.0
1.3648242346352996e-106,0.0
4.9664476169616796e-39,0.0
2.3887245050046447e-32,0.0
6.801875056573105e-29,0.0
3.415375439097039e-13,0.0
4.5094932878706666e-51,0.0
1.0004917071486388e-87,0.0
6.73337994744526e-143,0.0
1.2441376143161061e-08,0.0
1.4010638940039865e-07,0.0
4.8140660981010356e-35,0.0
0.6634525165127295,0.0
2.1726575816604815e-25,0.0
7.955868230523807e-25,0.0
5.290998174618885e-96,0.0
8.157627762280013e-19,0.0
1.6940434709962524e-31,0.0
1.5530197962335903e-14,0.0
6.277102343207166e-26,0.0
6.421890810975974e-73,0.0
5.228502563729821e-46,0.0
2.355043706593443e-14,0.0
1.3979791871533815e-58,0.0
4.732526327776816e-05,0.0
5.2306183144144206e-148,0.0
3.6607587319753133e-23,0.0
1.0717718497872908e-18,0.0
1.652667350714379e-20,0.0
1.60047219391024e-07,0.0
1.266871000929463e-11,0.0
8.278995742528447e-12,0.0
7.550067828989378e-29,0.0
1.8438909268101043e-22,0.0
2.560326796004916e-24,0.0
5.99209033406303e-30,0.0
5.541058747686241e-153,0.0
3.2372358818951404e-43,0.0
2.1929157621003484e-37,0.0
2.3103050550563062e-10,0.0
1.7167593443242426e-53,0.0
1.3219888929702148e-87,0.0
1.4980552924555365e-233,0.0
3.0743129717412175e-26,0.0
4.196049704676638e-19,0.0
3.466312409216561e-24,0.0
9.207983899091947e-24,0.0
9.951725454443096e-09,0.0
0.00014976588973270033,0.0
0.40883687349878056,0.0
9.681840605794481e-11,0.0
0.1228996308321619,0.0
3.3839240764670687e-34,0.0
2.8570381024827955e-138,0.0
2.4669261945126918e-08,0.0
2.5162069981627352e-67,0.0
3.0036607432689407e-18,0.0
6.121074589246571e-15,0.0
1.158526884276315e-121,0.0
1.56524864692048e-30,0.0
1.409656789527263e-08,0.0
2.136983131852947e-08,0.0
8.250045887308732e-35,0.0
1.7052853096827244e-65,0.0
2.4444469597761253e-31,0.0
4.10974226752268e-19,0.0
1.043787883014712e-27,0.0
2.878040470448223e-42,0.0
1.1816508126272445e-24,0.0
3.2834510472276825e-43,0.0
3.987450590604425e-12,0.0
4.485609161528312e-46,0.0
3.169790288698839e-49,0.0
4.3618730460402496e-26,0.0
3.364798577594158e-89,0.0
1.9854996563485223e-27,0.0
3.8382825471429693e-143,0.0
1.540825670491356e-133,0.0
1.1510873434169512e-26,0.0
8.676170840086712e-96,0.0
3.5976275636429604e-24,0.0
7.372993370877396e-111,0.0
8.83602476132591e-30,0.0
2.6131191060629855e-85,0.0
4.9254887018910644e-99,0.0
2.8773326554792763e-308,0.0
1.2903544849745401e-118,0.0
9.102617569942332e-07,0.0
3.906781346597077e-59,0.0
1.5292191979639807e-79,0.0
3.1312544419801637e-87,0.0
2.1991206894759662e-30,0.0
7.263575980264925e-201,0.0
6.534073401793267e-12,0.0
9.935931845025626e-57,0.0
1.871455252778624e-137,0.0
9.096191020882408e-10,0.0
1.190787488517117e-12,0.0
2.1777208524287224e-10,0.0
9.275309174211538e-86,0.0
1.773324615989743e-89,0.0
3.6741472823546796e-51,0.0
9.6269179201338e-16,0.0
4.921440747819782e-87,0.0
1.8107284451784987e-05,0.0
0.00012464450706337166,0.0
3.547974997193623e-18,0.0
5.427871397058767e-21,0.0
2.9001656414218705e-12,0.0
2.5585669700529914e-09,0.0
0,0.0
1.9153155567077136e-170,0.0
1.4280259945213745e-61,0.0
0,0.0
2.522717956287058e-08,0.0
1.4648712766397844e-09,0.0
1.9450079812800334e-33,0.0
9.710890002321573e-185,0.0
4.4503347823378995e-26,0.0
6.590593580478394e-35,0.0
2.33893782926049e-09,0.0
1.6633917411436846e-38,0.0
0,0.0
1.3089662410292933e-73,0.0
1.964477178676605e-120,0.0
9.549233136940921e-36,0.0
2.1100420635230493e-79,0.0
3.053005037607567e-49,0.0
1.3125183938020331e-92,0.0
9.214824932236882e-35,0.0
8.544629452446386e-46,0.0
1.4079054208391678e-12,0.0
3.437521817158184e-106,0.0
6.101039118628688e-24,0.0
5.188839137965114e-106,0.0
3.523626335438806e-67,0.0
3.9672237509429815e-62,0.0
4.505067006220833e-55,0.0
4.713528544286702e-50,0.0
9.594366242603475e-41,0.0
1.3603901988584374e-19,0.0
8.735149086634656e-22,0.0
1.0828862990865978e-37,0.0
9.3394523970332e-49,0.0
1.8210201663248656e-48,0.0
1.5184787654923835e-10,0.0
5.732267824645976e-164,0.0
6.631850569498278e-12,0.0
8.519564235060732e-155,0.0
3.485284588638881e-54,0.0
7.013983725214808e-51,0.0
4.58102735959456e-23,0.0
2.9115004880063536e-15,0.0
1.8254109363862029e-31,0.0
7.246934474817473e-12,0.0
4.151119739027474e-35,0.0
1.3092077223653892e-10,0.0
3.320522535085127e-37,0.0
4.059961434851868e-140,0.0
1.7577498193096035e-09,0.0
1.5127568599916338e-24,0.0
7.250785647130141e-87,0.0
2.636427851072383e-31,0.0
1.4307904963590662e-07,0.0
8.173845107989475e-35,0.0
4.59998243206803e-59,0.0
3.333661564979471e-30,0.0
9.309726818087979e-47,0.0
4.023828883750623e-129,0.0
1.4206738256102776e-132,0.0
3.211682599990677e-32,0.0
3.738057581986867e-141,0.0
2.2155437792213305e-75,0.0
1.016194830895146e-110,0.0
5.900734838982949e-52,0.0
1.0448984994790489e-14,0.0
5.414760211463634e-269,0.0
5.688188664903902e-21,0.0
0.036964126047872824,0.0
5.8800030822226496e-270,0.0
2.919863804941467e-70,0.0
1.159977232217538e-138,0.0
3.4620605726168857e-248,0.0
2.8192734263341124e-248,0.0
6.524035580261699e-32,0.0
2.1817482781654723e-12,0.0
2.206071155260399e-33,0.0
2.2204530103864883e-67,0.0
5.796936025519957e-34,0.0
5.322126672532767e-25,0.0
4.07513012196666e-212,0.0
3.8216833872925284e-179,0.0
5.671400403915813e-19,0.0
3.0684582894496473e-45,0.0
6.453319784688247e-08,0.0
0,0.0
9.704935373683322e-113,0.0
1.5323833223067788e-15,0.0
3.933318684754874e-56,0.0
5.44105096197538e-81,0.0
2.5437611526765672e-76,0.0
1.1306127006387823e-09,0.0
5.007601495964721e-174,0.0
0,0.0
3.9235161180534464e-115,0.0
3.2563200468202455e-20,0.0
1.3863935901718773e-142,0.0
4.528561916123274e-161,0.0
0,0.0
2.7167804541806396e-161,0.0
5.205506878183284e-144,0.0
9.378276586960929e-79,0.0
9.421871840425105e-65,0.0
2.3480185548985976e-188,0.0
3.643136385088929e-95,0.0
6.8005426808294795e-87,0.0
2.289025598468942e-11,0.0
1.6662942914566078e-23,0.0
4.950611304024086e-108,0.0
8.077655064578042e-55,0.0
6.507394749818266e-80,0.0
3.938096641799098e-67,0.0
0.699000667153311,0.0
2.620279806737821e-39,0.0
3.1886641608589538e-102,0.0
3.409107015910843e-51,0.0
2.1939370767910092e-232,0.0
1.0657870043271057e-115,0.0
1.339147466935039e-32,0.0
1.3792861088856839e-47,0.0
4.0958259602053855e-104,0.0
4.8598552369776745e-09,0.0
9.46225786092961e-38,0.0
4.56258649041197e-20,0.0
7.621438041384946e-10,0.0
4.821525190461822e-108,0.0
1.1471396636895578e-28,0.0
2.8590435951518003e-30,0.0
2.872078770310031e-137,0.0
4.59230299577535e-18,0.0
3.5715311041990894e-144,0.0
3.464713104236156e-48,0.0
1.114651218180364e-87,0.0
2.1675768765236258e-55,0.0
1.529516700052068e-243,0.0
8.535359618325379e-53,0.0
2.2166437781036955e-32,0.0
9.520016776271541e-101,0.0
3.644856687248793e-185,0.0
2.6150991557971868e-107,0.0
8.533272146590006e-58,0.0
1.846311175065304e-17,0.0
9.614360895242913e-99,0.0
9.17106161198211e-21,0.0
1.4059045045909024e-39,0.0
1.3829994380321417e-17,0.0
8.667455128688307e-39,0.0
4.2068417814383483e-47,0.0
2.8719923072315793e-158,0.0
2.5648422654887493e-30,0.0
7.645491327941118e-12,0.0
1.515934698846845e-16,0.0
4.283497539260121e-139,0.0
1.7822413233583493e-55,0.0
8.423590346028883e-108,0.0
1.0743129205352423e-97,0.0
9.125217115488856e-43,0.0
6.757465386047798e-82,0.0
9.957626883624746e-55,0.0
3.596185134792518e-12,0.0
1.2045146042760563e-11,0.0
5.3544069838887815e-70,0.0
4.5693370509285856e-217,0.0
4.076203351119962e-99,0.0
5.23810835706249e-35,0.0
1.9947689256789673e-46,0.0
3.4897971130683993e-25,0.0
4.688614295930212e-19,0.0
2.294247904291474e-27,0.0
7.587951835692423e-58,0.0
1.1674259253795656e-67,0.0
1.9728247206958356e-16,0.0
6.544552580110539e-192,0.0
3.7332898719189856e-08,0.0
3.2661330171589626e-22,0.0
0.0008662303953643524,0.0
3.457914627736462e-76,0.0
2.9828324938591565e-58,0.0
2.395103156933361e-35,0.0
1.2462410529679238e-21,0.0
2.6746097462528055e-56,0.0
1.5428754005391359e-43,0.0
1.5041683185125357e-20,0.0
2.7204631800688486e-118,0.0
4.0924393301886427e-159,0.0
0,0.0
2.4150381491931678e-192,0.0
9.295330173134376e-32,0.0
9.910014175219442e-115,0.0
3.4604815884710225e-49,0.0
8.796380732219518e-111,0.0
1.31757074563627e-150,0.0
7.126239725142672e-19,0.0
1.993328228457299e-11,0.0
3.825956858135958e-42,0.0
1.5207144284242296e-16,0.0
1.3352398176140086e-149,0.0
2.1034574242268227e-23,0.0
6.831889817027708e-98,0.0
1.2550971403828969e-144,0.0
7.97126024873388e-34,0.0
1.4627177329210978e-217,0.0
3.269732358895944e-184,0.0
1.0921859580496788e-96,0.0
1.3805075240496094e-06,0.0
5.208571988853971e-68,0.0
3.3094708056020117e-12,0.0
4.3059412129562204e-15,0.0
9.147594108320055e-193,0.0
1.2381887120195646e-31,0.0
2.8543018587597467e-45,0.0
4.14661983550673e-161,0.0
5.333554556726277e-10,0.0
3.7870286463045747e-16,0.0
0,0.0
5.4480651986046e-207,0.0
2.706351591607627e-16,0.0
9.012923742364782e-61,0.0
1.8325391907936303e-224,0.0
2.9202194101893394e-18,0.0
1.9850567765576608e-240,0.0
2.1652504941434605e-40,0.0
2.9229585382399745e-138,0.0
8.280682678340764e-175,0.0
5.749731544676022e-174,0.0
7.610857963144344e-25,0.0
1.3569031646014642e-148,0.0
6.584262022449519e-37,0.0
1.253809672889914e-173,0.0
2.3595196267962048e-20,0.0
4.11628902684413e-09,0.0
3.9248968482091947e-81,0.0
2.482518208776206e-32,0.0
1.2154718687806888e-86,0.0
1.0759408722439106e-23,0.0
2.257420171275886e-130,0.0
5.2123224386108235e-37,0.0
3.725991232541768e-57,0.0
4.940528705579005e-51,0.0
2.0348285878188963e-36,0.0
7.284595177095957e-19,0.0
9.507982554229864e-92,0.0
1.826130205967028e-22,0.0
4.046009862962341e-37,0.0
7.550204216939067e-41,0.0
4.039220379559074e-79,0.0
8.750187522799552e-31,0.0
2.329846607980527e-28,0.0
3.255417991007727e-127,0.0
2.8304228728512252e-139,0.0
5.970620012246001e-17,0.0
4.6785480593117935e-21,0.0
2.492657485375779e-16,0.0
5.364940717528829e-86,0.0
6.253382274051523e-234,0.0
2.928934288467859e-33,0.0
1.659307968984575e-27,0.0
1.7155460890733018e-40,0.0
2.5030553262402822e-61,0.0
7.617178717635014e-170,0.0
4.21624654159046e-41,0.0
0,0.0
1.721652074061309e-53,0.0
3.0450376130050748e-121,0.0
0,0.0
3.6920854237397104e-47,0.0
1.3332189343028582e-36,0.0
1.3398392422035861e-21,0.0
7.455234376823799e-24,0.0
2.2098719078979805e-18,0.0
9.221722226687224e-17,0.0
1.3529716768762482e-149,0.0
1.0491006059606394e-15,0.0
3.049910125946978e-16,0.0
1.2038400212021515e-121,0.0
3.2540778696112127e-21,0.0
4.0261367114796126e-40,0.0
1.2457327929014174e-13,0.0
4.442448012794224e-24,0.0
1.2671655730126395e-22,0.0
1.188334472221596e-12,0.0
0.16401326490953044,0.0
3.982072564259898e-69,0.0
3.1681344497222195e-19,0.0
1.0315930956004176e-47,0.0
1.0450358348774289e-12,0.0
7.451612455521756e-38,0.0
3.365733919835822e-54,0.0
5.713011990773797e-44,0.0
3.227638062788596e-120,0.0
1.0580542907981067e-81,0.0
1.389050230928658e-27,0.0
6.3210621361993064e-21,0.0
3.2599967976686435e-31,0.0
5.927317520153305e-39,0.0
5.635392544394633e-119,0.0
6.900993283643102e-53,0.0
3.165892177782146e-83,0.0
3.807850981093216e-35,0.0
5.6995109173102865e-142,0.0
1.3848944723906138e-97,0.0
1.280367500023556e-40,0.0
1.0047928609799491e-116,0.0
5.119930246792462e-90,0.0
3.2235319279396274e-252,0.0
7.328996596235081e-24,0.0
9.702949284358623e-82,0.0
6.52975498903225e-14,0.0
8.071535361260365e-12,0.0
2.3689260100012472e-180,0.0
4.169124303348495e-54,0.0
3.8032838043640704e-63,0.0
1.3586179875175622e-219,0.0
7.878980502168797e-148,0.0
1.9944830024352168e-131,0.0
7.163407119057147e-40,0.0
4.363472919402486e-16,0.0
8.387017006806435e-74,0.0
3.4727947635008944e-47,0.0
5.421215371821425e-20,0.0
2.8901626579666573e-30,0.0
2.4854290850692825e-13,0.0
2.324912976630818e-37,0.0
7.910489210600881e-175,0.0
3.814100429606541e-237,0.0
2.2458335865814773e-16,0.0
0,0.0
1.7161223052563563e-158,0.0
2.3159732159714104e-194,0.0
1.1595370240870756e-52,0.0
1.7740302543504676e-16,0.0
4.443968471337368e-189,0.0
9.238226199791847e-41,0.0
2.5403573355116504e-10,0.0
1.4786028616066414e-111,0.0
1.2970643254494685e-154,0.0
8.992673015304524e-37,0.0
1.483930069198013e-38,0.0
1.921997955243431e-25,0.0
1.7648152431664168e-34,0.0
1.9193398038836348e-08,0.0
3.261780511024321e-14,0.0
9.40388340123124e-12,0.0
1.500722511945913e-34,0.0
1.6136694810187701e-12,0.0
9.627678498058865e-10,0.0
3.7068842483872214e-29,0.0
1.7923234252111628e-69,0.0
1.2861912727942924e-18,0.0
2.2114933848721253e-14,0.0
1.6928212902803714e-45,0.0
9.99721764991314e-154,0.0
7.875963724895019e-27,0.0
2.7226563655874265e-09,0.0
6.797911735704326e-38,0.0
3.534806206773125e-131,0.0
3.085594612892084e-138,0.0
1.143411111904347e-64,0.0
0.010815644244199674,0.0
6.837220270297731e-148,0.0
3.354159680533045e-126,0.0
8.556759402297087e-06,0.0
1.8038661832177926e-10,0.0
2.0568749211152788e-19,0.0
1.016376786663919e-97,0.0
6.772943119577096e-66,0.0
1.6038088586061076e-64,0.0
3.066206542102625e-22,0.0
0,0.0
6.749094604675857e-180,0.0
1.3879982847652804e-143,0.0
1.1901556581296837e-21,0.0
1.882112950956801e-40,0.0
8.078129760594723e-157,0.0
7.70237026890177e-17,0.0
8.655495797570755e-08,0.0
1.0652197397513745e-203,0.0
6.604175385524415e-36,0.0
3.930711468899708e-11,0.0
1.000414270850772e-44,0.0
4.947883545682174e-34,0.0
9.300341019386652e-37,0.0
1.916960452938795e-69,0.0
6.47717260067819e-26,0.0
0,0.0
8.687833376830107e-243,0.0
9.943262376480179e-53,0.0
7.808654733651194e-278,0.0
1.434099467994873e-25,0.0
2.2180437203923404e-66,0.0
5.572160557069518e-96,0.0
2.5597515665174037e-120,0.0
8.418387881454369e-20,0.0
6.251712643488612e-24,0.0
5.1665365526258385e-30,0.0
1.8674318345808574e-11,0.0
0,0.0
6.25390501722085e-28,0.0
1.6500781268951194e-44,0.0
5.7696820709799695e-145,0.0
7.366794976652568e-55,0.0
6.309525499320328e-102,0.0
7.321866337627839e-179,0.0
5.356831425492048e-86,0.0
2.3413967888933186e-06,0.0
1.9848530283050496e-40,0.0
4.570595765697299e-24,0.0
2.9522985433976147e-124,0.0
8.003772419221433e-70,0.0
1.1675401654890887e-105,0.0
3.773240317160014e-10,0.0
4.025847559018046e-09,0.0
1.0265159274843929e-39,0.0
8.423300083703988e-167,0.0
3.1008092512810526e-121,0.0
1.373701264889006e-77,0.0
1.7069374170291644e-94,0.0
1.1782517563612326e-11,0.0
0.2191470883361106,0.0
3.581314052411116e-26,0.0
1.1165752429433512e-47,0.0
5.649636873199644e-197,0.0
8.08128163905808e-25,0.0
7.949667063644982e-234,0.0
5.3016702608426356e-24,0.0
5.352489611158575e-10,0.0
1.4499199995646677e-53,0.0
7.284277347964067e-115,0.0
5.319406457932764e-16,0.0
4.2747903268775715e-79,0.0
4.436259419824263e-21,0.0
3.6839737989561696e-148,0.0
1.8564308607567215e-159,0.0
0,0.0
4.032673068313327e-179,0.0
2.3119710242825057e-38,0.0
1.4446033871219124e-26,0.0
2.2535096311993557e-245,0.0
1.0191739448548993e-46,0.0
1.9058558144517595e-11,0.0
8.565005773820396e-84,0.0
8.108205247209962e-97,0.0
3.0119820900946424e-88,0.0
7.562414005305467e-147,0.0
2.8156008190183325e-107,0.0
0.40869153423459814,0.0
4.481317604302573e-168,0.0
2.156459285687297e-192,0.0
1.0339502479207109e-92,0.0
1.672383774087953e-60,0.0
4.681336423540082e-87,0.0
8.609520379641646e-76,0.0
9.122699046823044e-72,0.0
1.9230500973956367e-123,0.0
1.0341328208457535e-23,0.0
2.313126448671861e-237,0.0
3.1373643080515965e-21,0.0
7.510415185605031e-162,0.0
7.316181130991522e-129,0.0
2.28264007134054e-44,0.0
4.620319488449157e-76,0.0
1.2448549121955782e-49,0.0
2.3944954887204008e-62,0.0
1.679195383814336e-65,0.0
4.850691983484035e-16,0.0
2.425898945848109e-24,0.0
1.385312918748876e-19,0.0
1.3967331204605992e-64,0.0
1.7992562681071823e-19,0.0
1.2756816752120535e-12,0.0
3.654852387528422e-63,0.0
8.996917848537872e-23,0.0
5.668022093326336e-71,0.0
1.1264008112311946e-130,0.0
2.0847867306409317e-44,0.0
8.016148327518352e-58,0.0
8.553487806502463e-14,0.0
1.2852495339759003e-97,0.0
5.0583460511141665e-166,0.0
2.7259411459523006e-27,0.0
3.0498167756618693e-53,0.0
5.255157280728832e-57,0.0
2.624490041942549e-12,0.0
9.620961891964882e-131,0.0
7.241523478841171e-26,0.0
0.020878159878990984,0.0
2.07747892799272e-12,0.0
2.521433641582514e-83,0.0
2.1866949010083092e-42,0.0
1.0661926927581037e-246,0.0
1.3128839021230554e-14,0.0
1.270482954110791e-32,0.0
6.777318992300392e-33,0.0
3.7454817842538494e-06,0.0
6.71329435249862e-89,0.0
1.2327494994636512e-34,0.0
6.368223076035921e-28,0.0
9.503672928029013e-11,0.0
1.0404763015764887e-18,0.0
2.455068434573037e-09,0.0
6.901635824360134e-08,0.0
2.9666497116089886e-28,0.0
2.9188307483454807e-35,0.0
1.8539766750985534e-48,0.0
1.0213173631690654e-89,0.0
9.281733722678089e-19,0.0
1.566452986634044e-25,0.0
2.415173501633044e-83,0.0
0.034522424649453855,0.0
1.538211460233664e-09,0.0
3.40594059409662e-23,0.0
4.696768216664369e-25,0.0
8.61670767369291e-39,0.0
2.257562013719564e-84,0.0
7.871742262301911e-17,0.0
3.800255684363898e-53,0.0
1.3173755420241502e-103,0.0
7.483141589714446e-50,0.0
3.40962778459572e-14,0.0
3.0923980962429976e-08,0.0
7.342781140432375e-32,0.0
9.00448853114303e-53,0.0
2.658553614973347e-36,0.0
2.056987482332785e-13,0.0
3.838991054524091e-76,0.0
1.622897718798458e-33,0.0
5.065643928603734e-08,0.0
3.1787110017027235e-34,0.0
1.1893445349538918e-13,0.0
1.3557925411401692e-13,0.0
1.5675893508909367e-65,0.0
1.2020614761828012e-21,0.0
1.4075975369734102e-23,0.0
6.015150634149881e-06,0.0
5.6378097914321696e-30,0.0
4.2970460133452964e-23,0.0
4.187050792378864e-55,0.0
5.811780206141187e-26,0.0
8.353381543629472e-21,0.0
2.9152426118410604e-42,0.0
5.071343070204525e-08,0.0
5.461011646700289e-70,0.0
1.138531520143946e-17,0.0
0.002065079189185654,0.0
2.1688140322603486e-26,0.0
1.5247658103434222e-59,0.0
0,0.0
8.54610603345398e-11,0.0
0.0003104594621946895,0.0
1.1268354474834257e-15,0.0
2.0357064164192364e-40,0.0
2.0638695775609203e-61,0.0
1.1436520708648153e-44,0.0
3.353802445315161e-12,0.0
7.448335740656477e-20,0.0
8.669227275399687e-133,0.0
3.893110118991596e-104,0.0
1.6897528902052767e-16,0.0
6.474551263684336e-120,0.0
2.2005589161324208e-42,0.0
3.690335572140784e-104,0.0
1.579202119324435e-30,0.0
5.463141358905625e-37,0.0
5.26938187631183e-25,0.0
9.178977212849377e-214,0.0
5.132958852539388e-142,0.0
8.7862196466049e-42,0.0
3.610802059434695e-97,0.0
3.867435737076908e-29,0.0
1.0306039536086715e-18,0.0
3.944430295507828e-29,0.0
6.2549045077119095e-68,0.0
2.388310630000909e-26,0.0
2.1400977082196504e-38,0.0
1.7972638963140247e-25,0.0
2.624383499955535e-81,0.0
2.360021960752994e-44,0.0
7.720498542631885e-28,0.0
1.896350897310739e-105,0.0
3.102010894900797e-129,0.0
1.236586132076509e-06,0.0
6.107370647231043e-23,0.0
2.6093363045571925e-53,0.0
2.4167569782314514e-10,0.0
2.464756211859533e-08,0.0
4.788848027023724e-102,0.0
3.126682544969378e-10,0.0
1.4285136051040941e-154,0.0
2.2690086197804704e-06,0.0
3.620901851528815e-09,0.0
9.33893275453111e-176,0.0
2.8843393313071244e-30,0.0
6.498164999844808e-59,0.0
1.2197375469067265e-48,0.0
1.8561253691834212e-83,0.0
1.9576083336474383e-41,0.0
8.387410516541585e-19,0.0
6.871033682867541e-195,0.0
9.065948263586689e-07,0.0
7.771038181638798e-10,0.0
1.8633581860824502e-224,0.0
2.9896011822917644e-19,0.0
1.507060394774899e-208,0.0
1.3692124211050853e-38,0.0
6.425876341643327e-13,0.0
4.336248214112034e-23,0.0
8.217921067520942e-07,0.0
1.2796219522881414e-232,0.0
2.7700277047149273e-20,0.0
1.1365246963028387e-66,0.0
4.568181486690772e-78,0.0
0.009506747215750452,0.0
2.877021192922927e-20,0.0
5.4024697859199525e-21,0.0
1.0938828869411471e-39,0.0
1.0958694397942205e-20,0.0
3.091072512997773e-63,0.0
1.4747812691907522e-19,0.0
6.975942555228841e-80,0.0
2.4190153978400936e-16,0.0
1.1724320811345392e-61,0.0
1.7688564989630488e-124,0.0
5.287250038716957e-31,0.0
4.666572768504087e-85,0.0
3.025789069558136e-173,0.0
2.9492092815127386e-165,0.0
1.8472736891882784e-56,0.0
3.02390373863526e-21,0.0
4.4688036045634884e-10,0.0
6.063874334972372e-197,0.0
9.523963545300873e-13,0.0
1.3761705738268684e-07,0.0
1.4446682037044263e-20,0.0
5.562959805903247e-10,0.0
2.316338889481877e-127,0.0
3.54921680093689e-128,0.0
4.4349625340149184e-136,0.0
7.788339099442628e-07,0.0
1.884002901659621e-22,0.0
2.869247334247591e-62,0.0
0,0.0
1.3459173046980884e-30,0.0
8.86549267655471e-67,0.0
5.337289817898429e-124,0.0
6.844234364501503e-70,0.0
0.013725208219923412,0.0
5.834905653856863e-51,0.0
9.75220534190235e-147,0.0
2.1073975599403417e-68,0.0
9.552390350293792e-32,0.0
4.054021402438766e-23,0.0
0.00046468677310833935,0.0
4.0922435704386696e-65,0.0
1.3257912260195074e-131,0.0
3.521399056833444e-66,0.0
7.99709966820614e-21,0.0
4.977024656804718e-27,0.0
7.329154563917532e-29,0.0
2.3211895870499656e-216,0.0
2.9029339614914883e-30,0.0
9.227006962965455e-05,0.0
1.9180953957162256e-182,0.0
3.344295895354012e-47,0.0
1.3392012947914717e-121,0.0
2.262115388087973e-236,0.0
2.5189224871232063e-105,0.0
1.0642966965057929e-55,0.0
2.3644732288582663e-107,0.0
2.1907502685271067e-23,0.0
5.033917452942144e-148,0.0
2.9153106135241453e-81,0.0
0,0.0
6.210669849361801e-15,0.0
3.077381127263306e-32,0.0
1.5410779890163644e-93,0.0
1.1841553168887536e-137,0.0
0,0.0
0,0.0
7.912592062480338e-123,0.0
1.4527172388959206e-202,0.0
0,0.0
2.7582356576795694e-52,0.0
8.316540861975738e-219,0.0
5.1428524813535196e-64,0.0
1.4603941250600814e-27,0.0
2.946175516375085e-101,0.0
0,0.0
0,0.0
9.015569826347668e-65,0.0
3.3220186542060457e-22,0.0
1.6044979498483937e-65,0.0
0,0.0
1.3866078021552735e-234,0.0
1.0898590133423286e-140,0.0
1.6377420481945616e-23,0.0
1.4108757388566481e-67,0.0
1.8777778883890608e-149,0.0
4.597300990694787e-138,0.0
3.3956493455197044e-21,0.0
0.0180251285245643,0.0
1.392051652400725e-150,0.0
7.464882865120398e-10,0.0
1.4008042693558202e-44,0.0
8.425997390071505e-15,0.0
2.9502899939715117e-20,0.0
1.6701015138742786e-56,0.0
1.6281881777880256e-173,0.0
1.4380160466129798e-129,0.0
1.6822801647207004e-15,0.0
2.0639862320717437e-28,0.0
3.616054364742601e-24,0.0
2.4290369234509995e-14,0.0
4.93434893863709e-130,0.0
4.401407096863043e-48,0.0
5.802587225435808e-187,0.0
1.2433764762946681e-117,0.0
2.794775373074853e-114,0.0
7.954474463247975e-254,0.0
7.902132135449969e-44,0.0
1.1997655546899188e-56,0.0
1.3840683232612383e-118,0.0
2.518977119774365e-36,0.0
3.603717341191994e-23,0.0
1.2455831567575227e-62,0.0
3.14128864971735e-151,0.0
2.2634771771304947e-27,0.0
0,0.0
2.610336504051972e-65,0.0
1.0348062522068317e-32,0.0
5.948130395664003e-21,0.0
8.22321071678409e-30,0.0
0,0.0
2.809749847184669e-144,0.0
4.929975347037707e-33,0.0
3.4789903311649896e-101,0.0
7.891701050465272e-39,0.0
0,0.0
7.187724387349875e-46,0.0
1.1569914210355173e-27,0.0
0,0.0
4.637196434437431e-12,0.0
2.9868212166846197e-23,0.0
7.06546818790196e-13,0.0
4.1846382850354584e-221,0.0
1.4233213337147434e-107,0.0
9.361467420985294e-07,0.0
4.05190616425745e-27,0.0
1.479339304309144e-64,0.0
8.048464647544501e-10,0.0
0.0022390397809289478,0.0
1.2663972027878177e-07,0.0
3.325494320702676e-30,0.0
1.1673547054189634e-147,0.0
4.494393871474397e-85,0.0
2.0984692170172043e-182,0.0
1.1939550756044287e-17,0.0
5.98366957535301e-17,0.0
4.5329820504140125e-15,0.0
6.1088761582451964e-291,0.0
5.512065115580825e-14,0.0
1.0284107201702362e-21,0.0
1.0910450144066485e-27,0.0
6.022477151912693e-26,0.0
2.9890677127349166e-36,0.0
5.634011049255383e-69,0.0
1.1516690359362797e-15,0.0
6.087013939054692e-22,0.0
1.7726911372283483e-15,0.0
1.3998697284028799e-153,0.0
4.820163155755698e-240,0.0
3.009544756287979e-11,0.0
1.696739082760844e-34,0.0
6.470003690086298e-118,0.0
1.385695638772375e-176,0.0
8.130455715899155e-44,0.0
2.4005304143245933e-54,0.0
1.5222161052517322e-71,0.0
1.5826283207558077e-61,0.0
7.341840098174576e-26,0.0
1.985188577133264e-145,0.0
3.363251193618687e-36,0.0
6.491815424938745e-15,0.0
4.797268396199939e-06,0.0
4.863927601623209e-13,0.0
1.3003715534422704e-53,0.0
7.994441126981192e-136,0.0
0,0.0
8.562609371838767e-74,0.0
1.841223296326908e-07,0.0
2.4401541526127585e-24,0.0
3.3445263951515504e-204,0.0
8.70130271239852e-55,0.0
1.5005888934924878e-34,0.0
1.3572409365839855e-24,0.0
1.620816106723047e-19,0.0
6.5350124398730584e-161,0.0
1.4462111062903662e-134,0.0
4.6475898643869034e-141,0.0
7.957552567085043e-63,0.0
1.7563796113751988e-71,0.0
5.171002851088171e-12,0.0
3.5153286397880615e-11,0.0
8.32208180450647e-59,0.0
6.534615997184615e-73,0.0
1.3366997444855922e-157,0.0
2.9188395876063857e-31,0.0
2.712371249846451e-154,0.0
0.06461261724175651,0.0
7.345224234758967e-67,0.0
1.734117836445492e-106,0.0
4.291391275464167e-280,0.0
4.392887965377861e-22,0.0
2.6123864230611647e-36,0.0
1.0750165093617071e-47,0.0
1.4783628730292437e-98,0.0
5.062316945672184e-178,0.0
5.537471995854778e-77,0.0
1.103523627524108e-34,0.0
9.78491357368408e-308,0.0
3.1613373775071846e-19,0.0
4.822387117426425e-201,0.0
5.829863132307714e-32,0.0
1.3226982962811009e-09,0.0
5.638370425990405e-217,0.0
9.812539544109256e-33,0.0
1.0647470858433633e-37,0.0
4.755715152713832e-67,0.0
1.1101483193327398e-07,0.0
6.737747204570107e-56,0.0
0,0.0
1.511509804736288e-39,0.0
0,0.0
2.98201338448598e-19,0.0
7.071813561775513e-91,0.0
1.9828196913161512e-69,0.0
1.827583619691877e-33,0.0
3.8158466251527704e-97,0.0
7.321857427286708e-87,0.0
5.257691541109541e-281,0.0
5.507005901623894e-05,0.0
2.189978197693027e-56,0.0
3.433438750837828e-47,0.0
1.6134704964080438e-15,0.0
1.8666730220465562e-41,0.0
4.898067955606961e-176,0.0
3.784899798280987e-126,0.0
7.769832578036528e-30,0.0
1.676369668390781e-155,0.0
6.478282351730327e-21,0.0
1.9504401121606688e-67,0.0
7.888057498851209e-35,0.0
4.2667358611835467e-23,0.0
6.123866173000858e-104,0.0
1.9954167648962596e-37,0.0
2.137468126640174e-81,0.0
4.2578513967216635e-10,0.0
1.2573032789934498e-06,0.0
4.4105360713009015e-05,0.0
0.1523795141717148,0.0
0.0001635455990033555,0.0
8.070621096967084e-22,0.0
9.919987520507e-12,0.0
0.14701692432704555,0.0
1.8248228360896184e-109,0.0
3.247602044974857e-148,0.0
1.725554334579041e-48,0.0
5.216073730898864e-44,0.0
0.10715560874499899,0.0
1.0565051205372329e-32,0.0
3.3587748862618777e-12,0.0
2.1109209432616096e-239,0.0
7.361709446395759e-31,0.0
1.1255829726304424e-39,0.0
7.634540579374267e-15,0.0
4.944856374595613e-13,0.0
4.740334735191652e-15,0.0
7.72876697821801e-06,0.0
0.003339851292927626,0.0
6.841940888547557e-187,0.0
2.5654045048115674e-15,0.0
1.319328380589556e-16,0.0
2.640981552708874e-67,0.0
2.1150546006933965e-30,0.0
5.425485232128543e-06,0.0
1.3912336286799956e-35,0.0
3.7023945357160515e-26,0.0
1.3440349753673001e-15,0.0
6.490778347661548e-125,0.0
2.0162715443307073e-62,0.0
7.607119327255583e-99,0.0
8.183981148936788e-32,0.0
1.372853201442788e-67,0.0
1.0001077663635798e-39,0.0
5.528827463628337e-69,0.0
9.885657813883761e-259,0.0
1.56807248469677e-61,0.0
9.435782220766785e-77,0.0
1.6979008731576559e-62,0.0
3.0399775467411946e-95,0.0
5.4527411936025586e-127,0.0
6.245346645702508e-11,0.0
9.058183975550877e-39,0.0
4.097124433764999e-29,0.0
1.2345962385533792e-17,0.0
6.878466572805693e-26,0.0
1.2440341575461688e-10,0.0
3.646242936603694e-149,0.0
1.1811730346769517e-99,0.0
3.477182800510667e-137,0.0
4.927324926319059e-190,0.0
9.69569656894376e-52,0.0
2.7185632136617016e-17,0.0
2.337460388677038e-19,0.0
3.402940086852552e-213,0.0
3.92797180900638e-68,0.0
0.032790147044110464,0.0
5.176059461936967e-17,0.0
2.3580625208608608e-192,0.0
2.2319136886732693e-21,0.0
3.6267164957258375e-45,0.0
2.0546958811524843e-19,0.0
2.818471108963207e-21,0.0
2.0123171665587443e-83,0.0
8.531712480928603e-18,0.0
1.4852883717772257e-152,0.0
2.5703072727987046e-82,0.0
5.883602998469367e-127,0.0
0.9414286601353513,0.0
3.879564509470933e-32,0.0
1.059448318690777e-21,0.0
2.4407076762830034e-36,0.0
8.66428031280515e-08,0.0
4.106297236650717e-92,0.0
2.397365003228326e-41,0.0
5.433617196489166e-22,0.0
8.977364861431068e-42,0.0
0.10461822011241932,0.0
5.168067036587825e-46,0.0
4.611119372131914e-58,0.0
4.5230299929749936e-11,0.0
4.169037324712797e-30,0.0
1.832271831390619e-24,0.0
4.2477317530604466e-09,0.0
8.280131499364964e-09,0.0
1.8149113732459211e-57,0.0
1.251605923830477e-14,0.0
7.930026211511081e-44,0.0
7.207083030044034e-14,0.0
4.176505498378566e-110,0.0
2.3272921959279108e-66,0.0
7.641068251311683e-14,0.0
9.558196531145263e-211,0.0
2.04342241082642e-136,0.0
2.947222402996934e-20,0.0
1.2632323715507308e-11,0.0
3.6272772390488263e-87,0.0
4.76995020152218e-91,0.0
2.9772281485038556e-09,0.0
2.5281722840734975e-121,0.0
2.1104764833596726e-09,0.0
1.2374814312874048e-91,0.0
5.478257897806615e-22,0.0
6.413343841906536e-69,0.0
1.9530717860219013e-88,0.0
4.657616956338337e-82,0.0
2.431250934761089e-30,0.0
3.426863603764555e-143,0.0
5.3885293804691565e-83,0.0
2.9147212659798052e-27,0.0
0.9287198866009456,0.0
1.109406824963887e-47,0.0
1.346183115576085e-88,0.0
8.451298986610112e-41,0.0
1.13439712656077e-08,0.0
1.6699745052470126e-12,0.0
1.7058440557440384e-130,0.0
4.555107069146407e-24,0.0
3.7866957775048147e-35,0.0
0.001915010113231018,0.0
3.487645935412096e-07,0.0
1.54478536938969e-26,0.0
4.028618904640472e-27,0.0
1.3079926262818925e-20,0.0
9.43643093569783e-38,0.0
1.2617723576075002e-44,0.0
3.075151182787529e-25,0.0
4.364163307043859e-11,0.0
2.289866568507111e-137,0.0
1.664097874716515e-25,0.0
5.367402064264169e-34,0.0
5.413581719794544e-49,0.0
5.835618741500148e-119,0.0
1.773385265031367e-19,0.0
0.00020086341350191843,0.0
8.139813751423023e-17,0.0
2.869365933916357e-15,0.0
8.897293075054305e-06,0.0
2.85948361120947e-68,0.0
2.110505856209838e-56,0.0
2.448223537862179e-66,0.0
1.5598922050032298e-15,0.0
9.216012901899986e-12,0.0
7.972824994224673e-115,0.0
1.7040085891482426e-05,0.0
3.17560341568386e-15,0.0
1.5569367780167278e-21,0.0
0.22911997556620628,0.0
5.059665927578119e-29,0.0
3.7659676002233143e-25,0.0
1.383014097446297e-20,0.0
1.6545457006410533e-29,0.0
8.326311982432505e-45,0.0
7.66387930414918e-50,0.0
1.0955558850372388e-20,0.0
0.9968745687952146,0.0
5.091979413979905e-98,0.0
2.1444426126993998e-70,0.0
8.848268118244683e-15,0.0
3.166215377703394e-50,0.0
3.8915956100658113e-05,0.0
3.456341366839857e-88,0.0
7.495563689602052e-192,0.0
7.115590966564549e-12,0.0
6.234713499628821e-77,0.0
8.539003151548258e-37,0.0
0.001520732942625909,0.0
2.369469959201516e-10,0.0
4.307964918543663e-17,0.0
8.49125773240019e-21,0.0
1.4871489831045899e-58,0.0
7.190452205627736e-50,0.0
9.15788194355089e-45,0.0
1.2313945270978063e-47,0.0
7.709115842722313e-54,0.0
5.540371565752029e-235,0.0
8.137010913971787e-20,0.0
2.7431813365385855e-05,0.0
3.9392620679669056e-21,0.0
1.2797436603051565e-06,0.0
4.319960235160025e-17,0.0
8.152911199283922e-97,0.0
2.2662521266426162e-244,0.0
5.271943390784741e-33,0.0
3.9701070797777414e-08,0.0
1.0302710985351009e-06,0.0
9.619704099344842e-162,0.0
7.047604854958151e-63,0.0
6.731096380397081e-87,0.0
6.050242776287242e-36,0.0
6.280831017673149e-19,0.0
9.980370015197949e-21,0.0
2.2064656579168143e-82,0.0
1.7128252806334268e-38,0.0
2.2330483207043826e-46,0.0
9.375028448761313e-46,0.0
3.154922662787576e-74,0.0
1.1504630702347602e-45,0.0
4.1655360800204444e-29,0.0
3.590044036808901e-17,0.0
8.204035507478699e-08,0.0
1.0631871040619198e-10,0.0
5.415646165404985e-13,0.0
8.489576030107607e-56,0.0
0.0016151364347877291,0.0
4.653941129080887e-15,0.0
4.775166947652323e-51,0.0
1.3893077076923846e-38,0.0
1.2397994403323783e-05,0.0
6.514374557852946e-22,0.0
1.2405679024419332e-51,0.0
2.361766682303611e-62,0.0
1.0144126668601754e-109,0.0
1.543132838591354e-20,0.0
1.7599255101913484e-117,0.0
1.5049208056317437e-14,0.0
1.5572258188549784e-08,0.0
1.8959514451518933e-76,0.0
6.4885691351621895e-19,0.0
2.239634937867795e-16,0.0
2.1739342611788753e-74,0.0
1.872845513113209e-43,0.0
7.54941337451925e-09,0.0
1.8410695815473915e-115,0.0
6.252743058360886e-150,0.0
1.3892664398753265e-61,0.0
7.538388748530569e-06,0.0
1.2373190872778958e-250,0.0
3.998842812875031e-209,0.0
4.2590146103434446e-39,0.0
1.530262510479792e-116,0.0
2.5306106038457176e-94,0.0
3.361551924310735e-25,0.0
1.81774918104614e-142,0.0
7.70852205868895e-29,0.0
1.0203094558317679e-29,0.0
4.6110482746355336e-31,0.0
6.6330517561960696e-12,0.0
2.6048290407932565e-07,0.0
2.866323256119346e-125,0.0
5.854657334426419e-06,0.0
1.8012286586566464e-77,0.0
1.0174353073068479e-110,0.0
1.411619713565087e-37,0.0
1.4245690876165618e-26,0.0
2.257704103034868e-28,0.0
5.22585490930215e-13,0.0
6.835446106460709e-37,0.0
2.098926642613334e-220,0.0
3.603030139609026e-68,0.0
1.2804023699954339e-104,0.0
2.015856870326509e-43,0.0
3.5602977568949666e-16,0.0
7.746982299298134e-14,0.0
4.760981609077144e-29,0.0
3.618260697874535e-39,0.0
2.563305002363901e-19,0.0
7.260449576586835e-30,0.0
1.0113541170944852e-90,0.0
1.9438949519070412e-89,0.0
9.618505099944908e-20,0.0
3.440366449397387e-58,0.0
2.1890506502741407e-09,0.0
1.7238834880280214e-94,0.0
2.7103598398010305e-22,0.0
1.5816507751396962e-63,0.0
6.25702653682633e-24,0.0
5.260888080212458e-26,0.0
5.32317490255462e-08,0.0
2.873396060381939e-27,0.0
1.510074833923972e-07,0.0
1.0470774532834558e-08,0.0
3.380595582526736e-17,0.0
8.184576108711016e-27,0.0
1.8959994763459095e-14,0.0
2.6775180015016703e-17,0.0
1.594622089432074e-15,0.0
2.3664555718233062e-26,0.0
1.0646763061369194e-40,0.0
5.291175466900745e-32,0.0
2.3758844954864558e-20,0.0
0.0003048126285162878,0.0
2.1031156102255252e-82,0.0
2.1154994571096335e-35,0.0
1.4592454015572072e-08,0.0
5.985900406762055e-09,0.0
2.3530118574896482e-18,0.0
2.5419144895694883e-77,0.0
1.014408833891704e-28,0.0
1.2137057403504402e-09,0.0
9.559494276352619e-40,0.0
2.3139743828372482e-08,0.0
1.0715125499304297e-09,0.0
7.66709041852173e-16,0.0
3.0645935189478305e-73,0.0
2.70172958642612e-11,0.0
1.8657293203106705e-35,0.0
6.243224394072978e-07,0.0
4.5151153217421545e-60,0.0
2.649293361349048e-106,0.0
1.9192049422252985e-66,0.0
5.73276226609643e-12,0.0
0.017582438532670674,0.0
4.583348490209205e-22,0.0
3.516947447987771e-10,0.0
3.6891645316261075e-13,0.0
2.4907868474963901e-29,0.0
1.9182653821131134e-20,0.0
6.801986688352671e-07,0.0
5.576053618373154e-205,0.0
9.804785569834531e-28,0.0
4.165679261723386e-116,0.0
1.2736971052429723e-174,0.0
0.03137055862517554,0.0
1.3586834878619524e-18,0.0
4.744819651667319e-177,0.0
4.0352547547200636e-75,0.0
2.0267634000472737e-96,0.0
2.775548306583453e-27,0.0
6.940938307705597e-16,0.0
1.0727541529774212e-16,0.0
1.6349513354622257e-10,0.0
5.8164795552439576e-11,0.0
2.978181583022321e-105,0.0
9.619199723802685e-125,0.0
1.5432586096899507e-61,0.0
1.454143624220595e-20,0.0
1.0371297097479565e-206,0.0
4.9764508930339314e-36,0.0
1.337562758748224e-19,0.0
3.1392965803315476e-18,0.0
4.818073981212313e-256,0.0
1.8670019981812587e-35,0.0
1.205841720281525e-12,0.0
8.433530863799683e-66,0.0
8.683901123382829e-43,0.0
3.1104964405125914e-08,0.0
5.2276392987627153e-11,0.0
8.117121916797625e-23,0.0
0.998551638450864,0.0
6.741240191052803e-16,0.0
2.0401905426542578e-17,0.0
0.0010419776609806022,0.0
2.2050288099586833e-22,0.0
6.498886089857697e-65,0.0
1.993248096766054e-65,0.0
1.350903933566258e-83,0.0
5.6377726751137715e-06,0.0
1.0257772848476722e-17,0.0
0.0005850675779038868,0.0
5.33443446546936e-72,0.0
7.331513012344487e-06,0.0
4.238200971596044e-09,0.0
2.396919821739017e-162,0.0
1.7796087477599844e-44,0.0
3.037643900780849e-11,0.0
8.299193412022151e-46,0.0
5.792854136294177e-13,0.0
6.479357107200116e-11,0.0
2.0399885371149435e-30,0.0
3.412068601827389e-79,0.0
1.8962038795346696e-09,0.0
1.2971311896119272e-23,0.0
7.931398467761933e-39,0.0
3.726609338414968e-14,0.0
9.988719737853792e-26,0.0
9.49767648969566e-09,0.0
8.739652791610623e-21,0.0
9.995364461050435e-14,0.0
5.178550978457707e-78,0.0
1.5960010582724581e-13,0.0
1.8557460972093304e-34,0.0
1.0329010737403279e-36,0.0
3.8734771664354055e-13,0.0
3.422521865000062e-25,0.0
9.42174158933311e-09,0.0
1.896931713534764e-124,0.0
2.9417009883811575e-10,0.0
4.71373655995851e-20,0.0
5.576470131515141e-100,0.0
3.27158316242841e-29,0.0
9.152946693696166e-108,0.0
1.2323034366539482e-42,0.0
8.680260506259393e-23,0.0
8.154355354314601e-33,0.0
2.2044637954929927e-09,0.0
1.9499218143776466e-27,0.0
4.38084227662966e-104,0.0
1.7021593135157576e-41,0.0
2.4015649531633187e-35,0.0
3.1305101191223668e-24,0.0
1.4606699461282878e-13,0.0
2.6652303726669264e-23,0.0
1.44451468670167e-38,0.0
5.370707209926315e-13,0.0
5.403342548734328e-15,0.0
1.8598207072079207e-14,0.0
3.0004607825575175e-11,0.0
2.5801498884599297e-28,0.0
2.3861082810231782e-61,0.0
8.501850378507036e-15,0.0
0.037507402340202306,0.0
7.935906396607777e-53,0.0
6.495066052348649e-72,0.0
2.3711213310281983e-65,0.0
2.591196318665883e-24,0.0
5.906471785453712e-22,0.0
3.8241021871567816e-24,0.0
7.101035567202601e-35,0.0
5.5876179205612765e-06,0.0
1.413122896750324e-69,0.0
2.987615702954643e-79,0.0
1.2078936474286469e-11,0.0
1.641378537242654e-51,0.0
1.575233551931027e-25,0.0
1.5302380609895152e-10,0.0
5.413951263424368e-40,0.0
1.2175205158912737e-82,0.0
1.3853134287173104e-34,0.0
5.803347646454594e-15,0.0
6.896990621360539e-10,0.0
2.5261380832866454e-07,0.0
3.169034983595567e-42,0.0
5.872880566585498e-20,0.0
7.665831795726523e-18,0.0
2.3831056079714384e-32,0.0
5.101052049624758e-40,0.0
4.2814525092540934e-20,0.0
2.437655167499599e-11,0.0
8.718796305391412e-09,0.0
1.9509625789587245e-173,0.0
2.301164219300795e-16,0.0
1.1926964013542204e-23,0.0
6.207772624249736e-48,0.0
0.009902672360924703,0.0
2.3671991667236204e-10,0.0
8.473189198777682e-29,0.0
2.4621927457485043e-08,0.0
5.127921803417043e-25,0.0
0.0010644006038477748,0.0
0.0002876454631649268,0.0
3.3949021143684623e-69,0.0
8.169574138594943e-46,0.0
2.561065454167924e-05,0.0
2.4382268060012926e-21,0.0
0.1071246142125958,0.0
9.031815352849002e-14,0.0
3.0867350002244495e-23,0.0
6.197822562790716e-09,0.0
2.0899653239218007e-12,0.0
0.031300993600624064,0.0
3.808927082286453e-38,0.0
5.066287398265792e-188,0.0
1.1062346743626526e-33,0.0
4.9954674574748206e-170,0.0
2.3655375501225846e-10,0.0
6.590640295818395e-05,0.0
0.00036290486459931233,0.0
1.6118842799919825e-15,0.0
2.7445765469939548e-43,0.0
1.8393109828416476e-08,0.0
1.0955068288370027e-40,0.0
2.0457701140076536e-18,0.0
1.0262992703868127e-40,0.0
2.0638482795053393e-37,0.0
1.581973658566137e-10,0.0
5.789837622340356e-06,0.0
1.2553870316901683e-84,0.0
5.940724615205575e-18,0.0
6.435552927247564e-58,0.0
5.246797422256326e-10,0.0
7.270706916247386e-27,0.0
5.19523199955704e-54,0.0
2.1411977316343026e-27,0.0
1.382710308981337e-53,0.0
6.9349610202764946e-06,0.0
2.1849611357003758e-30,0.0
1.6372521062238113e-32,0.0
3.5702307970582467e-38,0.0
4.919197409469962e-19,0.0
2.3594461284228957e-34,0.0
5.666717768754054e-26,0.0
4.433042053526144e-32,0.0
4.902314579949017e-35,0.0
5.743870823289851e-09,0.0
3.4299562168412263e-40,0.0
2.6019275333739586e-07,0.0
6.667737074691908e-10,0.0
1.1934246471884487e-57,0.0
7.668794527713066e-12,0.0
1.9179215547094665e-36,0.0
1.0986930592084337e-08,0.0
3.3861622477295063e-49,0.0
3.821399659457479e-20,0.0
1.0913309469558782e-61,0.0
2.8055525892379636e-38,0.0
7.746237487978184e-54,0.0
1.1434099386967754e-56,0.0
3.821855520129617e-12,0.0
2.557188373221989e-05,0.0
2.734560518221761e-31,0.0
5.031292241521448e-20,0.0
3.409596165135823e-16,0.0
4.289641324883117e-18,0.0
8.57862382834426e-26,0.0
1.2004892890542056e-40,0.0
3.425668024113085e-136,0.0
6.202349358512883e-69,0.0
5.272393617462025e-96,0.0
1.3505111239944753e-110,0.0
4.0291073337213576e-16,0.0
2.839251393562675e-100,0.0
9.653920137022774e-08,0.0
7.462731034398717e-227,0.0
1.1353178376345457e-45,0.0
4.4691743993611704e-55,0.0
3.819699506922065e-15,0.0
3.0242223668762405e-08,0.0
1.3129110541432686e-33,0.0
1.6411131648788434e-16,0.0
7.632204686331753e-17,0.0
2.162914725183712e-35,0.0
1.2356613701516278e-27,0.0
0.9982360293868382,0.0
4.3214285888254233e-13,0.0
9.5180501526087e-09,0.0
3.620653111570213e-32,0.0
1.0115742510431297e-30,0.0
6.562275586608027e-74,0.0
2.0329264483552113e-88,0.0
7.867976819461318e-60,0.0
1.1193323504247573e-21,0.0
0.1424136035185787,0.0
1.2929005970496744e-59,0.0
2.7585550744308168e-86,0.0
3.1790399930042036e-10,0.0
5.3920126681252905e-65,0.0
5.499879585929484e-10,0.0
1.6856871656524033e-12,0.0
1.2158572774957577e-73,0.0
1.161246884634182e-06,0.0
4.5259454365194647e-29,0.0
2.7415884469943388e-145,0.0
7.994647256505454e-59,0.0
1.0830757430061968e-29,0.0
7.849404435543251e-10,0.0
9.946453875447996e-27,0.0
3.6984737015734865e-120,0.0
1.0154701688712533e-38,0.0
4.29170324941776e-78,0.0
8.83710397574039e-25,0.0
6.006139640158339e-09,0.0
9.711176474664689e-91,0.0
2.9884153753564983e-68,0.0
4.932231854420896e-121,0.0
0.003501183269895775,0.0
1.9314795276618723e-108,0.0
4.869806352190491e-27,0.0
0.00018535045571767758,0.0
1.9985275579550046e-199,0.0
8.555663328148906e-18,0.0
5.01126102200073e-12,0.0
2.546724433361454e-80,0.0
6.17422566724536e-06,0.0
1.041976972107891e-32,0.0
9.019538595148421e-08,0.0
5.22271955561636e-34,0.0
4.02115865122855e-12,0.0
3.3112181712561994e-158,0.0
2.68039124915609e-08,0.0
8.275430395940727e-44,0.0
6.574325740710318e-15,0.0
4.8473536938959225e-20,0.0
4.547276401297852e-25,0.0
2.2394731090113583e-66,0.0
3.136188879327955e-34,0.0
1.1174046865036136e-30,0.0
2.495467287862753e-13,0.0
6.2922439810962e-53,0.0
1.2433180496918958e-05,0.0
2.0051651481692757e-56,0.0
1.7015925552119823e-25,0.0
3.7072894314101857e-41,0.0
2.765201349663184e-53,0.0
5.16007427565262e-06,0.0
3.3407560060369874e-29,0.0
2.3471589976008278e-26,0.0
5.839136839225245e-20,0.0
5.781776273664192e-13,0.0
7.91951083806463e-75,0.0
0.0035491009527839853,0.0
1.3726358335691486e-21,0.0
7.518629772775455e-06,0.0
1.717908634944905e-40,0.0
4.442098473771339e-30,0.0
1.2379613889491853e-35,0.0
2.559310932268523e-10,0.0
2.8046038319908747e-18,0.0
1.1135838464020797e-31,0.0
1.7153812106379698e-19,0.0
4.218715125676738e-16,0.0
1.2689317323106088e-61,0.0
3.575560389826318e-284,0.0
2.0230422015076126e-16,0.0
2.48188773390455e-17,0.0
1.6472135691377932e-75,0.0
9.848064233164267e-60,0.0
1.075381436883889e-51,0.0
3.1422862253194113e-25,0.0
6.705961827756557e-15,0.0
4.530612465324696e-17,0.0
3.504711770792593e-11,0.0
1.4522143454818e-17,0.0
3.637224426656775e-92,0.0
3.826680406979653e-07,0.0
4.13518883028852e-60,0.0
2.5379552348134615e-29,0.0
1.6204162409074181e-15,0.0
1.4646386686678133e-09,0.0
1.2405984414204188e-71,0.0
6.738882262147045e-69,0.0
6.292095107244588e-05,0.0
4.131474097798315e-11,0.0
2.5141069161055367e-23,0.0
1.1539059722399901e-23,0.0
5.006696493000862e-49,0.0
8.375837829328547e-34,0.0
2.074405227689871e-66,0.0
4.7021805995260077e-26,0.0
2.757685602012816e-300,0.0
2.157169093245384e-34,0.0
1.1992356717899662e-36,0.0
1.5334658434210114e-17,0.0
2.846436620867801e-14,0.0
4.549401592142202e-06,0.0
2.262387768524196e-06,0.0
4.498457208893824e-29,0.0
7.683370032659659e-171,0.0
3.0528785686838163e-85,0.0
2.753436156172935e-14,0.0
1.7096543385089428e-07,0.0
8.272122315515993e-22,0.0
0.37857831118174123,0.0
2.2191286783635286e-05,0.0
1.1703839740564086e-16,0.0
1.4607349583720614e-31,0.0
1.8377032362135033e-08,0.0
6.866732664949476e-14,0.0
4.339619498449141e-144,0.0
7.958004695317885e-24,0.0
1.4749934354449504e-24,0.0
1.7543056609083713e-14,0.0
2.2581102639889276e-12,0.0
4.055839477209227e-12,0.0
3.4577563154437627e-239,0.0
9.722016014899187e-08,0.0
2.06735331283078e-65,0.0
3.0774110718416506e-14,0.0
7.712591771559367e-18,0.0
1.8695892810351508e-25,0.0
2.7220617311282856e-14,0.0
7.108091347186338e-32,0.0
1.1216633802774151e-24,0.0
6.983366376315566e-22,0.0
2.3030474050400102e-42,0.0
9.020239626563324e-14,0.0
4.974484387640258e-06,0.0
2.2562884320326478e-10,0.0
7.710929406074847e-67,0.0
0.024005069400978813,0.0
2.8802115997639947e-33,0.0
0.9999131722044693,0.0
9.233500286267112e-20,0.0
8.137582199657324e-37,0.0
2.4959070660915245e-29,0.0
1.2358147242724442e-10,0.0
1.506622979467114e-11,0.0
0.04417165239626482,0.0
5.688302078104752e-13,0.0
4.298185499905797e-37,0.0
1.3426760787479109e-17,0.0
0.0001612062163435451,0.0
1.6237131824183623e-12,0.0
2.6804603509963942e-09,0.0
3.0568789723490537e-27,0.0
1.0891312826288764e-46,0.0
1.6250108776336984e-285,0.0
2.1883211215875304e-140,0.0
9.463942396409451e-27,0.0
8.221516941890405e-16,0.0
1.607613813992683e-13,0.0
6.544255355803936e-92,0.0
4.009853043259793e-12,0.0
9.081837681516515e-131,0.0
2.8833122949281905e-43,0.0
5.84619970579606e-34,0.0
2.7771711818720088e-12,0.0
9.670359479200172e-124,0.0
1.3396386153700113e-72,0.0
6.54211542763198e-36,0.0
2.7234112036416823e-68,0.0
1.806381411265463e-10,0.0
2.168663536932458e-06,0.0
9.653605892750106e-13,0.0
2.2750324743838924e-78,0.0
0.0005701128842334758,0.0
2.371810445421144e-11,0.0
2.4070449924139813e-51,0.0
2.2751042189814035e-09,0.0
2.085026579506104e-08,0.0
7.335972023517863e-15,0.0
1.18327879413326e-33,0.0
2.586453965833417e-25,0.0
1.4702582685057306e-27,0.0
1.7052381746211452e-36,0.0
9.962163149788344e-59,0.0
2.06753799193646e-14,0.0
8.72323821213847e-53,0.0
2.0459818308289323e-21,0.0
2.7162030171832534e-42,0.0
7.886857590202546e-78,0.0
2.6723302793462584e-149,0.0
1.263174161948273e-103,0.0
5.998087396328543e-61,0.0
1.8570163151108664e-94,0.0
3.9370333333398945e-15,0.0
0.011942855218434313,0.0
7.244646724497949e-13,0.0
3.65032205187258e-10,0.0
0.00029425102319724516,0.0
1.0125493147592646e-24,0.0
3.643820915873789e-57,0.0
3.7199967727167323e-13,0.0
3.094051815667721e-24,0.0
3.427602347939084e-65,0.0
5.2502594556838525e-17,0.0
6.041947300465575e-23,0.0
1.0125347457348855e-15,0.0
1.0167811221341591e-12,0.0
4.518044443622306e-12,0.0
1.0941160729859346e-52,0.0
0.0004995933466744642,0.0
1.1864887124879907e-19,0.0
1.6146684384988558e-32,0.0
3.2624988205790303e-22,0.0
9.435342972773674e-19,0.0
5.4916314953808045e-11,0.0
0.0020924645069044247,0.0
7.703674696631426e-27,0.0
9.420817499119824e-28,0.0
2.886525346427369e-88,0.0
1.6901151715826252e-15,0.0
1.1032436169365152e-20,0.0
6.674705851902433e-08,0.0
1.1941984983724096e-176,0.0
1.867799352374901e-10,0.0
1.3386503337112807e-07,0.0
2.2903207216572504e-16,0.0
4.147001477048883e-15,0.0
1.7165892928632354e-11,0.0
2.637058492219221e-17,0.0
7.666431764716926e-133,0.0
3.427700687676073e-52,0.0
6.3934734991502496e-15,0.0
9.366219615061794e-163,0.0
2.3948288032161625e-17,0.0
0.00010867697460363879,0.0
1.234750691603587e-46,0.0
2.6832110236927705e-14,0.0
6.23177252360647e-45,0.0
8.458918586811977e-78,0.0
9.872237326545067e-78,0.0
1.3148052609027471e-21,0.0
8.403738281018151e-13,0.0
8.009638689203027e-06,0.0
4.3742841200592656e-60,0.0
2.4204247363248053e-110,0.0
5.2935318117421705e-17,0.0
8.197522454311466e-22,0.0
1.0173775162119073e-07,0.0
0.0001994791134321541,0.0
3.429238377912171e-240,0.0
4.3084942289374877e-16,0.0
0.0004148756931910838,0.0
1.765217395236018e-69,0.0
3.748603092923954e-09,0.0
2.4041137530701454e-33,0.0
0.002745326064640844,0.0
8.971593604117893e-46,0.0
2.9559038937631626e-118,0.0
0.005145259946706865,0.0
5.519177769496546e-16,0.0
1.320045119705086e-11,0.0
1.7025930458891685e-15,0.0
2.0212357893190946e-07,0.0
6.113575019426022e-16,0.0
2.708519254856209e-27,0.0
1.2435383221140638e-28,0.0
2.3188341530173103e-53,0.0
3.228530170631817e-23,0.0
1.3277742766192081e-15,0.0
4.772922487270027e-09,0.0
1.5523691627203554e-13,0.0
4.785736079135249e-22,0.0
2.396432874495095e-127,0.0
1.8970101259545345e-26,0.0
5.0571293302381025e-14,0.0
1.001922683062402e-12,0.0
1.8828123838231452e-15,0.0
4.75010722363377e-13,0.0
6.145981751538839e-11,0.0
1.2335048979277014e-35,0.0
3.868817644040533e-09,0.0
2.9290680040166915e-50,0.0
2.0277871217318884e-07,0.0
4.328822862756852e-19,0.0
2.046343247730008e-09,0.0
9.484123032703356e-87,0.0
3.3973608502401977e-177,0.0
1.0740588415411216e-36,0.0
5.870444631025226e-07,0.0
1.1152519569683243e-07,0.0
3.4380984945749248e-18,0.0
4.6376756156647413e-94,0.0
2.0470424534678852e-13,0.0
4.31746856273918e-29,0.0
1.512540719659445e-13,0.0
0.0014894173366241479,0.0
5.0523780029708883e-20,0.0
4.9218930422525244e-23,0.0
9.865177386437503e-31,0.0
2.3200417962897198e-09,0.0
1.2899911121961967e-88,0.0
4.730773137458596e-24,0.0
9.456023597736354e-08,0.0
9.226723863486843e-11,0.0
1.1958258319858585e-22,0.0
2.204561835626808e-82,0.0
3.645264501551043e-15,0.0
1.942126695626676e-43,0.0
2.191179290974593e-53,0.0
4.822164147741038e-09,0.0
3.097868610813599e-13,0.0
1.8801209626211714e-14,0.0
2.9859183746921456e-12,0.0
2.622465112992418e-21,0.0
8.03654373915764e-29,0.0
2.836388172011203e-20,0.0
0.0012049877517239036,0.0
4.419462545217752e-17,0.0
3.900972209176746e-14,0.0
7.888712976667693e-46,0.0
2.3054550662688393e-37,0.0
5.913761161938871e-18,0.0
1.9822161572248795e-14,0.0
1.658464839549545e-19,0.0
3.8672084590404933e-07,0.0
3.7880286935964256e-13,0.0
5.393538228237106e-38,0.0
6.305813442205365e-18,0.0
9.459172692722257e-13,0.0
8.409044495435542e-37,0.0
1.9708480386511888e-08,0.0
3.3684306026313145e-63,0.0
1.3690472635482292e-28,0.0
4.194181013878535e-87,0.0
1.7658250396289662e-16,0.0
3.3747780924176237e-17,0.0
5.672875312593236e-64,0.0
7.20343472272267e-41,0.0
4.25038085808503e-44,0.0
3.3201864250428635e-18,0.0
3.6595237623445502e-28,0.0
1.1624636705213548e-17,0.0
1.7347486238165908e-12,0.0
1.6170649553123413e-21,0.0
1.98770555804725e-34,0.0
2.3047788339259413e-94,0.0
1.221219218604351e-47,0.0
2.3726368753039645e-251,0.0
2.7826605696265987e-154,0.0
2.7212924090071157e-124,0.0
1.6712347738286733e-79,0.0
4.36376642747614e-55,0.0
3.723253461331279e-12,0.0
1.4620999456058474e-61,0.0
0.0045324770821707095,0.0
3.569042875653503e-242,0.0
3.623632700467321e-36,0.0
7.270049012610109e-11,0.0
5.519009578442696e-15,0.0
0.0004529752200408577,0.0
1.3222398745878594e-79,0.0
2.976378920536116e-11,0.0
1.1566425664606936e-09,0.0
0.0024864313125191355,0.0
1.9047101212532727e-30,0.0
3.485836376256373e-08,0.0
5.2866668022869084e-23,0.0
1.2638917613800093e-13,0.0
2.1819636303902996e-23,0.0
2.0183033930479038e-96,0.0
9.310897155917036e-153,0.0
8.078841534524144e-17,0.0
1.4809396075497298e-08,0.0
5.166728311509106e-21,0.0
4.727181720580209e-18,0.0
1.6405846292798128e-18,0.0
1.1189311762316423e-265,0.0
2.526782836265647e-41,0.0
1.872232117341233e-22,0.0
1.7195825729199722e-28,0.0
2.372362378253303e-18,0.0
5.776355869992004e-15,0.0
6.725605090713341e-22,0.0
3.436511570981595e-05,0.0
0.3573504298892395,0.0
5.922773065509669e-12,0.0
4.2565526486298507e-17,0.0
1.0680909115337622e-20,0.0
1.0039299734235932e-10,0.0
2.095891321013581e-22,0.0
1.2581669172454572e-07,0.0
2.029016332470596e-08,0.0
1.03964597711473e-105,0.0
3.1121280896348705e-15,0.0
9.480443963456127e-22,0.0
1.4104450744007735e-13,0.0
7.586884040443675e-07,1.0
1.9021984071362553e-19,1.0
9.232274001380291e-37,1.0
4.424811344303551e-16,1.0
3.1268252804320486e-11,1.0
1.73714037000261e-55,1.0
2.70010553445802e-22,1.0
2.9577104783239703e-89,1.0
1.3574942860199385e-71,1.0
6.20596073177348e-88,1.0
1.0830004804820828e-19,1.0
0.0053412933309926565,1.0
2.1141660316009397e-15,1.0
9.291118627726616e-60,1.0
1.2620636633803292e-23,1.0
3.901571520395047e-31,1.0
8.631465948488308e-24,1.0
3.0358405083354766e-14,1.0
3.4319065747768384e-15,1.0
2.1812153077225762e-24,1.0
1.4491366981406345e-93,1.0
9.99235839897426e-44,1.0
1.4871028186798867e-18,1.0
2.9052012702646306e-17,1.0
2.0789104874666466e-15,1.0
7.233322750781035e-11,1.0
4.661656794412199e-30,1.0
2.0421021048782722e-11,1.0
3.0476563919134233e-12,1.0
4.149109018609621e-25,1.0
5.852842487545667e-10,1.0
1.45135519129971e-17,1.0
0.7185163640475032,1.0
2.1739261982892573e-08,1.0
3.3353832158114795e-26,1.0
2.2513955355382818e-48,1.0
4.457902753958285e-18,1.0
1.1173462597026286e-57,1.0
5.370639815502645e-12,1.0
1.72580443383902e-48,1.0
1.75323633152434e-09,1.0
4.2627801756900974e-09,1.0
1.0259309377608646e-11,1.0
5.931095735056964e-11,1.0
8.248220359501316e-12,1.0
1.3926181044914696e-17,1.0
5.24705022001231e-32,1.0
6.917785045352835e-07,1.0
4.026669896678571e-17,1.0
1.5390068071861467e-59,1.0
6.846102530380311e-16,1.0
1.0659420046898576e-25,1.0
0.5119523472225619,1.0
5.747388074762364e-06,1.0
3.48581960796496e-14,1.0
5.215230243019504e-21,1.0
8.936614907873119e-29,1.0
6.35341833962976e-23,1.0
6.21563933298945e-08,1.0
0.000192424680391082,1.0
5.701329627909425e-26,1.0
2.879098797906971e-10,1.0
0.1953211819153861,1.0
8.850235727921734e-140,1.0
2.0632363922675654e-94,1.0
7.811930215630765e-08,1.0
1.1006058324280914e-36,1.0
7.548062377362761e-17,1.0
1.0903046696899377e-10,1.0
1.1041582280374704e-06,1.0
1.0065504215616786e-06,1.0
1.0840805142345829e-13,1.0
1.3203290190520053e-14,1.0
0.0052779496138150115,1.0
2.1359052643757477e-66,1.0
7.644317607803694e-40,1.0
5.302863230073336e-11,1.0
2.724601204805902e-13,1.0
3.006012051279675e-08,1.0
1.130417396772015e-17,1.0
1.0661980510807608e-09,1.0
5.1317477783079684e-161,1.0
1.974658530945075e-10,1.0
0.00020898097292360165,1.0
4.653053824713218e-12,1.0
4.974410699398163e-75,1.0
2.000861131839465e-19,1.0
7.259676759241801e-07,1.0
0.006877999999406987,1.0
5.558544607602343e-12,1.0
9.597415639961852e-05,1.0
1.0191234707022074e-146,0.0
0,0.0
0,0.0
0,0.0
0,0.0
0,0.0
0,0.0
4.802176105207351e-92,0.0
3.1287070588986557e-134,0.0
8.54622307116787e-193,0.0
1.3629429462363888e-56,0.0
2.3463262492739682e-66,0.0
1.068125551221746e-55,0.0
8.774489143651228e-59,0.0
1.6137454106253413e-153,0.0
3.5362121288823824e-68,0.0
1.08582883525401e-76,0.0
0.9995693019052352,0.0
1.8875668935537144e-147,0.0
8.384302356715844e-231,0.0
1.3953120859323394e-187,0.0
4.6143263665581647e-116,0.0
0,0.0
3.830184366997588e-266,0.0
0,0.0
2.831541917828999e-262,0.0
1.0978697529267053e-12,0.0
3.880867296564506e-57,0.0
4.165808971576526e-103,0.0
3.2816856125451935e-92,0.0
1.016626100252462e-74,0.0
1.741554151300128e-26,0.0
5.615626137838945e-55,0.0
2.292505593701966e-198,0.0
9.378979210668236e-28,0.0
1.3732109502847664e-78,0.0
6.734375253992748e-73,0.0
3.421146398653501e-101,0.0
1.1348234288221518e-66,0.0
1.4516021469116e-70,0.0
1.6867640860989163e-48,0.0
4.7323577022935617e-70,0.0
2.128887703371263e-106,0.0
1.8055085716670925e-83,0.0
1.068926154565703e-155,0.0
3.423405633387112e-18,0.0
0,0.0
1.746630818831945e-66,0.0
3.1606267865960528e-217,0.0
1.313058415076501e-212,0.0
3.457143943065344e-113,0.0
1.1388930635971767e-86,0.0
1.0538000809137122e-88,0.0
2.8293127174847313e-46,0.0
1.7861461048068093e-72,0.0
9.915358655495007e-55,0.0
0,0.0
0,0.0
1.615204486886452e-40,0.0
3.690949672222608e-247,0.0
1.359672476228469e-275,0.0
4.935522089849128e-75,0.0
7.270088997924509e-143,0.0
1.6380209052764458e-147,0.0
6.358877323309116e-172,0.0
1.273751275483797e-49,0.0
1.279869349956653e-14,0.0
7.335551031455929e-54,0.0
3.5744226784492084e-116,0.0
1.0168023562460351e-157,0.0
2.8176689993924917e-42,0.0
8.44091923805906e-102,0.0
5.221937203427555e-24,0.0
7.322813540585535e-22,0.0
6.3706977855234704e-31,0.0
1.641658640582642e-33,0.0
1.27806953638601e-06,0.0
1.6096133646267295e-35,0.0
1.9752080911291068e-134,0.0
5.991748599077852e-299,0.0
7.489568917301302e-96,0.0
5.475777514032595e-36,0.0
2.9103561602128553e-62,0.0
1.0914301512394729e-208,0.0
2.9522111571223886e-135,0.0
1.8125078409175807e-29,0.0
2.784083735578161e-54,0.0
7.360136603583296e-249,0.0
9.750196582723122e-69,0.0
2.331552668481741e-33,0.0
8.283792117005718e-119,0.0
0.01503641340155102,0.0
1.6420028771000199e-18,0.0
8.034714979732406e-99,0.0
4.349396773915183e-231,0.0
4.393474355644611e-110,0.0
6.189630768120562e-84,0.0
0,0.0
1.690767939757319e-07,0.0
8.135282743540126e-21,0.0
1.1090662103489932e-14,0.0
1.2093090727838352e-22,0.0
9.855746854182287e-288,0.0
1.8406999641582066e-69,0.0
4.601180025564832e-201,0.0
3.393011675317088e-248,0.0
2.2937857926232837e-89,0.0
1.1279426338155573e-134,0.0
2.695683043598451e-258,0.0
2.078762051820141e-11,0.0
3.455553313776812e-265,0.0
2.9979514067480397e-253,0.0
2.2231378842563182e-79,0.0
0.9999999999990778,0.0
3.915822394966168e-242,0.0
1.3840788897962775e-244,0.0
0,0.0
0,0.0
0,0.0
0,0.0
2.0298294873305442e-11,0.0
3.357546991302171e-125,0.0
5.893275434947355e-19,0.0
1.0123865965914712e-29,0.0
1.9072223094834447e-155,0.0
1.773322969522281e-80,0.0
8.128950944816466e-08,0.0
1.2140831330553553e-07,0.0
0,0.0
2.464679629308662e-167,0.0
7.760721231737572e-161,0.0
0,0.0
0,0.0
5.43388209927942e-181,0.0
5.9738752528527805e-120,0.0
0,0.0
1.196949836214645e-16,0.0
2.4525317506804802e-87,0.0
1.1865670959710428e-25,0.0
6.845638750535563e-102,0.0
4.812342454465527e-89,0.0
6.232826497152735e-17,0.0
5.885522144083079e-22,0.0
0,0.0
1.619565569924398e-86,0.0
0.19841680437351542,0.0
8.810479618729539e-157,0.0
1.4066366746549778e-256,0.0
0,0.0
0.019180765958727808,0.0
1.528418960252031e-307,0.0
0,0.0
5.0737902091008104e-186,0.0
0,0.0
0,0.0
0,0.0
5.1071525110050135e-186,0.0
0,0.0
1.4080885417175467e-15,0.0
1.500446696798854e-54,0.0
1.590920046023073e-10,0.0
2.3311583291881172e-24,0.0
7.826495681548613e-95,0.0
8.470260078047286e-302,0.0
0,0.0
0,0.0
0.00019477110564237662,0.0
0,0.0
0,0.0
1.1627045430320127e-28,0.0
6.677529843724755e-138,0.0
1.317392487537403e-48,0.0
2.593265288241951e-08,0.0
5.2164255222052694e-73,0.0
1.6594078596253883e-22,0.0
1.9037762632019587e-277,0.0
0,0.0
3.659348524580115e-37,0.0
1.1208475703914497e-307,0.0
1.1440433135416204e-194,0.0
1.3873563105008791e-69,0.0
1.5757789406614267e-184,0.0
1.5104422706163335e-246,0.0
8.094906854672715e-123,0.0
2.5615348064193236e-21,0.0
3.416052374415868e-51,0.0
2.8862356861844245e-16,0.0
2.7939058426493488e-27,0.0
5.895627388790198e-70,0.0
4.815486078429038e-14,0.0
9.030225168580443e-157,0.0
0,0.0
1.9739921523141696e-89,0.0
1.5617683123578e-36,0.0
3.854239293861096e-78,0.0
3.4625903250449363e-146,0.0
3.287716228444045e-47,0.0
4.687816281809738e-68,0.0
2.1000908845720954e-14,0.0
5.761658221210598e-24,0.0
7.913012974476123e-63,0.0
1.0440897450270434e-22,0.0
3.976165766138255e-156,0.0
0.9614001355214518,0.0
8.324571571907669e-16,0.0
2.2111324336815753e-13,0.0
2.2392326308863423e-19,0.0
4.967740277595947e-18,0.0
0.9999895089182467,0.0
5.085266685866519e-230,0.0
1.4259160074943618e-164,0.0
1.619727183899813e-10,0.0
3.4027348318995556e-06,0.0
5.7224485135631895e-77,0.0
5.992791696218743e-298,0.0
1.5508967726829463e-18,0.0
0,0.0
3.950404281503221e-125,0.0
2.593557388083874e-141,0.0
0,0.0
0.9999999947650937,0.0
3.822316384872759e-12,0.0
7.416931973629799e-27,0.0
4.697091565433695e-64,0.0
0.9704541188857836,0.0
2.2814097209019798e-102,0.0
0.057891828092962845,0.0
1.485712256712944e-41,0.0
1.1995823167832635e-72,0.0
6.55684266986036e-113,0.0
4.90715305010222e-261,0.0
1.1898038421290388e-50,0.0
0.4066295818369867,0.0
0,0.0
3.86229467558786e-240,0.0
0,0.0
1.2752229808046404e-256,0.0
3.2565819906017286e-23,0.0
9.792955659064189e-24,0.0
1.4357940903176747e-05,0.0
2.6766371486799647e-39,0.0
6.477098676285405e-169,0.0
2.683890118615153e-35,0.0
7.251292714861041e-33,0.0
4.963238711181262e-17,0.0
3.930373275742501e-06,0.0
5.873654974186552e-213,0.0
7.019777635188601e-13,0.0
3.8326565231549725e-43,0.0
1.8556693076797473e-127,0.0
2.4378528422108267e-11,0.0
1.2253602027900625e-72,0.0
1.9768339439179884e-28,0.0
3.893742918693335e-09,0.0
3.2886086091702737e-231,0.0
3.231690658190397e-22,0.0
4.146983017324306e-40,0.0
9.35081960877725e-81,0.0
4.816408027400252e-85,0.0
6.832765329807939e-64,0.0
0.0037756444133355293,0.0
1.1338011175682602e-268,0.0
3.387471749756275e-221,0.0
3.1838514731849967e-296,0.0
1.8672305660876723e-108,0.0
1.0207997047843166e-107,0.0
1.0091144937336019e-15,0.0
3.657169921628752e-84,0.0
3.602840464977304e-70,0.0
7.793474767653132e-22,0.0
7.658803760829791e-08,0.0
6.397251821183436e-83,0.0
1.1936909356506486e-17,0.0
1.423731635569937e-60,0.0
1.5906492622634338e-235,0.0
1.0009905294262545e-22,0.0
7.21114533311412e-35,0.0
1.2986474407211209e-08,0.0
0.10228007120221691,0.0
1.3339867509371157e-249,0.0
3.339218114999231e-163,0.0
3.833363089861198e-15,0.0
2.1554876624861606e-79,0.0
5.208763182350934e-227,0.0
1.9866961382634616e-155,0.0
2.0421910565676102e-11,0.0
1.0146430569639195e-16,0.0
0.9962889778473054,0.0
6.488195384572072e-72,0.0
5.4083532404840275e-27,0.0
0.0007915526185533307,0.0
4.543084153198138e-26,0.0
1.159349854288465e-19,0.0
5.4145193077225155e-111,0.0
2.438414774193353e-94,0.0
2.6607962120377e-18,0.0
8.600109129185164e-13,0.0
2.4178480165338506e-06,0.0
2.1041961540348508e-22,0.0
5.559673024528334e-06,0.0
1.1808943471321823e-23,0.0
1.1598364663264722e-191,0.0
8.994302773405136e-30,0.0
7.074130641201763e-31,0.0
5.001681102147757e-07,0.0
1.320992658716145e-39,0.0
1.3805223771414767e-107,0.0
1.6066985380642726e-09,0.0
7.702878005050503e-61,0.0
3.0031418197332107e-41,0.0
1.998278619328569e-82,0.0
2.665596256774201e-07,0.0
1.1958431659535888e-80,0.0
1.0006728660690062e-139,0.0
5.4037589378891096e-36,0.0
4.029196387182703e-05,0.0
4.881666272127551e-104,0.0
7.102013904388575e-74,0.0
9.801197960053238e-32,0.0
1.1841439930417527e-22,0.0
4.3981552483568465e-55,0.0
6.104435133879777e-30,0.0
1.951088709566475e-25,0.0
6.655262750976606e-123,0.0
2.3442922787044027e-07,0.0
4.6122607356613516e-20,0.0
1.335039401355903e-46,0.0
2.7280583671531348e-08,0.0
1.5017610211558577e-111,0.0
5.59681148171506e-18,0.0
5.260415109547353e-59,0.0
2.5016422643838436e-16,0.0
0,0.0
3.1785376391482113e-71,0.0
3.1469803518617005e-22,0.0
2.8970356323674583e-09,0.0
4.59507251496444e-43,0.0
3.0492405690665556e-15,0.0
1.5059810784477414e-05,0.0
0,0.0
0.9761016066269836,0.0
8.812637910396297e-28,0.0
1.8298541372309393e-25,0.0
1.2406798454936652e-14,0.0
2.0174076709307752e-15,0.0
1.4783592773379277e-15,0.0
1.6905916571268404e-26,0.0
9.470502319305931e-142,0.0
3.10341920020477e-115,0.0
4.2838527155363083e-79,0.0
8.92158382740539e-54,0.0
2.6320076648542188e-61,0.0
9.260562423474333e-155,0.0
1.8111691037283068e-06,0.0
1.6779873791095114e-198,0.0
6.365437677591375e-129,0.0
1.9761037506750353e-56,0.0
7.5527416767303815e-90,0.0
5.472307335917144e-112,0.0
1.235627699402304e-79,0.0
1.177617993297748e-152,0.0
5.969187307355184e-48,0.0
6.177614760333333e-62,0.0
4.0811038413900443e-78,0.0
2.964643106819218e-138,0.0
0,0.0
0.020413462505005222,0.0
7.899317215930175e-191,0.0
2.571695254134672e-17,0.0
8.616608476009098e-07,0.0
4.9819065148696655e-75,0.0
2.307748467317236e-13,0.0
4.265851892728117e-36,0.0
1.019705824390071e-24,0.0
3.5040105040916714e-140,0.0
3.520066613009205e-69,0.0
1.2257843065332215e-30,0.0
1.7558269325146508e-10,0.0
1.815813612171396e-11,0.0
4.9717727019486395e-11,0.0
1.736660965502169e-236,0.0
0.02904661674228881,0.0
3.8626530791589146e-13,0.0
7.494735481265623e-09,0.0
3.1930530837715785e-13,0.0
1.5586279061967475e-39,0.0
0.030030111817635135,0.0
3.003189798610339e-06,0.0
0.0016270618614018535,0.0
4.196710740208712e-05,0.0
1.0113628746815325e-23,0.0
5.486632124053501e-91,0.0
4.405278644372729e-42,0.0
0.039889764398077523,0.0
1.1676839851338947e-29,0.0
0.7482606559843449,0.0
0.00026108399389343897,0.0
3.006586622787317e-16,0.0
6.26287783345029e-16,0.0
2.934503649698454e-12,0.0
2.786953782412928e-17,0.0
1.5599304951653645e-13,0.0
2.3924553896575712e-12,0.0
0.36949233636341,0.0
2.0194169334926404e-14,0.0
0.9999907109444693,0.0
1.1663022730948238e-47,0.0
1.0872454526924634e-12,0.0
2.7992181199984934e-97,0.0
2.0589704061905802e-10,0.0
1.6208505598647155e-18,0.0
6.37688492266109e-58,0.0
1.7122414484940103e-31,0.0
8.266743812355792e-108,0.0
2.3500820032588854e-27,0.0
6.3875240949047995e-06,0.0
1.5395130765932582e-65,0.0
2.347252360636039e-99,0.0
2.282172367762316e-10,0.0
1.0059679182017899e-22,0.0
2.5685010894272737e-51,0.0
1.1399803522736234e-24,0.0
3.862029800872561e-12,0.0
1.5065254938241796e-15,0.0
1.3452310969979153e-14,0.0
1.5430552373595328e-40,0.0
1.915725879671863e-10,0.0
0.9999850390905115,0.0
8.723931478758512e-49,0.0
1.7166420765920365e-23,0.0
4.3596490089110175e-14,0.0
1.4349223050428408e-16,0.0
1.4674151935811416e-71,0.0
1.7222118481792437e-10,0.0
4.209259413991583e-25,0.0
4.181556874945555e-12,0.0
3.237174544131033e-08,0.0
9.895092421954933e-37,0.0
1.185542056912501e-14,0.0
1.1763482354294663e-36,0.0
2.2225149630317993e-22,0.0
2.7401160646539206e-254,0.0
1.4311855073489034e-41,0.0
4.289999206592483e-51,0.0
5.819272928881799e-16,0.0
5.8801019680579116e-08,0.0
1.107376644495784e-90,0.0
1.8698306439030007e-30,0.0
4.1054843985180986e-21,0.0
0,0.0
2.6433098103756356e-185,0.0
0.9410529510400252,0.0
3.468480247295216e-11,0.0
3.5797135107110066e-182,0.0
7.434045299400534e-159,0.0
1.2930019080555345e-55,0.0
1.3093115140765038e-20,0.0
1.2790000965433414e-23,0.0
2.8229353451676294e-10,0.0
1.0817319361233472e-08,0.0
3.2388161275852426e-08,0.0
9.454922379956916e-10,0.0
9.516057730749141e-09,0.0
4.4993769296866646e-08,0.0
3.9101347838777345e-46,0.0
1.6225382552748726e-26,0.0
3.771390080377943e-91,0.0
1.1796337317782496e-45,0.0
6.765306728199326e-12,0.0
0.9141342873540048,0.0
2.3278801627679762e-141,0.0
1.1958877036370929e-147,0.0
3.50848383304681e-52,0.0
0.0003880117014670347,0.0
7.572965899452302e-51,0.0
7.327184795553582e-10,0.0
1.4249967817426353e-13,0.0
7.121421673466481e-39,0.0
1.0702101500618347e-09,0.0
3.0828941580733032e-22,0.0
3.0616975021621015e-85,0.0
1.7721049605962215e-10,0.0
1.1549538651609857e-27,0.0
5.981507910478474e-64,0.0
1.4639049724457538e-111,0.0
1.436481953646796e-122,0.0
0.002040421480126645,0.0
7.670507494387425e-21,0.0
9.30097604008084e-25,0.0
0.0005474190951420328,0.0
1.710536563690572e-45,0.0
0.08528656743909147,0.0
0.9897638387672977,0.0
1.522607184538891e-62,0.0
3.78673452524989e-25,0.0
8.850558741197434e-16,0.0
5.948178344791446e-11,0.0
0.0014813067281775642,0.0
6.026484506735655e-141,0.0
2.966505531572331e-72,0.0
0.0002062647748809557,0.0
2.832273919697182e-69,0.0
1.080522022070684e-33,0.0
3.9367931990606065e-27,0.0
0.010262693575516705,0.0
6.620150920470734e-89,0.0
0.31282040851552617,0.0
1.6150414752596688e-10,0.0
1.0102641545963032e-25,0.0
1.3852019557265029e-34,0.0
8.154236757735765e-110,0.0
7.747422427005411e-19,0.0
1.2622931608470332e-169,0.0
5.6117554377152e-26,0.0
5.1032184729890354e-49,0.0
9.266876145841318e-41,0.0
9.589297064655767e-53,0.0
3.2698238288542317e-165,0.0
0.9081370752868619,0.0
8.196119086487258e-06,0.0
4.806142573226331e-33,0.0
1.6101591295874e-13,0.0
2.052944891077418e-15,0.0
0.056922836315208274,0.0
4.816139794692006e-13,0.0
1.9786647373394964e-06,0.0
6.474453772515091e-43,0.0
1.652195286880925e-21,0.0
5.575042085212787e-10,0.0
4.5563350526955564e-18,0.0
2.3613502665387685e-45,0.0
4.52357454959584e-14,0.0
2.139853268523958e-64,0.0
4.467492113751279e-15,0.0
8.061756358537715e-190,0.0
3.113705145628058e-05,0.0
8.903664940131306e-47,0.0
4.596110981355144e-72,0.0
1.2298092316604871e-09,0.0
2.6397424787706806e-99,0.0
0.0034449180659909687,0.0
7.092975816583607e-11,0.0
5.23230661877334e-16,0.0
0.9999381273072515,0.0
0.09047870056504395,0.0
4.858662993992822e-67,0.0
6.2325698735268924e-15,0.0
4.831601972111032e-93,0.0
2.834318892475439e-18,0.0
3.1028766781796e-17,0.0
4.2105318135250595e-15,0.0
7.172238110940526e-52,0.0
1.2077983928347577e-06,0.0
1.639521593737916e-16,0.0
2.9206351430945095e-86,0.0
2.6292208711720797e-05,0.0
9.984325059352547e-72,0.0
2.052094025879418e-14,0.0
1.948310912846486e-08,0.0
8.541034474935627e-13,0.0
3.9774190884720944e-36,0.0
9.231034772539034e-14,0.0
1.2114917669203906e-167,0.0
2.918207649250832e-14,0.0
1.3751800379848998e-16,0.0
9.872751740446113e-214,0.0
3.772540644093094e-71,0.0
5.86774488773016e-22,0.0
1.0131941072004789e-75,0.0
6.031931400178605e-35,0.0
1.2808779093489819e-24,0.0
5.364703016323318e-43,0.0
0,0.0
3.33906953062265e-19,0.0
2.9918933575906323e-06,0.0
3.059734847014003e-08,0.0
3.673823358094225e-70,0.0
6.78945650023449e-19,0.0
5.5896960633228544e-21,0.0
8.118370993129889e-46,0.0
1.282747861304532e-53,0.0
2.3716839605252695e-17,0.0
9.94439502143511e-44,0.0
1.0247307074078402e-11,0.0
4.862104028813296e-130,0.0
7.615931198597581e-13,0.0
1.254269380803462e-38,0.0
3.3967057962342385e-79,0.0
1.6297336760564142e-82,0.0
1.8585181432276252e-10,0.0
2.144156024603496e-68,0.0
2.64215999578409e-05,0.0
9.09488038320447e-16,0.0
1.1250969946904555e-39,0.0
2.4087899055204845e-21,0.0
1.1470140662527674e-13,0.0
4.686343445571638e-40,0.0
1.5313510241606334e-53,0.0
6.688702675532914e-29,0.0
1.0396451495779896e-19,0.0
9.035708640518527e-25,0.0
3.30704665964068e-09,0.0
0.005524310529641634,0.0
2.034445947402554e-09,0.0
2.2977407744416265e-31,0.0
2.2662539329258988e-07,0.0
1.2563376578870992e-15,0.0
1.1350994318691913e-13,0.0
8.851678881983965e-35,0.0
6.7583883277843706e-43,0.0
8.270411842896052e-13,0.0
3.7612847011786027e-07,0.0
9.804477340146745e-172,0.0
0,0.0
1.4000535216624506e-49,0.0
4.726067761231403e-18,0.0
6.060887443792036e-16,0.0
1.0612471346712732e-44,0.0
0,0.0
9.750981905455287e-37,0.0
4.872947698277534e-05,0.0
6.813842703510541e-08,0.0
1.957276613977098e-11,0.0
3.1397950772761613e-116,0.0
1.8489993670428726e-58,0.0
1.34703282510828e-49,0.0
4.1904224305261296e-23,0.0
2.4214267696242577e-13,0.0
2.52243471886255e-18,0.0
2.3540914101140033e-21,0.0
1.0510328413044724e-50,0.0
7.775232680090918e-84,0.0
9.3167875462945e-90,0.0
0.969316826622773,0.0
1.220002206702192e-05,0.0
7.828691383650058e-11,0.0
9.816970046397818e-58,0.0
1.0298257762532615e-53,0.0
9.324586324342399e-21,0.0
1.263365386065769e-21,0.0
1.502857779495107e-22,0.0
8.961766111678688e-15,0.0
0.9998709926055547,0.0
1.345937667128811e-25,0.0
1.071363324656683e-09,0.0
4.2895551865221296e-29,0.0
2.4935983223863954e-32,0.0
4.094506489003205e-146,0.0
4.552747336935953e-35,0.0
2.5948695906719282e-36,0.0
4.638245787145345e-08,0.0
0.9954912298033514,0.0
2.728076649199835e-13,0.0
0.0009851813434928402,0.0
3.2906743994532986e-32,0.0
6.305050623052997e-73,0.0
0.008977983674389553,0.0
2.607676052529747e-16,0.0
1.6000771884367524e-21,0.0
2.555709793790252e-13,0.0
9.43714099549848e-30,0.0
2.9897180163444024e-05,0.0
2.3449212033278657e-09,0.0
3.0642980140675277e-19,0.0
2.451846172053761e-113,0.0
3.3898084490649356e-28,0.0
1.5984878879034206e-37,0.0
4.408483949324212e-20,0.0
9.531812464141485e-13,0.0
1.8222242027960582e-189,0.0
9.485694618557322e-28,0.0
3.4218066596567855e-183,0.0
1.1979264641070284e-67,0.0
1.02684208198741e-136,0.0
1.9909938804227238e-39,0.0
8.456595133084113e-10,0.0
5.6442824185097174e-11,0.0
0.0010307400797139846,0.0
1.8401900287861002e-11,0.0
8.405504811813686e-32,0.0
7.982474408732529e-46,0.0
6.125937819590604e-12,0.0
1.2908657367504666e-09,0.0
1.805409158862077e-39,0.0
7.523443106574683e-24,0.0
5.408500433378161e-10,0.0
2.0185701558326205e-67,0.0
7.646252323514121e-24,0.0
8.49009630347702e-31,0.0
8.155290325917578e-45,0.0
0.01446672163361022,0.0
7.257864956526253e-47,0.0
2.4637399248327466e-14,0.0
9.927845338416778e-14,0.0
1.4125866508817917e-11,0.0
3.1708977134726153e-10,0.0
1.0171609884568043e-22,0.0
8.255379050906599e-117,0.0
0.02645529492863896,0.0
3.3911729537495696e-13,0.0
1.6470662776154143e-15,0.0
6.461528573076323e-32,0.0
1.0664630769662092e-230,0.0
3.6039824883455764e-35,0.0
1.2399083391044355e-09,0.0
3.0792963535359624e-13,0.0
2.114518814456627e-30,0.0
5.20602580527636e-15,0.0
8.964504728947468e-32,0.0
3.010134295054293e-09,0.0
8.537705074706278e-05,0.0
9.274534148493826e-05,0.0
0.0004245068202198414,0.0
3.375843693389948e-119,0.0
8.18545009344384e-93,0.0
2.2472892176020703e-14,0.0
8.860809018875508e-09,0.0
4.49612076189552e-54,0.0
1.5399509588711692e-12,0.0
3.099104919397819e-05,0.0
2.0863473541445515e-15,0.0
1.025013532954276e-45,0.0
6.70681919128899e-49,0.0
4.84850075903346e-14,0.0
7.054525159729462e-31,0.0
2.9027515518213226e-38,0.0
2.974194435072702e-41,0.0
6.522317539555776e-49,0.0
4.1674040557018984e-08,0.0
2.4723701055699014e-14,0.0
1.447443965128117e-24,0.0
3.524796871440605e-05,0.0
2.00384555365396e-19,0.0
2.253230605868006e-19,0.0
8.103153987550098e-05,0.0
7.775426975204759e-58,0.0
6.677878050813901e-22,0.0
0.00015905737940711176,0.0
4.6179030984692195e-49,0.0
3.269430937658719e-47,0.0
8.215023020838192e-08,0.0
6.146166664272645e-100,0.0
8.125095945513337e-26,0.0
5.567507673939949e-28,0.0
0.012859618549882232,0.0
1.1288035769204382e-34,0.0
1.3723406342255e-07,0.0
1.4348860197489647e-12,0.0
2.1605661490503227e-11,0.0
1.2991913162229915e-14,0.0
2.690289708476004e-15,0.0
3.1530408319348306e-49,0.0
1.726280031490052e-26,0.0
1.0416424422508117e-12,0.0
9.434879869424386e-149,0.0
7.0949698096961355e-12,0.0
0.0006854811458272545,0.0
5.4716468199384485e-25,0.0
3.1593881464077965e-05,0.0
4.9496506074592345e-84,0.0
3.881928156666162e-12,0.0
7.3976057787021885e-34,0.0
1.8194442864670488e-17,0.0
3.640891567665966e-66,0.0
9.725756242548474e-15,0.0
0.0001453246475434807,0.0
4.0207368687534615e-23,0.0
2.456394981767859e-29,0.0
1.0174804524101546e-13,0.0
3.2025660747056328e-140,0.0
5.585950129005582e-24,0.0
8.375406541793156e-18,0.0
3.96655773226046e-35,0.0
1.142506336945947e-28,0.0
2.4377586235735507e-09,0.0
6.643879831284177e-49,0.0
9.99045299667301e-10,0.0
1.6865143311690762e-37,0.0
1.1648956836822602e-20,0.0
3.775027792460707e-10,0.0
1.079420388252271e-35,0.0
1.903646871513365e-14,0.0
5.268936355318381e-47,0.0
4.968790028151613e-23,0.0
5.781026564784143e-179,0.0
3.3314296066342484e-08,0.0
8.109440319635229e-24,0.0
2.0837882092829724e-10,0.0
0.07135194730568532,0.0
0.18372982172939378,0.0
1.5531806793755636e-20,0.0
7.900934526701516e-22,0.0
1.154469516915515e-19,0.0
9.273152047074345e-43,0.0
1.17697454445546e-72,0.0
5.49706385308828e-179,0.0
0.9980231119776422,0.0
1.4598198909601064e-09,0.0
2.2036381848523117e-17,0.0
1.419325649668594e-11,0.0
1.1473798708792298e-154,0.0
2.8684638939833708e-28,0.0
1.7951737277187185e-50,0.0
0.045739589210522555,0.0
1.3958104977621276e-42,0.0
4.042825128361712e-66,0.0
2.2721567192885037e-49,0.0
1.0844796799104954e-12,0.0
8.960001107110924e-103,0.0
5.173030215582009e-69,0.0
4.810935725237361e-05,0.0
0.011497828310507286,0.0
2.8453095100113793e-10,0.0
1.63744592232503e-36,0.0
7.795158815352065e-13,0.0
3.705529391758723e-11,0.0
3.5263080319928694e-14,0.0
4.9197693262501143e-32,0.0
3.698820782732192e-12,0.0
1.171251122935187e-34,0.0
3.917036522092437e-06,0.0
0,0.0
1.333018098652575e-49,0.0
9.67425875095487e-42,0.0
0.0012966727539786746,0.0
1.6423069484333972e-71,0.0
8.19456789408472e-11,0.0
0,0.0
1.08761392094305e-24,0.0
8.088920635961052e-49,0.0
2.1382858171456796e-20,0.0
0.5682393824741254,0.0
1.1408134276737633e-14,0.0
1.9304986264491145e-109,0.0
2.753827968550454e-10,0.0
0.7531876947859261,0.0
6.191470867987828e-87,0.0
1.750065462724019e-28,0.0
7.506701889770963e-127,0.0
1.1654916764986027e-12,0.0
0.9354685902211529,0.0
3.1897886429074884e-15,0.0
3.402126950522169e-05,0.0
1.5053189842407822e-44,0.0
4.29086537063835e-21,0.0
1.8433833872273197e-06,0.0
2.4285547540066334e-11,0.0
3.27221182799057e-17,0.0
9.644874305312213e-23,0.0
1.5251348900875634e-14,0.0
3.4802217354207273e-12,0.0
2.2934491532830353e-45,0.0
3.500655834149992e-14,0.0
2.149391023848707e-55,0.0
4.571297831935611e-08,0.0
2.87404000983497e-17,0.0
4.742538775436664e-54,0.0
0.0006538009773659961,0.0
1.0467287946225007e-09,0.0
4.824473217034436e-06,0.0
3.800424685123657e-46,0.0
3.064895137045521e-11,0.0
2.129059476059613e-23,0.0
1.2400576343548909e-137,0.0
2.5946334524771115e-15,0.0
2.8028891300156236e-16,0.0
7.903968202353074e-41,0.0
1.2637516853143822e-31,0.0
0.0001789551397263249,0.0
0.0008660367698320829,0.0
2.505287000543518e-48,0.0
1.404216511900163e-17,0.0
2.9515134597637256e-179,0.0
2.94571472837812e-44,0.0
1.3508182352415363e-06,0.0
4.5635430252783405e-11,0.0
6.539126962828816e-08,0.0
1.7317631750981084e-11,0.0
5.2114206616504166e-15,0.0
2.6862198791402103e-17,0.0
9.449418206562372e-39,0.0
1.1000616885972154e-57,0.0
3.4133628087062685e-07,0.0
3.898905386564744e-08,0.0
1.0134309735514573e-83,0.0
8.987450658026781e-202,0.0
6.529569736961201e-45,0.0
2.2074955863769656e-11,0.0
6.530703411959345e-17,0.0
2.1879520979660218e-33,0.0
1.150791257659575e-07,0.0
1.013208894999595e-14,0.0
5.717564148642187e-13,0.0
1.034612047825492e-05,0.0
2.0452225676054775e-14,0.0
3.462919727736342e-22,0.0
2.3450940550252783e-15,0.0
1.6338483821592072e-15,0.0
3.776804151720574e-17,0.0
4.0147045664339407e-10,0.0
3.1609660937405644e-289,0.0
1.7781331378934152e-13,0.0
2.851336905076533e-15,0.0
3.2831619004797594e-226,0.0
4.045778458911091e-18,0.0
9.513719281419176e-50,0.0
1.9750976155737258e-115,0.0
1.0145638073924739e-09,0.0
5.3036901814450114e-86,0.0
5.8549761932621465e-24,0.0
4.6110625546623805e-38,0.0
8.001862433127377e-10,0.0
1.8282547236777853e-06,0.0
1.3402499687862203e-152,0.0
0.0005417962201018969,0.0
0.9481686073439756,0.0
0.03034840774175448,0.0
0.00019364937294257285,0.0
2.303248114471286e-42,0.0
2.2108002801750975e-56,0.0
4.066950574968505e-22,0.0
1.6557934357291848e-105,0.0
3.879579064850891e-08,0.0
1.5073178897166228e-05,0.0
5.270483976921131e-34,0.0
1.668694574101372e-44,0.0
6.2877134920186315e-24,0.0
1.6695904436415726e-122,0.0
4.794163017393297e-15,0.0
3.255702026987352e-11,0.0
5.540357652011471e-12,0.0
5.424838229654745e-16,0.0
1.3406712106060064e-20,0.0
1.1790842762834846e-06,0.0
9.662318202660597e-15,0.0
2.854093507377632e-106,0.0
5.245767251286519e-99,0.0
2.479148789086591e-21,0.0
6.454132550483561e-28,0.0
2.1253569470235896e-134,0.0
0.00044453683104584747,0.0
5.672267261013353e-131,0.0
6.932323009133087e-07,0.0
1.6738390573070999e-43,0.0
1.1223263256852416e-37,0.0
3.4891703833453003e-16,0.0
8.533729559601479e-12,0.0
0.172436372459665,0.0
1.938165382938921e-19,0.0
6.206791542209171e-09,0.0
1.3146149677283997e-29,0.0
1.9702669411266702e-06,0.0
1.8122284788229667e-28,0.0
2.783910659267807e-159,0.0
2.273197882169691e-48,0.0
0.22923989532067773,0.0
0.9331859739906077,0.0
1.257369972834178e-12,0.0
2.9594698937163864e-05,0.0
3.0115076684811204e-15,0.0
8.747137513847248e-15,0.0
9.313255421697733e-78,0.0
0.007911257640919477,0.0
2.6774591207627886e-21,0.0
2.0293396490204503e-38,0.0
1.140986301943566e-30,0.0
2.127731035011986e-79,0.0
3.43096936751542e-05,0.0
8.288248216715583e-99,0.0
0.0017511170873736918,0.0
2.4921955778418513e-11,0.0
3.6527143636000684e-35,0.0
2.5682829630740273e-17,0.0
4.986396859134729e-05,0.0
1.5531671528532273e-79,0.0
1.7047513081250396e-19,0.0
4.200228984384658e-69,0.0
2.033410985912416e-26,0.0
4.8251566347178834e-92,0.0
0.00018441166591409721,0.0
0.005023931825872054,0.0
1.3087398358848886e-17,0.0
3.900742394131576e-21,0.0
8.563465515121227e-111,0.0
5.234415440647541e-11,0.0
5.786385766637196e-19,0.0
6.646909044287841e-31,0.0
4.887493219709312e-51,0.0
7.866835779002966e-60,0.0
6.440037641129613e-80,0.0
0.9997893284687049,0.0
4.1576651945990546e-18,0.0
2.527070316698016e-22,0.0
3.778850896002796e-09,0.0
0.00043432715605910924,0.0
1.6036777265297634e-07,0.0
0.0002745404795432446,0.0
1.2376271316915313e-16,0.0
0.01808482501774488,0.0
1.3053399186123922e-70,0.0
8.898627775659239e-12,0.0
7.257315785315673e-237,0.0
1.1607086391709525e-126,0.0
1.2085493794732388e-87,0.0
1.2176219616082574e-74,0.0
4.870106072415353e-42,0.0
1.0953422086795424e-76,0.0
1.1932074716629322e-113,0.0
1.3695638837032675e-15,0.0
6.096175018554557e-67,0.0
1.138681589745819e-80,0.0
1.1074841733144414e-07,0.0
5.19468000741634e-20,0.0
1.1118335649029147e-178,0.0
1.2539776735977569e-33,0.0
5.0613292425603075e-09,0.0
0.5719926296159987,0.0
0.12267983596089244,0.0
6.360541642371745e-06,0.0
0.12898781225354933,0.0
1.117504110352256e-78,0.0
2.19320894651127e-21,0.0
3.992725121016555e-122,0.0
1.1727519230211294e-57,0.0
5.770146749876503e-35,0.0
4.096127790367397e-07,0.0
3.4297044645187645e-141,0.0
5.007049614013136e-08,0.0
4.020000772269102e-09,0.0
4.096900390413296e-19,0.0
7.569927732152571e-34,0.0
3.1345612979392894e-06,0.0
1.8498049893321998e-26,0.0
2.3284919851484247e-22,0.0
8.638358027123939e-14,0.0
4.559249460099344e-14,0.0
6.15305268893411e-32,0.0
1.9855149372460526e-24,0.0
1.0967940765024015e-162,0.0
2.2607273212287243e-55,0.0
1.1293105024259877e-34,0.0
1.3096154051761102e-15,0.0
7.043177688921478e-16,0.0
0.9358967624509891,0.0
1.1010380527645035e-184,0.0
1.4458954606738397e-26,0.0
5.787088801168933e-16,0.0
1.3494844010572927e-21,0.0
8.122360209382537e-12,0.0
3.951279967986614e-86,0.0
1.7676526959532984e-06,0.0
1.910719974898468e-06,0.0
0.9321639162926735,0.0
1.2265081544004783e-08,0.0
3.291933740977155e-09,0.0
1.0425778433270861e-11,0.0
0.0027308764057995573,0.0
6.043542527088231e-27,0.0
1.696583776389682e-79,0.0
5.782953146633221e-68,0.0
9.118736476232123e-31,0.0
1.8316771848652115e-26,0.0
3.204237590717824e-107,0.0
3.3042764636228996e-30,0.0
7.598021761961051e-33,0.0
1.169609987473602e-05,0.0
3.6979362416880473e-06,0.0
3.0416305584117236e-06,0.0
3.532889627359224e-16,0.0
1.2414854860527555e-06,0.0
5.883394849210911e-47,0.0
4.396914111181801e-153,0.0
0.00014112553140696704,0.0
1.4816272651885072e-50,0.0
7.861131485591256e-14,0.0
3.3215825667859793e-52,0.0
1.1345837125073426e-23,0.0
1.9246314054336244e-17,0.0
2.3673714417262934e-17,0.0
2.5140458780490843e-25,0.0
4.3194170285826345e-40,0.0
1.8015750857904586e-09,0.0
1.599678613178995e-72,0.0
3.200494272647883e-10,0.0
1.156228859235842e-29,0.0
2.1995230852140408e-64,0.0
2.0062621127201094e-208,0.0
3.119059407075017e-15,0.0
1.0431038242537046e-07,0.0
6.586983369782294e-162,0.0
5.488833512402668e-66,0.0
5.3226108385648715e-09,0.0
3.2024455724318376e-59,0.0
1.6428593936749494e-10,0.0
0.0007350813005286331,0.0
1.5432684401418934e-05,0.0
5.811192500604207e-70,0.0
3.919744183197924e-15,0.0
0.07825369969671003,0.0
4.242533345475272e-25,0.0
2.9149885423690893e-16,0.0
5.699747123906465e-47,0.0
6.888186131740768e-109,0.0
1.513204226950823e-174,0.0
2.277403415089094e-173,0.0
0.00014163348717438992,0.0
1.6567311438734235e-41,0.0
4.188309145410581e-88,0.0
3.3439768258329074e-117,0.0
7.460854426363566e-55,0.0
4.4023286018303457e-72,0.0
5.199615864599642e-51,0.0
1.8669237170284213e-12,0.0
1.2215171437451169e-12,0.0
1.8261352453178327e-08,0.0
1.1791642939235126e-13,0.0
0.00011276061386125703,0.0
3.8562941581364765e-06,0.0
8.298344627817724e-91,0.0
3.85880067522765e-08,0.0
8.370745504337909e-08,0.0
8.553727929565399e-39,0.0
3.728383144986278e-13,0.0
3.173046689726046e-43,0.0
1.5445172640727e-25,0.0
0.008000894923446801,0.0
2.7248659275041493e-11,0.0
1.896077084794693e-77,0.0
0.5460201811826039,0.0
0.0013514357987861757,0.0
7.826954964793849e-17,0.0
2.134997262217556e-94,0.0
1.5052344793437267e-87,0.0
0.0008127109385860731,0.0
1.7454856624645302e-102,0.0
1.636922053506133e-96,0.0
5.6139353734319484e-05,0.0
1.0842121166666566e-33,0.0
8.780963222237622e-35,0.0
3.6501084478570734e-08,0.0
5.64064934143677e-09,0.0
2.8921700905366366e-06,0.0
6.194834041176048e-26,0.0
1.8365284243005267e-15,0.0
0.0002911330927310307,0.0
2.3313571731858364e-26,0.0
4.282797246793304e-43,0.0
5.9852597536649096e-108,0.0
1.1793959866853828e-22,0.0
1.2487680132912497e-90,0.0
0.000332514965163061,0.0
7.3084189542273e-32,0.0
3.9089546662953916e-05,0.0
1.1490793325533333e-24,0.0
0.0027515436432732437,0.0
3.1070531164438915e-33,0.0
7.768500025676828e-12,0.0
0.9312225304760177,0.0
0.9999999999927289,0.0
2.1008158380556697e-36,0.0
0.008868492116818064,0.0
2.902899704593131e-05,0.0
2.093681182790396e-24,0.0
2.382432286807211e-19,0.0
5.735214359023792e-14,0.0
9.742442952292297e-92,0.0
2.3980304577809095e-11,0.0
9.69144085496987e-56,0.0
3.197620035056065e-10,0.0
2.7628709727462e-13,0.0
0.9999999999754059,0.0
1.1485809410466847e-35,0.0
8.121527213678872e-20,0.0
1.6012836551778517e-32,0.0
1.4135735049944413e-186,0.0
0.6992296096631817,0.0
2.693206119462843e-14,0.0
1.1400126515246597e-95,0.0
4.107700573228692e-81,0.0
8.227548548971376e-52,0.0
9.56077240581357e-19,0.0
8.267590355401499e-32,0.0
1.4177333700729395e-08,0.0
1.280057234290101e-183,0.0
1.2413141138024803e-125,0.0
3.8074551734218495e-77,0.0
9.833811608896579e-55,0.0
7.927672658760402e-137,0.0
4.537533752329128e-34,0.0
1.1986300555061924e-05,0.0
2.3339630229243512e-101,0.0
0.49920746198281474,0.0
4.4138714062435926e-23,0.0
2.0110183308478822e-79,0.0
1.0279979306683818e-19,0.0
3.2545858082986935e-196,0.0
0.9889114475853756,0.0
4.871712530897936e-19,0.0
1.1591674788478316e-08,0.0
3.556616966526556e-211,0.0
1.1304586629044159e-20,0.0
5.956129308060948e-37,0.0
9.135845709306652e-53,0.0
5.43541658906989e-12,0.0
7.150935976105014e-20,0.0
9.484603437349078e-76,0.0
1.975004665195111e-15,0.0
1.8752360678473747e-186,0.0
1.274364338362369e-52,0.0
4.1418648158965717e-10,0.0
7.034889268787825e-42,0.0
0.04617327679059522,0.0
3.9315310633505204e-56,0.0
5.353113912667525e-08,0.0
6.765613044141175e-85,0.0
3.501341551202436e-105,0.0
2.1851836671432296e-43,0.0
1.9176110917033536e-17,0.0
1.9061053529532582e-14,0.0
1.7171877725172053e-166,0.0
3.8759655346314054e-12,0.0
4.5299680068477194e-32,0.0
6.216039889379525e-23,0.0
7.151179377525402e-219,0.0
1.8995773263462469e-07,0.0
1.0354289089758316e-11,0.0
4.3876790123767564e-17,0.0
5.039274002078311e-18,0.0
1.1663609497783237e-17,0.0
2.126520249067401e-107,0.0
1.3405781903658931e-12,0.0
1.960052134426241e-11,0.0
1.6581396360285967e-52,0.0
2.5544105641126206e-14,0.0
1.6303972795568784e-10,0.0
7.237261691960658e-10,0.0
1.2129967394936768e-14,0.0
2.4506357323849926e-14,0.0
1.9584939421511992e-187,0.0
3.6208735793415943e-06,0.0
1.034024878989068e-27,0.0
2.5895465774432935e-43,0.0
4.87034936224245e-11,0.0
3.0096408994450566e-24,0.0
1.3527492207409739e-38,0.0
0.00022675642998616735,0.0
1.8739319488605152e-90,0.0
0.0007072577504649335,0.0
6.987549120894567e-60,0.0
1.894829358140056e-36,0.0
1.0369073749185422e-15,0.0
1.211440946322198e-16,0.0
3.5950246769673125e-06,0.0
1.6059832558203806e-48,0.0
5.3146603228836904e-20,0.0
1.0232925775153734e-13,0.0
2.910204387932056e-52,0.0
0.04031643165625671,0.0
